# MikuFumo merged OBJ
v -1.195215 -0.479906 0.189680
v -1.213229 -0.371716 0.167068
v -1.292439 -0.371803 0.000430
v -1.322386 -0.490640 0.000430
v -0.885849 -0.371803 0.000430
v -0.966815 -0.371744 0.146432
v -0.984548 -0.480863 0.180633
v -0.855902 -0.490640 0.000430
v -0.893875 -0.627333 0.228216
v -0.812993 -0.627333 0.000430
v -0.915796 -0.252966 0.000430
v -1.002097 -0.292417 0.143601
v -1.165540 -0.276497 0.149746
v -1.262492 -0.252966 0.000430
v -1.262492 -0.252966 0.000430
v -1.290301 -0.331882 0.090357
v -1.242553 -0.294732 0.132133
v -1.175143 -0.274166 0.134957
v -1.284413 -0.588873 0.228216
v -1.195215 -0.479906 0.189680
v -1.322386 -0.490640 0.000430
v -1.362830 -0.598377 0.107111
v -1.091563 -0.536052 0.236359
v -1.195215 -0.479906 0.189680
v -1.236284 -0.594200 0.279022
v -1.091563 -0.536052 0.236359
v -0.971317 -0.615408 0.302349
v -0.984548 -0.480863 0.180633
v -0.893875 -0.627333 0.228216
v -1.284413 -0.588873 0.228216
v -1.091788 -0.251515 0.202558
v -1.165540 -0.276497 0.149746
v -1.091788 -0.251515 0.202558
v -1.294039 -0.342488 0.102443
v -1.243266 -0.299536 0.144647
v -1.213229 -0.371716 -0.166208
v -1.195215 -0.479906 -0.188819
v -0.984548 -0.480863 -0.179772
v -0.966815 -0.371744 -0.145571
v -0.893875 -0.627333 -0.227355
v -1.002097 -0.292417 -0.142740
v -1.165540 -0.276497 -0.148885
v -1.175143 -0.274166 -0.134096
v -1.262492 -0.252966 0.000430
v -1.175143 -0.274166 -0.134096
v -1.242553 -0.294732 -0.131272
v -1.290301 -0.331882 -0.089497
v -1.284413 -0.588873 -0.227355
v -1.362830 -0.598377 -0.106251
v -1.322386 -0.490640 0.000430
v -1.195215 -0.479906 -0.188819
v -1.091563 -0.536052 -0.235498
v -1.236284 -0.594200 -0.278161
v -1.195215 -0.479906 -0.188819
v -1.091563 -0.536052 -0.235498
v -0.984548 -0.480863 -0.179772
v -0.971317 -0.615408 -0.301488
v -0.893875 -0.627333 -0.227355
v -1.284413 -0.588873 -0.227355
v -1.091788 -0.251515 -0.201697
v -1.165540 -0.276497 -0.148885
v -1.175143 -0.274166 -0.134096
v -1.262492 -0.252966 0.000430
v -1.091788 -0.251515 -0.201697
v -1.243266 -0.299536 -0.143786
v -1.294039 -0.342488 -0.101582
v -1.165540 -0.276497 -0.148885
v -1.195215 -0.479906 0.189680
v -1.322386 -0.490640 0.000430
v -1.365295 -0.627333 0.000430
v -1.284413 -0.588873 0.228216
v -0.893875 -0.627333 0.228216
v -0.893875 -0.804061 0.173036
v -0.812992 -0.804061 0.000430
v -0.812993 -0.627333 0.000430
v -1.365295 -0.627333 0.000430
v -1.365295 -0.804061 0.000430
v -1.284413 -0.803220 0.173036
v -1.284413 -0.588873 0.228216
v -1.089144 -0.804061 0.000430
v -1.091578 -0.803220 0.261937
v -1.091578 -0.623564 0.261937
v -1.091563 -0.536052 0.236359
v -1.091578 -0.623564 0.261937
v -0.893875 -0.627333 0.228216
v -0.984548 -0.480863 0.180633
v -1.195215 -0.479906 0.189680
v -1.284413 -0.588873 0.228216
v -1.091578 -0.623564 0.261937
v -1.284413 -0.588873 0.228216
v -1.464869 -0.593133 0.316245
v -1.082421 -0.766617 0.467798
v -0.893875 -0.627333 0.228216
v -0.752188 -0.775723 0.391862
v -1.365295 -0.627333 0.000430
v -1.555005 -0.639568 0.000430
v -0.812993 -0.627333 0.000430
v -0.615740 -0.775723 0.000430
v -1.195215 -0.479906 -0.188819
v -1.284413 -0.588873 -0.227355
v -0.893875 -0.627333 -0.227355
v -0.893875 -0.804061 -0.172175
v -1.284413 -0.588873 -0.227355
v -1.284413 -0.803220 -0.172175
v -1.091578 -0.803220 -0.261076
v -1.091578 -0.623564 -0.261076
v -1.091563 -0.536052 -0.235498
v -0.984548 -0.480863 -0.179772
v -0.893875 -0.627333 -0.227355
v -1.091578 -0.623564 -0.261076
v -1.195215 -0.479906 -0.188819
v -1.284413 -0.588873 -0.227355
v -1.091578 -0.623564 -0.261076
v -1.082421 -0.766617 -0.466938
v -1.464869 -0.593133 -0.315384
v -1.284413 -0.588873 -0.227355
v -0.893875 -0.627333 -0.227355
v -0.752188 -0.775723 -0.391001
v -1.338469 -0.487051 -0.058767
v -1.342782 -0.487202 -0.030866
v -1.339521 -0.477546 -0.030866
v -1.335392 -0.477541 -0.058683
v -1.343898 -0.504574 -0.063102
v -1.348804 -0.504755 -0.030890
v -1.345568 -0.494969 -0.030890
v -1.340822 -0.494968 -0.063038
v -1.090630 -0.359193 0.342308
v -1.090630 -0.465823 0.531235
v -1.005217 -0.495539 0.512035
v -1.014389 -0.385717 0.325169
v -1.014389 -0.513789 0.242417
v -1.005217 -0.639018 0.419326
v -1.090630 -0.668734 0.400126
v -1.090630 -0.540313 0.225278
v -1.198450 -0.449753 0.283793
v -1.211421 -0.567278 0.465681
v -1.176042 -0.495539 0.512035
v -1.166870 -0.385717 0.325169
v -0.969838 -0.567278 0.465681
v -0.982810 -0.449753 0.283793
v -1.176042 -0.639018 0.419326
v -1.166870 -0.513789 0.242417
v -1.197072 -0.535099 0.612011
v -1.090630 -0.498067 0.635939
v -0.984187 -0.535099 0.612011
v -0.940097 -0.624503 0.554243
v -0.984187 -0.713906 0.496476
v -1.090630 -0.750938 0.472548
v -1.197072 -0.713906 0.496476
v -1.241163 -0.624503 0.554243
v -1.376629 -0.608532 -0.261778
v -1.343384 -0.641116 -0.333073
v -1.591457 -0.641116 -0.448751
v -1.624702 -0.608532 -0.377457
v -1.329613 -0.719781 -0.362604
v -1.577686 -0.719781 -0.478282
v -1.343384 -0.798446 -0.333073
v -1.591457 -0.798446 -0.448751
v -1.409874 -0.798446 -0.190484
v -1.423264 -0.720824 -0.161825
v -1.671718 -0.719781 -0.276631
v -1.657947 -0.798446 -0.306162
v -1.635122 -0.719781 -0.475165
v -1.645539 -0.660278 -0.452827
v -1.409493 -0.642159 -0.191356
v -1.657947 -0.641116 -0.306162
v -1.376629 -0.608532 -0.261778
v -1.624702 -0.608532 -0.377457
v -1.624702 -0.829159 -0.377457
v -1.695833 -0.779284 -0.344971
v -1.670686 -0.809998 -0.398899
v -1.670686 -0.635631 -0.398899
v -1.695833 -0.660278 -0.344971
v -1.670686 -0.635631 -0.398899
v -1.645539 -0.779284 -0.452827
v -1.706249 -0.719781 -0.322633
v -1.376629 -0.829159 -0.261778
v -1.090929 -0.349063 -0.345107
v -1.014688 -0.376036 -0.328682
v -1.005516 -0.480829 -0.518413
v -1.090929 -0.450612 -0.536813
v -1.014688 -0.506271 -0.249378
v -1.090929 -0.533244 -0.232954
v -1.090929 -0.656950 -0.411168
v -1.005516 -0.626733 -0.429568
v -1.198749 -0.441153 -0.289030
v -1.167169 -0.376036 -0.328682
v -1.176341 -0.480829 -0.518413
v -1.211720 -0.553781 -0.473991
v -0.983109 -0.441153 -0.289030
v -0.970137 -0.553781 -0.473991
v -0.983109 -0.441153 -0.289030
v -0.970137 -0.553781 -0.473991
v -1.167169 -0.506271 -0.249378
v -1.176341 -0.626733 -0.429568
v -1.090929 -0.480049 -0.642340
v -1.197371 -0.517707 -0.619410
v -0.940396 -0.608620 -0.564050
v -0.984486 -0.517707 -0.619410
v -0.984486 -0.699534 -0.508690
v -0.940396 -0.608620 -0.564050
v -1.197371 -0.699534 -0.508690
v -1.090929 -0.737192 -0.485759
v -1.241461 -0.608620 -0.564050
v -1.038390 0.345664 0.608066
v -1.025379 0.365393 0.637075
v -1.093479 0.629890 0.525060
v -1.106489 0.610161 0.496051
v -1.106489 0.610161 0.496051
v -1.093479 0.629890 0.525060
v -0.851257 0.645912 0.407785
v -0.864268 0.626183 0.378776
v -0.864268 0.626183 0.378776
v -0.851257 0.645912 0.407785
v -0.783158 0.381415 0.519800
v -0.796169 0.361686 0.490792
v -0.796169 0.361686 0.490792
v -0.783158 0.381415 0.519800
v -1.025379 0.365393 0.637075
v -1.038390 0.345664 0.608066
v -1.109272 0.552096 0.437640
v -1.070239 0.611282 0.524666
v -1.012340 0.386400 0.619904
v -1.051372 0.327214 0.532878
v -0.822191 0.322228 0.432774
v -0.809180 0.341957 0.461783
v -1.051401 0.325935 0.579058
v -1.064412 0.306206 0.550049
v -0.890290 0.586726 0.320759
v -0.877279 0.606454 0.349767
v -0.809180 0.341957 0.461783
v -0.822191 0.322228 0.432774
v -1.132511 0.570704 0.438034
v -1.119500 0.590432 0.467042
v -0.877279 0.606454 0.349767
v -0.890290 0.586726 0.320759
v -1.064412 0.306206 0.550049
v -1.051401 0.325935 0.579058
v -1.119500 0.590432 0.467042
v -1.132511 0.570704 0.438034
v -1.132511 0.570704 0.438034
v -0.890290 0.586726 0.320759
v -0.903330 0.565718 0.337930
v -1.109272 0.552096 0.437640
v -0.822191 0.322228 0.432774
v -0.845430 0.340836 0.433168
v -1.064412 0.306206 0.550049
v -1.051372 0.327214 0.532878
v -0.851257 0.645912 0.407785
v -1.093479 0.629890 0.525060
v -1.070239 0.611282 0.524666
v -0.864297 0.624904 0.424956
v -1.025379 0.365393 0.637075
v -1.012340 0.386400 0.619904
v -0.783158 0.381415 0.519800
v -0.806398 0.400023 0.520194
v -1.051372 0.327214 0.532878
v -1.012340 0.386400 0.619904
v -0.806398 0.400023 0.520194
v -0.845430 0.340836 0.433168
v -0.845430 0.340836 0.433168
v -0.806398 0.400023 0.520194
v -0.864297 0.624904 0.424956
v -0.903330 0.565718 0.337930
v -0.903330 0.565718 0.337930
v -0.864297 0.624904 0.424956
v -1.070239 0.611282 0.524666
v -1.109272 0.552096 0.437640
v -1.038390 0.345664 -0.608066
v -1.106489 0.610161 -0.496051
v -1.093479 0.629890 -0.525060
v -1.025379 0.365393 -0.637075
v -1.106489 0.610161 -0.496051
v -0.864268 0.626183 -0.378776
v -0.851257 0.645912 -0.407785
v -1.093479 0.629890 -0.525060
v -0.864268 0.626183 -0.378776
v -0.796169 0.361686 -0.490792
v -0.783158 0.381415 -0.519800
v -0.851257 0.645912 -0.407785
v -0.796169 0.361686 -0.490792
v -1.038390 0.345664 -0.608066
v -1.025379 0.365393 -0.637075
v -0.783158 0.381415 -0.519800
v -1.109272 0.552096 -0.437640
v -1.051372 0.327214 -0.532878
v -1.012340 0.386400 -0.619904
v -1.070239 0.611282 -0.524666
v -0.822191 0.322228 -0.432774
v -1.064412 0.306206 -0.550049
v -1.051401 0.325935 -0.579058
v -0.809180 0.341957 -0.461783
v -0.890290 0.586726 -0.320759
v -0.822191 0.322228 -0.432774
v -0.809180 0.341957 -0.461783
v -0.877279 0.606454 -0.349767
v -1.132511 0.570704 -0.438034
v -0.890290 0.586726 -0.320759
v -0.877279 0.606454 -0.349767
v -1.119500 0.590432 -0.467042
v -1.064412 0.306206 -0.550049
v -1.132511 0.570704 -0.438034
v -1.119500 0.590432 -0.467042
v -1.051401 0.325935 -0.579058
v -1.132511 0.570704 -0.438034
v -1.109272 0.552096 -0.437640
v -0.903330 0.565718 -0.337930
v -0.890290 0.586726 -0.320759
v -0.845430 0.340836 -0.433168
v -0.822191 0.322228 -0.432774
v -1.051372 0.327214 -0.532878
v -1.064412 0.306206 -0.550049
v -0.851257 0.645912 -0.407785
v -0.864297 0.624904 -0.424956
v -1.070239 0.611282 -0.524666
v -1.093479 0.629890 -0.525060
v -1.012340 0.386400 -0.619904
v -1.025379 0.365393 -0.637075
v -0.806398 0.400023 -0.520194
v -0.783158 0.381415 -0.519800
v -1.051372 0.327214 -0.532878
v -0.845430 0.340836 -0.433168
v -0.806398 0.400023 -0.520194
v -1.012340 0.386400 -0.619904
v -0.845430 0.340836 -0.433168
v -0.903330 0.565718 -0.337930
v -0.864297 0.624904 -0.424956
v -0.806398 0.400023 -0.520194
v -0.903330 0.565718 -0.337930
v -1.109272 0.552096 -0.437640
v -1.070239 0.611282 -0.524666
v -0.864297 0.624904 -0.424956
v -1.376629 -0.608532 0.265050
v -1.624702 -0.608532 0.380729
v -1.591457 -0.641116 0.452023
v -1.343384 -0.641116 0.336345
v -1.577686 -0.719781 0.481554
v -1.329613 -0.719781 0.365876
v -1.591457 -0.798446 0.452023
v -1.343384 -0.798446 0.336345
v -1.409874 -0.798446 0.193756
v -1.657947 -0.798446 0.309434
v -1.671718 -0.719781 0.279903
v -1.423264 -0.720824 0.165097
v -1.645539 -0.660278 0.456099
v -1.635122 -0.719781 0.478437
v -1.657947 -0.641116 0.309434
v -1.409493 -0.642159 0.194628
v -1.624702 -0.608532 0.380729
v -1.376629 -0.608532 0.265050
v -1.624702 -0.827857 0.380729
v -1.670686 -0.808695 0.402171
v -1.695833 -0.779284 0.348243
v -1.695833 -0.660278 0.348243
v -1.670686 -0.635631 0.402171
v -1.670686 -0.635631 0.402171
v -1.645539 -0.779284 0.456099
v -1.706249 -0.719781 0.325905
v -1.376629 -0.827857 0.265050
v -0.615740 -0.775723 0.000430
v -0.752188 -0.775723 0.391862
v -0.720311 -0.809107 0.428679
v -0.571363 -0.809107 0.000430
v -1.464869 -0.593133 0.316245
v -1.555005 -0.639568 0.000430
v -1.597686 -0.642320 0.000430
v -1.505467 -0.594091 0.336049
v -1.082421 -0.766617 0.467798
v -1.080361 -0.798800 0.514113
v -1.331613 -0.473332 0.054950
v -1.278078 -0.301625 0.012292
v -1.286661 -0.303743 0.000430
v -1.342741 -0.474303 0.000430
v -1.375495 -0.620582 0.000430
v -1.352480 -0.533892 0.068914
v -1.364601 -0.553528 0.000430
v -1.273700 -0.275091 0.011813
v -1.275229 -0.275726 0.000430
v -1.267598 -0.273940 0.018857
v -1.262492 -0.252966 0.000430
v -1.002097 -0.292417 0.143601
v -1.091788 -0.251515 0.202558
v -1.092031 -0.240618 0.184602
v -0.994910 -0.287570 0.167997
v -0.984548 -0.480863 0.180633
v -0.975906 -0.487850 0.209627
v -1.091788 -0.544172 0.238995
v -1.091563 -0.536052 0.236359
v -1.165540 -0.276497 0.149746
v -1.171895 -0.270168 0.168030
v -1.213229 -0.371716 0.167068
v -1.223535 -0.371439 0.188532
v -0.956703 -0.372541 0.180638
v -0.966815 -0.371744 0.146432
v -1.195215 -0.479906 0.189680
v -1.204028 -0.486352 0.212950
v -0.720311 -0.809107 -0.427818
v -0.752188 -0.775723 -0.391001
v -1.464869 -0.593133 -0.315384
v -1.505467 -0.594091 -0.335188
v -1.080361 -0.798800 -0.513252
v -1.082421 -0.766617 -0.466938
v -1.278078 -0.301625 -0.011432
v -1.331613 -0.473332 -0.054089
v -1.352480 -0.533892 -0.068053
v -1.273700 -0.275091 -0.010952
v -1.267598 -0.273940 -0.017996
v -1.002097 -0.292417 -0.142740
v -0.994910 -0.287570 -0.167136
v -1.092031 -0.240618 -0.183741
v -1.091788 -0.251515 -0.201697
v -0.984548 -0.480863 -0.179772
v -1.091563 -0.536052 -0.235498
v -1.091788 -0.544172 -0.238134
v -0.975906 -0.487850 -0.208766
v -1.171895 -0.270168 -0.167169
v -1.165540 -0.276497 -0.148885
v -1.213229 -0.371716 -0.166208
v -1.223535 -0.371439 -0.187672
v -0.966815 -0.371744 -0.145571
v -0.956703 -0.372541 -0.179778
v -1.195215 -0.479906 -0.188819
v -1.204028 -0.486352 -0.212089
v -1.284053 -0.329832 0.104264
v -1.254195 -0.305151 0.127079
v -1.250654 -0.290512 0.106608
v -1.280512 -0.315192 0.083793
v -0.742037 0.412713 0.000000
v -0.731930 0.405624 0.206679
v -0.704793 0.213780 0.218191
v -0.716427 0.223930 -0.001067
v -0.731930 0.021859 0.208058
v -0.742037 0.038625 0.000000
v -0.745699 -0.179037 0.126671
v -0.802358 -0.156942 0.000000
v -0.798765 0.034287 0.371641
v -0.839052 -0.089298 0.325610
v -0.778224 0.214413 0.394339
v -0.798765 0.394373 0.370347
v -0.810034 0.561421 0.193688
v -0.839052 0.517623 0.323428
v -0.816945 0.567915 0.000000
v -0.925987 0.406569 0.469749
v -1.088892 0.416998 0.503383
v -1.088892 0.214940 0.540864
v -0.915704 0.214808 0.504110
v -1.088892 0.012618 0.504836
v -0.925987 0.022805 0.471129
v -0.939904 0.562054 0.369744
v -0.798765 0.394373 0.370347
v -0.778224 0.214413 0.394339
v -0.798765 0.034287 0.371641
v -0.939904 -0.133395 0.372244
v -0.839052 -0.089298 0.325610
v -1.088857 0.600406 0.403931
v -0.935388 0.656181 0.205778
v -0.937149 0.664632 0.000000
v -0.704263 0.212041 -0.219257
v -0.731930 0.405624 -0.206679
v -0.731930 0.021859 -0.208058
v -0.766265 -0.188476 -0.148209
v -0.839052 -0.089298 -0.325610
v -0.798765 0.034287 -0.371641
v -0.778224 0.214413 -0.394339
v -0.798765 0.394373 -0.370347
v -0.810034 0.561421 -0.193688
v -0.839052 0.517623 -0.323428
v -0.925987 0.406569 -0.469749
v -0.915704 0.214808 -0.504110
v -1.088892 0.214940 -0.540864
v -1.088892 0.416998 -0.503383
v -0.925987 0.022805 -0.471129
v -1.088892 0.012618 -0.504836
v -0.798765 0.394373 -0.370347
v -0.939904 0.562054 -0.369744
v -0.778224 0.214413 -0.394339
v -0.798765 0.034287 -0.371641
v -0.839052 -0.089298 -0.325610
v -0.939904 -0.133395 -0.372244
v -1.088892 -0.155546 -0.395669
v -1.088892 0.584373 -0.393009
v -1.264165 0.410307 -0.483248
v -1.255520 0.567223 -0.360686
v -1.244785 0.670911 -0.185722
v -1.244785 0.693383 0.000638
v -1.090795 0.727271 0.000635
v -1.088892 0.688288 -0.216485
v -0.935388 0.656181 -0.205778
v -1.531295 0.252233 -0.001093
v -1.483471 0.263798 0.111839
v -1.482911 0.408510 0.188720
v -1.483471 0.408510 -0.000526
v -1.457798 0.408510 -0.224287
v -1.522868 0.252555 -0.135096
v -1.369140 -0.191797 -0.392085
v -1.468560 0.033029 -0.427041
v -1.256742 0.005311 -0.497107
v -1.468560 0.255546 -0.420112
v -1.483471 0.060748 -0.356975
v -1.483471 0.265555 -0.306158
v -1.455723 0.409409 -0.353767
v -1.437651 0.404346 0.349401
v -1.349495 0.560844 0.294853
v -1.386453 0.557945 0.190303
v -1.371545 0.564400 -0.273204
v -1.255520 0.567223 -0.360686
v -1.386457 0.584060 0.000635
v -1.386457 0.561577 -0.185722
v -1.483471 0.089403 0.055756
v -1.267965 0.245537 -0.534065
v -1.256742 0.005311 -0.497107
v -1.480170 0.199297 0.416449
v -1.436908 -0.010197 0.396830
v -1.219608 0.015526 0.509565
v -1.242861 0.198775 0.522956
v -1.420662 -0.107415 0.375528
v -1.404416 -0.204634 0.354226
v -1.399049 -0.331890 0.399509
v -1.251672 -0.158182 0.454537
v -1.259809 -0.170220 -0.401231
v -1.261880 -0.387366 -0.336447
v -1.300430 -0.250622 -0.293324
v -1.368226 -0.077439 -0.347243
v -1.090767 0.705508 0.190463
v -1.386457 0.561577 -0.185722
v -1.386457 0.584060 0.000635
v -1.244505 0.666442 0.192178
v -1.386453 0.557945 0.190303
v -1.088892 0.416998 0.503383
v -1.282757 0.400811 0.483662
v -1.242861 0.198775 0.522956
v -1.088892 0.214940 0.540864
v -1.088892 0.012618 0.504836
v -1.468560 0.033029 -0.427041
v -1.088892 0.214940 -0.540864
v -1.088892 0.012618 -0.504836
v -1.088892 -0.155546 -0.395669
v -1.371545 0.564400 -0.273204
v -0.839052 -0.089298 0.325610
v -0.871638 -0.288160 0.309891
v -0.842620 -0.226622 0.238528
v -0.745699 -0.179037 0.126671
v -0.766265 -0.188476 -0.148209
v -0.827916 -0.211245 -0.237546
v -0.856934 -0.284917 -0.307573
v -0.839052 -0.089298 -0.325610
v -1.237599 0.573051 0.382330
v -1.349495 0.560844 0.294853
v -1.237599 0.573051 0.382330
v -1.087558 -0.167732 0.445616
v -1.088892 0.012618 0.504836
v -1.437651 0.404346 0.349401
v -1.480170 0.199297 0.416449
v -1.242861 0.198775 0.522956
v -1.282757 0.400811 0.483662
v -1.474014 -0.050367 0.408785
v -1.475265 0.190163 0.266167
v -1.197072 -0.713906 0.496476
v -1.203288 -0.732509 0.513815
v -1.249952 -0.637885 0.574955
v -1.241163 -0.624503 0.554243
v -0.984187 -0.713906 0.496476
v -0.977972 -0.732509 0.513815
v -1.090630 -0.771703 0.488489
v -1.090630 -0.750938 0.472548
v -1.090630 -0.498067 0.635939
v -1.090630 -0.504067 0.661421
v -0.977972 -0.543262 0.636095
v -0.984187 -0.535099 0.612011
v -1.203288 -0.543262 0.636095
v -1.197072 -0.535099 0.612011
v -0.940097 -0.624503 0.554243
v -0.931307 -0.637885 0.574955
v -1.166042 -0.502480 0.226441
v -1.166870 -0.513789 0.242417
v -1.198450 -0.449753 0.283793
v -1.197278 -0.439140 0.267368
v -1.166042 -0.375800 0.308295
v -1.166870 -0.385717 0.325169
v -1.090630 -0.359193 0.342308
v -1.090630 -0.349564 0.325247
v -1.090630 -0.528717 0.209489
v -1.090630 -0.540313 0.225278
v -0.983981 -0.439140 0.267368
v -0.982810 -0.449753 0.283793
v -1.014389 -0.513789 0.242417
v -1.015218 -0.502480 0.226441
v -1.015218 -0.375800 0.308295
v -1.014389 -0.385717 0.325169
v -1.645539 -0.660278 -0.452827
v -1.635122 -0.719781 -0.475165
v -1.645539 -0.779284 -0.452827
v -1.670686 -0.809998 -0.398899
v -1.695833 -0.779284 -0.344971
v -1.706249 -0.719781 -0.322633
v -1.695833 -0.660278 -0.344971
v -1.670686 -0.635631 -0.398899
v -1.353094 -0.829159 -0.250804
v -1.386339 -0.798446 -0.179509
v -1.409874 -0.798446 -0.190484
v -1.376629 -0.829159 -0.261778
v -1.385958 -0.642159 -0.180382
v -1.353094 -0.608532 -0.250804
v -1.376629 -0.608532 -0.261778
v -1.409493 -0.642159 -0.191356
v -1.399729 -0.720824 -0.150850
v -1.423264 -0.720824 -0.161825
v -1.306078 -0.719781 -0.351629
v -1.319849 -0.798446 -0.322098
v -1.343384 -0.798446 -0.333073
v -1.329613 -0.719781 -0.362604
v -1.319849 -0.641116 -0.322098
v -1.343384 -0.641116 -0.333073
v -1.353094 -0.608532 -0.250804
v -1.376629 -0.608532 -0.261778
v -1.197371 -0.699534 -0.508690
v -1.241461 -0.608620 -0.564050
v -1.250251 -0.621445 -0.585111
v -1.203586 -0.717668 -0.526519
v -0.984486 -0.699534 -0.508690
v -1.090929 -0.737192 -0.485759
v -1.090929 -0.757524 -0.502249
v -0.978271 -0.717668 -0.526519
v -1.090929 -0.480049 -0.642340
v -0.984486 -0.517707 -0.619410
v -0.978271 -0.525223 -0.643703
v -1.090929 -0.485366 -0.667973
v -1.197371 -0.517707 -0.619410
v -1.203586 -0.525223 -0.643703
v -0.940396 -0.608620 -0.564050
v -0.931606 -0.621445 -0.585111
v -0.940396 -0.608620 -0.564050
v -0.931606 -0.621445 -0.585111
v -1.166341 -0.495393 -0.233107
v -1.197577 -0.430983 -0.272328
v -1.198749 -0.441153 -0.289030
v -1.167169 -0.506271 -0.249378
v -1.166341 -0.366573 -0.311549
v -1.090929 -0.339893 -0.327795
v -1.090929 -0.349063 -0.345107
v -1.167169 -0.376036 -0.328682
v -1.090929 -0.522072 -0.216861
v -1.090929 -0.533244 -0.232954
v -0.984280 -0.430983 -0.272328
v -1.015517 -0.495393 -0.233107
v -1.014688 -0.506271 -0.249378
v -0.983109 -0.441153 -0.289030
v -1.015517 -0.366573 -0.311549
v -0.984280 -0.430983 -0.272328
v -0.983109 -0.441153 -0.289030
v -1.014688 -0.376036 -0.328682
v -0.908197 0.468563 0.526170
v -0.943733 0.453327 0.552243
v -0.978238 0.405637 0.463146
v -0.958031 0.414300 0.448320
v -0.901065 0.505345 0.498405
v -0.926515 0.542127 0.485211
v -0.800691 0.717785 0.559604
v -0.759889 0.658815 0.580756
v -0.986857 0.468563 0.561349
v -1.012307 0.505345 0.548155
v -1.017232 0.435216 0.460822
v -1.002760 0.414300 0.468325
v -1.005175 0.542127 0.520390
v -0.969639 0.557363 0.494318
v -0.992969 0.464795 0.430208
v -1.013176 0.456132 0.445034
v -0.953975 0.435216 0.432532
v -0.968447 0.456132 0.425030
v -0.869497 0.776693 0.787802
v -0.884472 0.678350 0.795057
v -0.775058 0.456280 0.935320
v -0.757593 0.539727 1.011298
v -0.926801 0.717785 0.616003
v -0.869828 0.742211 0.574204
v -0.897433 0.599845 0.681670
v -0.938235 0.658815 0.660518
v -0.771323 0.599845 0.625270
v -0.828296 0.575419 0.667070
v -0.901065 0.505345 0.498405
v -0.759889 0.658815 0.580756
v -0.670571 0.609362 1.036185
v -0.838742 -0.443537 0.972762
v -0.652719 -0.350224 1.100359
v -0.829034 0.591740 0.774642
v -0.735659 0.567596 0.738516
v -0.607133 0.422936 0.811972
v -0.712735 0.407903 0.852756
v -0.659044 0.620063 0.707841
v -0.645392 0.718406 0.696965
v -0.502646 0.576018 0.912837
v -0.520111 0.492571 0.836859
v -0.645392 0.718406 0.696965
v -0.699507 0.805016 0.721001
v -0.564969 0.624394 0.995401
v -0.502646 0.576018 0.912837
v -0.792882 0.829159 0.757127
v -0.426976 -0.274685 1.046256
v -0.517230 -0.699813 1.148021
v -0.400129 -0.654224 1.132375
v -0.742851 -0.486446 0.533090
v -0.876076 -0.499962 0.738208
v -0.331085 -0.317593 0.607592
v -0.517108 -0.410906 0.479994
v -0.293751 -0.261169 0.842146
v -0.293751 -0.261169 0.842146
v -0.476489 -0.764422 1.062655
v -0.699589 -0.720334 0.843389
v -0.629120 -0.727197 1.060318
v -0.401143 -0.637657 0.717601
v -0.555501 -0.683246 0.667590
v -0.331020 -0.617136 1.032957
v -0.334724 -0.610273 0.890080
v -0.331020 -0.617136 1.032957
v -0.953975 0.435216 0.432532
v -0.908197 0.468563 -0.526170
v -0.958031 0.414300 -0.448320
v -0.978238 0.405637 -0.463146
v -0.943733 0.453327 -0.552243
v -0.901065 0.505345 -0.498405
v -0.759889 0.658815 -0.580756
v -0.800691 0.717785 -0.559604
v -0.926515 0.542127 -0.485211
v -0.986857 0.468563 -0.561349
v -1.002760 0.414300 -0.468325
v -1.017232 0.435216 -0.460822
v -1.012307 0.505345 -0.548155
v -1.005175 0.542127 -0.520390
v -1.013176 0.456132 -0.445034
v -0.992969 0.464795 -0.430208
v -0.969639 0.557363 -0.494318
v -0.968447 0.456132 -0.425030
v -0.953975 0.435216 -0.432532
v -0.869497 0.776693 -0.787802
v -0.757593 0.539727 -1.011298
v -0.775058 0.456280 -0.935320
v -0.884472 0.678350 -0.795057
v -0.869828 0.742211 -0.574204
v -0.926801 0.717785 -0.616003
v -0.938235 0.658815 -0.660518
v -0.897433 0.599845 -0.681670
v -0.828296 0.575419 -0.667070
v -0.771323 0.599845 -0.625270
v -0.759889 0.658815 -0.580756
v -0.901065 0.505345 -0.498405
v -0.670571 0.609362 -1.036185
v -0.652719 -0.350224 -1.100359
v -0.838742 -0.443537 -0.972762
v -0.829034 0.591740 -0.774642
v -0.712735 0.407903 -0.852756
v -0.607133 0.422936 -0.811972
v -0.735659 0.567596 -0.738516
v -0.659044 0.620063 -0.707841
v -0.520111 0.492571 -0.836859
v -0.502646 0.576018 -0.912837
v -0.645392 0.718406 -0.696965
v -0.645392 0.718406 -0.696965
v -0.502646 0.576018 -0.912837
v -0.564969 0.624394 -0.995401
v -0.699507 0.805016 -0.721001
v -0.792882 0.829159 -0.757127
v -0.426976 -0.274685 -1.046256
v -0.400129 -0.654224 -1.132375
v -0.517230 -0.699813 -1.148021
v -0.876076 -0.499962 -0.738208
v -0.742851 -0.486446 -0.533090
v -0.517108 -0.410906 -0.479994
v -0.331085 -0.317593 -0.607592
v -0.293751 -0.261169 -0.842146
v -0.293751 -0.261169 -0.842146
v -0.476489 -0.764422 -1.062655
v -0.629120 -0.727197 -1.060318
v -0.699589 -0.720334 -0.843389
v -0.555501 -0.683246 -0.667590
v -0.401143 -0.637657 -0.717601
v -0.334724 -0.610273 -0.890080
v -0.331020 -0.617136 -1.032957
v -0.331020 -0.617136 -1.032957
v -0.953975 0.435216 -0.432532
v -1.645539 -0.660278 0.456099
v -1.670686 -0.635631 0.402171
v -1.695833 -0.660278 0.348243
v -1.706249 -0.719781 0.325905
v -1.695833 -0.779284 0.348243
v -1.670686 -0.808695 0.402171
v -1.645539 -0.779284 0.456099
v -1.635122 -0.719781 0.478437
v -1.353094 -0.827857 0.254076
v -1.376629 -0.827857 0.265050
v -1.409874 -0.798446 0.193756
v -1.386339 -0.798446 0.182781
v -1.385958 -0.642159 0.183653
v -1.409493 -0.642159 0.194628
v -1.376629 -0.608532 0.265050
v -1.353094 -0.608532 0.254076
v -1.399729 -0.720824 0.154122
v -1.423264 -0.720824 0.165097
v -1.306078 -0.719781 0.354901
v -1.329613 -0.719781 0.365876
v -1.343384 -0.798446 0.336345
v -1.319849 -0.798446 0.325370
v -1.319849 -0.641116 0.325370
v -1.343384 -0.641116 0.336345
v -1.353094 -0.608532 0.254076
v -1.376629 -0.608532 0.265050
v -0.966815 -0.371744 0.146432
v -1.100260 -0.388781 0.218934
v -1.091563 -0.536052 0.236359
v -0.984548 -0.480863 0.180633
v -1.213229 -0.371716 0.167068
v -1.195215 -0.479906 0.189680
v -1.002097 -0.292417 0.143601
v -1.091788 -0.251515 0.202558
v -1.165540 -0.276497 0.149746
v -0.966815 -0.371744 -0.145571
v -0.984548 -0.480863 -0.179772
v -1.091563 -0.536052 -0.235498
v -1.100260 -0.388781 -0.218074
v -1.213229 -0.371716 -0.166208
v -1.195215 -0.479906 -0.188819
v -1.002097 -0.292417 -0.142740
v -1.091788 -0.251515 -0.201697
v -1.165540 -0.276497 -0.148885
v -0.983981 -0.352148 0.132734
v -0.983981 -0.439140 0.267368
v -1.015218 -0.502480 0.226441
v -1.015218 -0.415488 0.091808
v -1.090630 -0.528717 0.209489
v -1.090630 -0.441724 0.074855
v -1.166042 -0.502480 0.226441
v -1.166042 -0.415488 0.091807
v -1.197278 -0.439140 0.267368
v -1.197278 -0.352148 0.132734
v -1.166042 -0.375800 0.308295
v -1.166042 -0.288808 0.173661
v -1.197278 -0.557237 0.450140
v -1.166042 -0.493897 0.491066
v -1.015218 -0.288808 0.173661
v -1.015218 -0.375800 0.308295
v -1.090630 -0.262571 0.190613
v -1.090630 -0.352148 0.132734
v -1.166042 -0.288808 0.173661
v -1.090630 -0.646813 0.392260
v -1.015218 -0.620577 0.409213
v -1.015218 -0.702599 0.536154
v -1.090630 -0.728835 0.519201
v -1.015218 -0.493897 0.491066
v -0.983981 -0.557237 0.450140
v -1.166042 -0.620577 0.409213
v -1.090630 -0.349564 0.325247
v -1.090630 -0.467660 0.508019
v -0.983981 -0.639259 0.577080
v -1.015218 -0.575918 0.618007
v -1.040267 -0.627818 0.652173
v -1.019406 -0.670118 0.624840
v -1.090630 -0.549682 0.634960
v -1.197278 -0.639259 0.577080
v -1.166042 -0.575918 0.618007
v -1.166042 -0.702599 0.536154
v -1.040267 -0.712419 0.597508
v -1.090630 -0.610296 0.663494
v -1.140992 -0.627818 0.652173
v -1.161853 -0.670118 0.624840
v -1.140992 -0.712419 0.597508
v -1.090630 -0.729940 0.586187
v -1.015218 -0.288808 0.173661
v -1.197278 -0.352148 0.132734
v -0.983981 -0.352148 0.132734
v -1.015218 -0.415488 0.091808
v -1.090630 -0.441724 0.074855
v -1.166042 -0.415488 0.091807
v -1.138711 -0.829159 -0.151218
v -1.171957 -0.798446 -0.079924
v -1.386339 -0.798446 -0.179509
v -1.353094 -0.829159 -0.250804
v -1.171957 -0.641116 -0.079924
v -1.138711 -0.608532 -0.151218
v -1.353094 -0.608532 -0.250804
v -1.385958 -0.642159 -0.180382
v -1.185727 -0.719781 -0.050393
v -1.399729 -0.720824 -0.150850
v -1.091696 -0.719781 -0.252044
v -1.105466 -0.798446 -0.222513
v -1.319849 -0.798446 -0.322098
v -1.306078 -0.719781 -0.351629
v -1.105466 -0.641116 -0.222513
v -1.319849 -0.641116 -0.322098
v -1.138711 -0.608532 -0.151218
v -1.353094 -0.608532 -0.250804
v -1.088914 -0.778590 -0.069666
v -1.099219 -0.719722 -0.047566
v -1.064036 -0.636471 -0.123018
v -1.039157 -0.660854 -0.176370
v -1.064036 -0.636471 -0.123018
v -1.088914 -0.660854 -0.069666
v -1.064036 -0.801574 -0.123018
v -1.039157 -0.778590 -0.176370
v -1.028852 -0.719722 -0.198470
v -0.984280 -0.347616 -0.135420
v -1.015517 -0.412026 -0.096198
v -1.015517 -0.495393 -0.233107
v -0.984280 -0.430983 -0.272328
v -1.090929 -0.438705 -0.079953
v -1.090929 -0.522072 -0.216861
v -1.166341 -0.412026 -0.096198
v -1.166341 -0.495393 -0.233107
v -1.197577 -0.347616 -0.135420
v -1.197577 -0.430983 -0.272328
v -1.166341 -0.283206 -0.174641
v -1.166341 -0.366573 -0.311549
v -1.090929 -0.256526 -0.190887
v -1.090929 -0.339893 -0.327795
v -1.166341 -0.479748 -0.497408
v -1.197577 -0.544158 -0.458187
v -1.015517 -0.283206 -0.174641
v -1.015517 -0.366573 -0.311549
v -0.984280 -0.347616 -0.135420
v -0.984280 -0.430983 -0.272328
v -1.090929 -0.256526 -0.190887
v -1.166341 -0.283206 -0.174641
v -1.090929 -0.347616 -0.135420
v -1.090929 -0.635247 -0.402720
v -1.090929 -0.713851 -0.531805
v -1.015517 -0.687172 -0.548051
v -1.015517 -0.608568 -0.418966
v -0.984280 -0.544158 -0.458187
v -1.015517 -0.479748 -0.497408
v -0.984280 -0.544158 -0.458187
v -1.166341 -0.608568 -0.418966
v -1.090929 -0.453068 -0.513654
v -0.984280 -0.622761 -0.587272
v -1.019705 -0.652335 -0.635839
v -1.040566 -0.609320 -0.662032
v -1.015517 -0.558351 -0.626494
v -1.090929 -0.531672 -0.642739
v -1.166341 -0.558351 -0.626494
v -1.197577 -0.622761 -0.587272
v -1.166341 -0.687172 -0.548051
v -0.984280 -0.622761 -0.587272
v -1.040566 -0.695350 -0.609646
v -1.090929 -0.713168 -0.598796
v -1.141291 -0.695350 -0.609646
v -1.162152 -0.652335 -0.635839
v -1.141291 -0.609320 -0.662032
v -1.090929 -0.591502 -0.672882
v -1.040566 -0.609320 -0.662032
v -1.019705 -0.652335 -0.635839
v -1.090929 -0.591502 -0.672882
v -1.141291 -0.609320 -0.662032
v -1.162152 -0.652335 -0.635839
v -1.141291 -0.695350 -0.609646
v -1.090929 -0.713168 -0.598796
v -1.040566 -0.695350 -0.609646
v -1.019705 -0.652335 -0.635839
v -1.015517 -0.283206 -0.174641
v -1.197577 -0.347616 -0.135420
v -0.984280 -0.347616 -0.135420
v -1.015517 -0.412026 -0.096198
v -1.090929 -0.438705 -0.079953
v -1.166341 -0.412026 -0.096198
v -1.146347 -0.827857 0.157668
v -1.353094 -0.827857 0.254076
v -1.386339 -0.798446 0.182781
v -1.179592 -0.798446 0.086373
v -1.179592 -0.641116 0.086373
v -1.385958 -0.642159 0.183653
v -1.353094 -0.608532 0.254076
v -1.146347 -0.608532 0.157668
v -1.193363 -0.719781 0.056842
v -1.399729 -0.720824 0.154122
v -1.099331 -0.719781 0.258493
v -1.306078 -0.719781 0.354901
v -1.319849 -0.798446 0.325370
v -1.113102 -0.798446 0.228962
v -1.113102 -0.641116 0.228962
v -1.319849 -0.641116 0.325370
v -1.146347 -0.608532 0.157668
v -1.353094 -0.608532 0.254076
v -1.086959 -0.634741 0.129530
v -1.112345 -0.659621 0.075091
v -1.122859 -0.719687 0.052541
v -1.061574 -0.659621 0.183968
v -1.051059 -0.719687 0.206518
v -1.061574 -0.779754 0.183968
v -1.086959 -0.802211 0.129530
v -1.112345 -0.779754 0.075091
v -1.086959 -0.634741 0.129530
v -1.263004 -0.379480 0.069361
v -1.238542 -0.379479 0.119077
v -1.235115 -0.365025 0.117391
v -1.259578 -0.365025 0.067675
v -1.245489 -0.261491 0.000000
v -1.088892 -0.296497 0.000000
v -1.088892 -0.260728 0.219896
v -1.242396 -0.228698 0.208959
v -0.932296 -0.261491 0.000000
v -0.946877 -0.228698 0.205664
v -1.375427 -0.156942 0.000000
v -1.367750 -0.134028 0.196188
v -1.237880 -0.133395 0.372244
v -1.338732 -0.089298 0.325610
v -1.088892 -0.155546 0.395669
v -0.939904 -0.133395 0.355955
v -0.745699 -0.179037 0.126671
v -0.839052 -0.089298 0.325610
v -0.802358 -0.156942 0.000000
v -1.088892 0.214940 0.540864
v -1.262080 0.214808 0.504110
v -1.251797 0.022805 0.471129
v -1.088892 0.012618 0.488547
v -1.237880 -0.133395 0.372244
v -1.088892 -0.155546 0.395669
v -1.379019 0.034287 0.371641
v -1.338732 -0.089298 0.325610
v -1.399560 0.214414 0.394339
v -1.445854 0.405624 0.206679
v -1.456400 0.415207 0.000000
v -1.483512 0.213017 0.000000
v -1.472991 0.213780 0.218191
v -1.456400 0.010827 0.000000
v -1.445854 0.021859 0.208058
v -1.349546 0.547120 0.294503
v -1.386457 0.543241 0.190277
v -1.379019 0.394373 0.370347
v -1.399560 0.214414 0.394339
v -1.379019 0.034287 0.371641
v -1.367750 -0.134028 0.196188
v -1.338732 -0.089298 0.325610
v -1.375427 -0.156942 0.000000
v -1.386457 0.569276 0.000635
v -1.242396 -0.228698 -0.208959
v -1.088892 -0.260728 -0.219896
v -0.935388 -0.228698 -0.208959
v -1.367750 -0.134028 -0.196188
v -1.338732 -0.089298 -0.325610
v -1.237880 -0.133395 -0.372244
v -1.088892 -0.155546 -0.382725
v -0.939904 -0.133395 -0.372244
v -0.839052 -0.089298 -0.325610
v -0.766265 -0.188476 -0.148209
v -1.088892 0.214940 -0.527920
v -1.088892 0.012618 -0.491893
v -1.251797 0.022805 -0.471129
v -1.262080 0.214808 -0.504110
v -1.237880 -0.133395 -0.372244
v -1.338732 -0.089298 -0.325610
v -1.379019 0.034287 -0.371641
v -1.399560 0.214414 -0.394339
v -1.445854 0.405624 -0.206679
v -1.472991 0.213780 -0.218191
v -1.445854 0.021859 -0.208058
v -1.371545 0.549616 -0.273204
v -1.379019 0.394373 -0.370347
v -1.386457 0.546793 -0.185722
v -1.399560 0.214414 -0.394339
v -1.379019 0.034287 -0.371641
v -1.338732 -0.089298 -0.325610
v -1.367750 -0.134028 -0.196188
v -0.939904 -0.133395 0.355955
v -1.379019 0.394373 -0.370347
v -1.379019 0.394373 0.370347
v -1.166042 -0.288808 0.173661
v -1.166042 -0.375800 0.308295
v -1.090630 -0.349564 0.325247
v -1.090630 -0.262571 0.190613
v -1.015218 -0.375800 0.308295
v -1.015218 -0.288808 0.173661
v -0.809180 0.341957 0.461783
v -0.796169 0.361686 0.490792
v -1.038390 0.345664 0.608066
v -1.051401 0.325935 0.579058
v -0.877279 0.606454 0.349767
v -0.864268 0.626183 0.378776
v -0.796169 0.361686 0.490792
v -0.809180 0.341957 0.461783
v -1.119500 0.590432 0.467042
v -1.106489 0.610161 0.496051
v -0.864268 0.626183 0.378776
v -0.877279 0.606454 0.349767
v -1.051401 0.325935 0.579058
v -1.038390 0.345664 0.608066
v -1.106489 0.610161 0.496051
v -1.119500 0.590432 0.467042
v -0.809180 0.341957 -0.461783
v -1.051401 0.325935 -0.579058
v -1.038390 0.345664 -0.608066
v -0.796169 0.361686 -0.490792
v -0.877279 0.606454 -0.349767
v -0.809180 0.341957 -0.461783
v -0.796169 0.361686 -0.490792
v -0.864268 0.626183 -0.378776
v -1.119500 0.590432 -0.467042
v -0.877279 0.606454 -0.349767
v -0.864268 0.626183 -0.378776
v -1.106489 0.610161 -0.496051
v -1.051401 0.325935 -0.579058
v -1.119500 0.590432 -0.467042
v -1.106489 0.610161 -0.496051
v -1.038390 0.345664 -0.608066
vt 0.000000 1.000000
vt 0.000000 1.000000
vt 0.000000 1.000000
vt 0.000000 1.000000
vt 0.000000 1.000000
vt 0.000000 1.000000
vt 0.000000 1.000000
vt 0.000000 1.000000
vt 0.000000 1.000000
vt 0.000000 1.000000
vt 0.000000 1.000000
vt 0.000000 1.000000
vt 0.000000 1.000000
vt 0.000000 1.000000
vt 0.000000 1.000000
vt 0.000000 1.000000
vt 0.000000 1.000000
vt 0.000000 1.000000
vt 0.000000 1.000000
vt 0.000000 1.000000
vt 0.000000 1.000000
vt 0.000000 1.000000
vt 0.000000 1.000000
vt 0.000000 1.000000
vt 0.000000 1.000000
vt 0.000000 1.000000
vt 0.000000 1.000000
vt 0.000000 1.000000
vt 0.000000 1.000000
vt 0.000000 1.000000
vt 0.000000 1.000000
vt 0.000000 1.000000
vt 0.000000 1.000000
vt 0.000000 1.000000
vt 0.000000 1.000000
vt 0.000000 1.000000
vt 0.000000 1.000000
vt 0.000000 1.000000
vt 0.000000 1.000000
vt 0.000000 1.000000
vt 0.000000 1.000000
vt 0.000000 1.000000
vt 0.000000 1.000000
vt 0.000000 1.000000
vt 0.000000 1.000000
vt 0.000000 1.000000
vt 0.000000 1.000000
vt 0.000000 1.000000
vt 0.000000 1.000000
vt 0.000000 1.000000
vt 0.000000 1.000000
vt 0.000000 1.000000
vt 0.000000 1.000000
vt 0.000000 1.000000
vt 0.000000 1.000000
vt 0.000000 1.000000
vt 0.000000 1.000000
vt 0.000000 1.000000
vt 0.000000 1.000000
vt 0.000000 1.000000
vt 0.000000 1.000000
vt 0.000000 1.000000
vt 0.000000 1.000000
vt 0.000000 1.000000
vt 0.000000 1.000000
vt 0.000000 1.000000
vt 0.000000 1.000000
vt 0.000000 1.000000
vt 0.000000 1.000000
vt 0.000000 1.000000
vt 0.000000 1.000000
vt 0.000000 1.000000
vt 0.000000 1.000000
vt 0.000000 1.000000
vt 0.000000 1.000000
vt 0.000000 1.000000
vt 0.000000 1.000000
vt 0.000000 1.000000
vt 0.000000 1.000000
vt 0.000000 1.000000
vt 0.000000 1.000000
vt 0.000000 1.000000
vt 0.000000 1.000000
vt 0.000000 1.000000
vt 0.000000 1.000000
vt 0.000000 1.000000
vt 0.000000 1.000000
vt 0.000000 1.000000
vt 0.000000 1.000000
vt 0.000000 1.000000
vt 0.000000 1.000000
vt 0.000000 1.000000
vt 0.000000 1.000000
vt 0.000000 1.000000
vt 0.000000 1.000000
vt 0.000000 1.000000
vt 0.000000 1.000000
vt 0.000000 1.000000
vt 0.000000 1.000000
vt 0.000000 1.000000
vt 0.000000 1.000000
vt 0.000000 1.000000
vt 0.000000 1.000000
vt 0.000000 1.000000
vt 0.000000 1.000000
vt 0.000000 1.000000
vt 0.000000 1.000000
vt 0.000000 1.000000
vt 0.000000 1.000000
vt 0.000000 1.000000
vt 0.000000 1.000000
vt 0.000000 1.000000
vt 0.000000 1.000000
vt 0.000000 1.000000
vt 0.000000 1.000000
vt 0.000000 1.000000
vt 0.000000 1.000000
vt 0.000000 1.000000
vt 0.000000 1.000000
vt 0.000000 1.000000
vt 0.000000 1.000000
vt 0.000000 1.000000
vt 0.000000 1.000000
vt 0.000000 1.000000
vt 0.000000 1.000000
vt 0.000000 1.000000
vt 0.000000 1.000000
vt 0.000000 1.000000
vt 0.000000 1.000000
vt 0.000000 1.000000
vt 0.000000 1.000000
vt 0.000000 1.000000
vt 0.000000 1.000000
vt 0.000000 1.000000
vt 0.000000 1.000000
vt 0.000000 1.000000
vt 0.000000 1.000000
vt 0.000000 1.000000
vt 0.000000 1.000000
vt 0.000000 1.000000
vt 0.000000 1.000000
vt 0.000000 1.000000
vt 0.000000 1.000000
vt 0.000000 1.000000
vt 0.000000 1.000000
vt 0.000000 1.000000
vt 0.000000 1.000000
vt 0.000000 1.000000
vt 0.000000 1.000000
vt 0.000000 1.000000
vt 1.000000 0.346182
vt 0.875000 0.346182
vt 0.875000 0.000000
vt 1.000000 0.000000
vt 0.750000 0.346182
vt 0.750000 0.000000
vt 0.625000 0.346182
vt 0.625000 0.000000
vt 0.375000 0.346182
vt 0.250000 0.346182
vt 0.250000 0.000000
vt 0.375000 0.000000
vt 0.750000 0.000000
vt 0.875000 0.000000
vt 0.125000 0.346182
vt 0.125000 0.000000
vt 0.000000 0.346182
vt 0.000000 0.000000
vt 0.500000 0.000000
vt 0.375000 0.000000
vt 0.500000 0.000000
vt 0.000000 0.000000
vt 0.125000 0.000000
vt 1.000000 0.000000
vt 0.625000 0.000000
vt 0.250000 0.000000
vt 0.500000 0.346182
vt 0.250000 0.000000
vt 0.125000 0.000000
vt 0.125000 0.000000
vt 0.250000 0.000000
vt 0.875000 0.000000
vt 0.750000 0.000000
vt 0.750000 0.000000
vt 0.875000 0.000000
vt 0.500000 0.000000
vt 0.375000 0.000000
vt 0.375000 0.000000
vt 0.500000 0.000000
vt 0.000000 0.000000
vt 0.000000 0.000000
vt 1.000000 0.000000
vt 1.000000 0.000000
vt 0.625000 0.000000
vt 0.625000 0.000000
vt 0.250000 0.000000
vt 0.375000 0.000000
vt 0.000000 0.000000
vt 0.125000 0.000000
vt 0.875000 0.000000
vt 1.000000 0.000000
vt 0.625000 0.000000
vt 0.750000 0.000000
vt 0.500000 0.000000
vt 0.541667 1.000000
vt 0.625000 1.000000
vt 0.625000 0.750000
vt 0.541667 0.750000
vt 0.541667 0.750000
vt 0.625000 0.750000
vt 0.625000 0.500000
vt 0.541667 0.500000
vt 0.541667 0.500000
vt 0.625000 0.500000
vt 0.625000 0.250000
vt 0.541667 0.250000
vt 0.541667 0.250000
vt 0.625000 0.250000
vt 0.625000 0.000000
vt 0.541667 0.000000
vt 0.143722 0.481278
vt 0.856278 0.481278
vt 0.856278 0.268722
vt 0.143722 0.268722
vt 0.375000 0.250000
vt 0.458333 0.250000
vt 0.458333 0.000000
vt 0.375000 0.000000
vt 0.375000 0.500000
vt 0.458333 0.500000
vt 0.458333 0.250000
vt 0.375000 0.250000
vt 0.375000 0.750000
vt 0.458333 0.750000
vt 0.458333 0.500000
vt 0.375000 0.500000
vt 0.375000 1.000000
vt 0.458333 1.000000
vt 0.458333 0.750000
vt 0.375000 0.750000
vt 0.125000 0.500000
vt 0.375000 0.500000
vt 0.356278 0.481278
vt 0.143722 0.481278
vt 0.375000 0.250000
vt 0.356278 0.268722
vt 0.125000 0.250000
vt 0.143722 0.268722
vt 0.625000 0.500000
vt 0.875000 0.500000
vt 0.856278 0.481278
vt 0.643722 0.481278
vt 0.875000 0.250000
vt 0.856278 0.268722
vt 0.625000 0.250000
vt 0.643722 0.268722
vt 0.143722 0.268722
vt 0.856278 0.268722
vt 0.643722 0.268722
vt 0.356278 0.268722
vt 0.356278 0.268722
vt 0.643722 0.268722
vt 0.643722 0.481278
vt 0.356278 0.481278
vt 0.356278 0.481278
vt 0.643722 0.481278
vt 0.856278 0.481278
vt 0.143722 0.481278
vt 0.541667 1.000000
vt 0.541667 0.750000
vt 0.625000 0.750000
vt 0.625000 1.000000
vt 0.541667 0.750000
vt 0.541667 0.500000
vt 0.625000 0.500000
vt 0.625000 0.750000
vt 0.541667 0.500000
vt 0.541667 0.250000
vt 0.625000 0.250000
vt 0.625000 0.500000
vt 0.541667 0.250000
vt 0.541667 0.000000
vt 0.625000 0.000000
vt 0.625000 0.250000
vt 0.143722 0.481278
vt 0.143722 0.268722
vt 0.856278 0.268722
vt 0.856278 0.481278
vt 0.375000 0.250000
vt 0.375000 0.000000
vt 0.458333 0.000000
vt 0.458333 0.250000
vt 0.375000 0.500000
vt 0.375000 0.250000
vt 0.458333 0.250000
vt 0.458333 0.500000
vt 0.375000 0.750000
vt 0.375000 0.500000
vt 0.458333 0.500000
vt 0.458333 0.750000
vt 0.375000 1.000000
vt 0.375000 0.750000
vt 0.458333 0.750000
vt 0.458333 1.000000
vt 0.125000 0.500000
vt 0.143722 0.481278
vt 0.356278 0.481278
vt 0.375000 0.500000
vt 0.356278 0.268722
vt 0.375000 0.250000
vt 0.143722 0.268722
vt 0.125000 0.250000
vt 0.625000 0.500000
vt 0.643722 0.481278
vt 0.856278 0.481278
vt 0.875000 0.500000
vt 0.856278 0.268722
vt 0.875000 0.250000
vt 0.643722 0.268722
vt 0.625000 0.250000
vt 0.143722 0.268722
vt 0.356278 0.268722
vt 0.643722 0.268722
vt 0.856278 0.268722
vt 0.356278 0.268722
vt 0.356278 0.481278
vt 0.643722 0.481278
vt 0.643722 0.268722
vt 0.356278 0.481278
vt 0.143722 0.481278
vt 0.856278 0.481278
vt 0.643722 0.481278
vt 1.000000 0.346182
vt 1.000000 0.000000
vt 0.875000 0.000000
vt 0.875000 0.346182
vt 0.750000 0.000000
vt 0.750000 0.346182
vt 0.625000 0.000000
vt 0.625000 0.346182
vt 0.375000 0.346182
vt 0.375000 0.000000
vt 0.250000 0.000000
vt 0.250000 0.346182
vt 0.875000 0.000000
vt 0.750000 0.000000
vt 0.125000 0.000000
vt 0.125000 0.346182
vt 0.000000 0.000000
vt 0.000000 0.346182
vt 0.500000 0.000000
vt 0.500000 0.000000
vt 0.375000 0.000000
vt 0.125000 0.000000
vt 0.000000 0.000000
vt 1.000000 0.000000
vt 0.625000 0.000000
vt 0.250000 0.000000
vt 0.500000 0.346182
vt 0.000000 1.000000
vt 0.000000 1.000000
vt 0.000000 1.000000
vt 0.000000 1.000000
vt 0.000000 1.000000
vt 0.000000 1.000000
vt 0.000000 1.000000
vt 0.000000 1.000000
vt 0.000000 1.000000
vt 0.000000 1.000000
vt 0.000000 1.000000
vt 0.000000 1.000000
vt 0.000000 1.000000
vt 0.000000 1.000000
vt 0.000000 1.000000
vt 0.000000 1.000000
vt 0.000000 1.000000
vt 0.000000 1.000000
vt 0.000000 1.000000
vt 0.000000 1.000000
vt 0.000000 1.000000
vt 0.000000 1.000000
vt 0.000000 1.000000
vt 0.000000 1.000000
vt 0.000000 1.000000
vt 0.000000 1.000000
vt 0.000000 1.000000
vt 0.000000 1.000000
vt 0.000000 1.000000
vt 0.000000 1.000000
vt 0.000000 1.000000
vt 0.000000 1.000000
vt 0.000000 1.000000
vt 0.000000 1.000000
vt 0.000000 1.000000
vt 0.000000 1.000000
vt 0.000000 1.000000
vt 0.000000 1.000000
vt 0.000000 1.000000
vt 0.000000 1.000000
vt 0.000000 1.000000
vt 0.000000 1.000000
vt 0.000000 1.000000
vt 0.000000 1.000000
vt 0.000000 1.000000
vt 0.000000 1.000000
vt 0.000000 1.000000
vt 0.000000 1.000000
vt 0.000000 1.000000
vt 0.000000 1.000000
vt 0.000000 1.000000
vt 0.000000 1.000000
vt 0.000000 1.000000
vt 0.000000 1.000000
vt 0.000000 1.000000
vt 0.000000 1.000000
vt 0.000000 1.000000
vt 0.000000 1.000000
vt 0.000000 1.000000
vt 0.000000 1.000000
vt 0.000000 1.000000
vt 0.000000 1.000000
vt 0.000000 1.000000
vt 0.000000 1.000000
vt 0.000000 1.000000
vt 1.000000 1.000000
vt 1.000000 0.000000
vt 0.000000 0.000000
vt 0.463079 0.067327
vt 0.462434 0.065282
vt 0.466922 0.063375
vt 0.467477 0.065677
vt 0.471659 0.061654
vt 0.472064 0.063962
vt 0.476966 0.060518
vt 0.476980 0.062153
vt 0.470671 0.059937
vt 0.473905 0.059043
vt 0.466145 0.061467
vt 0.461842 0.063470
vt 0.459153 0.067061
vt 0.459119 0.065390
vt 0.459783 0.068584
vt 0.458912 0.061846
vt 0.457056 0.061436
vt 0.459079 0.056289
vt 0.460928 0.057087
vt 0.461452 0.051289
vt 0.463025 0.052348
vt 0.457519 0.065794
vt 0.460691 0.062336
vt 0.462740 0.057864
vt 0.464609 0.053307
vt 0.465074 0.048453
vt 0.465799 0.050056
vt 0.455621 0.066362
vt 0.457491 0.068123
vt 0.458055 0.069309
vt 0.468570 0.067778
vt 0.463940 0.069288
vt 0.473258 0.065971
vt 0.478316 0.063476
vt 0.476661 0.066424
vt 0.473651 0.067906
vt 0.469237 0.069725
vt 0.464680 0.071038
vt 0.460365 0.070099
vt 0.461378 0.071367
vt 0.462945 0.074303
vt 0.466882 0.077174
vt 0.465773 0.078720
vt 0.461631 0.075532
vt 0.470885 0.079991
vt 0.470127 0.081614
vt 0.464137 0.073043
vt 0.459989 0.071924
vt 0.467971 0.075664
vt 0.471701 0.078444
vt 0.474246 0.080497
vt 0.474440 0.082148
vt 0.474058 0.083824
vt 0.458769 0.072635
vt 0.460332 0.076895
vt 0.457495 0.073763
vt 0.456714 0.071282
vt 0.456197 0.070220
vt 0.457020 0.069782
vt 0.457602 0.070814
vt 0.458554 0.070468
vt 0.458748 0.084808
vt 0.457509 0.085448
vt 0.454329 0.083025
vt 0.455950 0.081658
vt 0.457808 0.079960
vt 0.459879 0.083836
vt 0.471955 0.088840
vt 0.467063 0.084780
vt 0.469492 0.083644
vt 0.462215 0.081192
vt 0.465951 0.084969
vt 0.461181 0.081993
vt 0.458825 0.078965
vt 0.452935 0.084157
vt 0.450552 0.080579
vt 0.451600 0.079918
vt 0.455391 0.076349
vt 0.456279 0.074947
vt 0.452755 0.078006
vt 0.454717 0.077081
vt 0.461028 0.088591
vt 0.463891 0.079345
vt 0.469241 0.083157
vt 0.455233 0.089619
vt 0.456454 0.094826
vt 0.454166 0.094690
vt 0.453131 0.089987
vt 0.457519 0.099296
vt 0.458584 0.103765
vt 0.455344 0.099372
vt 0.454755 0.097031
vt 0.473238 0.086276
vt 0.478316 0.089791
vt 0.474641 0.088547
vt 0.470241 0.086127
vt 0.456612 0.068902
vt 0.455140 0.073316
vt 0.453965 0.071481
vt 0.455577 0.069157
vt 0.452857 0.069506
vt 0.448792 0.085896
vt 0.451531 0.085155
vt 0.448769 0.076106
vt 0.450693 0.090205
vt 0.452103 0.095359
vt 0.467127 0.084789
vt 0.465746 0.078089
vt 0.470242 0.081486
vt 0.474088 0.084425
vt 0.455943 0.073728
vt 0.480674 0.068264
vt 0.480674 0.073357
vt 0.479842 0.071794
vt 0.478316 0.070526
vt 0.482672 0.070914
vt 0.481521 0.071495
vt 0.480674 0.073357
vt 0.480674 0.068354
vt 0.454014 0.067090
vt 0.453016 0.068343
vt 0.448933 0.080970
vt 0.448769 0.076106
vt 0.448769 0.076106
vt 0.000000 1.000000
vt 0.000000 1.000000
vt 0.000000 1.000000
vt 0.000000 1.000000
vt 0.000000 1.000000
vt 0.211122 0.573892
vt 0.000000 1.000000
vt 0.000000 1.000000
vt 0.000000 1.000000
vt 0.000000 1.000000
vt 0.000000 1.000000
vt 0.000000 1.000000
vt 0.000000 1.000000
vt 0.000000 1.000000
vt 0.000000 1.000000
vt 0.000000 1.000000
vt 0.000000 1.000000
vt 0.000000 1.000000
vt 0.000000 1.000000
vt 0.000000 1.000000
vt 0.000000 1.000000
vt 0.000000 1.000000
vt 0.000000 1.000000
vt 0.000000 1.000000
vt 0.000000 1.000000
vt 0.000000 1.000000
vt 0.000000 1.000000
vt 0.000000 1.000000
vt 0.000000 1.000000
vt 0.000000 1.000000
vt 0.000000 1.000000
vt 0.000000 1.000000
vt 0.000000 1.000000
vt 0.000000 1.000000
vt 0.000000 1.000000
vt 0.000000 1.000000
vt 0.000000 1.000000
vt 0.000000 1.000000
vt 0.875000 0.000000
vt 0.750000 0.000000
vt 0.625000 0.000000
vt 0.500000 0.000000
vt 0.375000 0.000000
vt 0.250000 0.000000
vt 0.125000 0.000000
vt 0.000000 0.000000
vt 0.500000 0.375516
vt 0.375000 0.375516
vt 0.375000 0.346182
vt 0.500000 0.346182
vt 0.125000 0.375516
vt 0.000000 0.375516
vt 0.000000 0.346182
vt 0.125000 0.346182
vt 0.250000 0.375516
vt 0.250000 0.346182
vt 0.750000 0.375516
vt 0.625000 0.375516
vt 0.625000 0.346182
vt 0.750000 0.346182
vt 0.875000 0.375516
vt 0.875000 0.346182
vt 1.000000 0.375516
vt 1.000000 0.346182
vt 0.625000 0.000000
vt 0.500000 0.000000
vt 0.500000 0.000000
vt 0.625000 0.000000
vt 0.875000 0.000000
vt 0.750000 0.000000
vt 0.750000 0.000000
vt 0.875000 0.000000
vt 0.250000 0.000000
vt 0.125000 0.000000
vt 0.125000 0.000000
vt 0.250000 0.000000
vt 0.375000 0.000000
vt 0.375000 0.000000
vt 1.000000 0.000000
vt 1.000000 0.000000
vt 0.000000 0.000000
vt 0.000000 0.000000
vt 0.625000 0.000000
vt 0.500000 0.000000
vt 0.500000 0.000000
vt 0.625000 0.000000
vt 0.375000 0.000000
vt 0.250000 0.000000
vt 0.250000 0.000000
vt 0.375000 0.000000
vt 0.750000 0.000000
vt 0.750000 0.000000
vt 1.000000 0.000000
vt 0.875000 0.000000
vt 0.875000 0.000000
vt 1.000000 0.000000
vt 0.125000 0.000000
vt 0.000000 0.000000
vt 0.000000 0.000000
vt 0.125000 0.000000
vt 0.875000 0.000000
vt 0.750000 0.000000
vt 0.750000 0.000000
vt 0.875000 0.000000
vt 0.000000 0.000000
vt 0.125000 0.000000
vt 0.125000 0.000000
vt 0.000000 0.000000
vt 0.625000 0.000000
vt 0.500000 0.000000
vt 0.500000 0.000000
vt 0.625000 0.000000
vt 0.375000 0.000000
vt 0.250000 0.000000
vt 0.250000 0.000000
vt 0.375000 0.000000
vt 0.000000 0.000000
vt 0.125000 0.000000
vt 0.375000 0.000000
vt 0.500000 0.000000
vt 0.500000 0.000000
vt 0.375000 0.000000
vt 0.375000 0.000000
vt 0.250000 0.000000
vt 0.625000 0.000000
vt 0.500000 0.000000
vt 0.875000 0.000000
vt 0.750000 0.000000
vt 1.000000 0.000000
vt 1.000000 0.000000
vt 0.250000 0.000000
vt 0.375000 0.000000
vt 0.250000 0.000000
vt 0.625000 0.000000
vt 0.750000 0.000000
vt 0.750000 0.000000
vt 0.625000 0.000000
vt 0.875000 0.000000
vt 1.000000 0.000000
vt 1.000000 0.000000
vt 0.875000 0.000000
vt 0.000000 0.000000
vt 0.125000 0.000000
vt 0.125000 0.000000
vt 0.000000 0.000000
vt 0.250000 0.000000
vt 0.125000 0.000000
vt 0.250000 0.000000
vt 0.125000 0.000000
vt 0.625000 0.000000
vt 0.500000 0.000000
vt 0.875000 0.000000
vt 0.750000 0.000000
vt 1.000000 0.000000
vt 0.000000 0.000000
vt 0.000000 1.000000
vt 0.500000 0.000000
vt 0.375000 0.000000
vt 0.750000 0.000000
vt 0.625000 0.000000
vt 1.000000 0.000000
vt 0.875000 0.000000
vt 0.000000 0.000000
vt 1.000000 0.000000
vt 0.875000 0.000000
vt 0.875000 0.000000
vt 0.750000 0.000000
vt 0.750000 0.000000
vt 0.000000 0.000000
vt 0.000000 0.000000
vt 0.125000 0.000000
vt 0.125000 0.000000
vt 0.625000 0.000000
vt 0.625000 0.000000
vt 0.500000 0.000000
vt 0.500000 0.000000
vt 0.375000 0.000000
vt 0.375000 0.000000
vt 0.250000 0.000000
vt 0.250000 0.000000
vt 0.125000 0.000000
vt 0.000000 0.000000
vt 0.375000 0.000000
vt 0.375000 0.000000
vt 0.500000 0.000000
vt 0.500000 0.000000
vt 0.250000 0.000000
vt 0.375000 0.000000
vt 0.500000 0.000000
vt 0.625000 0.000000
vt 0.750000 0.000000
vt 0.875000 0.000000
vt 1.000000 0.000000
vt 1.000000 0.000000
vt 0.250000 0.000000
vt 0.250000 0.000000
vt 0.375000 0.000000
vt 0.625000 0.000000
vt 0.625000 0.000000
vt 0.750000 0.000000
vt 0.750000 0.000000
vt 0.875000 0.000000
vt 0.875000 0.000000
vt 1.000000 0.000000
vt 1.000000 0.000000
vt 0.000000 0.000000
vt 0.000000 0.000000
vt 0.125000 0.000000
vt 0.125000 0.000000
vt 0.250000 0.000000
vt 0.125000 0.000000
vt 0.125000 0.000000
vt 0.250000 0.000000
vt 0.500000 0.000000
vt 0.625000 0.000000
vt 0.750000 0.000000
vt 0.875000 0.000000
vt 1.000000 0.000000
vt 0.000000 0.000000
vt 0.000000 1.000000
vt 0.375000 0.000000
vt 0.500000 0.000000
vt 0.625000 0.000000
vt 0.750000 0.000000
vt 0.875000 0.000000
vt 1.000000 0.000000
vt 0.000000 0.000000
vt 1.000000 0.000000
vt 0.875000 0.000000
vt 0.000000 0.000000
vt 0.125000 0.000000
vt 0.250000 0.000000
vt 0.375000 0.000000
vt 0.500000 0.000000
vt 0.625000 0.000000
vt 0.750000 0.000000
vt 0.500000 0.375516
vt 0.500000 0.346182
vt 0.375000 0.346182
vt 0.375000 0.375516
vt 0.125000 0.375516
vt 0.125000 0.346182
vt 0.000000 0.346182
vt 0.000000 0.375516
vt 0.250000 0.375516
vt 0.250000 0.346182
vt 0.750000 0.375516
vt 0.750000 0.346182
vt 0.625000 0.346182
vt 0.625000 0.375516
vt 0.875000 0.375516
vt 0.875000 0.346182
vt 1.000000 0.375516
vt 1.000000 0.346182
vt 0.000000 1.000000
vt 0.000000 1.000000
vt 0.000000 1.000000
vt 0.000000 1.000000
vt 0.000000 1.000000
vt 0.000000 1.000000
vt 0.000000 1.000000
vt 0.000000 1.000000
vt 0.000000 1.000000
vt 0.000000 1.000000
vt 0.000000 1.000000
vt 0.000000 1.000000
vt 0.000000 1.000000
vt 0.000000 1.000000
vt 0.000000 1.000000
vt 0.000000 1.000000
vt 0.000000 1.000000
vt 0.000000 1.000000
vt 0.000000 1.000000
vt 0.000000 1.000000
vt 0.000000 1.000000
vt 0.000000 1.000000
vt 0.000000 1.000000
vt 0.000000 1.000000
vt 0.000000 1.000000
vt 0.000000 1.000000
vt 0.000000 1.000000
vt 0.000000 1.000000
vt 0.000000 1.000000
vt 0.000000 1.000000
vt 0.000000 1.000000
vt 0.000000 1.000000
vt 0.000000 1.000000
vt 0.000000 1.000000
vt 0.000000 1.000000
vt 0.000000 1.000000
vt 0.000000 1.000000
vt 0.000000 1.000000
vt 0.000000 1.000000
vt 0.000000 1.000000
vt 0.000000 1.000000
vt 0.000000 1.000000
vt 0.000000 1.000000
vt 0.000000 1.000000
vt 0.000000 1.000000
vt 0.000000 1.000000
vt 0.000000 1.000000
vt 0.000000 1.000000
vt 0.000000 1.000000
vt 0.000000 1.000000
vt 0.000000 1.000000
vt 0.000000 1.000000
vt 0.000000 1.000000
vt 0.000000 1.000000
vt 0.000000 1.000000
vt 0.000000 1.000000
vt 0.000000 1.000000
vt 0.000000 1.000000
vt 0.000000 1.000000
vt 0.000000 1.000000
vt 0.000000 1.000000
vt 0.000000 1.000000
vt 0.000000 1.000000
vt 0.000000 1.000000
vt 0.000000 1.000000
vt 0.000000 1.000000
vt 0.500000 0.500000
vt 0.375000 0.500000
vt 0.375000 0.375516
vt 0.500000 0.375516
vt 0.125000 0.500000
vt 0.000000 0.500000
vt 0.000000 0.375516
vt 0.125000 0.375516
vt 0.250000 0.500000
vt 0.250000 0.375516
vt 0.750000 0.500000
vt 0.625000 0.500000
vt 0.625000 0.375516
vt 0.750000 0.375516
vt 0.875000 0.500000
vt 0.875000 0.375516
vt 1.000000 0.500000
vt 1.000000 0.375516
vt 0.375000 0.500000
vt 0.250000 0.500000
vt 1.000000 0.500000
vt 0.875000 0.500000
vt 0.000000 0.500000
vt 0.125000 0.500000
vt 0.500000 0.500000
vt 0.625000 0.500000
vt 0.750000 0.500000
vt 1.000000 0.500000
vt 0.875000 0.500000
vt 0.875000 0.000000
vt 1.000000 0.000000
vt 0.750000 0.500000
vt 0.750000 0.000000
vt 0.625000 0.500000
vt 0.625000 0.000000
vt 0.500000 0.500000
vt 0.500000 0.000000
vt 0.375000 0.500000
vt 0.375000 0.000000
vt 0.250000 0.500000
vt 0.250000 0.000000
vt 0.375000 0.000000
vt 0.500000 0.000000
vt 0.125000 0.500000
vt 0.125000 0.000000
vt 0.000000 0.500000
vt 0.000000 0.000000
vt 0.250000 0.500000
vt 0.375000 0.500000
vt 0.000000 1.000000
vt 0.750000 0.000000
vt 0.750000 0.000000
vt 0.875000 0.000000
vt 0.875000 0.000000
vt 0.000000 0.000000
vt 0.125000 0.000000
vt 1.000000 0.000000
vt 0.625000 0.000000
vt 0.250000 0.000000
vt 0.000000 0.000000
vt 0.000000 0.000000
vt 0.125000 0.000000
vt 0.125000 0.000000
vt 0.250000 0.000000
vt 0.375000 0.000000
vt 0.500000 0.000000
vt 0.625000 0.000000
vt 1.000000 0.000000
vt 0.419706 0.580294
vt 0.490000 0.750000
vt 0.419706 0.919706
vt 0.250000 0.990000
vt 0.080294 0.919706
vt 0.010000 0.750000
vt 0.080294 0.580294
vt 0.250000 0.510000
vt 0.250000 0.000000
vt 0.375000 0.000000
vt 0.500000 0.000000
vt 0.625000 0.000000
vt 0.750000 0.000000
vt 0.875000 0.000000
vt 1.000000 0.000000
vt 0.125000 0.500000
vt 0.500000 0.500000
vt 0.000000 0.500000
vt 0.875000 0.500000
vt 0.750000 0.500000
vt 0.625000 0.500000
vt 0.500000 0.500000
vt 0.500000 0.375516
vt 0.375000 0.375516
vt 0.375000 0.500000
vt 0.125000 0.500000
vt 0.125000 0.375516
vt 0.000000 0.375516
vt 0.000000 0.500000
vt 0.250000 0.500000
vt 0.250000 0.375516
vt 0.750000 0.500000
vt 0.750000 0.375516
vt 0.625000 0.375516
vt 0.625000 0.500000
vt 0.875000 0.500000
vt 0.875000 0.375516
vt 1.000000 0.500000
vt 1.000000 0.375516
vt 0.000000 0.500000
vt 0.125000 0.500000
vt 0.250000 0.500000
vt 0.875000 0.500000
vt 0.750000 0.500000
vt 0.625000 0.500000
vt 0.500000 0.500000
vt 0.375000 0.500000
vt 1.000000 0.500000
vt 0.000000 1.000000
vt 1.000000 1.000000
vt 1.000000 0.000000
vt 0.000000 0.000000
vt 0.553132 0.221727
vt 0.546599 0.222292
vt 0.547557 0.231337
vt 0.554030 0.230408
vt 0.539924 0.222846
vt 0.541391 0.231747
vt 0.560470 0.221098
vt 0.560900 0.230139
vt 0.555469 0.238626
vt 0.560645 0.236620
vt 0.548623 0.240102
vt 0.541450 0.239699
vt 0.531713 0.229783
vt 0.536208 0.239751
vt 0.532515 0.223453
vt 0.494342 0.160433
vt 0.451749 0.152918
vt 0.445499 0.198379
vt 0.482411 0.209837
vt 0.434016 0.240512
vt 0.468141 0.253659
vt 0.407634 0.194202
vt 0.407634 0.227859
vt 0.409737 0.150552
vt 0.269780 0.285176
vt 0.503362 0.274164
vt 0.502312 0.503333
vt 0.258983 0.501851
vt 0.501150 0.732138
vt 0.268065 0.717519
vt 0.149408 0.081620
vt 0.280259 0.095148
vt 0.063976 0.286617
vt 0.042075 0.501380
vt 0.063186 0.716020
vt 0.269056 0.919294
vt 0.107762 0.874802
vt 0.500060 0.945398
vt 0.503320 0.063870
vt 0.552555 0.213003
vt 0.546039 0.213282
vt 0.539382 0.213686
vt 0.559344 0.212124
vt 0.558010 0.205846
vt 0.552627 0.204751
vt 0.545677 0.204823
vt 0.538763 0.205291
vt 0.533469 0.206683
vt 0.531654 0.216418
vt 0.543809 0.186175
vt 0.544275 0.195728
vt 0.551640 0.194862
vt 0.551980 0.186083
vt 0.552411 0.203186
vt 0.557801 0.201676
vt 0.558918 0.195334
vt 0.559976 0.187037
vt 0.737269 0.286974
vt 0.745690 0.504224
vt 0.734386 0.719890
vt 0.827704 0.088782
vt 0.943244 0.291130
vt 0.722452 0.092504
vt 0.962697 0.506145
vt 0.939280 0.720537
vt 0.893053 0.878837
vt 0.731315 0.921655
vt 0.503688 0.265187
vt 0.560900 0.178724
vt 0.412549 0.106942
vt 0.007179 -0.001156
vt 0.007179 0.998056
vt 0.501794 0.998056
vt 0.501794 -0.001156
vt 0.996408 0.998056
vt 0.996408 -0.001156
vt 0.458333 0.250000
vt 0.541667 0.250000
vt 0.541667 0.000000
vt 0.458333 0.000000
vt 0.458333 0.500000
vt 0.541667 0.500000
vt 0.541667 0.250000
vt 0.458333 0.250000
vt 0.458333 0.750000
vt 0.541667 0.750000
vt 0.541667 0.500000
vt 0.458333 0.500000
vt 0.458333 1.000000
vt 0.541667 1.000000
vt 0.541667 0.750000
vt 0.458333 0.750000
vt 0.458333 0.250000
vt 0.458333 0.000000
vt 0.541667 0.000000
vt 0.541667 0.250000
vt 0.458333 0.500000
vt 0.458333 0.250000
vt 0.541667 0.250000
vt 0.541667 0.500000
vt 0.458333 0.750000
vt 0.458333 0.500000
vt 0.541667 0.500000
vt 0.541667 0.750000
vt 0.458333 1.000000
vt 0.458333 0.750000
vt 0.541667 0.750000
vt 0.541667 1.000000
vn -0.862417 0.094853 0.497232
vn -0.845379 0.208469 0.491808
vn -0.971137 0.238523 0.000000
vn -0.994006 0.109326 0.000000
vn 0.973406 0.229088 -0.000000
vn 0.828820 0.197361 0.523551
vn 0.830131 0.299960 0.470006
vn 0.936625 0.350334 -0.000000
vn 0.800853 0.445124 0.400623
vn 0.874062 0.485814 -0.000000
vn 0.922718 0.385475 -0.000000
vn 0.706732 0.467411 0.531090
vn -0.812696 0.333427 0.477861
vn -0.925163 0.379570 0.000000
vn -0.530538 0.770625 0.353081
vn -0.637144 0.711507 0.296318
vn -0.533703 0.785180 0.314092
vn -0.474036 0.780129 0.408276
vn -0.651798 0.650831 0.389331
vn -0.651798 0.650831 0.389331
vn -0.651798 0.650831 0.389331
vn -0.651798 0.650831 0.389331
vn -0.017680 0.619696 0.784643
vn -0.165107 0.643548 0.747386
vn -0.338285 0.651991 0.678581
vn 0.038124 0.672438 0.739171
vn 0.410016 0.633727 0.655955
vn 0.266973 0.660822 0.701455
vn 0.615900 0.560973 0.553151
vn -0.528054 0.632603 0.566544
vn -0.567698 0.672650 0.474616
vn -0.497013 0.747603 0.440532
vn 0.614965 0.582730 0.531266
vn -0.733066 0.628147 0.260855
vn -0.514207 0.800527 0.307812
vn -0.845379 0.208469 -0.491808
vn -0.862417 0.094853 -0.497232
vn 0.830131 0.299960 -0.470006
vn 0.828820 0.197361 -0.523551
vn 0.800853 0.445124 -0.400623
vn 0.706732 0.467411 -0.531090
vn -0.812696 0.333427 -0.477861
vn -0.812696 0.333427 -0.477861
vn -0.521820 0.787208 -0.328646
vn -0.367830 0.868897 -0.331239
vn -0.533703 0.785180 -0.314092
vn -0.637144 0.711507 -0.296318
vn -0.651798 0.650831 -0.389331
vn -0.651798 0.650831 -0.389331
vn -0.651798 0.650831 -0.389331
vn -0.651798 0.650831 -0.389331
vn -0.017680 0.619696 -0.784643
vn -0.338285 0.651991 -0.678581
vn -0.165107 0.643548 -0.747386
vn 0.038124 0.672438 -0.739171
vn 0.266973 0.660822 -0.701455
vn 0.410016 0.633727 -0.655955
vn 0.615900 0.560973 -0.553151
vn -0.528054 0.632603 -0.566544
vn -0.567698 0.672650 -0.474616
vn -0.567698 0.672650 -0.474616
vn -0.567698 0.672650 -0.474616
vn -0.567698 0.672650 -0.474616
vn 0.614965 0.582730 -0.531266
vn -0.514207 0.800527 -0.307812
vn -0.733066 0.628147 -0.260855
vn -0.288156 0.899352 -0.328835
vn -0.803580 0.486029 0.343563
vn -0.855664 0.517531 0.000000
vn -0.855664 0.517531 0.000000
vn -0.803580 0.486029 0.343563
vn 0.630318 -0.119015 0.767160
vn 0.525946 -0.680913 0.509646
vn 0.764932 -0.644111 -0.000000
vn 0.998017 -0.062949 -0.000000
vn -0.998333 -0.057711 0.000000
vn -0.765591 -0.643327 0.000000
vn -0.526661 -0.677124 0.513937
vn -0.644633 -0.106224 0.757076
vn -0.001162 -0.999999 0.000000
vn -0.008588 -0.675444 0.737361
vn -0.028903 -0.145398 0.988951
vn 0.033421 0.369076 0.928798
vn 0.045235 0.369058 0.928305
vn 0.205348 0.363665 0.908614
vn 0.205348 0.363665 0.908614
vn -0.138459 0.363484 0.921254
vn -0.138459 0.363484 0.921254
vn 0.141616 0.828462 0.541845
vn 0.058709 0.961920 0.266953
vn 0.049988 0.976598 0.209183
vn 0.157746 0.822569 0.546349
vn 0.377452 0.829821 0.411008
vn 0.384585 0.828849 0.406329
vn -0.075794 0.997123 0.000000
vn -0.074721 0.997204 0.000000
vn 0.599352 0.800486 -0.000000
vn 0.599611 0.800292 -0.000000
vn -0.803580 0.486029 -0.343563
vn -0.803580 0.486029 -0.343563
vn 0.630318 -0.119015 -0.767160
vn 0.525946 -0.680913 -0.509646
vn -0.644633 -0.106224 -0.757076
vn -0.526661 -0.677124 -0.513937
vn -0.008588 -0.675444 -0.737361
vn -0.028903 -0.145398 -0.988951
vn 0.033421 0.369076 -0.928798
vn 0.205348 0.363665 -0.908614
vn 0.205348 0.363665 -0.908614
vn 0.045235 0.369059 -0.928305
vn -0.138459 0.363484 -0.921254
vn -0.138459 0.363484 -0.921254
vn 0.141616 0.828462 -0.541845
vn 0.157746 0.822569 -0.546349
vn 0.049988 0.976598 -0.209184
vn 0.058709 0.961920 -0.266953
vn 0.377452 0.829821 -0.411008
vn 0.384585 0.828849 -0.406329
vn -0.939683 0.311406 -0.141503
vn -0.939683 0.311406 -0.141503
vn -0.939683 0.311406 -0.141503
vn -0.939683 0.311406 -0.141503
vn -0.941360 0.306846 -0.140312
vn -0.941360 0.306846 -0.140312
vn -0.941360 0.306846 -0.140312
vn -0.941360 0.306846 -0.140312
vn 0.000000 0.870868 0.491516
vn 0.000000 0.920377 0.391032
vn 0.696684 0.677996 0.234420
vn 0.705842 0.625301 0.332845
vn 0.705842 -0.560401 -0.433288
vn 0.696685 -0.492324 -0.521774
vn -0.000000 -0.734705 -0.678387
vn -0.000000 -0.805968 -0.591959
vn -0.998211 0.032450 -0.050222
vn -0.985260 0.092836 -0.143677
vn -0.696684 0.677996 0.234419
vn -0.705842 0.625302 0.332845
vn 0.985261 0.092836 -0.143677
vn 0.998211 0.032450 -0.050222
vn -0.696684 -0.492324 -0.521774
vn -0.705842 -0.560401 -0.433288
vn -0.673144 0.731562 0.108141
vn 0.000000 0.965753 0.259463
vn 0.673144 0.731562 0.108142
vn 0.951969 0.166174 -0.257179
vn 0.673144 -0.399213 -0.622500
vn -0.000000 -0.633404 -0.773821
vn -0.673144 -0.399213 -0.622500
vn -0.951969 0.166175 -0.257179
vn -0.001884 0.999983 0.005600
vn 0.298836 0.707107 -0.640856
vn 0.082439 0.688161 -0.720860
vn -0.208853 0.973317 -0.095051
vn 0.422618 -0.000000 -0.906308
vn 0.202904 -0.000000 -0.979199
vn 0.295763 -0.714306 -0.634265
vn 0.096411 -0.691773 -0.715650
vn -0.296191 -0.712804 0.635752
vn -0.421258 0.001681 0.906939
vn -0.618463 0.001272 0.785813
vn -0.486327 -0.691258 0.534461
vn -0.475368 0.000000 -0.879787
vn -0.549199 0.421760 -0.721456
vn -0.298857 0.702917 0.645439
vn -0.498159 0.687016 0.529006
vn -0.001884 0.999983 0.005600
vn -0.208853 0.973317 -0.095051
vn -0.185687 -0.978786 -0.086587
vn -0.905688 -0.420641 0.052823
vn -0.698927 -0.636617 -0.325915
vn -0.727442 0.596459 -0.339212
vn -0.905686 0.421760 0.043033
vn -0.727442 0.596459 -0.339212
vn -0.541701 -0.420641 -0.727751
vn -0.979517 -0.000000 0.201363
vn 0.000000 -1.000000 0.000000
vn -0.000000 0.883680 -0.468091
vn 0.705842 0.633965 -0.316032
vn 0.696684 0.684012 -0.216235
vn -0.000000 0.930488 -0.366321
vn 0.705842 -0.571769 0.418172
vn 0.000000 -0.821484 0.570231
vn 0.000000 -0.752554 0.658530
vn 0.696685 -0.506078 0.508444
vn -0.998211 0.031098 0.051070
vn -0.705841 0.633965 -0.316032
vn -0.696684 0.684013 -0.216235
vn -0.985260 0.088967 0.146104
vn 0.998211 0.031098 0.051070
vn 0.985261 0.088967 0.146104
vn 0.998211 0.031098 0.051070
vn 0.985261 0.088967 0.146104
vn -0.705842 -0.571769 0.418173
vn -0.696684 -0.506078 0.508444
vn -0.000000 0.972336 -0.233587
vn -0.673144 0.734188 -0.088572
vn 0.951969 0.159249 0.261524
vn 0.673144 0.734188 -0.088572
vn 0.673144 -0.415690 0.611620
vn 0.951969 0.159249 0.261524
vn -0.673144 -0.415690 0.611620
vn 0.000000 -0.653837 0.756635
vn -0.951969 0.159249 0.261524
vn -0.899055 -0.047130 0.435291
vn -0.899055 -0.047130 0.435291
vn -0.899055 -0.047130 0.435291
vn -0.899055 -0.047130 0.435291
vn -0.275446 0.847851 -0.453076
vn -0.275446 0.847851 -0.453076
vn -0.275446 0.847851 -0.453076
vn -0.275446 0.847851 -0.453076
vn 0.899055 0.047130 -0.435291
vn 0.899055 0.047130 -0.435291
vn 0.899055 0.047130 -0.435291
vn 0.899055 0.047130 -0.435291
vn 0.275446 -0.847851 0.453077
vn 0.275446 -0.847851 0.453077
vn 0.275446 -0.847851 0.453077
vn 0.275446 -0.847851 0.453077
vn 0.899055 0.047130 -0.435291
vn 0.899055 0.047130 -0.435291
vn 0.899055 0.047130 -0.435291
vn 0.899055 0.047130 -0.435291
vn 0.275445 -0.847852 0.453075
vn 0.275445 -0.847852 0.453075
vn 0.275445 -0.847852 0.453075
vn 0.275445 -0.847852 0.453075
vn 0.899055 0.047130 -0.435291
vn 0.899055 0.047130 -0.435291
vn 0.899055 0.047130 -0.435291
vn 0.899055 0.047130 -0.435291
vn -0.275446 0.847851 -0.453076
vn -0.275446 0.847851 -0.453076
vn -0.275446 0.847851 -0.453076
vn -0.275446 0.847851 -0.453076
vn -0.899055 -0.047130 0.435291
vn -0.899055 -0.047130 0.435291
vn -0.899055 -0.047130 0.435291
vn -0.899055 -0.047130 0.435291
vn -0.367231 -0.441303 -0.818775
vn -0.367231 -0.441303 -0.818775
vn -0.367231 -0.441303 -0.818775
vn -0.367231 -0.441303 -0.818775
vn -0.367232 -0.441303 -0.818775
vn -0.367232 -0.441303 -0.818775
vn -0.367231 -0.441303 -0.818775
vn -0.367231 -0.441303 -0.818775
vn 0.367232 0.441303 0.818775
vn 0.367232 0.441303 0.818775
vn 0.367232 0.441303 0.818775
vn 0.367232 0.441303 0.818775
vn 0.367233 0.441303 0.818774
vn 0.367233 0.441303 0.818774
vn 0.367232 0.441304 0.818774
vn 0.367232 0.441304 0.818774
vn -0.275446 0.847851 -0.453076
vn -0.275446 0.847851 -0.453076
vn -0.275446 0.847851 -0.453076
vn -0.275446 0.847851 -0.453076
vn -0.899055 -0.047130 0.435291
vn -0.899055 -0.047130 0.435291
vn -0.899055 -0.047130 0.435291
vn -0.899055 -0.047130 0.435291
vn 0.275446 -0.847851 0.453076
vn 0.275446 -0.847851 0.453076
vn 0.275446 -0.847851 0.453076
vn 0.275446 -0.847851 0.453076
vn -0.899055 -0.047130 -0.435291
vn -0.899055 -0.047130 -0.435291
vn -0.899055 -0.047130 -0.435291
vn -0.899055 -0.047130 -0.435291
vn -0.275446 0.847851 0.453076
vn -0.275446 0.847851 0.453076
vn -0.275446 0.847851 0.453076
vn -0.275446 0.847851 0.453076
vn 0.899055 0.047130 0.435291
vn 0.899055 0.047130 0.435291
vn 0.899055 0.047130 0.435291
vn 0.899055 0.047130 0.435291
vn 0.275446 -0.847851 -0.453077
vn 0.275446 -0.847851 -0.453077
vn 0.275446 -0.847851 -0.453077
vn 0.275446 -0.847851 -0.453077
vn 0.899055 0.047130 0.435291
vn 0.899055 0.047130 0.435291
vn 0.899055 0.047130 0.435291
vn 0.899055 0.047130 0.435291
vn 0.275445 -0.847852 -0.453075
vn 0.275445 -0.847852 -0.453075
vn 0.275445 -0.847852 -0.453075
vn 0.275445 -0.847852 -0.453075
vn 0.899055 0.047130 0.435291
vn 0.899055 0.047130 0.435291
vn 0.899055 0.047130 0.435291
vn 0.899055 0.047130 0.435291
vn -0.275446 0.847851 0.453076
vn -0.275446 0.847851 0.453076
vn -0.275446 0.847851 0.453076
vn -0.275446 0.847851 0.453076
vn -0.899055 -0.047130 -0.435291
vn -0.899055 -0.047130 -0.435291
vn -0.899055 -0.047130 -0.435291
vn -0.899055 -0.047130 -0.435291
vn -0.367231 -0.441303 0.818775
vn -0.367231 -0.441303 0.818775
vn -0.367231 -0.441303 0.818775
vn -0.367231 -0.441303 0.818775
vn -0.367233 -0.441303 0.818775
vn -0.367233 -0.441303 0.818775
vn -0.367231 -0.441303 0.818775
vn -0.367231 -0.441303 0.818775
vn 0.367232 0.441303 -0.818775
vn 0.367232 0.441303 -0.818775
vn 0.367232 0.441303 -0.818775
vn 0.367232 0.441303 -0.818775
vn 0.367233 0.441303 -0.818774
vn 0.367233 0.441303 -0.818774
vn 0.367232 0.441304 -0.818774
vn 0.367232 0.441304 -0.818774
vn -0.275446 0.847851 0.453076
vn -0.275446 0.847851 0.453076
vn -0.275446 0.847851 0.453076
vn -0.275446 0.847851 0.453076
vn -0.899055 -0.047130 -0.435291
vn -0.899055 -0.047130 -0.435291
vn -0.899055 -0.047130 -0.435291
vn -0.899055 -0.047130 -0.435291
vn 0.275446 -0.847851 -0.453076
vn 0.275446 -0.847851 -0.453076
vn 0.275446 -0.847851 -0.453076
vn 0.275446 -0.847851 -0.453076
vn -0.001884 0.999983 -0.005600
vn -0.208853 0.973317 0.095051
vn 0.082438 0.688161 0.720860
vn 0.298836 0.707107 0.640856
vn 0.202904 -0.000000 0.979199
vn 0.422618 0.000000 0.906308
vn 0.093966 -0.696654 0.711227
vn 0.293574 -0.719344 0.629571
vn -0.294006 -0.717853 -0.631068
vn -0.484513 -0.696142 -0.529749
vn -0.618463 0.001272 -0.785813
vn -0.421258 0.001681 -0.906939
vn -0.549199 0.421760 0.721456
vn -0.475368 0.000000 0.879787
vn -0.498159 0.687016 -0.529005
vn -0.298857 0.702917 -0.645439
vn -0.208853 0.973317 0.095051
vn -0.001884 0.999983 -0.005600
vn -0.184781 -0.978995 0.086165
vn -0.700206 -0.634903 0.326511
vn -0.903653 -0.425277 -0.050516
vn -0.905686 0.421760 -0.043033
vn -0.727442 0.596459 0.339212
vn -0.727442 0.596459 0.339212
vn -0.542159 -0.425277 0.724709
vn -0.979517 0.000000 -0.201363
vn -0.000000 -1.000000 0.000000
vn 0.599611 0.800292 -0.000000
vn 0.384585 0.828849 0.406329
vn 0.386012 0.828401 0.405891
vn 0.599795 0.800154 -0.000000
vn 0.049988 0.976598 0.209183
vn -0.074721 0.997204 0.000000
vn -0.073978 0.997260 0.000000
vn 0.029413 0.988967 0.145186
vn 0.157746 0.822569 0.546349
vn 0.165102 0.817653 0.551529
vn -0.931515 0.312295 0.186417
vn -0.897014 0.278880 0.342916
vn -0.949253 0.314513 0.000000
vn -0.947916 0.318520 0.000000
vn -0.987058 0.160363 0.000000
vn -0.955979 0.263937 0.128227
vn -0.975777 0.218767 0.000000
vn -0.824497 0.365903 0.431648
vn -0.923509 0.383578 0.000000
vn -0.725987 0.392472 0.564720
vn -0.827645 0.561252 0.000000
vn 0.537996 0.493752 -0.683206
vn 0.094950 0.313662 -0.944776
vn 0.115780 0.302513 -0.946087
vn 0.474935 0.499994 -0.724185
vn 0.737548 -0.534096 -0.413237
vn 0.592924 -0.667499 -0.450429
vn -0.003916 -0.853435 -0.521185
vn 0.002587 -0.853993 -0.520277
vn -0.417056 0.348126 -0.839567
vn -0.330542 0.335967 -0.881968
vn -0.898233 0.097762 -0.428510
vn -0.903671 0.011166 -0.428083
vn 0.950408 0.019820 -0.310375
vn 0.944592 0.113870 -0.307863
vn -0.679867 -0.524436 -0.512590
vn -0.574975 -0.619495 -0.534444
vn 0.386012 0.828401 -0.405891
vn 0.384585 0.828849 -0.406329
vn 0.049988 0.976598 -0.209184
vn 0.029414 0.988967 -0.145186
vn 0.165102 0.817653 -0.551529
vn 0.157746 0.822569 -0.546349
vn -0.897014 0.278880 -0.342916
vn -0.931515 0.312295 -0.186417
vn -0.955979 0.263937 -0.128227
vn -0.824497 0.365903 -0.431648
vn -0.725987 0.392472 -0.564720
vn 0.537996 0.493752 0.683206
vn 0.474935 0.499994 0.724185
vn 0.115779 0.302513 0.946087
vn 0.094950 0.313662 0.944776
vn 0.737548 -0.534096 0.413237
vn 0.002587 -0.853994 0.520277
vn -0.003916 -0.853435 0.521184
vn 0.592924 -0.667499 0.450429
vn -0.330542 0.335967 0.881968
vn -0.417056 0.348126 0.839567
vn -0.898233 0.097762 0.428510
vn -0.903671 0.011166 0.428082
vn 0.944592 0.113870 0.307863
vn 0.950408 0.019820 0.310375
vn -0.679867 -0.524436 0.512590
vn -0.574975 -0.619495 0.534443
vn -0.734515 0.605647 0.306069
vn -0.734515 0.605647 0.306069
vn -0.734515 0.605647 0.306069
vn -0.734515 0.605647 0.306069
vn 0.954952 0.296761 0.000108
vn 0.940751 0.294135 0.168737
vn 0.984528 -0.001779 0.175215
vn 0.999993 0.003614 0.000871
vn 0.960549 -0.206395 0.186407
vn 0.987864 -0.154766 -0.013149
vn 0.967160 -0.230974 0.106076
vn 0.984401 -0.174387 -0.023326
vn 0.754298 -0.275121 0.596107
vn 0.747230 -0.375034 0.548631
vn 0.795241 0.002179 0.606289
vn 0.759122 0.304866 0.575144
vn 0.757019 0.627557 0.181916
vn 0.669303 0.555280 0.493658
vn 0.771857 0.635796 -0.000000
vn 0.415574 0.334344 0.845879
vn 0.044525 0.352034 0.934928
vn 0.062538 0.018302 0.997875
vn 0.425645 0.003253 0.904884
vn 0.139000 -0.261433 0.955161
vn 0.436983 -0.304717 0.846282
vn 0.412148 0.664137 0.623744
vn 0.759122 0.304866 0.575144
vn 0.795241 0.002179 0.606289
vn 0.754298 -0.275121 0.596107
vn 0.450181 -0.439127 0.777499
vn 0.747230 -0.375034 0.548631
vn 0.036629 0.729834 0.682642
vn 0.450391 0.857151 0.249880
vn 0.471026 0.882075 -0.008837
vn 0.984307 -0.003269 -0.176435
vn 0.940619 0.294640 -0.168591
vn 0.958176 -0.220612 -0.182291
vn 0.958765 -0.248457 -0.137979
vn 0.756831 -0.364076 -0.542821
vn 0.754016 -0.278261 -0.595005
vn 0.794499 0.002286 -0.607261
vn 0.758706 0.305296 -0.575464
vn 0.757019 0.627557 -0.181916
vn 0.669303 0.555280 -0.493658
vn 0.403654 0.347092 -0.846517
vn 0.425645 0.003253 -0.904884
vn 0.076882 0.009033 -0.996999
vn 0.048718 0.395117 -0.917338
vn 0.403654 -0.340998 -0.848990
vn 0.097451 -0.350636 -0.931428
vn 0.758706 0.305296 -0.575464
vn 0.380269 0.675961 -0.631246
vn 0.794499 0.002286 -0.607261
vn 0.754016 -0.278261 -0.595005
vn 0.756831 -0.364076 -0.542821
vn 0.371164 -0.512102 -0.774589
vn 0.102421 -0.476402 -0.873241
vn 0.016430 0.729897 -0.683360
vn -0.303321 0.432410 -0.849128
vn -0.330209 0.715625 -0.615502
vn -0.365078 0.892887 -0.263575
vn -0.411038 0.911613 -0.003185
vn 0.057033 0.998264 -0.014731
vn 0.036583 0.942363 -0.332587
vn 0.426560 0.866036 -0.260822
vn -0.996793 -0.012691 0.079010
vn -0.969147 0.029995 0.244650
vn -0.922835 0.357742 0.142815
vn -0.934125 0.356911 0.005053
vn -0.922493 0.378611 -0.075244
vn -0.983258 0.161010 -0.085323
vn -0.514106 -0.349150 -0.783447
vn -0.747450 -0.299644 -0.592901
vn -0.248244 -0.343879 -0.905606
vn -0.796053 0.127270 -0.591695
vn -0.985077 -0.118230 -0.125082
vn -0.987714 0.112892 -0.108058
vn -0.808091 0.400601 -0.431866
vn -0.794353 0.363582 0.486633
vn -0.618511 0.668348 0.413224
vn -0.728509 0.661190 0.179173
vn -0.639056 0.680700 -0.358125
vn -0.330209 0.715625 -0.615502
vn -0.749000 0.662540 -0.006375
vn -0.750160 0.646370 -0.139520
vn -0.956004 -0.208866 0.205987
vn -0.260684 0.090172 -0.961204
vn -0.248244 -0.343879 -0.905606
vn -0.760699 0.031083 0.648360
vn -0.434545 -0.183105 0.881841
vn -0.201039 -0.206045 0.957668
vn -0.289105 0.015971 0.957164
vn -0.494244 -0.118115 0.861262
vn -0.556048 0.035177 0.830405
vn -0.556048 0.035177 0.830405
vn -0.320748 -0.191789 0.927544
vn -0.362917 -0.439065 -0.821896
vn -0.437310 -0.330436 -0.836404
vn -0.801946 -0.293303 -0.520438
vn -0.571300 -0.509830 -0.643188
vn 0.043189 0.962108 0.269227
vn -0.750160 0.646370 -0.139520
vn -0.749000 0.662540 -0.006375
vn -0.395666 0.882782 0.253266
vn -0.728509 0.661190 0.179173
vn 0.044525 0.352034 0.934928
vn -0.364679 0.356508 0.860181
vn -0.289105 0.015971 0.957164
vn 0.062538 0.018302 0.997875
vn 0.139000 -0.261433 0.955161
vn -0.747450 -0.299644 -0.592901
vn 0.076882 0.009033 -0.996999
vn 0.097451 -0.350636 -0.931428
vn 0.102421 -0.476402 -0.873241
vn -0.639056 0.680700 -0.358125
vn 0.747230 -0.375034 0.548631
vn 0.860588 -0.288505 0.419707
vn 0.860588 -0.288505 0.419706
vn 0.967160 -0.230974 0.106076
vn 0.958765 -0.248457 -0.137979
vn 0.898706 -0.199836 -0.390376
vn 0.898706 -0.199836 -0.390376
vn 0.756831 -0.364076 -0.542821
vn -0.354278 0.692237 0.628725
vn -0.618511 0.668348 0.413224
vn -0.354278 0.692237 0.628725
vn 0.194582 -0.365335 0.910312
vn 0.139000 -0.261433 0.955161
vn -0.794353 0.363582 0.486633
vn -0.760699 0.031083 0.648360
vn -0.289105 0.015971 0.957164
vn -0.364679 0.356508 0.860181
vn -0.778600 -0.038425 0.626344
vn -0.995288 0.069398 0.067711
vn -0.673144 -0.399213 -0.622500
vn -0.666060 -0.377222 -0.643481
vn -0.941950 0.182215 -0.282005
vn -0.951969 0.166175 -0.257179
vn 0.673144 -0.399213 -0.622500
vn 0.666060 -0.377222 -0.643481
vn -0.000000 -0.608949 -0.793210
vn -0.000000 -0.633404 -0.773821
vn 0.000000 0.965753 0.259463
vn 0.000000 0.973379 0.229200
vn 0.666060 0.741653 0.079471
vn 0.673144 0.731562 0.108142
vn -0.666060 0.741653 0.079471
vn -0.673144 0.731562 0.108141
vn 0.951969 0.166174 -0.257179
vn 0.941951 0.182215 -0.282005
vn -0.705842 -0.560401 -0.433288
vn -0.705842 -0.560401 -0.433288
vn -0.998211 0.032450 -0.050222
vn -0.998211 0.032450 -0.050222
vn -0.705842 0.625302 0.332844
vn -0.705842 0.625302 0.332845
vn 0.000000 0.870868 0.491516
vn 0.000000 0.870868 0.491516
vn -0.000000 -0.805968 -0.591959
vn -0.000000 -0.805968 -0.591959
vn 0.998211 0.032450 -0.050222
vn 0.998211 0.032450 -0.050222
vn 0.705842 -0.560401 -0.433288
vn 0.705842 -0.560401 -0.433288
vn 0.705842 0.625302 0.332845
vn 0.705842 0.625301 0.332845
vn -0.549199 0.421760 -0.721456
vn -0.475368 0.000000 -0.879787
vn -0.541701 -0.420641 -0.727751
vn -0.698927 -0.636617 -0.325915
vn -0.905688 -0.420641 0.052823
vn -0.979517 -0.000000 0.201363
vn -0.905686 0.421760 0.043033
vn -0.727442 0.596459 -0.339212
vn -0.000072 -1.000000 0.000154
vn -0.296234 -0.712713 0.635835
vn -0.296191 -0.712804 0.635752
vn 0.000000 -1.000000 0.000000
vn -0.302175 0.702825 0.643994
vn -0.003247 0.999981 0.005163
vn -0.001884 0.999983 0.005600
vn -0.298857 0.702917 0.645439
vn -0.423525 0.001608 0.905883
vn -0.421258 0.001681 0.906939
vn 0.421953 -0.000000 -0.906618
vn 0.295257 -0.714397 -0.634397
vn 0.295763 -0.714306 -0.634265
vn 0.422618 -0.000000 -0.906308
vn 0.298328 0.707196 -0.640995
vn 0.298836 0.707107 -0.640856
vn -0.003247 0.999981 0.005163
vn -0.001884 0.999983 0.005600
vn -0.673144 -0.415690 0.611620
vn -0.951969 0.159249 0.261524
vn -0.941951 0.174621 0.286769
vn -0.666060 -0.394267 0.633181
vn 0.673144 -0.415690 0.611620
vn 0.000000 -0.653837 0.756635
vn 0.000000 -0.629908 0.776670
vn 0.666060 -0.394267 0.633181
vn -0.000000 0.972336 -0.233587
vn 0.673144 0.734188 -0.088572
vn 0.666059 0.743510 -0.059643
vn -0.000000 0.979151 -0.203132
vn -0.673144 0.734188 -0.088572
vn -0.666060 0.743510 -0.059643
vn 0.951969 0.159249 0.261524
vn 0.941950 0.174622 0.286769
vn 0.951969 0.159249 0.261524
vn 0.941950 0.174622 0.286769
vn -0.705841 -0.571769 0.418173
vn -0.998211 0.031098 0.051070
vn -0.998211 0.031098 0.051070
vn -0.705842 -0.571769 0.418173
vn -0.705841 0.633965 -0.316032
vn -0.000000 0.883680 -0.468091
vn -0.000000 0.883680 -0.468091
vn -0.705841 0.633965 -0.316032
vn 0.000000 -0.821484 0.570231
vn 0.000000 -0.821484 0.570231
vn 0.998211 0.031098 0.051070
vn 0.705842 -0.571769 0.418172
vn 0.705842 -0.571769 0.418172
vn 0.998211 0.031098 0.051070
vn 0.705842 0.633965 -0.316032
vn 0.998211 0.031098 0.051070
vn 0.998211 0.031098 0.051070
vn 0.705842 0.633965 -0.316032
vn 0.727335 -0.686110 -0.015405
vn 0.187713 -0.836348 0.515060
vn 0.193135 -0.894209 0.403844
vn 0.747666 -0.663885 -0.015866
vn 0.755516 -0.188542 -0.627414
vn 0.282079 0.319855 -0.904502
vn 0.309185 0.506487 -0.804907
vn 0.674794 -0.046948 -0.736511
vn -0.494335 -0.574586 0.652291
vn -0.931612 -0.056137 0.359093
vn -0.964179 -0.177621 0.197004
vn -0.514036 -0.699775 0.496066
vn -0.881617 0.420211 -0.214883
vn -0.374955 0.562923 -0.736564
vn -0.318702 0.592644 -0.739731
vn -0.877911 0.359167 -0.316656
vn 0.837421 -0.134122 -0.529846
vn 0.392136 0.391389 -0.832492
vn -0.731956 0.564079 0.382172
vn -0.920230 -0.135209 0.367280
vn -0.995008 -0.098162 0.017994
vn -0.685627 0.169783 0.707876
vn -0.804533 0.581768 -0.119468
vn -0.282202 0.755908 -0.590733
vn -0.530565 -0.602652 0.596080
vn -0.915802 0.036684 0.399952
vn 0.638004 -0.672438 -0.375205
vn 0.137616 -0.960944 0.240103
vn 0.755516 -0.188542 -0.627414
vn 0.674794 -0.046948 -0.736511
vn -0.061701 0.472302 0.879275
vn -0.843594 -0.167311 0.510252
vn -0.222615 0.048917 0.973678
vn -0.654244 -0.752873 -0.071746
vn 0.015420 -0.790581 -0.612164
vn 0.021152 -0.011529 -0.999710
vn -0.664983 -0.123744 -0.736536
vn 0.622785 -0.334101 -0.707471
vn 0.811067 0.325076 -0.486308
vn 0.941500 0.335226 0.034674
vn 0.742140 0.117682 -0.659832
vn 0.811067 0.325076 -0.486308
vn 0.472021 0.866854 -0.160501
vn 0.581418 0.538623 0.609786
vn 0.941500 0.335226 0.034674
vn -0.173494 0.972572 0.154933
vn 0.560101 0.171270 0.810527
vn -0.080159 -0.390629 0.917052
vn 0.590439 -0.232772 0.772786
vn -0.474601 -0.253380 -0.842942
vn -0.919927 -0.299216 -0.253387
vn 0.794556 0.054627 -0.604728
vn 0.214942 -0.084831 -0.972935
vn 0.984281 0.127321 0.122391
vn 0.984281 0.127321 0.122391
vn 0.264828 -0.936298 0.230678
vn -0.515337 -0.851206 -0.099377
vn -0.538554 -0.677264 0.501271
vn 0.569736 -0.652742 -0.499329
vn -0.010688 -0.825203 -0.564735
vn 0.923439 -0.279458 0.262990
vn 0.866259 -0.466242 -0.179481
vn 0.923439 -0.279458 0.262990
vn 0.837421 -0.134122 -0.529846
vn 0.727335 -0.686110 0.015405
vn 0.747667 -0.663885 0.015866
vn 0.193135 -0.894209 -0.403844
vn 0.187713 -0.836348 -0.515060
vn 0.755516 -0.188542 0.627414
vn 0.674794 -0.046948 0.736511
vn 0.309185 0.506487 0.804907
vn 0.282079 0.319855 0.904502
vn -0.494335 -0.574587 -0.652291
vn -0.514036 -0.699775 -0.496066
vn -0.964179 -0.177621 -0.197004
vn -0.931612 -0.056137 -0.359093
vn -0.881617 0.420211 0.214884
vn -0.877911 0.359167 0.316656
vn -0.318702 0.592644 0.739731
vn -0.374955 0.562923 0.736564
vn 0.392136 0.391389 0.832492
vn 0.837421 -0.134122 0.529846
vn -0.731956 0.564079 -0.382172
vn -0.685627 0.169783 -0.707876
vn -0.995008 -0.098162 -0.017994
vn -0.920230 -0.135209 -0.367280
vn -0.282202 0.755908 0.590733
vn -0.804533 0.581768 0.119468
vn -0.915802 0.036684 -0.399952
vn -0.530565 -0.602652 -0.596080
vn 0.137616 -0.960944 -0.240103
vn 0.638004 -0.672438 0.375205
vn 0.674794 -0.046948 0.736511
vn 0.755516 -0.188542 0.627414
vn -0.061701 0.472302 -0.879275
vn -0.222615 0.048917 -0.973678
vn -0.843594 -0.167311 -0.510252
vn -0.654244 -0.752873 0.071746
vn -0.664983 -0.123744 0.736536
vn 0.021152 -0.011529 0.999710
vn 0.015420 -0.790581 0.612164
vn 0.622785 -0.334101 0.707471
vn 0.742140 0.117682 0.659832
vn 0.941500 0.335226 -0.034674
vn 0.811067 0.325076 0.486308
vn 0.811067 0.325076 0.486308
vn 0.941500 0.335226 -0.034674
vn 0.581418 0.538623 -0.609786
vn 0.472021 0.866854 0.160500
vn -0.173494 0.972572 -0.154933
vn 0.560101 0.171270 -0.810527
vn 0.590439 -0.232772 -0.772786
vn -0.080160 -0.390629 -0.917052
vn -0.919926 -0.299216 0.253387
vn -0.474601 -0.253380 0.842943
vn 0.214942 -0.084831 0.972936
vn 0.794556 0.054627 0.604728
vn 0.984281 0.127321 -0.122391
vn 0.984281 0.127321 -0.122391
vn 0.264828 -0.936298 -0.230678
vn -0.538555 -0.677264 -0.501271
vn -0.515337 -0.851206 0.099377
vn -0.010688 -0.825203 0.564735
vn 0.569736 -0.652742 0.499329
vn 0.866259 -0.466242 0.179481
vn 0.923439 -0.279458 -0.262990
vn 0.923439 -0.279458 -0.262990
vn 0.837421 -0.134122 0.529846
vn -0.549199 0.421760 0.721456
vn -0.727442 0.596459 0.339212
vn -0.905686 0.421760 -0.043033
vn -0.979517 0.000000 -0.201363
vn -0.903653 -0.425277 -0.050516
vn -0.700206 -0.634903 0.326511
vn -0.542159 -0.425277 0.724709
vn -0.475368 0.000000 0.879787
vn -0.000000 -1.000000 0.000000
vn -0.000000 -1.000000 0.000000
vn -0.294006 -0.717853 -0.631068
vn -0.294487 -0.717854 -0.630844
vn -0.302683 0.702912 -0.643660
vn -0.298857 0.702917 -0.645439
vn -0.001884 0.999983 -0.005600
vn -0.003198 0.999982 -0.004986
vn -0.424248 0.001588 -0.905545
vn -0.421258 0.001681 -0.906939
vn 0.422618 0.000000 0.906308
vn 0.422618 0.000000 0.906308
vn 0.293574 -0.719344 0.629571
vn 0.293574 -0.719344 0.629571
vn 0.298836 0.707107 0.640856
vn 0.298836 0.707107 0.640856
vn -0.003198 0.999982 -0.004986
vn -0.001884 0.999983 -0.005600
vn 0.472712 0.150883 0.868204
vn 0.003960 0.177620 0.984091
vn 0.050292 0.148595 0.987619
vn 0.425294 0.164225 0.890031
vn -0.437416 0.176123 0.881844
vn -0.382541 0.103884 0.918080
vn 0.513666 0.138670 0.846710
vn 0.018033 0.217972 0.975788
vn -0.482549 0.238723 0.842709
vn 0.472712 0.150883 -0.868204
vn 0.425294 0.164225 -0.890031
vn 0.050292 0.148595 -0.987619
vn 0.003960 0.177620 -0.984091
vn -0.437416 0.176123 -0.881844
vn -0.382541 0.103884 -0.918080
vn 0.513666 0.138670 -0.846710
vn 0.018033 0.217972 -0.975789
vn -0.482549 0.238723 -0.842709
vn 1.000000 -0.000000 -0.000000
vn 1.000000 -0.000000 -0.000000
vn 0.707107 -0.593914 -0.383753
vn 0.707107 -0.593914 -0.383753
vn -0.000000 -0.839921 -0.542709
vn -0.000000 -0.839921 -0.542709
vn -0.707107 -0.593914 -0.383753
vn -0.707107 -0.593914 -0.383753
vn -1.000000 0.000000 0.000000
vn -1.000000 0.000000 0.000000
vn -0.707107 0.593914 0.383753
vn -0.707107 0.593914 0.383753
vn -1.000000 0.000000 0.000000
vn -0.707107 0.593914 0.383753
vn 0.707107 0.593914 0.383753
vn 0.707107 0.593914 0.383753
vn -0.000000 0.542709 -0.839921
vn -0.000000 0.542709 -0.839921
vn -0.000000 0.542709 -0.839921
vn -0.000000 -0.839921 -0.542709
vn 0.707107 -0.593914 -0.383753
vn 0.683027 -0.714110 -0.153362
vn -0.000000 -0.951740 -0.306904
vn 0.707107 0.593914 0.383753
vn 1.000000 -0.000000 -0.000000
vn -0.707107 -0.593914 -0.383753
vn 0.000000 0.839921 0.542709
vn 0.000000 0.839921 0.542709
vn 0.965946 -0.140422 0.217323
vn 0.683027 0.433267 0.588008
vn 0.401053 -0.110120 0.909412
vn 0.567175 -0.446973 0.691757
vn 0.000000 0.670897 0.741550
vn -0.965947 -0.140421 0.217323
vn -0.683027 0.433267 0.588008
vn -0.683027 -0.714110 -0.153362
vn 0.401053 -0.783826 0.474102
vn 0.000000 0.029409 0.999568
vn -0.401054 -0.110120 0.909412
vn -0.567175 -0.446973 0.691756
vn -0.401054 -0.783826 0.474102
vn 0.000000 -0.923355 0.383946
vn -0.000000 0.542709 -0.839921
vn -0.000000 0.542709 -0.839921
vn -0.000000 0.542709 -0.839921
vn -0.000000 0.542709 -0.839921
vn -0.000000 0.542709 -0.839921
vn -0.000000 0.542709 -0.839921
vn 0.142657 -0.987011 0.073876
vn -0.126335 -0.698096 0.704770
vn -0.296234 -0.712713 0.635835
vn -0.000072 -1.000000 0.000154
vn -0.131620 0.690603 0.711157
vn 0.142474 0.986848 0.076361
vn -0.003247 0.999981 0.005163
vn -0.302175 0.702825 0.643994
vn -0.242270 0.001263 0.970208
vn -0.423525 0.001608 0.905883
vn 0.536432 -0.000075 -0.843943
vn 0.418018 -0.710783 -0.565728
vn 0.295257 -0.714397 -0.634397
vn 0.421953 -0.000000 -0.906618
vn 0.420571 0.703819 -0.572502
vn 0.298328 0.707196 -0.640995
vn 0.142474 0.986848 0.076361
vn -0.003247 0.999981 0.005163
vn 0.507325 -0.465838 0.724995
vn 0.434235 0.000122 0.900800
vn 0.686487 0.659702 0.305824
vn 0.871572 0.472786 -0.129752
vn 0.686487 0.659702 0.305824
vn 0.506799 0.459561 0.729354
vn 0.687741 -0.657731 0.307249
vn 0.868883 -0.478599 -0.126435
vn 0.949700 0.000132 -0.313161
vn 1.000000 -0.000000 -0.000000
vn 0.707107 -0.603947 0.367760
vn 0.707107 -0.603947 0.367760
vn 1.000000 -0.000000 -0.000000
vn 0.000000 -0.854110 0.520092
vn 0.000000 -0.854110 0.520092
vn -0.707107 -0.603947 0.367760
vn -0.707107 -0.603947 0.367760
vn -1.000000 0.000000 0.000000
vn -1.000000 0.000000 0.000000
vn -0.707107 0.603947 -0.367760
vn -0.707107 0.603947 -0.367760
vn -0.000000 0.854110 -0.520092
vn -0.000000 0.854110 -0.520092
vn -0.707107 0.603947 -0.367760
vn -1.000000 0.000000 0.000000
vn 0.707107 0.603947 -0.367760
vn 0.707107 0.603947 -0.367760
vn 1.000000 -0.000000 -0.000000
vn 1.000000 -0.000000 -0.000000
vn 0.000000 0.520092 0.854110
vn 0.000000 0.520092 0.854110
vn 0.000000 0.520092 0.854110
vn 0.000000 -0.854110 0.520092
vn 0.000000 -0.959595 0.281386
vn 0.683027 -0.717950 0.134242
vn 0.707107 -0.603947 0.367760
vn 1.000000 -0.000000 -0.000000
vn 0.707107 0.603947 -0.367760
vn 1.000000 -0.000000 -0.000000
vn -0.707107 -0.603947 0.367760
vn -0.000000 0.854110 -0.520092
vn 0.965946 -0.134570 -0.220994
vn 0.567175 -0.428346 -0.703443
vn 0.401053 -0.085802 -0.912028
vn 0.683027 0.448811 -0.576231
vn -0.000000 0.690455 -0.723375
vn -0.683027 0.448811 -0.576231
vn -0.965946 -0.134570 -0.220994
vn -0.683027 -0.717950 0.134242
vn 0.965946 -0.134570 -0.220994
vn 0.401053 -0.770890 -0.494859
vn -0.000000 -0.912776 -0.408460
vn -0.401053 -0.770890 -0.494859
vn -0.567175 -0.428346 -0.703443
vn -0.401053 -0.085802 -0.912027
vn -0.000000 0.056084 -0.998426
vn 0.401053 -0.085802 -0.912028
vn 0.567175 -0.428346 -0.703443
vn -0.000000 0.056084 -0.998426
vn -0.401053 -0.085802 -0.912027
vn -0.567175 -0.428346 -0.703443
vn -0.401053 -0.770890 -0.494859
vn -0.000000 -0.912776 -0.408460
vn 0.401053 -0.770890 -0.494859
vn 0.567175 -0.428346 -0.703443
vn 0.000000 0.520092 0.854110
vn 0.000000 0.520092 0.854110
vn 0.000000 0.520092 0.854110
vn 0.000000 0.520092 0.854110
vn 0.000000 0.520092 0.854110
vn 0.000000 0.520092 0.854110
vn 0.161438 -0.984051 -0.074706
vn -0.000000 -1.000000 0.000000
vn -0.294487 -0.717854 -0.630844
vn -0.126562 -0.707055 -0.695741
vn -0.134500 0.694753 -0.706561
vn -0.302683 0.702912 -0.643660
vn -0.003198 0.999982 -0.004986
vn 0.162455 0.983673 -0.077426
vn -0.255571 0.001211 -0.966790
vn -0.424248 0.001588 -0.905545
vn 0.581789 -0.000128 0.813339
vn 0.422618 0.000000 0.906308
vn 0.293574 -0.719344 0.629571
vn 0.454663 -0.706538 0.542296
vn 0.459331 0.694895 0.553295
vn 0.298836 0.707107 0.640856
vn 0.162455 0.983673 -0.077426
vn -0.003198 0.999982 -0.004986
vn 0.693923 0.642673 -0.324719
vn 0.500697 0.455002 -0.736393
vn 0.420822 0.000240 -0.907143
vn 0.886903 0.453906 0.085862
vn 0.966843 0.000238 0.255371
vn 0.882150 -0.464072 0.080305
vn 0.696341 -0.639537 -0.325732
vn 0.501939 -0.465104 -0.729202
vn 0.693923 0.642673 -0.324719
vn -0.867498 0.255446 0.426843
vn -0.867498 0.255446 0.426843
vn -0.867498 0.255446 0.426843
vn -0.867498 0.255446 0.426843
vn -0.421985 -0.906603 0.000000
vn 0.002474 -0.999995 0.001759
vn 0.012672 -0.938215 0.345820
vn -0.403937 -0.862931 0.303620
vn 0.323075 -0.946368 0.003338
vn 0.330188 -0.887627 0.321083
vn -0.771080 -0.636739 0.000000
vn -0.749152 -0.617831 0.238862
vn -0.370028 -0.666862 0.646819
vn -0.669303 -0.551716 0.497638
vn 0.043824 -0.695321 0.717362
vn 0.329269 -0.738491 0.588399
vn 0.433031 -0.882319 0.184383
vn 0.417204 -0.756306 0.503927
vn 0.423335 -0.905959 0.005003
vn -0.161687 -0.212667 0.963655
vn -0.451639 -0.118940 0.884237
vn -0.381795 -0.343341 0.858108
vn -0.083100 -0.390329 0.916918
vn -0.370028 -0.666862 0.646819
vn 0.043824 -0.695321 0.717362
vn -0.759122 -0.300723 0.577321
vn -0.669303 -0.551716 0.497638
vn -0.795082 0.002446 0.606497
vn -0.939087 0.269770 0.212929
vn -0.960742 0.277443 0.000802
vn -1.000000 -0.000211 0.000000
vn -0.974329 0.000758 0.225128
vn -0.954645 -0.297745 0.000000
vn -0.931043 -0.291907 0.218975
vn -0.861710 0.373014 0.343971
vn -0.897144 0.395199 0.197359
vn -0.854950 0.233475 0.463195
vn -0.795082 0.002446 0.606497
vn -0.759122 -0.300723 0.577321
vn -0.749152 -0.617831 0.238862
vn -0.669303 -0.551716 0.497638
vn -0.771080 -0.636739 0.000000
vn -0.913672 0.406450 0.001548
vn -0.399097 -0.863385 -0.308686
vn -0.000000 -0.937198 -0.348797
vn 0.325798 -0.888167 -0.324060
vn -0.749152 -0.617831 -0.238862
vn -0.669303 -0.551716 -0.497638
vn -0.357242 -0.670965 -0.649757
vn -0.000124 -0.719696 -0.694290
vn 0.269317 -0.745218 -0.610015
vn 0.436010 -0.735398 -0.518733
vn 0.450216 -0.873727 -0.184137
vn -0.134582 -0.174219 -0.975467
vn -0.089559 -0.400235 -0.912026
vn -0.370054 -0.343297 -0.863254
vn -0.442339 -0.102808 -0.890936
vn -0.357242 -0.670965 -0.649757
vn -0.669303 -0.551716 -0.497638
vn -0.759122 -0.300723 -0.577321
vn -0.795082 0.002445 -0.606497
vn -0.945676 0.254826 -0.201894
vn -0.974329 0.000758 -0.225128
vn -0.931043 -0.291907 -0.218975
vn -0.896717 0.322907 -0.302706
vn -0.864422 0.212295 -0.455747
vn -0.913121 0.370083 -0.171021
vn -0.795082 0.002445 -0.606497
vn -0.759122 -0.300723 -0.577321
vn -0.669303 -0.551716 -0.497638
vn -0.749152 -0.617831 -0.238862
vn 0.329269 -0.738491 0.588399
vn -0.864422 0.212295 -0.455747
vn -0.854950 0.233475 0.463195
vn -0.707107 0.593914 0.383753
vn -0.707107 0.593914 0.383753
vn 0.000000 0.839921 0.542709
vn 0.000000 0.839921 0.542709
vn 0.707107 0.593914 0.383753
vn 0.707107 0.593914 0.383753
vn 0.275446 -0.847851 0.453077
vn 0.275446 -0.847851 0.453077
vn 0.275446 -0.847851 0.453077
vn 0.275446 -0.847851 0.453077
vn 0.899056 0.047130 -0.435290
vn 0.899056 0.047130 -0.435290
vn 0.899056 0.047130 -0.435290
vn 0.899056 0.047130 -0.435290
vn -0.275445 0.847851 -0.453076
vn -0.275445 0.847851 -0.453076
vn -0.275445 0.847851 -0.453076
vn -0.275445 0.847851 -0.453076
vn -0.899055 -0.047130 0.435291
vn -0.899055 -0.047130 0.435291
vn -0.899055 -0.047130 0.435291
vn -0.899055 -0.047130 0.435291
vn 0.275446 -0.847851 -0.453077
vn 0.275446 -0.847851 -0.453077
vn 0.275446 -0.847851 -0.453077
vn 0.275446 -0.847851 -0.453077
vn 0.899056 0.047130 0.435290
vn 0.899056 0.047130 0.435290
vn 0.899056 0.047130 0.435290
vn 0.899056 0.047130 0.435290
vn -0.275445 0.847851 0.453077
vn -0.275445 0.847851 0.453077
vn -0.275445 0.847851 0.453077
vn -0.275445 0.847851 0.453077
vn -0.899055 -0.047130 -0.435291
vn -0.899055 -0.047130 -0.435291
vn -0.899055 -0.047130 -0.435291
vn -0.899055 -0.047130 -0.435291

g Circle
f 1/1/1 2/2/2 3/3/3
f 1/1/1 3/3/3 4/4/4
f 5/5/5 6/6/6 7/7/7
f 5/5/5 7/7/7 8/8/8
f 8/8/8 7/7/7 9/9/9
f 8/8/8 9/9/9 10/10/10
f 11/11/11 12/12/12 6/6/6
f 11/11/11 6/6/6 5/5/5
f 3/3/3 2/2/2 13/13/13
f 3/3/3 13/13/13 14/14/14
f 15/15/15 16/16/16 17/17/17
f 15/15/15 17/17/17 18/18/18
f 19/19/19 20/20/20 21/21/21
f 19/19/19 21/21/21 22/22/22
f 23/23/23 24/24/24 25/25/25
f 26/26/26 27/27/27 28/28/28
f 27/27/27 29/29/29 28/28/28
f 25/25/25 24/24/24 30/30/30
f 31/31/31 15/15/15 18/18/18
f 31/31/31 18/18/18 32/32/32
f 12/12/12 11/11/11 33/33/33
f 16/16/16 34/34/34 35/35/35
f 16/16/16 35/35/35 17/17/17
f 35/35/35 32/32/32 18/18/18
f 35/35/35 18/18/18 17/17/17
f 36/36/36 37/37/37 4/4/4
f 36/36/36 4/4/4 3/3/3
f 5/5/5 8/8/8 38/38/38
f 5/5/5 38/38/38 39/39/39
f 8/8/8 10/10/10 40/40/40
f 8/8/8 40/40/40 38/38/38
f 11/11/11 5/5/5 39/39/39
f 11/11/11 39/39/39 41/41/41
f 14/14/14 43/43/43 42/42/42
f 42/42/42 36/36/36 3/3/3
f 3/3/3 14/14/14 42/42/42
f 44/44/44 45/45/45 46/46/46
f 44/44/44 46/46/46 47/47/47
f 48/48/48 49/49/49 50/50/50
f 48/48/48 50/50/50 51/51/51
f 52/52/52 53/53/53 54/54/54
f 55/55/55 56/56/56 57/57/57
f 57/57/57 56/56/56 58/58/58
f 53/53/53 59/59/59 54/54/54
f 60/60/60 61/61/61 62/62/62
f 60/60/60 62/62/62 63/63/63
f 41/41/41 64/64/64 11/11/11
f 47/47/47 46/46/46 65/65/65
f 47/47/47 65/65/65 66/66/66
f 65/65/65 46/46/46 45/45/45
f 65/65/65 45/45/45 67/67/67

g Cylinder.001
f 68/68/68 69/69/69 70/70/70
f 68/68/68 70/70/70 71/71/71
f 72/72/72 73/73/73 74/74/74
f 72/72/72 74/74/74 75/75/75
f 76/76/76 77/77/77 78/78/78
f 76/76/76 78/78/78 79/79/79
f 73/73/73 80/80/80 74/74/74
f 77/77/77 80/80/80 78/78/78
f 80/80/80 81/81/81 78/78/78
f 80/80/80 73/73/73 81/81/81
f 72/72/72 82/82/82 81/81/81
f 72/72/72 81/81/81 73/73/73
f 79/79/79 78/78/78 81/81/81
f 79/79/79 81/81/81 82/82/82
f 83/83/83 84/84/84 85/85/85
f 83/83/83 85/85/85 86/86/86
f 87/87/87 88/88/88 84/84/84
f 87/87/87 84/84/84 83/83/83
f 89/89/89 90/90/90 91/91/91
f 89/89/89 91/91/91 92/92/92
f 93/93/93 89/89/89 92/92/92
f 93/93/93 92/92/92 94/94/94
f 90/90/90 95/95/95 96/96/96
f 90/90/90 96/96/96 91/91/91
f 97/97/97 93/93/93 94/94/94
f 97/97/97 94/94/94 98/98/98
f 99/99/99 100/100/100 70/70/70
f 99/99/99 70/70/70 69/69/69
f 101/101/101 75/75/75 74/74/74
f 101/101/101 74/74/74 102/102/102
f 76/76/76 103/103/103 104/104/104
f 76/76/76 104/104/104 77/77/77
f 102/102/102 74/74/74 80/80/80
f 77/77/77 104/104/104 80/80/80
f 80/80/80 104/104/104 105/105/105
f 80/80/80 105/105/105 102/102/102
f 101/101/101 102/102/102 105/105/105
f 101/101/101 105/105/105 106/106/106
f 103/103/103 106/106/106 105/105/105
f 103/103/103 105/105/105 104/104/104
f 107/107/107 108/108/108 109/109/109
f 107/107/107 109/109/109 110/110/110
f 111/111/111 107/107/107 110/110/110
f 111/111/111 110/110/110 112/112/112
f 113/113/113 114/114/114 115/115/115
f 113/113/113 115/115/115 116/116/116
f 117/117/117 118/118/118 114/114/114
f 117/117/117 114/114/114 113/113/113
f 116/116/116 115/115/115 96/96/96
f 116/116/116 96/96/96 95/95/95
f 97/97/97 98/98/98 118/118/118
f 97/97/97 118/118/118 117/117/117
f 119/119/119 120/120/120 121/121/121
f 119/119/119 121/121/121 122/122/122
f 123/123/123 124/124/124 125/125/125
f 123/123/123 125/125/125 126/126/126
f 127/127/127 128/128/128 129/129/129
f 127/127/127 129/129/129 130/130/130
f 131/131/131 132/132/132 133/133/133
f 131/131/131 133/133/133 134/134/134
f 135/135/135 136/136/136 137/137/137
f 135/135/135 137/137/137 138/138/138
f 130/130/130 129/129/129 139/139/139
f 130/130/130 139/139/139 140/140/140
f 140/140/140 139/139/139 132/132/132
f 140/140/140 132/132/132 131/131/131
f 134/134/134 133/133/133 141/141/141
f 134/134/134 141/141/141 142/142/142
f 138/138/138 137/137/137 128/128/128
f 138/138/138 128/128/128 127/127/127
f 142/142/142 141/141/141 136/136/136
f 142/142/142 136/136/136 135/135/135
f 137/137/137 143/143/143 144/144/144
f 137/137/137 144/144/144 128/128/128
f 129/129/129 145/145/145 146/146/146
f 129/129/129 146/146/146 139/139/139
f 139/139/139 146/146/146 147/147/147
f 139/139/139 147/147/147 132/132/132
f 133/133/133 148/148/148 149/149/149
f 133/133/133 149/149/149 141/141/141
f 136/136/136 150/150/150 143/143/143
f 136/136/136 143/143/143 137/137/137
f 128/128/128 144/144/144 145/145/145
f 128/128/128 145/145/145 129/129/129
f 132/132/132 147/147/147 148/148/148
f 132/132/132 148/148/148 133/133/133
f 141/141/141 149/149/149 150/150/150
f 141/141/141 150/150/150 136/136/136
f 151/151/151 152/152/152 153/153/153
f 151/151/151 153/153/153 154/154/154
f 152/152/152 155/155/155 156/156/156
f 152/152/152 156/156/156 153/153/153
f 155/155/155 157/157/157 158/158/158
f 155/155/155 158/158/158 156/156/156
f 159/159/159 160/160/160 161/161/161
f 159/159/159 161/161/161 162/162/162
f 156/156/156 163/163/163 164/164/164
f 156/156/156 164/164/164 153/153/153
f 160/160/160 165/165/165 166/166/166
f 160/160/160 166/166/166 161/161/161
f 165/165/165 167/167/167 168/168/168
f 165/165/165 168/168/168 166/166/166
f 169/169/169 162/162/162 170/170/170
f 169/169/169 170/170/170 171/171/171
f 168/168/168 172/172/172 173/173/173
f 168/168/168 173/173/173 166/166/166
f 153/153/153 164/164/164 174/174/174
f 153/153/153 174/174/174 154/154/154
f 158/158/158 175/175/175 163/163/163
f 158/158/158 163/163/163 156/156/156
f 161/161/161 176/176/176 170/170/170
f 161/161/161 170/170/170 162/162/162
f 177/177/177 159/159/159 162/162/162
f 177/177/177 162/162/162 169/169/169
f 166/166/166 173/173/173 176/176/176
f 166/166/166 176/176/176 161/161/161
f 157/157/157 177/177/177 169/169/169
f 157/157/157 169/169/169 158/158/158
f 158/158/158 169/169/169 171/171/171
f 158/158/158 171/171/171 175/175/175
f 178/178/178 179/179/179 180/180/180
f 178/178/178 180/180/180 181/181/181
f 182/182/182 183/183/183 184/184/184
f 182/182/182 184/184/184 185/185/185
f 186/186/186 187/187/187 188/188/188
f 186/186/186 188/188/188 189/189/189
f 179/179/179 190/190/190 191/191/191
f 179/179/179 191/191/191 180/180/180
f 192/192/192 182/182/182 185/185/185
f 192/192/192 185/185/185 193/193/193
f 183/183/183 194/194/194 195/195/195
f 183/183/183 195/195/195 184/184/184
f 187/187/187 178/178/178 181/181/181
f 187/187/187 181/181/181 188/188/188
f 194/194/194 186/186/186 189/189/189
f 194/194/194 189/189/189 195/195/195
f 188/188/188 181/181/181 196/196/196
f 188/188/188 196/196/196 197/197/197
f 180/180/180 191/191/191 198/198/198
f 180/180/180 198/198/198 199/199/199
f 193/193/193 185/185/185 200/200/200
f 193/193/193 200/200/200 201/201/201
f 184/184/184 195/195/195 202/202/202
f 184/184/184 202/202/202 203/203/203
f 189/189/189 188/188/188 197/197/197
f 189/189/189 197/197/197 204/204/204
f 181/181/181 180/180/180 199/199/199
f 181/181/181 199/199/199 196/196/196
f 185/185/185 184/184/184 203/203/203
f 185/185/185 203/203/203 200/200/200
f 195/195/195 189/189/189 204/204/204
f 195/195/195 204/204/204 202/202/202
f 205/205/205 206/206/206 207/207/207
f 205/205/205 207/207/207 208/208/208
f 209/209/209 210/210/210 211/211/211
f 209/209/209 211/211/211 212/212/212
f 213/213/213 214/214/214 215/215/215
f 213/213/213 215/215/215 216/216/216
f 217/217/217 218/218/218 219/219/219
f 217/217/217 219/219/219 220/220/220
f 221/221/221 222/222/222 223/223/223
f 221/221/221 223/223/223 224/224/224
f 225/225/225 226/226/226 227/227/227
f 225/225/225 227/227/227 228/228/228
f 229/229/229 230/230/230 231/231/231
f 229/229/229 231/231/231 232/232/232
f 233/233/233 234/234/234 235/235/235
f 233/233/233 235/235/235 236/236/236
f 237/237/237 238/238/238 239/239/239
f 237/237/237 239/239/239 240/240/240
f 241/241/241 242/242/242 243/243/243
f 241/241/241 243/243/243 244/244/244
f 242/242/242 245/245/245 246/246/246
f 242/242/242 246/246/246 243/243/243
f 245/245/245 247/247/247 248/248/248
f 245/245/245 248/248/248 246/246/246
f 247/247/247 241/241/241 244/244/244
f 247/247/247 244/244/244 248/248/248
f 249/249/249 250/250/250 251/251/251
f 249/249/249 251/251/251 252/252/252
f 250/250/250 253/253/253 254/254/254
f 250/250/250 254/254/254 251/251/251
f 253/253/253 255/255/255 256/256/256
f 253/253/253 256/256/256 254/254/254
f 255/255/255 249/249/249 252/252/252
f 255/255/255 252/252/252 256/256/256
f 257/257/257 258/258/258 259/259/259
f 257/257/257 259/259/259 260/260/260
f 261/261/261 262/262/262 263/263/263
f 261/261/261 263/263/263 264/264/264
f 265/265/265 266/266/266 267/267/267
f 265/265/265 267/267/267 268/268/268
f 269/269/269 270/270/270 271/271/271
f 269/269/269 271/271/271 272/272/272
f 273/273/273 274/274/274 275/275/275
f 273/273/273 275/275/275 276/276/276
f 277/277/277 278/278/278 279/279/279
f 277/277/277 279/279/279 280/280/280
f 281/281/281 282/282/282 283/283/283
f 281/281/281 283/283/283 284/284/284
f 285/285/285 286/286/286 287/287/287
f 285/285/285 287/287/287 288/288/288
f 289/289/289 290/290/290 291/291/291
f 289/289/289 291/291/291 292/292/292
f 293/293/293 294/294/294 295/295/295
f 293/293/293 295/295/295 296/296/296
f 297/297/297 298/298/298 299/299/299
f 297/297/297 299/299/299 300/300/300
f 301/301/301 302/302/302 303/303/303
f 301/301/301 303/303/303 304/304/304
f 305/305/305 306/306/306 307/307/307
f 305/305/305 307/307/307 308/308/308
f 308/308/308 307/307/307 309/309/309
f 308/308/308 309/309/309 310/310/310
f 310/310/310 309/309/309 311/311/311
f 310/310/310 311/311/311 312/312/312
f 312/312/312 311/311/311 306/306/306
f 312/312/312 306/306/306 305/305/305
f 313/313/313 314/314/314 315/315/315
f 313/313/313 315/315/315 316/316/316
f 316/316/316 315/315/315 317/317/317
f 316/316/316 317/317/317 318/318/318
f 318/318/318 317/317/317 319/319/319
f 318/318/318 319/319/319 320/320/320
f 320/320/320 319/319/319 314/314/314
f 320/320/320 314/314/314 313/313/313
f 321/321/321 322/322/322 323/323/323
f 321/321/321 323/323/323 324/324/324
f 325/325/325 326/326/326 327/327/327
f 325/325/325 327/327/327 328/328/328
f 329/329/329 330/330/330 331/331/331
f 329/329/329 331/331/331 332/332/332
f 333/333/333 334/334/334 335/335/335
f 333/333/333 335/335/335 336/336/336
f 336/336/336 335/335/335 337/337/337
f 336/336/336 337/337/337 338/338/338
f 338/338/338 337/337/337 339/339/339
f 338/338/338 339/339/339 340/340/340
f 341/341/341 342/342/342 343/343/343
f 341/341/341 343/343/343 344/344/344
f 337/337/337 335/335/335 345/345/345
f 337/337/337 345/345/345 346/346/346
f 344/344/344 343/343/343 347/347/347
f 344/344/344 347/347/347 348/348/348
f 348/348/348 347/347/347 349/349/349
f 348/348/348 349/349/349 350/350/350
f 351/351/351 352/352/352 353/353/353
f 351/351/351 353/353/353 342/342/342
f 349/349/349 347/347/347 354/354/354
f 349/349/349 354/354/354 355/355/355
f 335/335/335 334/334/334 356/356/356
f 335/335/335 356/356/356 345/345/345
f 339/339/339 337/337/337 346/346/346
f 339/339/339 346/346/346 357/357/357
f 343/343/343 342/342/342 353/353/353
f 343/343/343 353/353/353 358/358/358
f 359/359/359 351/351/351 342/342/342
f 359/359/359 342/342/342 341/341/341
f 347/347/347 343/343/343 358/358/358
f 347/347/347 358/358/358 354/354/354
f 340/340/340 339/339/339 351/351/351
f 340/340/340 351/351/351 359/359/359
f 339/339/339 357/357/357 352/352/352
f 339/339/339 352/352/352 351/351/351

g Cylinder.001
f 360/360/360 361/361/361 362/362/362
f 360/360/360 362/362/362 363/363/363
f 364/364/364 365/365/365 366/366/366
f 364/364/364 366/366/366 367/367/367
f 361/361/361 368/368/368 369/369/369
f 361/361/361 369/369/369 362/362/362
f 368/368/368 364/364/364 367/367/367
f 368/368/368 367/367/367 369/369/369
f 370/370/370 371/371/371 372/372/372
f 370/370/370 372/372/372 373/373/373
f 374/374/374 375/375/375 376/376/376
f 371/371/371 377/377/377 378/378/378
f 371/371/371 378/378/378 372/372/372
f 371/371/371 379/379/379 377/377/377
f 377/377/377 380/380/380 378/378/378
f 379/379/379 380/380/380 377/377/377
f 381/381/381 382/382/382 383/383/383
f 381/381/381 383/383/383 384/384/384
f 385/385/385 386/386/386 387/387/387
f 385/385/385 387/387/387 388/388/388
f 382/382/382 389/389/389 390/390/390
f 382/382/382 390/390/390 383/383/383
f 391/391/391 392/392/392 390/390/390
f 391/391/391 390/390/390 389/389/389
f 381/381/381 384/384/384 393/393/393
f 381/381/381 393/393/393 394/394/394
f 395/395/395 388/388/388 387/387/387
f 395/395/395 387/387/387 396/396/396
f 395/395/395 396/396/396 392/392/392
f 395/395/395 392/392/392 391/391/391
f 394/394/394 393/393/393 386/386/386
f 394/394/394 386/386/386 385/385/385
f 360/360/360 363/363/363 397/397/397
f 360/360/360 397/397/397 398/398/398
f 399/399/399 400/400/400 366/366/366
f 399/399/399 366/366/366 365/365/365
f 398/398/398 397/397/397 401/401/401
f 398/398/398 401/401/401 402/402/402
f 402/402/402 401/401/401 400/400/400
f 402/402/402 400/400/400 399/399/399
f 403/403/403 404/404/404 373/373/373
f 403/403/403 373/373/373 372/372/372
f 374/374/374 376/376/376 405/405/405
f 403/403/403 372/372/372 378/378/378
f 403/403/403 378/378/378 406/406/406
f 403/403/403 406/406/406 407/407/407
f 406/406/406 378/378/378 380/380/380
f 407/407/407 406/406/406 380/380/380
f 408/408/408 409/409/409 410/410/410
f 408/408/408 410/410/410 411/411/411
f 412/412/412 413/413/413 414/414/414
f 412/412/412 414/414/414 415/415/415
f 411/411/411 410/410/410 416/416/416
f 411/411/411 416/416/416 417/417/417
f 418/418/418 417/417/417 416/416/416
f 418/418/418 416/416/416 419/419/419
f 408/408/408 420/420/420 421/421/421
f 408/408/408 421/421/421 409/409/409
f 422/422/422 423/423/423 414/414/414
f 422/422/422 414/414/414 413/413/413
f 422/422/422 418/418/418 419/419/419
f 422/422/422 419/419/419 423/423/423
f 420/420/420 412/412/412 415/415/415
f 420/420/420 415/415/415 421/421/421
f 376/376/376 375/375/375 370/370/370
f 376/376/376 370/370/370 373/373/373
f 405/405/405 376/376/376 373/373/373
f 405/405/405 373/373/373 404/404/404
f 424/424/424 425/425/425 426/426/426
f 424/424/424 426/426/426 427/427/427
f 428/428/428 429/429/429 430/430/430
f 428/428/428 430/430/430 431/431/431
f 431/431/431 430/430/430 432/432/432
f 431/431/431 432/432/432 433/433/433
f 433/433/433 432/432/432 434/434/434
f 433/433/433 434/434/434 435/435/435
f 432/432/432 436/436/436 437/437/437
f 432/432/432 437/437/437 434/434/434
f 430/430/430 438/438/438 436/436/436
f 430/430/430 436/436/436 432/432/432
f 429/429/429 439/439/439 438/438/438
f 429/429/429 438/438/438 430/430/430
f 440/440/440 441/441/441 439/439/439
f 440/440/440 439/439/439 429/429/429
f 442/442/442 440/440/440 429/429/429
f 442/442/442 429/429/429 428/428/428
f 443/443/443 444/444/444 445/445/445
f 443/443/443 445/445/445 446/446/446
f 446/446/446 445/445/445 447/447/447
f 446/446/446 447/447/447 448/448/448
f 441/441/441 449/449/449 443/443/443
f 441/441/441 443/443/443 450/450/450
f 450/450/450 443/443/443 446/446/446
f 450/450/450 446/446/446 451/451/451
f 451/451/451 446/446/446 448/448/448
f 451/451/451 448/448/448 452/452/452
f 452/452/452 448/448/448 453/453/453
f 452/452/452 453/453/453 454/454/454
f 449/449/449 455/455/455 444/444/444
f 449/449/449 444/444/444 443/443/443
f 456/456/456 440/440/440 442/442/442
f 456/456/456 442/442/442 457/457/457
f 449/449/449 441/441/441 440/440/440
f 449/449/449 440/440/440 456/456/456
f 428/428/428 431/431/431 458/458/458
f 428/428/428 458/458/458 459/459/459
f 431/431/431 433/433/433 460/460/460
f 431/431/431 460/460/460 458/458/458
f 433/433/433 435/435/435 461/461/461
f 433/433/433 461/461/461 460/460/460
f 460/460/460 461/461/461 462/462/462
f 460/460/460 462/462/462 463/463/463
f 458/458/458 460/460/460 463/463/463
f 458/458/458 463/463/463 464/464/464
f 459/459/459 458/458/458 464/464/464
f 459/459/459 464/464/464 465/465/465
f 466/466/466 459/459/459 465/465/465
f 466/466/466 465/465/465 467/467/467
f 442/442/442 428/428/428 459/459/459
f 442/442/442 459/459/459 466/466/466
f 468/468/468 469/469/469 470/470/470
f 468/468/468 470/470/470 471/471/471
f 469/469/469 472/472/472 473/473/473
f 469/469/469 473/473/473 470/470/470
f 467/467/467 474/474/474 468/468/468
f 467/467/467 468/468/468 475/475/475
f 474/474/474 476/476/476 469/469/469
f 474/474/474 469/469/469 468/468/468
f 476/476/476 477/477/477 472/472/472
f 476/476/476 472/472/472 469/469/469
f 477/477/477 478/478/478 479/479/479
f 477/477/477 479/479/479 472/472/472
f 472/472/472 479/479/479 480/480/480
f 472/472/472 480/480/480 473/473/473
f 481/481/481 471/471/471 482/482/482
f 481/481/481 482/482/482 483/483/483
f 475/475/475 468/468/468 471/471/471
f 475/475/475 471/471/471 481/481/481
f 484/484/484 485/485/485 486/486/486
f 484/484/484 486/486/486 487/487/487
f 487/487/487 486/486/486 457/457/457
f 487/487/487 457/457/457 488/488/488
f 488/488/488 457/457/457 442/442/442
f 488/488/488 442/442/442 466/466/466
f 475/475/475 488/488/488 466/466/466
f 475/475/475 466/466/466 467/467/467
f 481/481/481 487/487/487 488/488/488
f 481/481/481 488/488/488 475/475/475
f 489/489/489 490/490/490 491/491/491
f 489/489/489 491/491/491 492/492/492
f 489/489/489 492/492/492 493/493/493
f 489/489/489 493/493/493 494/494/494
f 495/495/495 496/496/496 497/497/497
f 498/498/498 496/496/496 499/499/499
f 498/498/498 499/499/499 500/500/500
f 501/501/501 498/498/498 500/500/500
f 501/501/501 500/500/500 493/493/493
f 491/491/491 502/502/502 503/503/503
f 491/491/491 503/503/503 504/504/504
f 501/501/501 505/505/505 506/506/506
f 501/501/501 506/506/506 482/482/482
f 492/492/492 491/491/491 504/504/504
f 492/492/492 504/504/504 507/507/507
f 507/507/507 508/508/508 493/493/493
f 507/507/507 493/493/493 492/492/492
f 489/489/489 494/494/494 509/509/509
f 493/493/493 508/508/508 505/505/505
f 493/493/493 505/505/505 501/501/501
f 482/482/482 510/510/510 498/498/498
f 482/482/482 498/498/498 501/501/501
f 510/510/510 511/511/511 496/496/496
f 510/510/510 496/496/496 498/498/498
f 496/496/496 495/495/495 499/499/499
f 509/509/509 490/490/490 489/489/489
f 512/512/512 513/513/513 514/514/514
f 512/512/512 514/514/514 515/515/515
f 516/516/516 517/517/517 518/518/518
f 516/516/516 518/518/518 519/519/519
f 520/520/520 521/521/521 522/522/522
f 520/520/520 522/522/522 523/523/523
f 457/457/457 486/486/486 524/524/524
f 457/457/457 524/524/524 456/456/456
f 485/485/485 484/484/484 525/525/525
f 485/485/485 525/525/525 526/526/526
f 486/486/486 485/485/485 527/527/527
f 486/486/486 527/527/527 524/524/524
f 526/526/526 528/528/528 527/527/527
f 526/526/526 527/527/527 485/485/485
f 529/529/529 530/530/530 531/531/531
f 529/529/529 531/531/531 532/532/532
f 514/514/514 533/533/533 532/532/532
f 514/514/514 532/532/532 515/515/515
f 511/511/511 520/520/520 523/523/523
f 511/511/511 523/523/523 534/534/534
f 510/510/510 535/535/535 536/536/536
f 510/510/510 536/536/536 511/511/511
f 511/511/511 536/536/536 537/537/537
f 511/511/511 537/537/537 520/520/520
f 538/538/538 525/525/525 484/484/484
f 538/538/538 484/484/484 483/483/483
f 484/484/484 487/487/487 481/481/481
f 484/484/484 481/481/481 483/483/483
f 520/520/520 537/537/537 521/521/521
f 541/541/541 542/542/542 539/539/539
f 541/541/541 539/539/539 540/540/540
f 544/544/544 545/545/545 546/546/546
f 544/544/544 546/546/546 543/543/543
f 547/547/547 455/455/455 524/524/524
f 547/547/547 524/524/524 527/527/527
f 548/548/548 547/547/547 527/527/527
f 548/548/548 527/527/527 528/528/528
f 449/449/449 456/456/456 524/524/524
f 449/449/449 524/524/524 455/455/455
f 502/502/502 530/530/530 549/549/549
f 502/502/502 549/549/549 503/503/503
f 513/513/513 516/516/516 519/519/519
f 513/513/513 519/519/519 514/514/514
f 514/514/514 519/519/519 550/550/550
f 514/514/514 550/550/550 551/551/551
f 551/551/551 550/550/550 453/453/453
f 551/551/551 453/453/453 448/448/448
f 549/549/549 530/530/530 529/529/529
f 549/549/549 529/529/529 455/455/455
f 471/471/471 535/535/535 510/510/510
f 471/471/471 510/510/510 482/482/482
f 552/552/552 553/553/553 554/554/554
f 552/552/552 554/554/554 555/555/555
f 512/512/512 556/556/556 515/515/515
f 512/512/512 557/557/557 556/556/556
f 491/491/491 557/557/557 512/512/512
f 491/491/491 512/512/512 502/502/502
f 558/558/558 559/559/559 560/560/560
f 558/558/558 560/560/560 561/561/561
f 562/562/562 563/563/563 564/564/564
f 562/562/562 564/564/564 565/565/565
f 566/566/566 567/567/567 568/568/568
f 566/566/566 568/568/568 569/569/569
f 561/561/561 560/560/560 570/570/570
f 561/561/561 570/570/570 571/571/571
f 565/565/565 564/564/564 559/559/559
f 565/565/565 559/559/559 558/558/558
f 572/572/572 573/573/573 563/563/563
f 572/572/572 563/563/563 562/562/562
f 569/569/569 568/568/568 573/573/573
f 569/569/569 573/573/573 572/572/572
f 571/571/571 570/570/570 567/567/567
f 571/571/571 567/567/567 566/566/566
f 574/574/574 575/575/575 576/576/576
f 574/574/574 576/576/576 577/577/577
f 578/578/578 579/579/579 580/580/580
f 578/578/578 580/580/580 581/581/581
f 582/582/582 583/583/583 575/575/575
f 582/582/582 575/575/575 574/574/574
f 584/584/584 585/585/585 586/586/586
f 584/584/584 586/586/586 587/587/587
f 588/588/588 589/589/589 585/585/585
f 588/588/588 585/585/585 584/584/584
f 577/577/577 576/576/576 579/579/579
f 577/577/577 579/579/579 578/578/578
f 587/587/587 586/586/586 583/583/583
f 587/587/587 583/583/583 582/582/582
f 581/581/581 580/580/580 589/589/589
f 581/581/581 589/589/589 588/588/588
f 596/596/596 597/597/597 590/590/590
f 590/590/590 591/591/591 592/592/592
f 592/592/592 593/593/593 594/594/594
f 594/594/594 595/595/595 596/596/596
f 596/596/596 590/590/590 592/592/592
f 592/592/592 594/594/594 596/596/596
f 598/598/598 599/599/599 600/600/600
f 598/598/598 600/600/600 601/601/601
f 602/602/602 603/603/603 604/604/604
f 602/602/602 604/604/604 605/605/605
f 606/606/606 602/602/602 605/605/605
f 606/606/606 605/605/605 607/607/607
f 599/599/599 606/606/606 607/607/607
f 599/599/599 607/607/607 600/600/600
f 608/608/608 609/609/609 610/610/610
f 608/608/608 610/610/610 611/611/611
f 612/612/612 608/608/608 611/611/611
f 612/612/612 611/611/611 613/613/613
f 614/614/614 612/612/612 613/613/613
f 614/614/614 613/613/613 615/615/615
f 609/609/609 598/598/598 601/601/601
f 609/609/609 601/601/601 610/610/610
f 616/616/616 617/617/617 618/618/618
f 616/616/616 618/618/618 619/619/619
f 620/620/620 621/621/621 622/622/622
f 620/620/620 622/622/622 623/623/623
f 624/624/624 625/625/625 626/626/626
f 624/624/624 626/626/626 627/627/627
f 617/617/617 628/628/628 629/629/629
f 617/617/617 629/629/629 618/618/618
f 621/621/621 616/616/616 619/619/619
f 621/621/621 619/619/619 622/622/622
f 630/630/630 620/620/620 623/623/623
f 630/630/630 623/623/623 631/631/631
f 625/625/625 632/632/632 633/633/633
f 625/625/625 633/633/633 626/626/626
f 628/628/628 624/624/624 627/627/627
f 628/628/628 627/627/627 629/629/629
f 634/634/634 635/635/635 636/636/636
f 634/634/634 636/636/636 637/637/637
f 638/638/638 639/639/639 640/640/640
f 638/638/638 640/640/640 641/641/641
f 642/642/642 634/634/634 637/637/637
f 642/642/642 637/637/637 643/643/643
f 644/644/644 645/645/645 646/646/646
f 644/644/644 646/646/646 647/647/647
f 648/648/648 649/649/649 650/650/650
f 648/648/648 650/650/650 651/651/651
f 635/635/635 638/638/638 641/641/641
f 635/635/635 641/641/641 636/636/636
f 645/645/645 642/642/642 643/643/643
f 645/645/645 643/643/643 646/646/646
f 639/639/639 648/648/648 651/651/651
f 639/639/639 651/651/651 640/640/640
f 652/652/652 653/653/653 654/654/654
f 652/652/652 654/654/654 655/655/655
f 656/656/656 657/657/657 658/658/658
f 656/656/656 658/658/658 659/659/659
f 660/660/660 661/661/661 662/662/662
f 660/660/660 662/662/662 663/663/663
f 664/664/664 665/665/665 666/666/666
f 664/664/664 666/666/666 667/667/667
f 657/657/657 656/656/656 668/668/668
f 657/657/657 668/668/668 669/669/669
f 670/670/670 671/671/671 672/672/672
f 670/670/670 672/672/672 673/673/673
f 665/665/665 664/664/664 674/674/674
f 665/665/665 674/674/674 675/675/675
f 661/661/661 660/660/660 676/676/676
f 661/661/661 676/676/676 677/677/677
f 653/653/653 652/652/652 678/678/678
f 653/653/653 678/678/678 679/679/679
f 657/657/657 665/665/665 675/675/675
f 657/657/657 675/675/675 658/658/658
f 664/664/664 661/661/661 677/677/677
f 664/664/664 677/677/677 674/674/674
f 660/660/660 653/653/653 679/679/679
f 660/660/660 679/679/679 676/676/676
f 652/652/652 680/680/680 681/681/681
f 652/652/652 681/681/681 678/678/678
f 682/682/682 673/673/673 683/683/683
f 682/682/682 683/683/683 684/684/684
f 685/685/685 686/686/686 687/687/687
f 685/685/685 687/687/687 688/688/688
f 689/689/689 690/690/690 691/691/691
f 689/689/689 691/691/691 692/692/692
f 693/693/693 694/694/694 695/695/695
f 693/693/693 695/695/695 696/696/696
f 697/697/697 670/670/670 673/673/673
f 697/697/697 673/673/673 682/682/682
f 671/671/671 685/685/685 688/688/688
f 671/671/671 688/688/688 672/672/672
f 686/686/686 689/689/689 692/692/692
f 686/686/686 692/692/692 687/687/687
f 694/694/694 697/697/697 682/682/682
f 694/694/694 682/682/682 695/695/695
f 658/658/658 675/675/675 697/697/697
f 658/658/658 697/697/697 694/694/694
f 679/679/679 678/678/678 689/689/689
f 679/679/679 689/689/689 686/686/686
f 677/677/677 676/676/676 685/685/685
f 677/677/677 685/685/685 671/671/671
f 675/675/675 674/674/674 670/670/670
f 675/675/675 670/670/670 697/697/697
f 659/659/659 658/658/658 694/694/694
f 659/659/659 694/694/694 693/693/693
f 678/678/678 681/681/681 690/690/690
f 678/678/678 690/690/690 689/689/689
f 676/676/676 679/679/679 686/686/686
f 676/676/676 686/686/686 685/685/685
f 674/674/674 677/677/677 671/671/671
f 674/674/674 671/671/671 670/670/670
f 698/698/698 684/684/684 699/699/699
f 698/698/698 699/699/699 700/700/700
f 672/672/672 688/688/688 701/701/701
f 672/672/672 701/701/701 702/702/702
f 687/687/687 692/692/692 703/703/703
f 687/687/687 703/703/703 704/704/704
f 695/695/695 682/682/682 684/684/684
f 695/695/695 684/684/684 698/698/698
f 673/673/673 672/672/672 702/702/702
f 673/673/673 702/702/702 683/683/683
f 688/688/688 687/687/687 704/704/704
f 688/688/688 704/704/704 701/701/701
f 692/692/692 691/691/691 705/705/705
f 692/692/692 705/705/705 703/703/703
f 696/696/696 695/695/695 698/698/698
f 696/696/696 698/698/698 706/706/706
f 699/699/699 707/707/707 700/700/700
f 683/683/683 702/702/702 708/708/708
f 683/683/683 708/708/708 709/709/709
f 701/701/701 704/704/704 710/710/710
f 701/701/701 710/710/710 711/711/711
f 703/703/703 705/705/705 712/712/712
f 703/703/703 712/712/712 713/713/713
f 706/706/706 698/698/698 700/700/700
f 706/706/706 700/700/700 714/714/714
f 684/684/684 683/683/683 709/709/709
f 684/684/684 709/709/709 699/699/699
f 702/702/702 701/701/701 711/711/711
f 702/702/702 711/711/711 708/708/708
f 704/704/704 703/703/703 713/713/713
f 704/704/704 713/713/713 710/710/710
f 700/700/700 707/707/707 714/714/714
f 714/714/714 707/707/707 713/713/713
f 713/713/713 707/707/707 710/710/710
f 710/710/710 707/707/707 711/711/711
f 711/711/711 707/707/707 708/708/708
f 708/708/708 707/707/707 709/709/709
f 709/709/709 707/707/707 699/699/699
f 680/680/680 652/652/652 655/655/655
f 680/680/680 655/655/655 715/715/715
f 653/653/653 660/660/660 663/663/663
f 653/653/653 663/663/663 654/654/654
f 661/661/661 664/664/664 667/667/667
f 661/661/661 667/667/667 662/662/662
f 665/665/665 657/657/657 669/669/669
f 665/665/665 669/669/669 666/666/666
f 716/716/716 717/717/717 718/718/718
f 716/716/716 718/718/718 719/719/719
f 720/720/720 721/721/721 722/722/722
f 720/720/720 722/722/722 723/723/723
f 724/724/724 725/725/725 726/726/726
f 724/724/724 726/726/726 727/727/727
f 728/728/728 729/729/729 730/730/730
f 728/728/728 730/730/730 731/731/731
f 723/723/723 732/732/732 733/733/733
f 723/723/723 733/733/733 720/720/720
f 734/734/734 735/735/735 736/736/736
f 734/734/734 736/736/736 737/737/737
f 731/731/731 738/738/738 739/739/739
f 731/731/731 739/739/739 728/728/728
f 727/727/727 740/740/740 741/741/741
f 727/727/727 741/741/741 724/724/724
f 719/719/719 742/742/742 743/743/743
f 719/719/719 743/743/743 716/716/716
f 723/723/723 722/722/722 738/738/738
f 723/723/723 738/738/738 731/731/731
f 728/728/728 739/739/739 740/740/740
f 728/728/728 740/740/740 727/727/727
f 724/724/724 741/741/741 742/742/742
f 724/724/724 742/742/742 719/719/719
f 716/716/716 743/743/743 744/744/744
f 716/716/716 744/744/744 745/745/745
f 746/746/746 747/747/747 748/748/748
f 746/746/746 748/748/748 735/735/735
f 749/749/749 750/750/750 751/751/751
f 749/749/749 751/751/751 752/752/752
f 753/753/753 754/754/754 755/755/755
f 753/753/753 755/755/755 756/756/756
f 757/757/757 758/758/758 759/759/759
f 757/757/757 759/759/759 760/760/760
f 761/761/761 746/746/746 735/735/735
f 761/761/761 735/735/735 734/734/734
f 737/737/737 736/736/736 750/750/750
f 737/737/737 750/750/750 749/749/749
f 752/752/752 751/751/751 754/754/754
f 752/752/752 754/754/754 753/753/753
f 760/760/760 759/759/759 746/746/746
f 760/760/760 746/746/746 761/761/761
f 722/722/722 760/760/760 761/761/761
f 722/722/722 761/761/761 738/738/738
f 742/742/742 752/752/752 753/753/753
f 742/742/742 753/753/753 743/743/743
f 740/740/740 737/737/737 749/749/749
f 740/740/740 749/749/749 741/741/741
f 738/738/738 761/761/761 734/734/734
f 738/738/738 734/734/734 739/739/739
f 721/721/721 757/757/757 760/760/760
f 721/721/721 760/760/760 722/722/722
f 743/743/743 753/753/753 756/756/756
f 743/743/743 756/756/756 744/744/744
f 741/741/741 749/749/749 752/752/752
f 741/741/741 752/752/752 742/742/742
f 739/739/739 734/734/734 737/737/737
f 739/739/739 737/737/737 740/740/740
f 762/762/762 763/763/763 764/764/764
f 762/762/762 764/764/764 747/747/747
f 736/736/736 765/765/765 766/766/766
f 736/736/736 766/766/766 750/750/750
f 751/751/751 767/767/767 768/768/768
f 751/751/751 768/768/768 754/754/754
f 759/759/759 762/762/762 747/747/747
f 759/759/759 747/747/747 746/746/746
f 735/735/735 748/748/748 765/765/765
f 735/735/735 765/765/765 736/736/736
f 750/750/750 766/766/766 767/767/767
f 750/750/750 767/767/767 751/751/751
f 754/754/754 768/768/768 769/769/769
f 754/754/754 769/769/769 755/755/755
f 758/758/758 770/770/770 762/762/762
f 758/758/758 762/762/762 759/759/759
f 764/764/764 763/763/763 771/771/771
f 748/748/748 772/772/772 773/773/773
f 748/748/748 773/773/773 765/765/765
f 766/766/766 774/774/774 775/775/775
f 766/766/766 775/775/775 767/767/767
f 768/768/768 776/776/776 777/777/777
f 768/768/768 777/777/777 769/769/769
f 770/770/770 778/778/778 763/763/763
f 770/770/770 763/763/763 762/762/762
f 747/747/747 764/764/764 772/772/772
f 747/747/747 772/772/772 748/748/748
f 765/765/765 773/773/773 774/774/774
f 765/765/765 774/774/774 766/766/766
f 767/767/767 775/775/775 776/776/776
f 767/767/767 776/776/776 768/768/768
f 763/763/763 778/778/778 771/771/771
f 778/778/778 776/776/776 771/771/771
f 776/776/776 775/775/775 771/771/771
f 775/775/775 774/774/774 771/771/771
f 774/774/774 773/773/773 771/771/771
f 773/773/773 772/772/772 771/771/771
f 772/772/772 764/764/764 771/771/771
f 745/745/745 779/779/779 717/717/717
f 745/745/745 717/717/717 716/716/716
f 719/719/719 718/718/718 725/725/725
f 719/719/719 725/725/725 724/724/724
f 727/727/727 726/726/726 729/729/729
f 727/727/727 729/729/729 728/728/728
f 731/731/731 730/730/730 732/732/732
f 731/731/731 732/732/732 723/723/723
f 786/786/786 787/787/787 780/780/780
f 780/780/780 781/781/781 782/782/782
f 782/782/782 783/783/783 784/784/784
f 784/784/784 785/785/785 786/786/786
f 786/786/786 780/780/780 782/782/782
f 782/782/782 784/784/784 786/786/786
f 788/788/788 789/789/789 790/790/790
f 788/788/788 790/790/790 791/791/791
f 792/792/792 793/793/793 794/794/794
f 792/792/792 794/794/794 795/795/795
f 796/796/796 797/797/797 793/793/793
f 796/796/796 793/793/793 792/792/792
f 791/791/791 790/790/790 797/797/797
f 791/791/791 797/797/797 796/796/796
f 798/798/798 799/799/799 800/800/800
f 798/798/798 800/800/800 801/801/801
f 802/802/802 803/803/803 799/799/799
f 802/802/802 799/799/799 798/798/798
f 804/804/804 805/805/805 803/803/803
f 804/804/804 803/803/803 802/802/802
f 801/801/801 800/800/800 789/789/789
f 801/801/801 789/789/789 788/788/788

g Cylinder.001
f 806/806/806 807/807/807 808/808/808
f 806/806/806 808/808/808 809/809/809
f 810/810/810 811/811/811 808/808/808
f 810/810/810 808/808/808 807/807/807
f 812/812/812 813/813/813 807/807/807
f 812/812/812 807/807/807 806/806/806
f 814/814/814 810/810/810 807/807/807
f 814/814/814 807/807/807 813/813/813
f 815/815/815 816/816/816 817/817/817
f 815/815/815 817/817/817 818/818/818
f 819/819/819 818/818/818 817/817/817
f 819/819/819 817/817/817 820/820/820
f 821/821/821 815/815/815 818/818/818
f 821/821/821 818/818/818 822/822/822
f 823/823/823 822/822/822 818/818/818
f 823/823/823 818/818/818 819/819/819
f 824/824/824 825/825/825 826/826/826
f 824/824/824 826/826/826 827/827/827
f 827/827/827 826/826/826 828/828/828
f 827/827/827 828/828/828 829/829/829
f 829/829/829 828/828/828 830/830/830
f 829/829/829 830/830/830 831/831/831
f 831/831/831 830/830/830 832/832/832
f 831/831/831 832/832/832 833/833/833
f 833/833/833 832/832/832 834/834/834
f 833/833/833 834/834/834 835/835/835
f 834/834/834 832/832/832 836/836/836
f 834/834/834 836/836/836 837/837/837
f 838/838/838 839/839/839 825/825/825
f 838/838/838 825/825/825 824/824/824
f 840/840/840 841/841/841 842/842/842
f 843/843/843 844/844/844 845/845/845
f 843/843/843 845/845/845 846/846/846
f 825/825/825 839/839/839 847/847/847
f 825/825/825 847/847/847 848/848/848
f 826/826/826 825/825/825 848/848/848
f 826/826/826 848/848/848 844/844/844
f 830/830/830 828/828/828 843/843/843
f 830/830/830 843/843/843 849/849/849
f 850/850/850 834/834/834 837/837/837
f 850/850/850 837/837/837 851/851/851
f 832/832/832 830/830/830 849/849/849
f 832/832/832 849/849/849 836/836/836
f 839/839/839 850/850/850 851/851/851
f 839/839/839 851/851/851 847/847/847
f 828/828/828 826/826/826 844/844/844
f 828/828/828 844/844/844 843/843/843
f 852/852/852 853/853/853 854/854/854
f 852/852/852 854/854/854 855/855/855
f 847/847/847 851/851/851 856/856/856
f 847/847/847 856/856/856 853/853/853
f 837/837/837 836/836/836 857/857/857
f 837/837/837 857/857/857 858/858/858
f 849/849/849 843/843/843 846/846/846
f 849/849/849 846/846/846 859/859/859
f 844/844/844 848/848/848 852/852/852
f 844/844/844 852/852/852 845/845/845
f 848/848/848 847/847/847 853/853/853
f 848/848/848 853/853/853 852/852/852
f 851/851/851 837/837/837 858/858/858
f 851/851/851 858/858/858 856/856/856
f 836/836/836 849/849/849 859/859/859
f 836/836/836 859/859/859 857/857/857
f 864/864/864 865/865/865 860/860/860
f 860/860/860 855/855/855 854/854/854
f 854/854/854 861/861/861 862/862/862
f 862/862/862 863/863/863 864/864/864
f 864/864/864 860/860/860 854/854/854
f 854/854/854 862/862/862 864/864/864
f 856/856/856 858/858/858 862/862/862
f 856/856/856 862/862/862 861/861/861
f 857/857/857 859/859/859 864/864/864
f 857/857/857 864/864/864 863/863/863
f 846/846/846 845/845/845 860/860/860
f 846/846/846 860/860/860 865/865/865
f 853/853/853 856/856/856 861/861/861
f 853/853/853 861/861/861 854/854/854
f 858/858/858 857/857/857 863/863/863
f 858/858/858 863/863/863 862/862/862
f 859/859/859 846/846/846 865/865/865
f 859/859/859 865/865/865 864/864/864
f 845/845/845 852/852/852 855/855/855
f 845/845/845 855/855/855 860/860/860
f 866/866/866 841/841/841 840/840/840
f 867/867/867 842/842/842 841/841/841
f 868/868/868 841/841/841 866/866/866
f 869/869/869 841/841/841 868/868/868
f 870/870/870 841/841/841 869/869/869
f 871/871/871 841/841/841 870/870/870
f 867/867/867 841/841/841 871/871/871
f 872/872/872 873/873/873 874/874/874
f 872/872/872 874/874/874 875/875/875
f 876/876/876 877/877/877 878/878/878
f 876/876/876 878/878/878 879/879/879
f 880/880/880 876/876/876 879/879/879
f 880/880/880 879/879/879 881/881/881
f 873/873/873 880/880/880 881/881/881
f 873/873/873 881/881/881 874/874/874
f 882/882/882 883/883/883 884/884/884
f 882/882/882 884/884/884 885/885/885
f 886/886/886 882/882/882 885/885/885
f 886/886/886 885/885/885 887/887/887
f 888/888/888 886/886/886 887/887/887
f 888/888/888 887/887/887 889/889/889
f 880/880/880 873/873/873 890/890/890
f 880/880/880 890/890/890 891/891/891
f 883/883/883 872/872/872 875/875/875
f 883/883/883 875/875/875 884/884/884
f 886/886/886 888/888/888 892/892/892
f 886/886/886 892/892/892 893/893/893
f 898/898/898 893/893/893 894/894/894
f 894/894/894 895/895/895 891/891/891
f 891/891/891 890/890/890 896/896/896
f 896/896/896 897/897/897 898/898/898
f 898/898/898 894/894/894 891/891/891
f 891/891/891 896/896/896 898/898/898
f 882/882/882 886/886/886 893/893/893
f 882/882/882 893/893/893 898/898/898
f 873/873/873 872/872/872 896/896/896
f 873/873/873 896/896/896 890/890/890
f 883/883/883 882/882/882 898/898/898
f 883/883/883 898/898/898 897/897/897
f 876/876/876 880/880/880 891/891/891
f 876/876/876 891/891/891 895/895/895
f 872/872/872 883/883/883 897/897/897
f 872/872/872 897/897/897 896/896/896
f 877/877/877 876/876/876 895/895/895
f 877/877/877 895/895/895 894/894/894
f 899/899/899 900/900/900 901/901/901
f 899/899/899 901/901/901 902/902/902
f 900/900/900 903/903/903 904/904/904
f 900/900/900 904/904/904 901/901/901
f 903/903/903 905/905/905 906/906/906
f 903/903/903 906/906/906 904/904/904
f 905/905/905 907/907/907 908/908/908
f 905/905/905 908/908/908 906/906/906
f 907/907/907 909/909/909 910/910/910
f 907/907/907 910/910/910 908/908/908
f 909/909/909 911/911/911 912/912/912
f 909/909/909 912/912/912 910/910/910
f 910/910/910 913/913/913 914/914/914
f 910/910/910 914/914/914 908/908/908
f 911/911/911 915/915/915 916/916/916
f 911/911/911 916/916/916 912/912/912
f 915/915/915 917/917/917 918/918/918
f 915/915/915 918/918/918 916/916/916
f 919/919/919 920/920/920 921/921/921
f 922/922/922 923/923/923 924/924/924
f 922/922/922 924/924/924 925/925/925
f 918/918/918 926/926/926 927/927/927
f 918/918/918 927/927/927 916/916/916
f 901/901/901 925/925/925 928/928/928
f 901/901/901 928/928/928 902/902/902
f 906/906/906 929/929/929 922/922/922
f 906/906/906 922/922/922 904/904/904
f 912/912/912 930/930/930 913/913/913
f 912/912/912 913/913/913 910/910/910
f 908/908/908 914/914/914 929/929/929
f 908/908/908 929/929/929 906/906/906
f 916/916/916 927/927/927 930/930/930
f 916/916/916 930/930/930 912/912/912
f 904/904/904 922/922/922 925/925/925
f 904/904/904 925/925/925 901/901/901
f 931/931/931 932/932/932 933/933/933
f 931/931/931 933/933/933 934/934/934
f 927/927/927 934/934/934 935/935/935
f 927/927/927 935/935/935 930/930/930
f 913/913/913 936/936/936 937/937/937
f 913/913/913 937/937/937 914/914/914
f 929/929/929 938/938/938 923/923/923
f 929/929/929 923/923/923 922/922/922
f 925/925/925 924/924/924 939/939/939
f 925/925/925 939/939/939 928/928/928
f 926/926/926 931/931/931 934/934/934
f 926/926/926 934/934/934 927/927/927
f 930/930/930 935/935/935 936/936/936
f 930/930/930 936/936/936 913/913/913
f 914/914/914 937/937/937 938/938/938
f 914/914/914 938/938/938 929/929/929
f 946/946/946 947/947/947 940/940/940
f 940/940/940 941/941/941 942/942/942
f 942/942/942 943/943/943 944/944/944
f 944/944/944 945/945/945 946/946/946
f 946/946/946 940/940/940 942/942/942
f 942/942/942 944/944/944 946/946/946
f 935/935/935 948/948/948 949/949/949
f 935/935/935 949/949/949 936/936/936
f 937/937/937 950/950/950 951/951/951
f 937/937/937 951/951/951 938/938/938
f 923/923/923 952/952/952 953/953/953
f 923/923/923 953/953/953 924/924/924
f 934/934/934 933/933/933 948/948/948
f 934/934/934 948/948/948 935/935/935
f 936/936/936 949/949/949 950/950/950
f 936/936/936 950/950/950 937/937/937
f 938/938/938 951/951/951 952/952/952
f 938/938/938 952/952/952 923/923/923
f 924/924/924 953/953/953 954/954/954
f 924/924/924 954/954/954 939/939/939
f 955/955/955 919/919/919 921/921/921
f 956/956/956 921/921/921 920/920/920
f 957/957/957 955/955/955 921/921/921
f 958/958/958 957/957/957 921/921/921
f 959/959/959 958/958/958 921/921/921
f 960/960/960 959/959/959 921/921/921
f 956/956/956 960/960/960 921/921/921
f 961/961/961 962/962/962 963/963/963
f 961/961/961 963/963/963 964/964/964
f 965/965/965 966/966/966 967/967/967
f 965/965/965 967/967/967 968/968/968
f 969/969/969 970/970/970 966/966/966
f 969/969/969 966/966/966 965/965/965
f 964/964/964 963/963/963 970/970/970
f 964/964/964 970/970/970 969/969/969
f 971/971/971 972/972/972 973/973/973
f 971/971/971 973/973/973 974/974/974
f 975/975/975 976/976/976 972/972/972
f 975/975/975 972/972/972 971/971/971
f 977/977/977 978/978/978 976/976/976
f 977/977/977 976/976/976 975/975/975
f 965/965/965 968/968/968 979/979/979
f 965/965/965 979/979/979 980/980/980
f 969/969/969 965/965/965 980/980/980
f 969/969/969 980/980/980 981/981/981
f 981/981/981 980/980/980 979/979/979
f 979/979/979 982/982/982 983/983/983
f 983/983/983 984/984/984 985/985/985
f 985/985/985 986/986/986 981/981/981
f 981/981/981 979/979/979 983/983/983
f 983/983/983 985/985/985 981/981/981
f 974/974/974 961/961/961 985/985/985
f 974/974/974 985/985/985 984/984/984
f 974/974/974 973/973/973 962/962/962
f 974/974/974 962/962/962 961/961/961
f 975/975/975 971/971/971 983/983/983
f 975/975/975 983/983/983 982/982/982
f 977/977/977 975/975/975 982/982/982
f 977/977/977 982/982/982 987/987/987
f 964/964/964 969/969/969 981/981/981
f 964/964/964 981/981/981 986/986/986
f 961/961/961 964/964/964 986/986/986
f 961/961/961 986/986/986 985/985/985
f 971/971/971 974/974/974 984/984/984
f 971/971/971 984/984/984 983/983/983

g Circle
f 988/988/988 989/989/989 990/990/990
f 988/988/988 990/990/990 991/991/991

g Cylinder
f 992/992/992 993/993/993 994/994/994
f 992/992/992 994/994/994 995/995/995
f 993/993/993 996/996/996 997/997/997
f 993/993/993 997/997/997 994/994/994
f 998/998/998 992/992/992 995/995/995
f 998/998/998 995/995/995 999/999/999
f 999/999/999 995/995/995 1000/1000/1000
f 999/999/999 1000/1000/1000 1001/1001/1001
f 995/995/995 994/994/994 1002/1002/1002
f 995/995/995 1002/1002/1002 1000/1000/1000
f 994/994/994 997/997/997 1003/1003/1003
f 994/994/994 1003/1003/1003 1002/1002/1002
f 997/997/997 1004/1004/1004 1005/1005/1005
f 997/997/997 1005/1005/1005 1003/1003/1003
f 996/996/996 1006/1006/1006 1004/1004/1004
f 996/996/996 1004/1004/1004 997/997/997
f 1007/1007/1007 1008/1008/1008 1009/1009/1009
f 1007/1007/1007 1009/1009/1009 1010/1010/1010
f 1010/1010/1010 1009/1009/1009 1011/1011/1011
f 1010/1010/1010 1011/1011/1011 1012/1012/1012
f 1009/1009/1009 1013/1013/1013 1014/1014/1014
f 1009/1009/1009 1014/1014/1014 1011/1011/1011
f 1008/1008/1008 1015/1015/1015 1013/1013/1013
f 1008/1008/1008 1013/1013/1013 1009/1009/1009
f 1016/1016/1016 1017/1017/1017 1018/1018/1018
f 1016/1016/1016 1018/1018/1018 1019/1019/1019
f 1019/1019/1019 1018/1018/1018 1020/1020/1020
f 1019/1019/1019 1020/1020/1020 1021/1021/1021
f 1022/1022/1022 1023/1023/1023 1016/1016/1016
f 1022/1022/1022 1016/1016/1016 1024/1024/1024
f 1024/1024/1024 1016/1016/1016 1019/1019/1019
f 1024/1024/1024 1019/1019/1019 1025/1025/1025
f 1025/1025/1025 1019/1019/1019 1021/1021/1021
f 1025/1025/1025 1021/1021/1021 1026/1026/1026
f 1026/1026/1026 1021/1021/1021 1027/1027/1027
f 1026/1026/1026 1027/1027/1027 1028/1028/1028
f 1021/1021/1021 1020/1020/1020 1029/1029/1029
f 1021/1021/1021 1029/1029/1029 1027/1027/1027
f 1023/1023/1023 1030/1030/1030 1017/1017/1017
f 1023/1023/1023 1017/1017/1017 1016/1016/1016
f 992/992/992 1031/1031/1031 1032/1032/1032
f 992/992/992 1032/1032/1032 993/993/993
f 993/993/993 1032/1032/1032 1033/1033/1033
f 993/993/993 1033/1033/1033 996/996/996
f 998/998/998 1034/1034/1034 1031/1031/1031
f 998/998/998 1031/1031/1031 992/992/992
f 1034/1034/1034 1035/1035/1035 1036/1036/1036
f 1034/1034/1034 1036/1036/1036 1031/1031/1031
f 1031/1031/1031 1036/1036/1036 1037/1037/1037
f 1031/1031/1031 1037/1037/1037 1032/1032/1032
f 1032/1032/1032 1037/1037/1037 1038/1038/1038
f 1032/1032/1032 1038/1038/1038 1033/1033/1033
f 1033/1033/1033 1038/1038/1038 1039/1039/1039
f 1033/1033/1033 1039/1039/1039 1040/1040/1040
f 996/996/996 1033/1033/1033 1040/1040/1040
f 996/996/996 1040/1040/1040 1006/1006/1006
f 1041/1041/1041 1042/1042/1042 1043/1043/1043
f 1041/1041/1041 1043/1043/1043 1044/1044/1044
f 1042/1042/1042 1037/1037/1037 1045/1045/1045
f 1042/1042/1042 1045/1045/1045 1043/1043/1043
f 1043/1043/1043 1045/1045/1045 1046/1046/1046
f 1043/1043/1043 1046/1046/1046 1047/1047/1047
f 1044/1044/1044 1043/1043/1043 1047/1047/1047
f 1044/1044/1044 1047/1047/1047 1048/1048/1048
f 1049/1049/1049 1050/1050/1050 1018/1018/1018
f 1049/1049/1049 1018/1018/1018 1017/1017/1017
f 1050/1050/1050 1051/1051/1051 1020/1020/1020
f 1050/1050/1050 1020/1020/1020 1018/1018/1018
f 1052/1052/1052 1053/1053/1053 1049/1049/1049
f 1052/1052/1052 1049/1049/1049 1054/1054/1054
f 1053/1053/1053 1055/1055/1055 1050/1050/1050
f 1053/1053/1053 1050/1050/1050 1049/1049/1049
f 1055/1055/1055 1056/1056/1056 1051/1051/1051
f 1055/1055/1055 1051/1051/1051 1050/1050/1050
f 1056/1056/1056 1057/1057/1057 1058/1058/1058
f 1056/1056/1056 1058/1058/1058 1051/1051/1051
f 1051/1051/1051 1058/1058/1058 1029/1029/1029
f 1051/1051/1051 1029/1029/1029 1020/1020/1020
f 1054/1054/1054 1049/1049/1049 1017/1017/1017
f 1054/1054/1054 1017/1017/1017 1030/1030/1030
f 1012/1012/1012 1059/1059/1059 1010/1010/1010
f 1060/1060/1060 1044/1044/1044 1048/1048/1048
f 1037/1037/1037 1042/1042/1042 1038/1038/1038
f 1061/1061/1061 1015/1015/1015 1008/1008/1008

g Cylinder.016
f 1062/1062/1062 1063/1063/1063 1064/1064/1064
f 1062/1062/1062 1064/1064/1064 1065/1065/1065
f 1065/1065/1065 1064/1064/1064 1066/1066/1066
f 1065/1065/1065 1066/1066/1066 1067/1067/1067

g Cylinder.004
f 1068/1068/1068 1069/1069/1069 1070/1070/1070
f 1068/1068/1068 1070/1070/1070 1071/1071/1071
f 1072/1072/1072 1073/1073/1073 1074/1074/1074
f 1072/1072/1072 1074/1074/1074 1075/1075/1075
f 1076/1076/1076 1077/1077/1077 1078/1078/1078
f 1076/1076/1076 1078/1078/1078 1079/1079/1079
f 1080/1080/1080 1081/1081/1081 1082/1082/1082
f 1080/1080/1080 1082/1082/1082 1083/1083/1083
f 1084/1084/1084 1085/1085/1085 1086/1086/1086
f 1084/1084/1084 1086/1086/1086 1087/1087/1087
f 1088/1088/1088 1089/1089/1089 1090/1090/1090
f 1088/1088/1088 1090/1090/1090 1091/1091/1091
f 1092/1092/1092 1093/1093/1093 1094/1094/1094
f 1092/1092/1092 1094/1094/1094 1095/1095/1095
f 1096/1096/1096 1097/1097/1097 1098/1098/1098
f 1096/1096/1096 1098/1098/1098 1099/1099/1099
