# Blender 5.1.1
# www.blender.org
mtllib valorant-leftV2.mtl
o FP_Wushu_S0_Skelmesh_LOD0.001
v -0.833940 -0.301626 -0.145813
v -0.842974 -0.306995 -0.132413
v -0.837010 -0.290278 -0.156722
v -0.750268 0.005765 -0.233002
v -0.761438 -0.007720 -0.246628
v -0.759006 0.014055 -0.226720
v -0.783374 -0.110862 -0.269758
v -0.778462 -0.129930 -0.265800
v -0.790954 -0.138910 -0.262985
v -0.822803 -0.247760 -0.202500
v -0.814992 -0.222520 -0.222107
v -0.809497 -0.231462 -0.216320
v -0.807005 -0.195194 -0.238498
v -0.792831 -0.185529 -0.251660
v -2.245616 0.368540 -0.801155
v -2.234849 0.360943 -0.793531
v -2.246804 0.362721 -0.788681
v -2.217421 0.350337 -0.771419
v -2.231802 0.353481 -0.759312
v -2.203105 0.344707 -0.747659
v -2.210909 0.344412 -0.721201
v -2.184837 0.337588 -0.718650
v -2.194857 0.345834 -0.686522
v -2.171863 0.337070 -0.693467
v -2.179481 0.353230 -0.648731
v -2.145402 0.345443 -0.664750
v -2.135278 0.355380 -0.632977
v -2.167492 0.358951 -0.615744
v -2.115835 0.356671 -0.601695
v -2.144708 0.357467 -0.581701
v -2.107903 0.349173 -0.544029
v -2.074477 0.341923 -0.562430
v -2.075421 0.341311 -0.508702
v -2.029275 0.335940 -0.512395
v -2.052166 0.338630 -0.479453
v -2.009902 0.335301 -0.481593
v -2.039866 0.335953 -0.453461
v -1.985080 0.326034 -0.458676
v -2.011413 0.326251 -0.426361
v -1.989720 0.318676 -0.416095
v -1.969971 0.319690 -0.451570
v -1.964807 -0.166795 -0.238398
v -1.957993 -0.167351 -0.280518
v -1.927846 -0.169514 -0.271541
v -1.928660 -0.170134 -0.214050
v -1.894568 -0.187974 -0.247943
v -1.896679 -0.184645 -0.200892
v -1.882810 -0.203617 -0.242391
v -1.889217 -0.207681 -0.201663
v -1.891605 -0.225570 -0.195109
v -1.886405 -0.232408 -0.251302
v -1.896557 -0.247693 -0.207833
v -1.902427 -0.246852 -0.252227
v -1.914817 -0.256712 -0.215377
v -1.405447 -0.118415 0.006591
v -1.425830 -0.097148 0.001228
v -1.435444 -0.113485 0.000265
v -1.444596 -0.078700 -0.004983
v -1.459890 -0.107801 -0.006414
v -1.490454 -0.097934 -0.014341
v -1.466715 -0.058253 -0.012092
v -1.490642 -0.038220 -0.018476
v -1.521800 -0.087105 -0.022104
v -1.512806 -0.022505 -0.023800
v -1.550487 -0.074278 -0.027912
v -1.537693 -0.006258 -0.029660
v -1.580159 -0.058104 -0.032729
v -1.563990 0.007917 -0.035946
v -1.609860 -0.039791 -0.037139
v -1.581220 0.017526 -0.040457
v -1.638427 -0.017247 -0.042515
v -1.588592 0.025343 -0.043429
v -1.661341 0.004467 -0.048610
v -1.685963 0.033495 -0.058328
v -1.656484 0.054335 -0.058491
v -1.625076 0.070185 -0.059152
v -1.579386 0.029289 -0.043144
v -1.596719 0.083245 -0.059931
v -1.560782 0.031709 -0.041006
v -1.569618 0.092999 -0.060070
v -1.537008 0.037786 -0.039098
v -1.537921 0.102756 -0.059726
v -1.507119 0.045106 -0.037020
v -1.505241 0.110620 -0.059053
v -1.480510 0.052327 -0.035686
v -1.471161 0.114266 -0.056921
v -1.450894 0.064262 -0.035524
v -1.439461 0.116629 -0.054728
v -1.425765 0.077897 -0.036643
v -1.413238 0.118016 -0.052489
v -1.404413 0.090673 -0.038646
v -1.389878 0.117914 -0.050221
v -1.383945 0.102708 -0.041902
v -1.362089 0.114952 -0.046697
v -1.588592 0.025343 -0.043429
v -1.579511 0.024576 -0.035437
v -1.579386 0.029289 -0.043144
v -1.561116 0.027438 -0.033490
v -1.560782 0.031709 -0.041006
v -1.536865 0.033878 -0.031441
v -1.537008 0.037786 -0.039098
v -1.506488 0.041569 -0.029292
v -1.507119 0.045106 -0.037020
v -1.480510 0.052327 -0.035686
v -1.479431 0.048951 -0.027806
v -1.450894 0.064262 -0.035524
v -1.449689 0.061044 -0.027410
v -1.425765 0.077897 -0.036643
v -1.424294 0.075080 -0.028564
v -1.404413 0.090673 -0.038646
v -1.402539 0.088425 -0.030671
v -1.383945 0.102708 -0.041902
v -1.381402 0.100958 -0.034040
v -1.362089 0.114952 -0.046697
v -1.346252 0.120717 -0.042234
v -1.834656 -0.316837 -0.141347
v -1.805740 -0.310668 -0.131876
v -1.838933 -0.311669 -0.122090
v -1.800920 -0.300628 -0.117705
v -1.837298 -0.304335 -0.104562
v -1.833677 -0.298709 -0.090591
v -1.824245 -0.290838 -0.082277
v -1.791656 -0.287766 -0.109120
v -1.805128 -0.278687 -0.078824
v -1.776473 -0.271809 -0.097524
v -1.781687 -0.267056 -0.078390
v -1.749943 -0.252715 -0.084726
v -1.800342 -0.225515 -0.083323
v -1.771209 -0.211850 -0.086923
v -1.798572 -0.220031 -0.096359
v -1.825198 -0.236432 -0.082398
v -1.821075 -0.227933 -0.107290
v -1.848321 -0.245941 -0.084503
v -1.838703 -0.228820 -0.120880
v -1.860689 -0.249560 -0.091678
v -1.866977 -0.250938 -0.103642
v -1.854887 -0.224993 -0.133308
v -1.872582 -0.250940 -0.125765
v -1.872516 -0.246847 -0.145295
v -1.901565 -0.122975 -0.137668
v -1.872305 -0.131084 -0.120028
v -1.906871 -0.112676 -0.107219
v -1.863397 -0.116628 -0.101316
v -1.904647 -0.103529 -0.085896
v -1.897817 -0.095485 -0.068423
v -1.886310 -0.089690 -0.060296
v -1.844713 -0.102840 -0.088488
v -1.860059 -0.085777 -0.056305
v -1.817391 -0.091403 -0.072816
v -1.830661 -0.086117 -0.057443
v -1.793315 -0.086347 -0.065018
v -1.837796 0.338130 -0.245795
v -1.813793 0.323910 -0.225447
v -1.831176 0.357328 -0.218201
v -1.798311 0.332146 -0.217129
v -1.820572 0.367495 -0.201086
v -1.808037 0.372361 -0.187736
v -1.794158 0.371802 -0.181970
v -1.773520 0.338118 -0.205815
v -1.768424 0.360187 -0.182359
v -1.736742 0.335049 -0.188140
v -1.742824 0.346207 -0.180804
v -1.714601 0.327019 -0.182248
v -0.822364 -0.266514 -0.180511
v -0.837010 -0.290278 -0.156722
v -0.830245 -0.270292 -0.180160
v -0.833940 -0.301626 -0.145813
v -0.789475 -0.273139 -0.179219
v -0.800188 -0.305696 -0.145577
v -0.673259 -0.303658 -0.181429
v -0.680611 -0.331778 -0.144732
v -0.507672 -0.380013 -0.155014
v -0.684027 -0.341242 -0.112075
v -0.805892 -0.319504 -0.118653
v -0.512900 -0.396821 -0.069873
v -0.686812 -0.348922 -0.083331
v -0.329333 -0.457631 -0.075241
v -0.810085 -0.325830 -0.092486
v -0.326143 -0.431671 -0.177347
v -0.136297 -0.516758 -0.078150
v -0.137527 -0.489023 -0.193506
v 0.065349 -0.575061 -0.078790
v 0.057958 -0.545577 -0.206502
v 0.247869 -0.619825 -0.080223
v 0.241448 -0.577811 -0.211940
v 0.369565 -0.649114 -0.080040
v 0.359389 -0.591797 -0.216333
v 0.425590 -0.663561 -0.082497
v 0.423614 -0.600233 -0.219294
v 0.361288 -0.515896 -0.330979
v 0.500280 -0.660511 -0.092920
v 0.423494 -0.525066 -0.336084
v 0.493367 -0.602461 -0.226470
v 0.580312 -0.633913 -0.099148
v 0.483519 -0.528498 -0.344201
v 0.574193 -0.592366 -0.227635
v 0.751172 -0.580603 -0.119429
v 0.575538 -0.523568 -0.341919
v 0.745164 -0.561073 -0.244731
v 0.923687 -0.531545 -0.141138
v 0.738364 -0.485715 -0.343093
v 0.579417 -0.381407 -0.370961
v 0.736146 -0.352201 -0.375395
v 0.914541 -0.523870 -0.270002
v 1.120677 -0.483659 -0.164282
v 0.898402 -0.443736 -0.370159
v 0.888377 -0.309260 -0.396556
v 1.109574 -0.477910 -0.300519
v 1.326530 -0.440279 -0.194158
v 1.079552 -0.392784 -0.411001
v 1.049578 -0.251348 -0.431005
v 1.315251 -0.427709 -0.329951
v 1.533906 -0.383372 -0.215843
v 1.274140 -0.335534 -0.444222
v 1.229957 -0.188850 -0.467323
v 1.415794 -0.124944 -0.489122
v 1.531856 -0.364267 -0.354311
v 1.471204 -0.272977 -0.464748
v 1.566346 -0.070034 -0.494217
v 1.756649 -0.294361 -0.217389
v 1.639314 -0.200267 -0.470845
v 1.667554 -0.026400 -0.499449
v 1.761904 -0.277452 -0.365734
v 1.891114 -0.246045 -0.287602
v 1.851239 -0.247298 -0.188861
v 1.741582 -0.135500 -0.476582
v 1.735993 0.005760 -0.506822
v 1.799006 -0.091765 -0.488689
v 1.832256 -0.211927 -0.426154
v 1.938306 -0.230457 -0.351693
v 1.877332 -0.175827 -0.456805
v 1.976979 -0.227567 -0.395040
v -2.019762 -0.033409 -0.321500
v -2.031006 -0.020874 -0.303984
v -2.025121 -0.027383 -0.299644
v -2.024755 -0.027536 -0.328098
v -2.076066 -0.020284 -0.316082
v -2.068556 -0.027465 -0.342069
v -2.076419 -0.036559 -0.335397
v -2.083065 -0.030859 -0.312465
v -2.077709 -0.036749 -0.332691
v -1.935980 -0.274827 -0.285782
v -1.947419 -0.270313 -0.271297
v -1.941504 -0.272742 -0.267979
v -1.941147 -0.272470 -0.290514
v -1.984340 -0.285601 -0.282004
v -1.977219 -0.288403 -0.303404
v -1.980974 -0.297373 -0.298280
v -1.987091 -0.295395 -0.279181
v -1.985353 -0.297291 -0.286279
v -1.969971 0.319690 -0.451570
v -1.983432 0.301756 -0.422355
v -1.989720 0.318676 -0.416095
v -1.973439 0.296394 -0.445420
v -1.978266 0.295555 -0.419131
v -1.967774 0.289910 -0.443342
v -1.933900 0.279781 -0.425815
v -1.944489 0.285523 -0.401424
v -1.927684 0.284142 -0.422268
v -1.937678 0.289845 -0.399137
v -1.579511 0.024576 -0.035437
v -1.562081 0.013928 -0.030221
v -1.561116 0.027438 -0.033490
v -1.536865 0.033878 -0.031441
v -1.535625 -0.000690 -0.023601
v -1.497490 0.017144 -0.020975
v -1.506488 0.041569 -0.029292
v -1.510666 -0.017234 -0.017442
v -1.479431 0.048951 -0.027806
v -1.487284 0.001620 -0.016130
v -1.488472 -0.033020 -0.011911
v -1.468057 0.025825 -0.017508
v -1.449689 0.061044 -0.027410
v -1.464021 -0.015831 -0.007949
v -1.464473 -0.053224 -0.005280
v -1.441345 0.035718 -0.015299
v -1.424294 0.075080 -0.028564
v -1.435083 -0.037485 0.001708
v -1.442204 -0.073714 0.001599
v -1.414247 0.004299 -0.002240
v -1.410073 0.051357 -0.014924
v -1.402539 0.088425 -0.030671
v -1.412360 -0.061768 0.009490
v -1.423224 -0.092297 0.007669
v -1.378629 0.070478 -0.017462
v -1.381402 0.100958 -0.034040
v -1.373364 0.027297 -0.001768
v -1.391725 -0.019969 0.007295
v -1.338634 0.094126 -0.024322
v -1.346252 0.120717 -0.042234
v -1.338192 0.055717 -0.007795
v -1.340992 0.004659 0.009824
v -1.374664 -0.049623 0.015336
v -1.336752 -0.033254 0.019597
v -1.386351 -0.095405 0.017323
v -1.390237 -0.126668 0.016159
v -1.323521 -0.063108 0.025973
v -1.353902 -0.084512 0.022248
v -1.340793 -0.105015 0.025571
v -1.357742 -0.148665 0.020957
v -1.309233 -0.033457 0.024155
v -1.314640 -0.064077 0.020869
v -1.301292 -0.035416 0.019175
v -1.291570 0.000460 0.017265
v -1.284731 -0.003709 0.012796
v -1.308237 0.042521 -0.000476
v -1.267653 0.027163 0.001969
v -1.309084 0.086437 -0.020264
v -1.274065 0.031216 0.006452
v -1.280977 0.077185 -0.015719
v -1.306574 0.126244 -0.041934
v -1.288204 0.116946 -0.037765
v -1.346940 0.148163 -0.054859
v -1.389404 0.125957 -0.047514
v -1.288127 0.137154 -0.050976
v -1.384760 0.155826 -0.060968
v -1.413454 0.126306 -0.049698
v -1.324429 0.163003 -0.067237
v -1.363477 0.181259 -0.079921
v -1.427366 0.157811 -0.064931
v -1.440254 0.125175 -0.051828
v -1.424481 0.192735 -0.087421
v -1.465211 0.155024 -0.066662
v -1.472275 0.122742 -0.053811
v -1.507638 0.149096 -0.067652
v -1.506768 0.118546 -0.055398
v -1.477568 0.188541 -0.084728
v -1.547190 0.139007 -0.067208
v -1.539971 0.110065 -0.055804
v -1.572181 0.100094 -0.056040
v -1.522526 0.178871 -0.081713
v -1.448702 0.228213 -0.113092
v -1.497525 0.220849 -0.105171
v -1.396558 0.233860 -0.124461
v -1.471844 0.259482 -0.137423
v -1.342925 0.208006 -0.107185
v -1.422819 0.272057 -0.159624
v -1.342281 0.261067 -0.166224
v -1.299272 0.183662 -0.088630
v -1.303621 0.233954 -0.141002
v -1.375306 0.289410 -0.196757
v -1.255451 0.151050 -0.064360
v -1.294289 0.278884 -0.211761
v -1.254944 0.111891 -0.036088
v -1.266927 0.208272 -0.117511
v -1.230377 0.181422 -0.094209
v -1.261833 0.252834 -0.179404
v -1.232870 0.228177 -0.150447
v -1.187245 0.154450 -0.074672
v -1.199476 0.195915 -0.117484
v -1.227110 0.224594 -0.158508
v -1.206628 0.131042 -0.051991
v -1.196811 0.195239 -0.127534
v -1.221708 0.113177 -0.037994
v -1.173498 0.167829 -0.101454
v -1.235628 0.092718 -0.024421
v -1.175488 0.167331 -0.090865
v -1.252384 0.067187 -0.010371
v -1.170707 0.159262 -0.092638
v -1.247225 0.062778 -0.014728
v -1.230303 0.087731 -0.028589
v -1.216504 0.107252 -0.041480
v -1.236943 0.059334 -0.006320
v -1.203172 0.124937 -0.055227
v -1.220510 0.085337 -0.021027
v -1.206151 0.105110 -0.034048
v -1.184549 0.147517 -0.076977
v -1.193064 0.122910 -0.047712
v -1.173322 0.146206 -0.070085
v -1.162324 0.157399 -0.083977
v -1.151810 0.132376 -0.065964
v -1.169347 0.108090 -0.044295
v -1.160110 0.167609 -0.106431
v -1.183499 0.090695 -0.029099
v -1.163869 0.101999 -0.047091
v -1.162222 0.101712 -0.051451
v -1.177336 0.082680 -0.031643
v -1.145508 0.125892 -0.068752
v -1.123903 0.147295 -0.098462
v -1.200853 0.067194 -0.015056
v -1.193887 0.057096 -0.017310
v -1.216703 0.043863 0.000047
v -1.207936 0.033462 -0.002955
v -1.129408 0.155101 -0.097301
v -1.106460 0.159690 -0.123338
v -1.150122 0.167305 -0.099770
v -1.111057 0.167780 -0.122104
v -1.090861 0.168780 -0.149189
v -1.144418 0.179493 -0.131274
v -1.093122 0.177737 -0.150373
v -1.068575 0.181070 -0.181343
v -1.134281 0.179686 -0.124925
v -1.073145 0.188801 -0.181655
v -1.051906 0.187202 -0.209189
v -1.116361 0.190083 -0.154898
v -1.053622 0.195650 -0.215585
v -1.033123 0.184874 -0.248945
v -1.096450 0.201653 -0.188116
v -1.128281 0.189681 -0.160342
v -1.035998 0.193868 -0.254195
v -1.022741 0.174135 -0.275809
v -1.077142 0.210664 -0.224178
v -1.108549 0.200240 -0.191939
v -1.023009 0.181255 -0.285591
v -1.010880 0.154903 -0.307009
v -1.059451 0.206433 -0.266554
v -1.089342 0.208630 -0.227940
v -1.073229 0.203805 -0.269425
v -1.036800 0.200700 -0.305191
v -1.011296 0.161582 -0.317481
v -1.006274 0.121279 -0.337097
v -1.048506 0.198743 -0.308118
v -1.024022 0.178295 -0.337245
v -1.007356 0.125594 -0.347548
v -1.013968 0.078132 -0.353842
v -1.012712 0.078070 -0.363667
v -1.023752 0.096083 -0.393402
v -1.019266 0.142472 -0.371150
v -1.031448 0.143297 -0.374265
v -1.034961 0.099341 -0.395378
v -1.036975 0.178110 -0.339903
v -1.027403 0.148978 -0.383457
v -1.030359 0.104041 -0.405683
v -1.044947 0.128354 -0.437135
v -1.033741 0.184934 -0.347001
v -1.045642 0.206561 -0.314766
v -1.041434 0.170462 -0.409926
v -1.061352 0.158311 -0.469562
v -1.040031 0.198828 -0.381704
v -1.057354 0.196435 -0.446658
v -1.076776 0.186174 -0.504105
v -1.049444 0.216915 -0.349790
v -1.075860 0.221187 -0.482107
v -1.088004 0.198202 -0.522258
v -1.058305 0.224868 -0.418747
v -1.088192 0.237164 -0.504583
v -1.098834 0.224088 -0.547644
v -1.082116 0.250314 -0.455032
v -1.037156 0.217627 -0.381414
v -1.052827 0.239048 -0.409636
v -1.103177 0.261492 -0.533264
v -1.119989 0.252532 -0.581987
v -1.099218 0.268792 -0.481965
v -1.125159 0.285045 -0.569437
v -1.143134 0.275218 -0.611242
v -1.119162 0.293135 -0.514832
v -1.075233 0.263884 -0.446287
v -1.144596 0.303432 -0.595910
v -1.170300 0.295120 -0.630710
v -1.141222 0.316129 -0.551532
v -1.167759 0.319119 -0.614553
v -1.189966 0.317460 -0.653648
v -1.189923 0.336459 -0.633652
v -1.156628 0.329019 -0.569839
v -1.176546 0.343158 -0.591183
v -1.196706 0.356890 -0.608490
v -1.190669 0.356379 -0.568461
v -1.208104 0.372232 -0.585087
v -1.225939 0.378990 -0.567194
v -1.209789 0.362937 -0.549379
v -1.251057 0.376350 -0.554173
v -1.172452 0.346135 -0.548021
v -1.160256 0.334013 -0.530338
v -1.191919 0.353026 -0.529548
v -1.232457 0.365396 -0.529220
v -1.131110 0.322910 -0.536050
v -1.177123 0.346926 -0.512772
v -1.113994 0.307208 -0.511197
v -1.158990 0.349964 -0.502892
v -1.094293 0.284985 -0.476303
v -1.137125 0.329073 -0.480725
v -1.114550 0.304234 -0.452793
v -1.201786 0.356408 -0.467860
v -1.089911 0.279936 -0.421714
v -1.174984 0.334423 -0.444642
v -1.144259 0.314485 -0.418252
v -1.066519 0.253298 -0.387595
v -1.118249 0.289941 -0.389247
v -1.046004 0.231643 -0.359231
v -1.091056 0.266042 -0.361640
v -1.173872 0.320588 -0.389527
v -1.141678 0.295779 -0.361106
v -1.065043 0.240111 -0.332210
v -1.114394 0.274269 -0.338015
v -1.070306 0.226065 -0.319334
v -1.083604 0.243684 -0.312158
v -1.127187 0.267733 -0.325204
v -1.092458 0.230832 -0.295543
v -1.074676 0.211578 -0.273582
v -1.089641 0.216270 -0.230453
v -1.131996 0.245235 -0.256355
v -1.108970 0.207860 -0.192791
v -1.104964 0.224433 -0.237592
v -1.128198 0.196510 -0.159782
v -1.147336 0.214799 -0.180536
v -1.145845 0.186883 -0.130483
v -1.184924 0.201200 -0.130716
v -1.161745 0.175001 -0.105063
v -1.214950 0.231338 -0.164154
v -1.174301 0.240245 -0.207080
v -1.243567 0.256076 -0.193223
v -1.204163 0.267405 -0.235998
v -1.162896 0.271025 -0.279713
v -1.225334 0.283089 -0.254013
v -1.188578 0.290141 -0.300228
v -1.254827 0.248478 -0.186838
v -1.278577 0.283110 -0.227077
v -1.288068 0.274220 -0.218765
v -1.244065 0.296078 -0.269125
v -1.315491 0.307828 -0.260123
v -1.261418 0.306839 -0.283948
v -1.217049 0.306452 -0.323462
v -1.158253 0.287247 -0.350285
v -1.194439 0.308182 -0.377196
v -1.244634 0.324114 -0.343367
v -1.208207 0.340175 -0.416994
v -1.232671 0.328595 -0.404798
v -1.241440 0.349061 -0.439698
v -1.298130 0.322690 -0.305492
v -1.277881 0.334240 -0.366313
v -1.275648 0.334343 -0.435399
v -1.222421 0.350030 -0.475016
v -1.197732 0.349246 -0.494693
v -1.212388 0.357526 -0.509285
v -1.244609 0.348713 -0.485058
v -1.276658 0.346540 -0.494848
v -1.286803 0.333892 -0.443093
v -1.305327 0.335786 -0.376241
v -1.287291 0.338761 -0.491618
v -1.296723 0.328244 -0.438792
v -1.287927 0.347814 -0.524540
v -1.315479 0.330388 -0.377174
v -1.276918 0.356961 -0.528143
v -1.282122 0.366561 -0.545405
v -1.294671 0.358707 -0.544405
v -1.330205 0.331168 -0.321167
v -1.339651 0.327361 -0.322885
v -1.351245 0.326352 -0.288950
v -1.360076 0.324106 -0.293510
v -1.326158 0.299817 -0.251970
v -1.359885 0.317392 -0.279508
v -1.369854 0.316722 -0.284342
v -1.332571 0.305101 -0.245576
v -1.366101 0.323739 -0.270650
v -1.403156 0.312358 -0.224076
v -1.385410 0.333005 -0.284406
v -1.379735 0.325593 -0.292096
v -1.448098 0.299089 -0.188176
v -1.411646 0.337837 -0.301870
v -1.405738 0.331408 -0.309247
v -1.426545 0.327899 -0.248031
v -1.469164 0.318818 -0.213385
v -1.498734 0.288737 -0.162995
v -1.519410 0.250720 -0.126101
v -1.517910 0.312634 -0.187706
v -1.544276 0.208101 -0.098253
v -1.541151 0.279890 -0.149307
v -1.570629 0.239717 -0.119133
v -1.566866 0.169894 -0.080758
v -1.596888 0.210058 -0.103214
v -1.587973 0.147329 -0.074011
v -1.581731 0.189218 -0.090580
v -1.591177 0.156966 -0.078503
v -1.604566 0.173304 -0.087420
v -1.618808 0.191868 -0.098540
v -1.626167 0.195812 -0.101499
v -1.581207 0.128635 -0.066274
v -1.588169 0.137310 -0.070016
v -1.622730 0.228025 -0.117160
v -1.637148 0.198258 -0.104045
v -1.602289 0.120928 -0.065145
v -1.604108 0.127416 -0.067540
v -1.599807 0.090333 -0.055749
v -1.617685 0.129638 -0.069519
v -1.642349 0.105738 -0.063663
v -1.628442 0.077117 -0.054872
v -1.623659 0.136710 -0.072766
v -1.660055 0.060551 -0.053904
v -1.675695 0.126562 -0.077283
v -1.635920 0.152619 -0.080804
v -1.686706 0.083273 -0.064751
v -1.695140 0.035555 -0.053601
v -1.679899 0.172372 -0.098242
v -1.648571 0.170976 -0.091394
v -1.650938 0.178195 -0.095431
v -1.649318 0.189194 -0.100725
v -1.715499 0.135519 -0.089841
v -1.734851 0.091182 -0.082908
v -1.712515 0.170775 -0.107136
v -1.722002 0.057686 -0.066142
v -1.752643 0.061967 -0.083435
v -1.679748 0.207304 -0.115699
v -1.715738 0.202029 -0.123163
v -1.738443 0.033293 -0.065736
v -1.762342 0.032153 -0.088839
v -1.745197 0.001585 -0.060686
v -1.719038 0.006611 -0.051463
v -1.666377 0.001497 -0.042409
v -1.731930 -0.032779 -0.048443
v -1.689842 -0.020355 -0.040252
v -1.643067 -0.020352 -0.036397
v -1.708591 -0.026508 -0.043073
v -1.721735 -0.067464 -0.041568
v -1.658556 -0.046833 -0.033144
v -1.614052 -0.043272 -0.031240
v -1.693904 -0.058472 -0.037249
v -1.622327 -0.080815 -0.029888
v -1.583960 -0.062260 -0.026850
v -1.634037 -0.080534 -0.030773
v -1.614855 -0.087373 -0.028992
v -1.664078 -0.063219 -0.032850
v -1.641922 -0.085600 -0.031190
v -1.572849 -0.109007 -0.019969
v -1.554033 -0.078869 -0.021935
v -1.612070 -0.097822 -0.028499
v -1.525018 -0.092067 -0.015834
v -1.681100 -0.081079 -0.035187
v -1.658646 -0.104231 -0.032907
v -1.672731 -0.120531 -0.036949
v -1.698366 -0.099147 -0.041186
v -1.723829 -0.103114 -0.051166
v -1.705268 -0.123266 -0.047473
v -1.675215 -0.126864 -0.038322
v -1.732874 -0.139571 -0.059670
v -1.676365 -0.137022 -0.039824
v -1.699631 -0.150265 -0.050300
v -1.758763 -0.165835 -0.071838
v -1.741693 -0.175477 -0.063870
v -1.664114 -0.146943 -0.036764
v -1.730982 -0.184598 -0.063374
v -1.672049 -0.180252 -0.045032
v -1.718318 -0.200136 -0.067689
v -1.645607 -0.181564 -0.038120
v -1.653954 -0.145431 -0.034253
v -1.676931 -0.209460 -0.053492
v -1.701692 -0.224237 -0.066199
v -1.646711 -0.141619 -0.032601
v -1.650392 -0.239812 -0.061489
v -1.688447 -0.262562 -0.078856
v -1.624784 -0.214803 -0.043566
v -1.621951 -0.172767 -0.032003
v -1.641164 -0.273855 -0.075031
v -1.683081 -0.287220 -0.093320
v -1.584425 -0.254561 -0.052148
v -1.593705 -0.199112 -0.031238
v -1.603202 -0.149596 -0.025540
v -1.632787 -0.125537 -0.030335
v -1.614662 -0.106314 -0.028488
v -1.586315 -0.128042 -0.021887
v -1.557112 -0.152432 -0.015188
v -1.572335 -0.177081 -0.020920
v -1.551488 -0.228610 -0.032339
v -1.529360 -0.202951 -0.017883
v -1.536597 -0.126655 -0.011341
v -1.493414 -0.103079 -0.007981
v -1.513331 -0.173853 -0.007857
v -1.500422 -0.140302 -0.003546
v -1.462458 -0.113057 -0.000313
v -1.480452 -0.222281 -0.017361
v -1.461347 -0.152039 0.003361
v -1.437638 -0.119033 0.006476
v -1.468661 -0.187797 -0.003162
v -1.418340 -0.157739 0.010662
v -1.422379 -0.196266 0.001292
v -1.429554 -0.235972 -0.015906
v -1.375812 -0.201581 0.005717
v -1.389005 -0.244980 -0.014337
v -1.439017 -0.270000 -0.036028
v -1.398467 -0.284055 -0.038383
v -1.498434 -0.253194 -0.034461
v -1.454844 -0.297873 -0.057750
v -1.524802 -0.284750 -0.057194
v -1.402361 -0.314487 -0.066581
v -1.457752 -0.316065 -0.076002
v -1.582856 -0.284509 -0.069580
v -1.507785 -0.316942 -0.082707
v -1.406436 -0.315184 -0.080559
v -1.458031 -0.315567 -0.088308
v -1.393320 -0.312097 -0.077681
v -1.507332 -0.316849 -0.095542
v -1.390837 -0.305659 -0.069581
v -1.583480 -0.313250 -0.093821
v -1.582450 -0.313234 -0.105320
v -1.631529 -0.308098 -0.096415
v -1.633556 -0.308304 -0.107708
v -1.681616 -0.293109 -0.105346
v -1.387007 -0.277061 -0.043772
v -1.382800 -0.314348 -0.062694
v -1.381968 -0.314711 -0.075500
v -1.320059 -0.312913 -0.066109
v -1.379280 -0.285480 -0.037354
v -1.319259 -0.311149 -0.052025
v -1.249317 -0.297993 -0.059519
v -1.371210 -0.248397 -0.014422
v -1.378160 -0.239585 -0.020342
v -1.323050 -0.283688 -0.028202
v -1.365976 -0.197864 -0.000590
v -1.356253 -0.204141 0.007375
v -1.322536 -0.250444 -0.007326
v -1.249068 -0.297587 -0.046069
v -1.258962 -0.272778 -0.019418
v -1.193720 -0.286629 -0.040493
v -1.190840 -0.286228 -0.054529
v -1.210623 -0.264409 -0.012699
v -1.154592 -0.279955 -0.031976
v -1.145948 -0.273935 -0.044903
v -1.149915 -0.267699 -0.032996
v -1.168689 -0.257338 -0.003559
v -1.161296 -0.247153 -0.005275
v -1.173473 -0.224355 0.015938
v -1.183896 -0.230774 0.021063
v -1.189165 -0.190400 0.031814
v -1.228862 -0.233757 0.008989
v -1.198196 -0.198649 0.037018
v -1.273465 -0.244677 -0.000751
v -1.247210 -0.201079 0.024386
v -1.209870 -0.158750 0.043827
v -1.198521 -0.156955 0.039044
v -1.205553 -0.122926 0.039711
v -1.316548 -0.204291 0.014219
v -1.215579 -0.121867 0.046809
v -1.205603 -0.118754 0.044681
v -1.259864 -0.165024 0.036437
v -1.303063 -0.162664 0.029336
v -1.339811 -0.155229 0.023120
v -1.267055 -0.122949 0.040074
v -1.347670 -0.148253 0.014994
v -1.322230 -0.109087 0.028818
v -1.331573 -0.104521 0.019986
v -1.288532 -0.117782 0.035824
v -1.305644 -0.069832 0.030078
v -1.275294 -0.081382 0.037140
v -1.293038 -0.040650 0.028140
v -1.219522 -0.088322 0.045368
v -1.209271 -0.088055 0.042149
v -1.213802 -0.055240 0.034328
v -1.262144 -0.051640 0.035262
v -1.276291 -0.008797 0.021854
v -1.224274 -0.052565 0.038563
v -1.218334 -0.023852 0.023778
v -1.247578 -0.016235 0.026473
v -1.228927 -0.017074 0.027975
v -1.220355 0.007358 0.008485
v -1.230975 0.014242 0.014466
v -1.258334 0.022614 0.010945
v -1.631486 -0.086514 -0.036435
v -1.619373 -0.090596 -0.035188
v -1.623852 -0.086724 -0.035811
v -1.617440 -0.097896 -0.034857
v -1.637000 -0.090039 -0.036869
v -1.619102 -0.103464 -0.034884
v -1.636240 -0.121603 -0.036730
v -1.653244 -0.107959 -0.038448
v -1.649403 -0.136782 -0.038957
v -1.666945 -0.123423 -0.041834
v -1.654821 -0.139651 -0.040179
v -1.668884 -0.128094 -0.042641
v -1.661604 -0.140740 -0.041815
v -1.669621 -0.134332 -0.043413
v -1.581220 0.017526 -0.040457
v -1.579511 0.024576 -0.035437
v -1.588592 0.025343 -0.043429
v -1.562081 0.013928 -0.030221
v -1.563990 0.007917 -0.035946
v -1.537693 -0.006258 -0.029660
v -1.535625 -0.000690 -0.023601
v -1.512806 -0.022505 -0.023800
v -1.510666 -0.017234 -0.017442
v -1.490642 -0.038220 -0.018476
v -1.488472 -0.033020 -0.011911
v -1.466715 -0.058253 -0.012092
v -1.464473 -0.053224 -0.005280
v -1.444596 -0.078700 -0.004983
v -1.442204 -0.073714 0.001599
v -1.423224 -0.092297 0.007669
v -1.425830 -0.097148 0.001228
v -1.405447 -0.118415 0.006591
v -1.390237 -0.126668 0.016159
v -1.346252 0.120717 -0.042234
v -1.389404 0.125957 -0.047514
v -1.362089 0.114952 -0.046697
v -1.389878 0.117914 -0.050221
v -1.413454 0.126306 -0.049698
v -1.413238 0.118016 -0.052489
v -1.440254 0.125175 -0.051828
v -1.439461 0.116629 -0.054728
v -1.472275 0.122742 -0.053811
v -1.471161 0.114266 -0.056921
v -1.506768 0.118546 -0.055398
v -1.505241 0.110620 -0.059053
v -1.539971 0.110065 -0.055804
v -1.537921 0.102756 -0.059726
v -1.572181 0.100094 -0.056040
v -1.569618 0.092999 -0.060070
v -1.599807 0.090333 -0.055749
v -1.596719 0.083245 -0.059931
v -1.628442 0.077117 -0.054872
v -1.625076 0.070185 -0.059152
v -1.660055 0.060551 -0.053904
v -1.656484 0.054335 -0.058491
v -1.685963 0.033495 -0.058328
v -1.695140 0.035555 -0.053601
v -0.774309 -0.173450 -0.253210
v -0.807005 -0.195194 -0.238498
v -0.782558 -0.202003 -0.239091
v -0.798915 -0.167172 -0.252356
v -0.766204 -0.144640 -0.264021
v -0.790954 -0.138910 -0.262985
v -1.796921 -0.036068 -0.069707
v -1.825843 -0.036328 -0.082063
v -1.832172 -0.037538 -0.063712
v -1.862102 -0.036965 -0.063723
v -1.848757 -0.034015 -0.095720
v -1.888949 -0.035006 -0.068045
v -1.869617 -0.029512 -0.110892
v -1.902797 -0.032342 -0.077472
v -1.910015 -0.031000 -0.091852
v -1.884147 -0.020592 -0.127310
v -1.915305 -0.029426 -0.118740
v -1.912102 -0.031244 -0.147218
v -1.869506 0.208402 -0.192502
v -1.901487 0.206679 -0.203249
v -1.903759 0.211148 -0.175341
v -1.901340 0.211856 -0.155330
v -1.858072 0.198115 -0.172832
v -1.893613 0.209633 -0.133516
v -1.842978 0.188843 -0.154622
v -1.880290 0.204755 -0.123432
v -1.852686 0.192856 -0.118690
v -1.814970 0.177531 -0.136024
v -1.820583 0.180285 -0.119749
v -1.784172 0.167305 -0.123586
v -1.903224 0.103125 -0.158543
v -1.930206 0.125425 -0.149821
v -1.930796 0.116268 -0.174830
v -1.924760 0.132180 -0.131239
v -1.885123 0.114479 -0.146447
v -1.914773 0.138333 -0.114894
v -1.898681 0.139957 -0.106546
v -1.860424 0.121307 -0.133334
v -1.869156 0.134689 -0.105523
v -1.832418 0.122474 -0.122781
v -1.833599 0.127692 -0.106421
v -1.799492 0.120564 -0.111804
v -1.691801 0.362090 -0.208409
v -1.716774 0.373671 -0.219711
v -1.722439 0.382039 -0.199115
v -1.744536 0.398640 -0.202164
v -1.736687 0.387516 -0.235948
v -1.765039 0.412667 -0.208880
v -1.749472 0.398673 -0.251386
v -1.776501 0.420302 -0.218370
v -1.783791 0.422446 -0.231489
v -1.763533 0.410603 -0.266854
v -1.790269 0.421838 -0.255457
v -1.791343 0.417867 -0.282463
v -0.822364 -0.266514 -0.180511
v -0.830245 -0.270292 -0.180160
v -0.822803 -0.247760 -0.202500
v -0.809497 -0.231462 -0.216320
v -0.777488 -0.237218 -0.214348
v -0.789475 -0.273139 -0.179219
v -0.760640 -0.191119 -0.249628
v -0.792831 -0.185529 -0.251660
v -0.663389 -0.260822 -0.217229
v -0.673259 -0.303658 -0.181429
v -0.647735 -0.214005 -0.248504
v -0.490074 -0.303023 -0.235697
v -0.507672 -0.380013 -0.155014
v -0.632376 -0.162122 -0.264162
v -0.312377 -0.351320 -0.262719
v -0.326143 -0.431671 -0.177347
v -0.466048 -0.200037 -0.277114
v -0.292788 -0.238797 -0.309813
v -0.126765 -0.405177 -0.292641
v -0.137527 -0.489023 -0.193506
v -0.108494 -0.279818 -0.351236
v 0.066220 -0.463935 -0.315040
v 0.057958 -0.545577 -0.206502
v 0.241448 -0.577811 -0.211940
v 0.083834 -0.326564 -0.375902
v 0.246325 -0.502059 -0.326002
v 0.359389 -0.591797 -0.216333
v 0.361288 -0.515896 -0.330979
v 0.258871 -0.369559 -0.386067
v 0.426418 -0.390621 -0.378107
v 0.423494 -0.525066 -0.336084
v 0.483519 -0.528498 -0.344201
v 0.579417 -0.381407 -0.370961
v 0.575538 -0.523568 -0.341919
v 0.113392 -0.169116 -0.325069
v 0.283144 -0.203013 -0.325218
v 0.437054 -0.234328 -0.313155
v 0.589243 -0.245579 -0.298939
v 0.736146 -0.352201 -0.375395
v 0.295430 -0.131775 -0.188013
v 0.738092 -0.203812 -0.332092
v 0.888377 -0.309260 -0.396556
v 0.441203 -0.176877 -0.184973
v 0.592812 -0.155429 -0.208195
v 0.877754 -0.150656 -0.378396
v 1.049578 -0.251348 -0.431005
v 1.019896 -0.097678 -0.423491
v 1.229957 -0.188850 -0.467323
v 0.862903 -0.033007 -0.296843
v 1.193461 -0.037822 -0.456949
v 1.415794 -0.124944 -0.489122
v 0.998160 0.029991 -0.339836
v 1.378095 0.024503 -0.483232
v 1.566346 -0.070034 -0.494217
v 1.165954 0.096875 -0.377454
v 1.525562 0.068633 -0.493834
v 1.667554 -0.026400 -0.499449
v 1.353145 0.163041 -0.411969
v 1.628107 0.095407 -0.500872
v 1.735993 0.005760 -0.506822
v 1.694685 0.116441 -0.508611
v 1.507863 0.214201 -0.432906
v 1.616333 0.231290 -0.462409
v 1.681031 0.238688 -0.485058
v 1.359575 0.228130 -0.255730
v 1.557409 0.307668 -0.273850
v 1.661552 0.343812 -0.384102
v 1.702112 0.364354 -0.439472
v 1.775833 0.470189 -0.362473
v 1.733477 0.438974 -0.283745
v 1.893529 0.535462 -0.270207
v 1.679801 0.377817 -0.177048
v 1.843420 0.490307 -0.177865
v 1.974507 0.502679 -0.076194
v 2.031990 0.560112 -0.166636
v 2.102121 0.446054 0.014369
v 2.182407 0.517911 -0.068050
v 1.929402 0.418111 -0.005968
v 1.801519 0.420578 -0.089489
v 2.032169 0.356422 0.059216
v 2.223236 0.327751 0.078990
v 2.324162 0.393564 0.010433
v 2.387064 0.208870 -0.003216
v 1.877199 0.314957 0.030643
v 2.289297 0.169479 0.054900
v 2.117551 0.249422 0.092381
v 1.958042 0.259057 0.070406
v 1.774369 0.317948 -0.019388
v 1.837791 0.232362 0.039504
v 2.025936 0.176849 0.086273
v 1.665159 0.285741 -0.073657
v 1.889636 0.177830 0.061535
v 1.772383 0.213466 0.018879
v 1.819846 0.113946 0.044981
v 1.926964 0.125176 0.068661
v 2.177458 0.123918 0.072980
v 2.067092 0.084839 0.073358
v 2.290028 0.013294 -0.004202
v 2.378899 0.030455 -0.055456
v 2.305903 -0.097171 -0.145813
v 2.191541 -0.003623 0.024365
v 2.237127 -0.101096 -0.094573
v 2.202313 -0.173852 -0.234776
v 2.084439 -0.014241 0.037763
v 2.146670 -0.172229 -0.183187
v 2.089724 -0.216406 -0.316648
v 2.161966 -0.107929 -0.054317
v 2.044611 -0.213954 -0.268813
v 1.976979 -0.227567 -0.395040
v 1.938306 -0.230457 -0.351693
v 2.092232 -0.173477 -0.141561
v 1.998151 -0.213465 -0.217152
v 1.891114 -0.246045 -0.287602
v 1.851239 -0.247298 -0.188861
v 2.072361 -0.104204 -0.019482
v 2.023960 -0.164333 -0.086475
v 1.947201 -0.202435 -0.140141
v 1.813288 -0.218321 -0.089610
v 1.756649 -0.294361 -0.217389
v 1.976037 -0.149951 -0.053074
v 1.714976 -0.268509 -0.094500
v 1.533906 -0.383372 -0.215843
v 1.910837 -0.171032 -0.067801
v 1.777289 -0.142515 -0.011253
v 1.511892 -0.355708 -0.086996
v 1.326530 -0.440279 -0.194158
v 1.896311 -0.092679 0.003201
v 1.984250 -0.095298 -0.001466
v 1.981951 -0.035290 0.033098
v 1.958309 0.044981 0.059520
v 1.853919 0.005126 0.038759
v 1.736021 -0.041347 0.013020
v 1.703639 0.065248 0.010231
v 1.618457 -0.092722 0.014574
v 1.674439 0.174453 -0.016154
v 1.585599 0.011957 -0.018793
v 1.566430 0.118627 -0.054378
v 1.555159 0.232005 -0.118784
v 1.368818 0.158637 -0.121223
v 1.380198 0.051654 -0.051824
v 1.166633 0.152939 -0.229043
v 1.184921 0.094070 -0.102661
v 1.000886 0.081702 -0.200274
v 1.203427 -0.006558 -0.028826
v 0.868595 0.015110 -0.167909
v 1.399804 -0.052386 0.002207
v 1.020781 0.032393 -0.077297
v 1.041165 -0.061613 -0.000195
v 1.224559 -0.110497 0.023856
v 1.432122 -0.161517 0.038349
v 1.665154 -0.198254 -0.002361
v 1.474665 -0.276036 0.014966
v 1.254610 -0.223977 0.052743
v 1.317379 -0.410383 -0.073503
v 1.120677 -0.483659 -0.164282
v 1.289713 -0.335895 0.022625
v 1.118306 -0.453175 -0.060237
v 0.923687 -0.531545 -0.141138
v 1.078239 -0.281734 0.066450
v 0.923961 -0.500221 -0.040356
v 0.751172 -0.580603 -0.119429
v 1.100863 -0.386812 0.027167
v 0.752605 -0.548110 -0.016423
v 0.580312 -0.633913 -0.099148
v 0.915051 -0.435702 0.039928
v 0.583350 -0.597320 0.013260
v 0.500280 -0.660511 -0.092920
v 0.750385 -0.479925 0.058682
v 0.584534 -0.514489 0.080597
v 0.505300 -0.621860 0.032019
v 0.500036 -0.525467 0.096196
v 0.431654 -0.629965 0.036398
v 0.425590 -0.663561 -0.082497
v 0.437503 -0.530513 0.102081
v 0.375439 -0.618342 0.034558
v 0.369565 -0.649114 -0.080040
v 0.381856 -0.524390 0.105237
v 0.260998 -0.590450 0.033291
v 0.247869 -0.619825 -0.080223
v 0.262752 -0.506664 0.104834
v 0.080134 -0.550645 0.032251
v 0.065349 -0.575061 -0.078790
v 0.082647 -0.478085 0.112199
v -0.130165 -0.499407 0.027681
v -0.136297 -0.516758 -0.078150
v -0.124961 -0.440056 0.112676
v 0.091238 -0.378459 0.174151
v -0.329620 -0.447490 0.018961
v -0.329333 -0.457631 -0.075241
v -0.512900 -0.396821 -0.069873
v 0.270756 -0.403599 0.152684
v -0.115400 -0.342267 0.165124
v 0.388500 -0.418612 0.142584
v 0.099350 -0.249346 0.192892
v 0.442579 -0.425750 0.138187
v 0.285704 -0.269343 0.191686
v 0.492291 -0.422796 0.134023
v 0.450819 -0.284341 0.192138
v 0.590336 -0.413431 0.116461
v 0.748706 -0.377747 0.089475
v 0.598353 -0.284101 0.148554
v 0.907387 -0.332501 0.075177
v 0.748558 -0.261961 0.097327
v 0.900009 -0.221489 0.063544
v 1.058844 -0.168873 0.043264
v 0.893690 -0.112882 0.033556
v 0.749502 -0.154763 0.071065
v 0.882792 -0.022759 -0.046094
v 0.602676 -0.175271 0.112945
v 0.746991 -0.071820 -0.017505
v 0.739759 -0.056144 -0.132356
v 0.731561 -0.102973 -0.248937
v 0.601255 -0.100693 -0.099132
v 0.604999 -0.084937 0.016392
v 0.450863 -0.095924 -0.082003
v 0.458385 -0.067647 0.042650
v 0.454754 -0.167067 0.151676
v 0.311276 -0.046922 0.049586
v 0.303765 -0.061432 -0.084059
v 0.298658 -0.143271 0.167172
v 0.133162 -0.028766 -0.086635
v 0.124050 -0.038076 0.044431
v 0.110124 -0.125529 0.151828
v 0.130003 -0.076934 -0.184724
v -0.061422 -0.015903 -0.087500
v -0.063316 -0.050066 -0.187008
v -0.070016 -0.033130 0.030214
v -0.250976 -0.006351 -0.091065
v -0.081228 -0.139908 -0.306308
v -0.252676 -0.039512 -0.188641
v -0.268055 -0.120179 -0.275817
v -0.431484 0.009751 -0.093546
v -0.443564 -0.095773 -0.254568
v -0.430473 -0.017627 -0.181114
v -0.621654 -0.110201 -0.261429
v -0.602667 -0.021006 -0.221572
v -0.746190 -0.136536 -0.263737
v -0.610672 -0.062460 -0.247174
v -0.807005 -0.195194 -0.238498
v -0.798915 -0.167172 -0.252356
v -0.778462 -0.129930 -0.265800
v -0.790954 -0.138910 -0.262985
v -0.768944 -0.083189 -0.264870
v -0.783374 -0.110862 -0.269758
v -0.776409 -0.083397 -0.272021
v -0.770295 -0.056846 -0.269193
v -0.734714 -0.087305 -0.261820
v -0.756717 -0.033126 -0.256853
v -0.765246 -0.031514 -0.260816
v -0.761438 -0.007720 -0.246628
v -0.750268 0.005765 -0.233002
v -0.723537 -0.037620 -0.252808
v -0.717856 -0.002013 -0.230219
v -0.751084 0.028993 -0.194920
v -0.759006 0.014055 -0.226720
v -0.758023 0.033326 -0.201474
v -0.758344 0.048650 -0.172990
v -0.718693 0.024251 -0.191022
v -0.752717 0.045076 -0.159556
v -0.759884 0.058563 -0.143698
v -0.599536 0.005916 -0.181271
v -0.719376 0.038292 -0.157056
v -0.755925 0.054928 -0.124538
v -0.762662 0.062531 -0.114788
v -0.601088 0.022156 -0.140609
v -0.723527 0.048626 -0.121188
v -0.602674 0.030435 -0.105108
v -0.608039 0.030230 -0.061615
v -0.729176 0.050317 -0.079107
v -0.762250 0.056300 -0.085145
v -0.766693 0.060599 -0.086734
v -0.771862 0.053017 -0.059926
v -0.615831 0.014035 -0.019283
v -0.771655 0.038730 -0.040024
v -0.778047 0.040221 -0.034652
v -0.739106 0.034416 -0.037645
v -0.785087 0.022812 -0.011119
v -0.444100 -0.007565 0.000492
v -0.785229 0.004564 -0.000897
v -0.792795 0.001505 0.010508
v -0.800948 -0.022913 0.030061
v -0.752409 0.000204 0.003338
v -0.799312 -0.038487 0.032147
v -0.809298 -0.049665 0.047316
v -0.626283 -0.017146 0.021233
v -0.765944 -0.043056 0.036318
v -0.813378 -0.083235 0.055922
v -0.817590 -0.077930 0.062090
v -0.825587 -0.107049 0.073988
v -0.638364 -0.059227 0.054176
v -0.824547 -0.131605 0.074222
v -0.833072 -0.136365 0.082666
v -0.839866 -0.165375 0.087615
v -0.777647 -0.089015 0.060992
v -0.834198 -0.181903 0.083610
v -0.845829 -0.193577 0.088427
v -0.788608 -0.136686 0.078680
v -0.649326 -0.105435 0.078180
v -0.463228 -0.078576 0.077217
v -0.660636 -0.154108 0.095016
v -0.484425 -0.177695 0.115613
v -0.281566 -0.096037 0.101777
v -0.798749 -0.185792 0.087464
v -0.671096 -0.204448 0.103772
v -0.260693 -0.023660 0.015430
v -0.085776 -0.110797 0.126626
v -0.300873 -0.200026 0.142979
v -0.103848 -0.223501 0.175244
v -0.316741 -0.312850 0.141666
v -0.505328 -0.291882 0.119568
v -0.325580 -0.398375 0.098046
v -0.682360 -0.258579 0.099886
v -0.515001 -0.355713 0.079525
v -0.687146 -0.288406 0.081066
v -0.808244 -0.236589 0.084142
v -0.691933 -0.318234 0.062246
v -0.842580 -0.229320 0.080939
v -0.850840 -0.220520 0.084722
v -0.854798 -0.245803 0.076201
v -0.812057 -0.265741 0.070426
v -0.845486 -0.257384 0.068075
v -0.857616 -0.269058 0.062682
v -0.814291 -0.288116 0.048226
v -0.848925 -0.280622 0.042962
v -0.859224 -0.289917 0.044158
v -0.691787 -0.332490 0.027532
v -0.815691 -0.306215 0.015286
v -0.850672 -0.298520 0.011106
v -0.859680 -0.307501 0.021559
v -0.859131 -0.320699 -0.003531
v -0.691642 -0.346747 -0.007183
v -0.848415 -0.312860 -0.023615
v -0.857663 -0.328799 -0.029872
v -0.815376 -0.319134 -0.019527
v -0.847633 -0.321407 -0.059973
v -0.855318 -0.331158 -0.056094
v -0.852116 -0.328018 -0.081997
v -0.842391 -0.320897 -0.097434
v -0.848033 -0.319787 -0.107462
v -0.812807 -0.326789 -0.057218
v -0.810085 -0.325830 -0.092486
v -0.689227 -0.347834 -0.045257
v -0.686812 -0.348922 -0.083331
v -0.517426 -0.392576 0.008404
v -1.145508 0.125892 -0.068752
v -1.162222 0.101712 -0.051451
v -1.093046 0.112070 -0.066228
v -1.123903 0.147295 -0.098462
v -1.078450 0.136093 -0.093665
v -1.106460 0.159690 -0.123338
v -1.006238 0.124583 -0.082970
v -1.061842 0.148963 -0.120460
v -1.090861 0.168780 -0.149189
v -1.006039 0.142473 -0.114567
v -0.976526 0.126606 -0.087521
v -0.972004 0.134064 -0.109940
v -1.048109 0.159863 -0.148306
v -1.068575 0.181070 -0.181343
v -1.004616 0.149393 -0.147069
v -0.967467 0.136531 -0.142722
v -1.034549 0.167294 -0.178043
v -1.051906 0.187202 -0.209189
v -0.963899 0.133696 -0.176774
v -1.021493 0.170835 -0.199544
v -1.033123 0.184874 -0.248945
v -1.001884 0.154406 -0.184125
v -0.985152 0.145228 -0.220109
v -0.962155 0.123396 -0.209416
v -1.007360 0.164590 -0.232630
v -1.022741 0.174135 -0.275809
v -0.981028 0.126654 -0.252740
v -1.000759 0.149500 -0.263295
v -1.010880 0.154903 -0.307009
v -0.962415 0.105633 -0.239348
v -0.993512 0.130311 -0.292589
v -1.006274 0.121279 -0.337097
v -0.977863 0.104238 -0.287595
v -0.964380 0.081945 -0.266121
v -0.990688 0.108168 -0.312303
v -1.013968 0.078132 -0.353842
v -0.980909 0.065027 -0.306760
v -0.967722 0.053344 -0.288384
v -0.996351 0.072444 -0.329038
v -0.987059 0.031554 -0.320692
v -0.971355 0.022935 -0.304603
v -1.005528 0.038275 -0.339312
v -1.025715 0.040735 -0.359355
v -0.993260 0.001066 -0.331540
v -0.975138 -0.006600 -0.317287
v -1.012956 0.008411 -0.346813
v -1.032662 0.016388 -0.361751
v -1.000071 -0.030001 -0.339475
v -0.980038 -0.036589 -0.326324
v -0.986717 -0.068216 -0.330975
v -1.021850 -0.023047 -0.353552
v -1.042185 -0.015673 -0.366538
v -1.009894 -0.062380 -0.344260
v -0.995178 -0.101805 -0.330219
v -1.034348 -0.055621 -0.358378
v -1.056745 -0.048735 -0.371639
v -1.022031 -0.096738 -0.342599
v -1.004524 -0.135724 -0.323558
v -1.051694 -0.092547 -0.354701
v -1.091004 -0.081580 -0.376077
v -1.036124 -0.128173 -0.325740
v -1.070395 -0.123486 -0.328101
v -1.111328 -0.117193 -0.339485
v -1.128090 -0.105333 -0.375069
v -1.080307 -0.158653 -0.314709
v -1.045013 -0.163355 -0.314473
v -1.013783 -0.168822 -0.310264
v -1.145676 -0.113384 -0.353519
v -1.150446 -0.115258 -0.367113
v -1.144858 -0.134719 -0.342976
v -1.122682 -0.162258 -0.319256
v -1.096631 -0.206694 -0.292223
v -1.077215 -0.196169 -0.296877
v -1.048815 -0.196384 -0.297105
v -1.022336 -0.199592 -0.293850
v -1.075222 -0.219187 -0.286136
v -1.096173 -0.236590 -0.279995
v -1.051865 -0.223860 -0.281075
v -1.030449 -0.227112 -0.274930
v -1.077139 -0.243850 -0.269541
v -1.057330 -0.248018 -0.260843
v -1.038201 -0.251627 -0.253386
v -1.046093 -0.271942 -0.228637
v -1.064312 -0.268906 -0.236161
v -1.054131 -0.287905 -0.200312
v -1.083735 -0.265790 -0.244752
v -1.102684 -0.262440 -0.254958
v -1.072000 -0.285049 -0.206957
v -1.061738 -0.299526 -0.168588
v -1.079507 -0.296353 -0.173979
v -1.092199 -0.282403 -0.214430
v -1.113271 -0.280832 -0.221881
v -1.100567 -0.293185 -0.180490
v -1.121758 -0.291090 -0.187753
v -1.902427 -0.246852 -0.252227
v -1.880271 -0.259596 -0.278071
v -1.910504 -0.242803 -0.256756
v -1.884511 -0.258795 -0.287043
v -1.913244 -0.273619 -0.298108
v -1.936329 -0.257958 -0.263490
v -1.935980 -0.274827 -0.285782
v -1.941504 -0.272742 -0.267979
v -1.929546 -0.282457 -0.295841
v -1.880916 0.276758 -0.408425
v -1.860121 0.291063 -0.430240
v -1.875707 0.281731 -0.405808
v -1.862904 0.285975 -0.436659
v -1.886932 0.292041 -0.445888
v -1.905229 0.283356 -0.415874
v -1.904068 0.288459 -0.455880
v -1.923789 0.278689 -0.422642
v -1.915822 0.289454 -0.443414
v -1.902073 0.305431 -0.462654
v -1.927684 0.284142 -0.422268
v -1.643482 0.183794 -0.104195
v -1.627687 0.188159 -0.104655
v -1.635337 0.189842 -0.106428
v -1.644376 0.176031 -0.100380
v -1.642697 0.170596 -0.097370
v -1.622075 0.185139 -0.102372
v -1.630768 0.153220 -0.087440
v -1.608598 0.167479 -0.091812
v -1.618343 0.137500 -0.079305
v -1.595803 0.151912 -0.083292
v -1.593188 0.143978 -0.079661
v -1.613634 0.131981 -0.076672
v -1.604608 0.130536 -0.075336
v -1.593345 0.137658 -0.077092
v -1.695140 0.035555 -0.053601
v -1.666377 0.001497 -0.042409
v -1.685963 0.033495 -0.058328
v -1.661341 0.004467 -0.048610
v -1.638427 -0.017247 -0.042515
v -1.643067 -0.020352 -0.036397
v -1.609860 -0.039791 -0.037139
v -1.614052 -0.043272 -0.031240
v -1.580159 -0.058104 -0.032729
v -1.583960 -0.062260 -0.026850
v -1.550487 -0.074278 -0.027912
v -1.554033 -0.078869 -0.021935
v -1.521800 -0.087105 -0.022104
v -1.525018 -0.092067 -0.015834
v -1.493414 -0.103079 -0.007981
v -1.490454 -0.097934 -0.014341
v -1.462458 -0.113057 -0.000313
v -1.459890 -0.107801 -0.006414
v -1.437638 -0.119033 0.006476
v -1.435444 -0.113485 0.000265
v -1.405447 -0.118415 0.006591
v -1.390237 -0.126668 0.016159
v -0.759915 0.067955 -0.181550
v -0.843760 0.082836 -0.189814
v -0.761608 0.079228 -0.148881
v -0.759565 0.051043 -0.212877
v -0.843671 0.066152 -0.219674
v -0.760582 0.029553 -0.241054
v -0.929505 0.101493 -0.237890
v -0.845243 0.043690 -0.246237
v -0.763144 0.005063 -0.263775
v -0.931815 0.076065 -0.264937
v -0.848093 0.017926 -0.268135
v -0.767207 -0.021635 -0.280264
v -0.935246 0.046651 -0.287767
v -0.851797 -0.009620 -0.284140
v -0.772631 -0.049991 -0.290354
v -0.938845 0.015954 -0.304613
v -0.856221 -0.037473 -0.295342
v -0.942563 -0.013699 -0.317972
v -0.779274 -0.079408 -0.293948
v -0.947495 -0.043823 -0.327378
v -0.861826 -0.066105 -0.301470
v -0.786817 -0.109998 -0.292224
v -0.868763 -0.096230 -0.302798
v -0.954350 -0.075949 -0.332134
v -0.795102 -0.140833 -0.284963
v -0.876948 -0.127573 -0.298727
v -0.963088 -0.110356 -0.331211
v -0.885712 -0.159218 -0.289649
v -0.972588 -0.145310 -0.324329
v -0.803836 -0.171721 -0.273200
v -0.981828 -0.179357 -0.310802
v -0.894433 -0.190274 -0.275702
v -0.812725 -0.202290 -0.257814
v -0.990604 -0.210593 -0.293917
v -0.902877 -0.219665 -0.258848
v -0.821492 -0.232133 -0.239711
v -0.998904 -0.238672 -0.274540
v -0.911005 -0.246517 -0.239155
v -0.830047 -0.259785 -0.218227
v -1.006796 -0.263846 -0.252501
v -0.918731 -0.270607 -0.216803
v -0.838189 -0.284570 -0.193898
v -0.845584 -0.306573 -0.168378
v -0.925992 -0.291898 -0.192212
v -1.014496 -0.285812 -0.226933
v -0.852118 -0.324883 -0.141737
v -0.932712 -0.309467 -0.165286
v -0.857689 -0.338698 -0.114098
v -1.022252 -0.303368 -0.197667
v -0.938755 -0.322527 -0.136288
v -1.029684 -0.315962 -0.165027
v 2.237349 -0.271939 -0.627854
v 2.054707 -0.250041 -0.578559
v 2.081590 -0.271746 -0.679530
v 2.205574 -0.252157 -0.527423
v 2.030922 -0.237786 -0.502666
v 2.395544 -0.217019 -0.564149
v 2.172429 -0.238144 -0.442799
v 2.006178 -0.229656 -0.443585
v 2.348450 -0.206394 -0.469707
v 2.089724 -0.216406 -0.316648
v 1.976979 -0.227567 -0.395040
v 2.470663 -0.135485 -0.413800
v 2.134511 -0.224156 -0.371910
v 2.202313 -0.173852 -0.234776
v 2.520220 -0.141964 -0.507236
v 2.262784 -0.180156 -0.297409
v 2.305903 -0.097171 -0.145813
v 2.304744 -0.193693 -0.379200
v 2.374374 -0.107140 -0.222510
v 2.378899 0.030455 -0.055456
v 2.422532 -0.121705 -0.317399
v 2.570457 -0.047436 -0.367400
v 2.622433 -0.048581 -0.455860
v 2.521194 -0.040215 -0.258934
v 2.473464 0.042964 -0.129829
v 2.569616 0.043130 -0.231124
v 2.631645 0.047663 -0.335813
v 2.679780 0.040116 -0.425915
v 2.710477 0.179576 -0.407892
v 2.662959 0.171874 -0.324532
v 2.597793 0.162334 -0.219963
v 2.487216 0.242767 -0.092155
v 2.387064 0.208870 -0.003216
v 2.324162 0.393564 0.010433
v 2.589271 0.271574 -0.212909
v 2.664652 0.290405 -0.336037
v 2.706064 0.293497 -0.409330
v 2.553108 0.386270 -0.218361
v 2.637322 0.410567 -0.363949
v 2.669752 0.420413 -0.424315
v 2.412023 0.442032 -0.102075
v 2.182407 0.517911 -0.068050
v 2.563173 0.507601 -0.364497
v 2.602934 0.521499 -0.450856
v 2.497000 0.481422 -0.237082
v 2.422596 0.554785 -0.261138
v 2.470541 0.582656 -0.386953
v 2.502479 0.603044 -0.490060
v 2.408772 0.646230 -0.521988
v 2.257561 0.569283 -0.175952
v 2.328987 0.614404 -0.308138
v 2.371549 0.630644 -0.423582
v 2.297044 0.673288 -0.564187
v 2.239358 0.628474 -0.356843
v 2.264349 0.655924 -0.468070
v 2.169451 0.676392 -0.606534
v 2.084691 0.603373 -0.278164
v 2.031990 0.560112 -0.166636
v 1.893529 0.535462 -0.270207
v 2.118554 0.637098 -0.406136
v 1.939706 0.570660 -0.367657
v 1.775833 0.470189 -0.362473
v 2.135590 0.656508 -0.514203
v 1.973190 0.602973 -0.472835
v 1.804481 0.503036 -0.437389
v 1.702112 0.364354 -0.439472
v 1.983684 0.627378 -0.569193
v 1.993828 0.652587 -0.668970
v 1.822009 0.537585 -0.525078
v 1.734328 0.380446 -0.499235
v 1.681031 0.238688 -0.485058
v 1.828135 0.559151 -0.609086
v 1.821727 0.591058 -0.709529
v 1.738539 0.402526 -0.564848
v 1.728481 0.416476 -0.642951
v 1.676738 0.428828 -0.744487
v 1.711782 0.266744 -0.664738
v 1.664548 0.252672 -0.753342
v 1.727525 0.265280 -0.593521
v 1.735919 0.131742 -0.671855
v 1.696526 0.102749 -0.752833
v 1.781810 0.015996 -0.664104
v 1.746576 -0.016513 -0.744770
v 1.792231 0.028496 -0.596891
v 1.750350 0.140175 -0.601839
v 1.718819 0.251451 -0.530875
v 1.694685 0.116441 -0.508611
v 1.738133 0.133024 -0.542237
v 1.775589 0.023653 -0.542756
v 1.735993 0.005760 -0.506822
v -2.073101 -0.059297 -0.350944
v -2.088496 -0.037571 -0.336668
v -2.077709 -0.036749 -0.332691
v -2.110587 -0.071224 -0.377804
v -2.072875 -0.114818 -0.346967
v -2.132909 -0.045244 -0.364062
v -2.101110 -0.118899 -0.371500
v -2.137578 -0.080405 -0.411438
v -2.163079 -0.057514 -0.404201
v -2.074702 -0.161288 -0.323573
v -2.072875 -0.114818 -0.346967
v -2.191537 -0.099315 -0.459170
v -2.211814 -0.074828 -0.448469
v -2.127846 -0.128183 -0.404948
v -2.106132 -0.164635 -0.351859
v -2.125695 -0.185497 -0.323939
v -2.079266 -0.177958 -0.292787
v -2.157928 -0.190619 -0.365732
v -2.132884 -0.173321 -0.386710
v -2.182537 -0.143157 -0.455224
v -2.190655 -0.184076 -0.440042
v -2.212573 -0.201792 -0.421853
v -2.211397 -0.150535 -0.487476
v -2.220904 -0.189423 -0.476098
v -2.245326 -0.210312 -0.462209
v -2.251609 -0.213995 -0.488820
v -2.225087 -0.193536 -0.497886
v -2.220947 -0.110226 -0.491910
v -2.243892 -0.085420 -0.486527
v -2.251318 -0.088743 -0.508278
v -2.215562 -0.152633 -0.505266
v -2.226720 -0.111133 -0.510159
v -2.264257 -0.094469 -0.537360
v -2.231840 -0.199826 -0.524512
v -2.263968 -0.219707 -0.523944
v -2.221026 -0.156169 -0.526639
v -2.234145 -0.113152 -0.533215
v -2.254181 -0.119043 -0.575864
v -2.288097 -0.104633 -0.582699
v -2.238238 -0.163393 -0.567495
v -2.251589 -0.209827 -0.567055
v -2.285306 -0.227452 -0.570887
v -2.263021 -0.168351 -0.606697
v -2.279184 -0.125541 -0.612076
v -2.308268 -0.116450 -0.616333
v -2.276158 -0.213344 -0.601892
v -2.312220 -0.227765 -0.612106
v -2.298595 -0.134981 -0.633423
v -2.321754 -0.125384 -0.634723
v -2.286050 -0.174139 -0.631594
v -2.324976 -0.139739 -0.652258
v -2.334549 -0.136480 -0.648015
v -2.338475 -0.147644 -0.655989
v -2.316902 -0.152188 -0.653431
v -2.335351 -0.159218 -0.661602
v -2.349874 -0.162813 -0.662630
v -2.314216 -0.180856 -0.654293
v -2.335979 -0.184783 -0.662089
v -2.352156 -0.185787 -0.663422
v -2.345797 -0.207077 -0.653927
v -2.332355 -0.208260 -0.653655
v -2.335847 -0.216074 -0.644853
v -2.314038 -0.208160 -0.645480
v -2.321680 -0.219640 -0.640643
v -2.333032 -0.222787 -0.634675
v -2.296641 -0.214745 -0.625821
v -1.170300 0.295120 -0.630710
v -1.198685 0.300217 -0.667910
v -1.189966 0.317460 -0.653648
v -1.183871 0.270079 -0.640279
v -1.143134 0.275218 -0.611242
v -1.216445 0.284162 -0.675560
v -1.157398 0.245277 -0.619040
v -1.119989 0.252532 -0.581987
v -1.202450 0.251647 -0.644819
v -1.133330 0.218218 -0.589698
v -1.098834 0.224088 -0.547644
v -1.181783 0.220282 -0.620944
v -1.109959 0.184182 -0.553770
v -1.088004 0.198202 -0.522258
v -1.161111 0.191684 -0.589136
v -1.089581 0.149563 -0.515939
v -1.076776 0.186174 -0.504105
v -1.061352 0.158311 -0.469562
v -1.123835 0.153940 -0.553811
v -1.073638 0.109104 -0.477081
v -1.044947 0.128354 -0.437135
v -1.104599 0.121158 -0.516448
v -1.057476 0.085830 -0.451775
v -1.030359 0.104041 -0.405683
v -1.084468 0.081978 -0.480276
v -1.040680 0.058474 -0.417378
v -1.034961 0.099341 -0.395378
v -1.079889 0.075566 -0.474796
v -1.043792 0.055573 -0.405610
v -1.023752 0.096083 -0.393402
v -1.063044 0.049198 -0.444551
v -1.033632 0.052513 -0.404992
v -1.012712 0.078070 -0.363667
v -1.051459 0.031922 -0.420440
v -1.054779 0.028163 -0.409893
v -1.061026 0.024300 -0.418480
v -1.070222 0.061167 -0.459565
v -1.074327 0.043156 -0.444840
v -1.082688 0.056461 -0.462029
v -1.089610 0.067220 -0.473412
v -1.081524 0.048268 -0.466641
v -1.089315 0.057510 -0.477716
v -1.099130 0.068898 -0.483027
v -1.071983 0.034884 -0.447747
v -1.099677 0.031872 -0.473065
v -1.084002 0.017475 -0.449326
v -1.059870 0.015301 -0.422021
v -1.059421 0.017247 -0.410171
v -1.070733 -0.002518 -0.424194
v -1.045086 0.021294 -0.409096
v -1.063912 0.009136 -0.411236
v -1.053874 0.002750 -0.410338
v -1.072286 -0.005800 -0.413085
v -1.023608 0.040390 -0.368835
v -1.013968 0.078132 -0.353842
v -1.025715 0.040735 -0.359355
v -1.031122 0.016167 -0.369916
v -1.032662 0.016388 -0.361751
v -1.042185 -0.015673 -0.366538
v -1.040327 -0.015563 -0.375422
v -1.056745 -0.048735 -0.371639
v -1.062396 -0.012538 -0.412179
v -1.056566 -0.050388 -0.380251
v -1.091004 -0.081580 -0.376077
v -1.085250 -0.026692 -0.417724
v -1.076000 -0.035640 -0.415639
v -1.088684 -0.084947 -0.388032
v -1.126291 -0.111710 -0.388120
v -1.128090 -0.105333 -0.375069
v -1.097973 -0.065226 -0.421026
v -1.108394 -0.058835 -0.423934
v -1.083273 -0.022646 -0.428399
v -1.133341 -0.093682 -0.421841
v -1.154875 -0.121162 -0.382524
v -1.150446 -0.115258 -0.367113
v -1.099485 -0.004487 -0.451686
v -1.107388 -0.057387 -0.434397
v -1.115697 0.014666 -0.474927
v -1.127317 -0.036187 -0.458372
v -1.139131 -0.082891 -0.436025
v -1.132803 0.036166 -0.491323
v -1.149353 -0.011895 -0.480018
v -1.158388 -0.055045 -0.459188
v -1.141361 -0.084946 -0.425181
v -1.189892 -0.098224 -0.429853
v -1.177819 -0.020499 -0.483533
v -1.184290 -0.106727 -0.412583
v -1.191176 -0.099283 -0.416250
v -1.203373 -0.064316 -0.458265
v -1.236776 -0.095508 -0.425079
v -1.233236 -0.106579 -0.406799
v -1.237967 -0.097164 -0.410597
v -1.218061 -0.127352 -0.383760
v -1.306872 -0.097210 -0.393545
v -1.216455 -0.126265 -0.372757
v -1.302649 -0.119444 -0.371040
v -1.155552 -0.121944 -0.365220
v -1.144858 -0.134719 -0.342976
v -1.301650 -0.121876 -0.360181
v -1.146809 -0.139718 -0.351087
v -1.122682 -0.162258 -0.319256
v -1.210829 -0.137086 -0.374622
v -1.124346 -0.170640 -0.326175
v -1.096631 -0.206694 -0.292223
v -1.196260 -0.154866 -0.357681
v -1.170408 -0.183420 -0.332652
v -1.099967 -0.214537 -0.302005
v -1.096173 -0.236590 -0.279995
v -1.161151 -0.219114 -0.312928
v -1.098843 -0.242076 -0.288077
v -1.161466 -0.251413 -0.296123
v -1.103707 -0.268476 -0.263588
v -1.102684 -0.262440 -0.254958
v -1.114742 -0.290703 -0.229869
v -1.113271 -0.280832 -0.221881
v -1.162964 -0.281008 -0.272780
v -1.123568 -0.304204 -0.192464
v -1.121758 -0.291090 -0.187753
v -1.172505 -0.304532 -0.238216
v -1.183644 -0.320706 -0.197441
v -1.235025 -0.291605 -0.281506
v -1.244356 -0.317486 -0.246401
v -1.263748 -0.338095 -0.202570
v -1.231993 -0.259397 -0.305197
v -1.309290 -0.289055 -0.285663
v -1.312690 -0.316114 -0.257360
v -1.318776 -0.336692 -0.222737
v -1.381954 -0.306783 -0.258470
v -1.379027 -0.331402 -0.231849
v -1.439007 -0.322968 -0.234370
v -1.447938 -0.295778 -0.257373
v -1.510860 -0.316194 -0.230100
v -1.384853 -0.276165 -0.278044
v -1.518295 -0.288721 -0.251615
v -1.580851 -0.316586 -0.228794
v -1.452785 -0.264388 -0.277162
v -1.304044 -0.257852 -0.310657
v -1.590566 -0.292387 -0.258472
v -1.642889 -0.329023 -0.229500
v -1.234221 -0.224108 -0.322555
v -1.382446 -0.243946 -0.296255
v -1.302976 -0.221232 -0.328365
v -1.239356 -0.187704 -0.336856
v -1.247098 -0.157450 -0.349321
v -1.305345 -0.179538 -0.340631
v -1.302197 -0.132275 -0.359588
v -1.377875 -0.208553 -0.318689
v -1.373958 -0.168370 -0.336180
v -1.452922 -0.228708 -0.293395
v -1.449530 -0.192728 -0.312541
v -1.370503 -0.130129 -0.354305
v -1.443241 -0.151447 -0.327447
v -1.526919 -0.210356 -0.280425
v -1.525474 -0.253229 -0.269534
v -1.525817 -0.171611 -0.296666
v -1.603790 -0.253258 -0.282782
v -1.597135 -0.208881 -0.301726
v -1.518413 -0.131864 -0.316378
v -1.652184 -0.302353 -0.258213
v -1.699377 -0.333182 -0.227567
v -1.657665 -0.264927 -0.277405
v -1.710205 -0.300605 -0.248651
v -1.751757 -0.343430 -0.227100
v -1.763734 -0.314279 -0.260437
v -1.717209 -0.270305 -0.275892
v -1.773838 -0.279159 -0.285165
v -1.660145 -0.237846 -0.288405
v -1.720680 -0.225693 -0.300611
v -1.657424 -0.193867 -0.305727
v -1.590961 -0.166813 -0.315929
v -1.726193 -0.172882 -0.307998
v -1.650316 -0.151823 -0.322165
v -1.577186 -0.120679 -0.332607
v -1.785358 -0.203307 -0.297394
v -1.716692 -0.133248 -0.318140
v -1.788153 -0.257279 -0.303200
v -1.787720 -0.153699 -0.306589
v -1.799108 -0.202541 -0.306731
v -1.808918 -0.255136 -0.297191
v -1.815979 -0.271922 -0.274188
v -1.803141 -0.150153 -0.318489
v -1.841388 -0.196988 -0.295619
v -1.822450 -0.255359 -0.293120
v -1.777516 -0.114043 -0.315747
v -1.840496 -0.147972 -0.312471
v -1.796892 -0.110895 -0.330442
v -1.861058 -0.200636 -0.285580
v -1.859764 -0.145616 -0.313124
v -1.834771 -0.105379 -0.329316
v -1.782292 -0.078887 -0.334291
v -1.821065 -0.067954 -0.331596
v -1.860955 -0.103319 -0.328410
v -1.762376 -0.076751 -0.318790
v -1.853096 -0.063537 -0.334880
v -1.798156 -0.029068 -0.346846
v -1.842439 -0.026712 -0.345677
v -1.747706 -0.036777 -0.348084
v -1.702053 -0.090789 -0.326184
v -1.731795 -0.041248 -0.333669
v -1.636465 -0.108824 -0.335706
v -1.622145 -0.059403 -0.348975
v -1.683192 -0.044487 -0.338393
v -1.677282 0.029030 -0.353721
v -1.696868 0.027300 -0.369639
v -1.766604 0.014305 -0.365506
v -1.832712 0.015241 -0.358379
v -1.773019 0.077512 -0.378036
v -1.829258 0.063208 -0.377053
v -1.870580 0.012128 -0.358588
v -1.864511 0.057853 -0.380377
v -1.851011 0.095731 -0.390093
v -1.875139 -0.028254 -0.344095
v -1.869951 0.060109 -0.369954
v -1.876715 0.012155 -0.346725
v -1.879863 -0.063509 -0.338115
v -1.881533 -0.030148 -0.332441
v -1.884728 -0.102887 -0.330656
v -1.885580 -0.065758 -0.326408
v -1.879638 -0.146935 -0.314672
v -1.890089 -0.104871 -0.319309
v -1.884964 -0.149289 -0.301593
v -1.863836 -0.201026 -0.271377
v -1.908330 -0.145116 -0.304700
v -1.863943 -0.247351 -0.276968
v -1.851190 -0.292547 -0.270627
v -1.880271 -0.259596 -0.278071
v -1.886405 -0.232408 -0.251302
v -1.902427 -0.246852 -0.252227
v -1.882810 -0.203617 -0.242391
v -1.894568 -0.187974 -0.247943
v -1.894764 -0.179748 -0.269671
v -1.927846 -0.169514 -0.271541
v -1.929777 -0.142064 -0.310757
v -1.957993 -0.167351 -0.280518
v -1.951992 -0.142469 -0.318830
v -1.911178 -0.104266 -0.321589
v -1.931190 -0.106489 -0.325950
v -1.949554 -0.108827 -0.332347
v -1.948138 -0.073172 -0.333082
v -1.905279 -0.067508 -0.326122
v -1.924765 -0.071075 -0.328369
v -1.949524 -0.040617 -0.317059
v -1.898201 -0.031802 -0.329262
v -1.916703 -0.033728 -0.321940
v -1.929657 -0.015068 -0.295085
v -1.962083 -0.024657 -0.278173
v -1.901212 0.005073 -0.326035
v -1.919456 0.010632 -0.302413
v -1.926927 0.036005 -0.317681
v -1.889382 0.006858 -0.339391
v -1.912668 0.037428 -0.348088
v -1.949456 0.054167 -0.326009
v -1.936222 0.055760 -0.368681
v -1.893223 0.043625 -0.364219
v -1.927022 0.082102 -0.389256
v -1.896618 0.071202 -0.379939
v -1.857230 0.102172 -0.381921
v -1.887301 0.108249 -0.391028
v -1.917145 0.115426 -0.400317
v -1.911330 0.156392 -0.395796
v -1.822119 0.105999 -0.394151
v -1.877720 0.156205 -0.389375
v -1.914987 0.187735 -0.382644
v -1.857374 0.110231 -0.383392
v -1.816822 0.117685 -0.383121
v -1.769646 0.124741 -0.396296
v -1.715373 0.092708 -0.379935
v -1.767889 0.134728 -0.386615
v -1.699066 0.096776 -0.367647
v -1.734729 0.138213 -0.396928
v -1.720617 0.153161 -0.386483
v -1.819256 0.125763 -0.384684
v -1.768542 0.147246 -0.390192
v -1.687499 0.124768 -0.379209
v -1.847157 0.121758 -0.399899
v -1.674613 0.082328 -0.371677
v -1.816267 0.134725 -0.403265
v -1.660883 0.037835 -0.358763
v -1.557856 -0.068989 -0.339577
v -1.653658 0.042874 -0.355040
v -1.511831 -0.085928 -0.329059
v -1.549359 -0.055471 -0.335281
v -1.666879 0.089419 -0.368489
v -1.543963 -0.051146 -0.341465
v -1.427706 -0.119688 -0.342866
v -1.506685 -0.072685 -0.324349
v -1.429181 -0.106145 -0.338106
v -1.370275 -0.117474 -0.352839
v -1.427878 -0.100383 -0.345181
v -1.369099 -0.113977 -0.361740
v -1.503587 -0.066596 -0.331151
v -1.374725 -0.086848 -0.379324
v -1.424496 -0.069231 -0.356497
v -1.306802 -0.086378 -0.394746
v -1.372312 -0.073818 -0.381611
v -1.307528 -0.083748 -0.408017
v -1.374558 -0.069015 -0.390278
v -1.422004 -0.054705 -0.357018
v -1.255230 -0.056520 -0.458747
v -1.420175 -0.047953 -0.367449
v -1.471621 -0.031621 -0.352397
v -1.484078 -0.040284 -0.347150
v -1.470298 -0.025502 -0.364249
v -1.525299 -0.023275 -0.355926
v -1.512747 -0.015425 -0.358975
v -1.510721 -0.008937 -0.371778
v -1.426853 -0.018269 -0.388144
v -1.590535 0.050923 -0.382854
v -1.374731 -0.036506 -0.424319
v -1.443007 0.018146 -0.417592
v -1.314821 -0.048443 -0.448014
v -1.383628 0.007335 -0.454061
v -1.326379 -0.004428 -0.480190
v -1.272264 -0.008234 -0.492980
v -1.226747 -0.023229 -0.486506
v -1.282687 0.046562 -0.511799
v -1.179267 0.012418 -0.498306
v -1.240081 0.018249 -0.504451
v -1.337803 0.049499 -0.504755
v -1.138421 0.040128 -0.506905
v -1.392125 0.061134 -0.483131
v -1.183939 0.017081 -0.515371
v -1.098916 0.078370 -0.499454
v -1.158350 0.084937 -0.533194
v -1.114601 0.109028 -0.528285
v -1.134874 0.141682 -0.567631
v -1.205340 0.065872 -0.540446
v -1.170424 0.173459 -0.594773
v -1.174495 0.120394 -0.566430
v -1.200334 0.171289 -0.590670
v -1.201378 0.155534 -0.596125
v -1.209526 0.198625 -0.618440
v -1.234025 0.160458 -0.596870
v -1.219665 0.109826 -0.569047
v -1.231595 0.142892 -0.602290
v -1.226879 0.236814 -0.649164
v -1.241438 0.270186 -0.676683
v -1.243496 0.189254 -0.621458
v -1.255725 0.225354 -0.646887
v -1.269828 0.260008 -0.671644
v -1.266896 0.156044 -0.594341
v -1.273524 0.188388 -0.618574
v -1.285342 0.224803 -0.638269
v -1.300638 0.253850 -0.660428
v -1.329074 0.249490 -0.646867
v -1.314475 0.224828 -0.624777
v -1.349599 0.251252 -0.630859
v -1.304975 0.192879 -0.608512
v -1.335534 0.232385 -0.607770
v -1.361876 0.261071 -0.611680
v -1.335985 0.203966 -0.588588
v -1.302111 0.160476 -0.587959
v -1.350430 0.246038 -0.588396
v -1.354583 0.220805 -0.565404
v -1.357080 0.262912 -0.572451
v -1.365655 0.278426 -0.590079
v -1.361466 0.240243 -0.549135
v -1.336911 0.174621 -0.562654
v -1.361485 0.190786 -0.535930
v -1.355176 0.285704 -0.554049
v -1.361959 0.299582 -0.568820
v -1.353426 0.319378 -0.552857
v -1.347206 0.302042 -0.523889
v -1.360912 0.260455 -0.530889
v -1.365061 0.277728 -0.493243
v -1.380908 0.206269 -0.520297
v -1.390312 0.225399 -0.505842
v -1.389415 0.258002 -0.481339
v -1.374330 0.153542 -0.514695
v -1.429571 0.257995 -0.448064
v -1.401782 0.271810 -0.453469
v -1.421329 0.278530 -0.434011
v -1.453076 0.285854 -0.413169
v -1.406301 0.174753 -0.491878
v -1.436782 0.201640 -0.470369
v -1.470870 0.232665 -0.442143
v -1.517883 0.281340 -0.413573
v -1.498733 0.308013 -0.394653
v -1.524732 0.286131 -0.404239
v -1.505506 0.311625 -0.384779
v -1.546017 0.256909 -0.425403
v -1.554136 0.263441 -0.417958
v -1.508692 0.208998 -0.436457
v -1.576726 0.232073 -0.426872
v -1.470542 0.175408 -0.450296
v -1.536997 0.186594 -0.435036
v -1.585105 0.238914 -0.418410
v -1.562144 0.273510 -0.425063
v -1.595870 0.215361 -0.423584
v -1.595140 0.248326 -0.425892
v -1.607964 0.300330 -0.423578
v -1.606237 0.220975 -0.413680
v -1.630479 0.267724 -0.423885
v -1.619755 0.227234 -0.419318
v -1.617395 0.195924 -0.416724
v -1.629996 0.199417 -0.404888
v -1.649427 0.237224 -0.415343
v -1.576746 0.166071 -0.430262
v -1.647807 0.201823 -0.408406
v -1.664536 0.272576 -0.423462
v -1.659549 0.300366 -0.425915
v -1.625813 0.326910 -0.413988
v -1.652181 0.331877 -0.420640
v -1.676900 0.226931 -0.410192
v -1.667348 0.323184 -0.418748
v -1.673243 0.330660 -0.425978
v -1.669277 0.301194 -0.418407
v -1.675605 0.270394 -0.416397
v -1.680256 0.297105 -0.424680
v -1.686090 0.224849 -0.400538
v -1.695848 0.316491 -0.448679
v -1.686628 0.265510 -0.421071
v -1.703163 0.283137 -0.442043
v -1.725425 0.314281 -0.450916
v -1.759987 0.315899 -0.440381
v -1.710779 0.248513 -0.432527
v -1.740714 0.277108 -0.445484
v -1.751718 0.309433 -0.450242
v -1.696926 0.218867 -0.405055
v -1.755351 0.237784 -0.432765
v -1.772166 0.272036 -0.443005
v -1.766851 0.304324 -0.449650
v -1.770948 0.310110 -0.438642
v -1.799129 0.335747 -0.446977
v -1.800861 0.270091 -0.439312
v -1.806254 0.273808 -0.426562
v -1.839055 0.305317 -0.440874
v -1.791202 0.230059 -0.426061
v -1.820325 0.226827 -0.414762
v -1.844472 0.259395 -0.405958
v -1.860121 0.291063 -0.430240
v -1.875707 0.281731 -0.405808
v -1.863451 0.259730 -0.380710
v -1.826983 0.224817 -0.398904
v -1.847237 0.231817 -0.388138
v -1.863450 0.238639 -0.369562
v -1.868654 0.195883 -0.381357
v -1.886785 0.216176 -0.358398
v -1.926743 0.212655 -0.348015
v -1.844326 0.170019 -0.390817
v -1.836650 0.173985 -0.403552
v -1.806262 0.185069 -0.409524
v -1.769557 0.155452 -0.408120
v -1.764403 0.197645 -0.418792
v -1.729308 0.176086 -0.409249
v -1.719560 0.214559 -0.421373
v -1.704260 0.179917 -0.396837
v -1.695371 0.187828 -0.393103
v -1.680696 0.130864 -0.376720
v -1.685400 0.190557 -0.402793
v -1.670117 0.132049 -0.388331
v -1.636602 0.142764 -0.403240
v -1.658767 0.088776 -0.377936
v -1.617517 0.143917 -0.405703
v -1.627796 0.100383 -0.392091
v -1.644506 0.043395 -0.367453
v -1.613135 0.048016 -0.380752
v -1.606680 0.102436 -0.392916
v -1.583258 0.057169 -0.391925
v -1.601059 0.107960 -0.402347
v -1.611128 0.150171 -0.417719
v -1.549689 0.119394 -0.418534
v -1.532325 0.071571 -0.408802
v -1.502006 0.141501 -0.436551
v -1.457127 0.082470 -0.440195
v -1.427555 0.137094 -0.468741
v -1.385669 0.110210 -0.500369
v -1.336692 0.141314 -0.525983
v -1.342476 0.093078 -0.518500
v -1.300076 0.129940 -0.532511
v -1.293237 0.082954 -0.524932
v -1.290911 0.119333 -0.547057
v -1.295318 0.141926 -0.593416
v -1.284824 0.073551 -0.538797
v -1.269237 0.138291 -0.599640
v -1.264906 0.108710 -0.563702
v -1.257491 0.065425 -0.543095
v -1.277880 0.046845 -0.528663
v -1.241722 0.019823 -0.520622
v -1.146511 -0.142754 0.055322
v -1.205603 -0.118754 0.044681
v -1.205553 -0.122926 0.039711
v -1.145071 -0.138757 0.061639
v -1.102652 -0.156880 0.069305
v -1.190680 -0.102401 0.047289
v -1.099750 -0.154296 0.076012
v -1.067887 -0.174526 0.083283
v -1.066199 -0.170375 0.088931
v -1.136324 -0.121066 0.064158
v -1.133604 -0.122800 0.052525
v -1.188136 -0.104117 0.035912
v -1.076701 -0.145137 0.071210
v -1.078752 -0.141955 0.083373
v -1.059009 -0.138026 0.093276
v -1.008157 0.106676 -0.066043
v -1.084196 0.094786 -0.056620
v -1.013034 0.089792 -0.041806
v -1.091945 0.078519 -0.036747
v -1.148355 0.084170 -0.045856
v -1.019917 0.066415 -0.017580
v -1.160895 0.067617 -0.032150
v -1.101768 0.055844 -0.018405
v -1.028975 0.035836 0.010305
v -1.176566 0.044595 -0.019717
v -1.111587 0.030358 0.001319
v -1.039203 0.002470 0.034338
v -1.188990 0.023512 -0.007301
v -1.122830 0.001640 0.016877
v -1.199726 0.000062 0.002127
v -1.198730 -0.025922 0.015745
v -1.126127 -0.031395 0.031563
v -1.048942 -0.038124 0.050359
v -1.195114 -0.052038 0.024642
v -1.130295 -0.065142 0.041133
v -1.059811 -0.080430 0.061285
v -1.191301 -0.079073 0.032634
v -1.131902 -0.096073 0.049144
v -1.188136 -0.104117 0.035912
v -1.068132 -0.113535 0.068280
v -1.133604 -0.122800 0.052525
v -1.076701 -0.145137 0.071210
v -1.721164 0.227627 -0.138141
v -1.708367 0.264241 -0.153571
v -1.726171 0.244992 -0.161869
v -1.690876 0.240511 -0.135324
v -1.686398 0.283372 -0.157706
v -1.669173 0.253926 -0.138686
v -1.659552 0.302869 -0.167341
v -1.652987 0.224052 -0.119678
v -1.635794 0.275651 -0.147179
v -1.585460 0.269878 -0.140553
v -1.607125 0.307768 -0.169732
v -1.632478 0.327612 -0.184384
v -1.622009 0.349072 -0.213958
v -1.578343 0.293810 -0.159493
v -1.560272 0.309337 -0.175439
v -1.588122 0.338146 -0.202709
v -1.613766 0.365443 -0.243405
v -1.538318 0.336186 -0.216330
v -1.576282 0.359143 -0.243246
v -1.612957 0.381427 -0.276220
v -1.488182 0.335189 -0.240075
v -1.542556 0.352456 -0.250229
v -1.585607 0.375592 -0.285521
v -1.635274 0.394089 -0.300909
v -1.448488 0.337507 -0.268718
v -1.502130 0.347835 -0.269276
v -1.549138 0.365685 -0.293999
v -1.432092 0.340496 -0.316549
v -1.427240 0.332897 -0.323345
v -1.455825 0.332518 -0.342765
v -1.471118 0.345329 -0.290757
v -1.462449 0.342517 -0.338338
v -1.482667 0.327439 -0.360461
v -1.504682 0.354829 -0.310061
v -1.489170 0.339817 -0.358941
v -1.505506 0.311625 -0.384779
v -1.512013 0.321842 -0.387244
v -1.525563 0.357337 -0.337978
v -1.552476 0.350047 -0.365919
v -1.559922 0.367600 -0.331601
v -1.603351 0.366781 -0.362287
v -1.603001 0.381688 -0.327458
v -1.648739 0.396205 -0.331447
v -1.665497 0.401698 -0.320845
v -1.645596 0.381779 -0.363791
v -1.678733 0.403052 -0.337283
v -1.687948 0.392747 -0.365967
v -1.652181 0.331877 -0.420640
v -1.673243 0.330660 -0.425978
v -1.684257 0.375144 -0.394512
v -1.649199 0.361668 -0.393090
v -1.687948 0.392747 -0.365967
v -1.625813 0.326910 -0.413988
v -1.645596 0.381779 -0.363791
v -1.612940 0.345925 -0.392842
v -1.607964 0.300330 -0.423578
v -1.603351 0.366781 -0.362287
v -1.575854 0.325480 -0.398415
v -1.562144 0.273510 -0.425063
v -1.552476 0.350047 -0.365919
v -1.533402 0.298233 -0.407648
v -1.554136 0.263441 -0.417958
v -1.512013 0.321842 -0.387244
v -1.524732 0.286131 -0.404239
v -1.505506 0.311625 -0.384779
v -1.128093 -0.298485 -0.146805
v -1.123568 -0.304204 -0.192464
v -1.121758 -0.291090 -0.187753
v -1.132486 -0.308218 -0.147417
v -1.133901 -0.291554 -0.101424
v -1.183644 -0.320706 -0.197441
v -1.137056 -0.303703 -0.102556
v -1.142694 -0.279712 -0.057814
v -1.187559 -0.324387 -0.151182
v -1.149767 -0.289414 -0.052103
v -1.145948 -0.273935 -0.044903
v -1.190840 -0.286228 -0.054529
v -1.189939 -0.317164 -0.106410
v -1.191603 -0.298584 -0.060875
v -1.249317 -0.297993 -0.059519
v -1.249933 -0.311928 -0.065821
v -1.320059 -0.312913 -0.066109
v -1.254052 -0.332035 -0.107494
v -1.322640 -0.325564 -0.069963
v -1.374890 -0.327845 -0.078668
v -1.381968 -0.314711 -0.075500
v -1.393320 -0.312097 -0.077681
v -1.325044 -0.344471 -0.108413
v -1.255825 -0.341897 -0.151225
v -1.263748 -0.338095 -0.202570
v -1.411128 -0.327879 -0.084085
v -1.406436 -0.315184 -0.080559
v -1.458031 -0.315567 -0.088308
v -1.320791 -0.347841 -0.191823
v -1.318776 -0.336692 -0.222737
v -1.379027 -0.331402 -0.231849
v -1.321885 -0.351908 -0.147434
v -1.379550 -0.346701 -0.194395
v -1.439007 -0.322968 -0.234370
v -1.376238 -0.344814 -0.113255
v -1.378358 -0.351585 -0.151150
v -1.421159 -0.342885 -0.118117
v -1.460667 -0.327983 -0.092303
v -1.507332 -0.316849 -0.095542
v -1.428370 -0.347868 -0.152510
v -1.473267 -0.342780 -0.127636
v -1.509257 -0.329364 -0.099851
v -1.582450 -0.313234 -0.105320
v -1.435544 -0.341146 -0.196195
v -1.510860 -0.316194 -0.230100
v -1.490129 -0.343633 -0.159632
v -1.504244 -0.334243 -0.196540
v -1.570235 -0.330984 -0.198013
v -1.580851 -0.316586 -0.228794
v -1.554005 -0.340346 -0.162399
v -1.535231 -0.341071 -0.133090
v -1.631624 -0.339701 -0.196671
v -1.642889 -0.329023 -0.229500
v -1.583588 -0.325480 -0.106974
v -1.633556 -0.308304 -0.107708
v -1.602207 -0.336210 -0.134924
v -1.634755 -0.321372 -0.110160
v -1.685786 -0.305868 -0.109280
v -1.681616 -0.293109 -0.105346
v -1.655253 -0.331778 -0.133341
v -1.695374 -0.314741 -0.121708
v -1.618630 -0.339935 -0.164474
v -1.674260 -0.342631 -0.161726
v -1.721241 -0.327179 -0.143883
v -1.695228 -0.347002 -0.189287
v -1.735540 -0.332236 -0.158452
v -1.699377 -0.333182 -0.227567
v -1.744752 -0.339227 -0.183269
v -1.751757 -0.343430 -0.227100
v -2.025121 -0.027383 -0.299644
v -2.032379 -0.025946 -0.271392
v -2.011043 -0.016161 -0.297443
v -2.020090 -0.012415 -0.265739
v -2.039427 -0.027726 -0.245000
v -1.966104 -0.016662 -0.281580
v -1.971456 -0.020268 -0.246123
v -1.962083 -0.024657 -0.278173
v -2.028632 -0.018439 -0.236322
v -1.976013 -0.012178 -0.247539
v -1.982089 -0.023442 -0.219705
v -2.044421 -0.037012 -0.224752
v -1.987154 -0.017198 -0.217306
v -2.034535 -0.041060 -0.206372
v -2.047425 -0.054017 -0.209774
v -1.994859 -0.037697 -0.194082
v -1.946208 0.006710 -0.196132
v -1.940843 0.003054 -0.198033
v -1.961034 -0.024712 -0.174825
v -1.941033 0.027191 -0.200252
v -1.932234 0.030017 -0.210535
v -1.924248 0.036014 -0.183020
v -1.927313 0.030185 -0.176530
v -1.901271 0.036602 -0.161806
v -1.932196 -0.003893 -0.167095
v -1.902767 0.030676 -0.153491
v -1.865479 0.036817 -0.135416
v -1.902256 0.002961 -0.145553
v -1.865913 0.030379 -0.125251
v -1.812897 0.034408 -0.110035
v -1.917833 -0.029907 -0.143905
v -1.865536 0.002689 -0.115025
v -1.961359 -0.051674 -0.161148
v -1.888559 -0.016639 -0.123865
v -1.912102 -0.031244 -0.147218
v -1.884147 -0.020592 -0.127310
v -1.869617 -0.029512 -0.110892
v -1.868687 -0.025384 -0.102488
v -1.848757 -0.034015 -0.095720
v -1.846548 -0.029998 -0.089060
v -1.825843 -0.036328 -0.082063
v -1.823779 0.002480 -0.094847
v -1.818118 -0.031356 -0.072596
v -1.796921 -0.036068 -0.069707
v -1.795225 -0.030794 -0.063631
v -1.815286 0.028415 -0.101074
v -1.792681 0.000279 -0.079893
v -1.777514 0.027996 -0.080325
v -1.774030 0.034587 -0.089113
v -1.774581 -0.010471 -0.064215
v -1.756074 0.003739 -0.059060
v -1.762342 0.032153 -0.088839
v -1.745197 0.001585 -0.060686
v -1.764738 -0.032141 -0.050861
v -1.742977 -0.030102 -0.044512
v -1.731930 -0.032779 -0.048443
v -1.793445 -0.058471 -0.056540
v -1.796921 -0.036068 -0.069707
v -1.796083 -0.060244 -0.064448
v -1.793315 -0.086347 -0.065018
v -1.791645 -0.088440 -0.057642
v -1.758932 -0.061540 -0.046472
v -1.732738 -0.065516 -0.037151
v -1.721735 -0.067464 -0.041568
v -1.760017 -0.093840 -0.050999
v -1.735128 -0.101493 -0.046513
v -1.723829 -0.103114 -0.051166
v -1.732874 -0.139571 -0.059670
v -1.767342 -0.116049 -0.055328
v -1.744579 -0.138759 -0.054101
v -1.758763 -0.165835 -0.071838
v -1.773519 -0.131551 -0.057688
v -1.764943 -0.160457 -0.061225
v -1.775548 -0.170857 -0.076597
v -1.790945 -0.139430 -0.066173
v -1.781092 -0.165026 -0.069555
v -1.807081 -0.173519 -0.083369
v -1.804439 -0.177641 -0.090870
v -1.814813 -0.149664 -0.078841
v -1.813868 -0.094580 -0.065460
v -1.793315 -0.086347 -0.065018
v -1.817391 -0.091403 -0.072816
v -1.834177 -0.181175 -0.099780
v -1.831450 -0.184300 -0.106527
v -1.842067 -0.105122 -0.079430
v -1.844713 -0.102840 -0.088488
v -1.842122 -0.158805 -0.097610
v -1.858176 -0.187610 -0.120752
v -1.855515 -0.190480 -0.127868
v -1.862727 -0.119225 -0.094850
v -1.863397 -0.116628 -0.101316
v -1.875319 -0.133499 -0.113379
v -1.872305 -0.131084 -0.120028
v -1.901565 -0.122975 -0.137668
v -1.905521 -0.127666 -0.134550
v -1.864184 -0.164302 -0.117849
v -1.887035 -0.171463 -0.146775
v -1.878534 -0.193197 -0.148236
v -1.875162 -0.196548 -0.154636
v -1.898099 -0.205475 -0.194454
v -1.889217 -0.207681 -0.201663
v -1.902006 -0.188534 -0.198379
v -1.896679 -0.184645 -0.200892
v -1.928660 -0.170134 -0.214050
v -1.909190 -0.159990 -0.160692
v -1.928708 -0.178781 -0.211771
v -1.964807 -0.166795 -0.238398
v -1.938853 -0.156963 -0.179081
v -1.949059 -0.124612 -0.157761
v -1.979625 -0.157308 -0.204671
v -1.967439 -0.174412 -0.239550
v -1.957993 -0.167351 -0.280518
v -1.957894 -0.172381 -0.290821
v -1.917737 -0.076315 -0.134124
v -1.901565 -0.122975 -0.137668
v -2.009744 -0.180897 -0.253669
v -1.922968 -0.075422 -0.131094
v -2.000262 -0.176842 -0.303561
v -1.912102 -0.031244 -0.147218
v -2.023617 -0.177581 -0.273527
v -2.019306 -0.176614 -0.294715
v -2.027173 -0.172818 -0.251203
v -2.034522 -0.159845 -0.226079
v -2.021457 -0.163309 -0.215369
v -2.039522 -0.145634 -0.207304
v -2.030165 -0.137218 -0.194151
v -2.044498 -0.127079 -0.196586
v -1.991380 -0.130465 -0.184060
v -2.035188 -0.101394 -0.186406
v -2.047308 -0.103697 -0.194221
v -2.048260 -0.077578 -0.199511
v -1.997744 -0.096934 -0.177419
v -2.035703 -0.068728 -0.192315
v -1.957674 -0.086562 -0.155613
v -1.999187 -0.064900 -0.182295
v -2.019306 -0.176614 -0.294715
v -2.016217 -0.167493 -0.311766
v -2.000262 -0.176842 -0.303561
v -1.996019 -0.152414 -0.336442
v -2.014655 -0.150430 -0.325650
v -1.957894 -0.172381 -0.290821
v -2.013715 -0.126507 -0.336617
v -1.951992 -0.142469 -0.318830
v -1.957993 -0.167351 -0.280518
v -1.951014 -0.148578 -0.327338
v -1.949554 -0.108827 -0.332347
v -1.994408 -0.112795 -0.351918
v -2.013278 -0.096233 -0.343387
v -1.950025 -0.110452 -0.342848
v -1.948138 -0.073172 -0.333082
v -1.949201 -0.072837 -0.344331
v -1.995482 -0.073320 -0.354526
v -2.013548 -0.067838 -0.343999
v -1.949524 -0.040617 -0.317059
v -1.966104 -0.016662 -0.281580
v -1.962083 -0.024657 -0.278173
v -1.952395 -0.035631 -0.324686
v -1.948138 -0.073172 -0.333082
v -2.011043 -0.016161 -0.297443
v -1.949201 -0.072837 -0.344331
v -2.019762 -0.033409 -0.321500
v -2.025121 -0.027383 -0.299644
v -2.000688 -0.033403 -0.335006
v -1.995482 -0.073320 -0.354526
v -2.015743 -0.046049 -0.336793
v -2.013548 -0.067838 -0.343999
v -1.982204 0.224648 -0.346337
v -1.957278 0.229112 -0.362797
v -1.971241 0.217769 -0.376434
v -1.973747 0.234101 -0.324057
v -1.993264 0.227521 -0.317556
v -1.930174 0.222070 -0.350368
v -1.987484 0.228197 -0.292638
v -2.003517 0.222453 -0.294483
v -1.942315 0.219247 -0.311462
v -1.926743 0.212655 -0.348015
v -2.001680 0.210365 -0.263409
v -2.013145 0.207962 -0.276212
v -2.021831 0.184273 -0.262858
v -1.947570 0.227213 -0.311693
v -2.017787 0.169188 -0.240276
v -2.028723 0.156943 -0.255105
v -1.960422 0.221458 -0.283119
v -1.907396 0.224869 -0.296393
v -1.902947 0.223030 -0.302613
v -1.921454 0.215334 -0.268055
v -1.976306 0.203812 -0.252359
v -1.891788 0.242074 -0.298663
v -1.878342 0.244679 -0.306808
v -1.877809 0.246416 -0.292232
v -1.886017 0.242974 -0.282783
v -1.865385 0.246036 -0.276964
v -1.874229 0.243757 -0.267797
v -1.853627 0.249860 -0.253560
v -1.890996 0.221788 -0.253108
v -1.862456 0.248448 -0.244566
v -1.836349 0.251902 -0.230311
v -1.924897 0.208052 -0.226752
v -1.844352 0.250237 -0.222780
v -1.949733 0.199910 -0.241894
v -1.822851 0.249949 -0.204240
v -1.814590 0.252175 -0.211516
v -1.968310 0.162684 -0.221344
v -1.792559 0.247255 -0.184659
v -1.785038 0.249331 -0.192584
v -1.992640 0.165221 -0.230929
v -1.748607 0.243968 -0.156661
v -1.736734 0.246656 -0.160479
v -1.999563 0.118117 -0.226194
v -1.721164 0.227627 -0.138141
v -1.726171 0.244992 -0.161869
v -2.025551 0.118642 -0.238079
v -2.032085 0.131999 -0.254686
v -2.031727 0.110804 -0.262561
v -2.015637 0.082615 -0.260110
v -2.027721 0.092993 -0.278439
v -2.021572 0.077614 -0.300458
v -1.732697 0.230347 -0.136223
v -1.728721 0.205496 -0.120700
v -1.715738 0.202029 -0.123163
v -1.765317 0.217612 -0.143907
v -1.726583 0.174663 -0.105259
v -1.712515 0.170775 -0.107136
v -1.760278 0.200377 -0.128290
v -1.755942 0.174955 -0.112016
v -1.729366 0.139330 -0.087867
v -1.715499 0.135519 -0.089841
v -1.734851 0.091182 -0.082908
v -1.757410 0.142135 -0.098438
v -1.747871 0.094584 -0.081852
v -1.752643 0.061967 -0.083435
v -1.779525 0.173039 -0.116455
v -1.765287 0.064862 -0.083629
v -1.762342 0.032153 -0.088839
v -1.774030 0.034587 -0.089113
v -1.811234 0.182832 -0.131362
v -1.782558 0.042560 -0.087122
v -1.812897 0.034408 -0.110035
v -1.785784 0.084919 -0.098297
v -1.819476 0.041939 -0.105495
v -1.865479 0.036817 -0.135416
v -1.805974 0.075353 -0.105108
v -1.773358 0.111556 -0.095788
v -1.798472 0.118294 -0.104261
v -1.788929 0.146348 -0.108113
v -1.799492 0.120564 -0.111804
v -1.792740 0.143744 -0.116076
v -1.784172 0.167305 -0.123586
v -1.814970 0.177531 -0.136024
v -1.799492 0.120564 -0.111804
v -1.832418 0.122474 -0.122781
v -1.839891 0.193958 -0.149237
v -1.842978 0.188843 -0.154622
v -1.843611 0.121323 -0.119402
v -1.860424 0.121307 -0.133334
v -1.834047 0.071706 -0.113927
v -1.878198 0.114675 -0.136175
v -1.885123 0.114479 -0.146447
v -1.868290 0.043900 -0.128963
v -1.901271 0.036602 -0.161806
v -1.869196 0.071196 -0.131312
v -1.905659 0.044295 -0.155567
v -1.924248 0.036014 -0.183020
v -1.907593 0.101760 -0.154709
v -1.903224 0.103125 -0.158543
v -1.930796 0.116268 -0.174830
v -1.936590 0.113569 -0.172074
v -1.909804 0.074784 -0.158475
v -1.930036 0.044619 -0.177629
v -1.936654 0.075723 -0.181128
v -1.941613 0.037386 -0.202102
v -1.932234 0.030017 -0.210535
v -1.938415 0.055251 -0.207651
v -1.946529 0.053955 -0.202516
v -1.957291 0.065713 -0.211296
v -1.949479 0.067270 -0.214094
v -1.963799 0.075460 -0.228738
v -1.958038 0.104298 -0.193137
v -1.970421 0.072559 -0.225093
v -1.978996 0.082457 -0.246018
v -1.947400 0.163152 -0.204130
v -1.974615 0.115286 -0.216061
v -1.985518 0.079170 -0.242968
v -1.969136 0.051430 -0.284895
v -1.963923 0.058348 -0.285897
v -2.001395 0.057258 -0.301372
v -2.014409 0.066425 -0.323657
v -1.990261 0.050432 -0.342636
v -2.007043 0.062965 -0.346225
v -1.955316 0.046952 -0.327739
v -1.949456 0.054167 -0.326009
v -1.930069 0.165829 -0.182714
v -1.930796 0.116268 -0.174830
v -1.923874 0.162252 -0.184958
v -1.901487 0.206679 -0.203249
v -1.904370 0.211785 -0.204829
v -1.879425 0.232090 -0.229272
v -1.870636 0.215964 -0.190941
v -1.901487 0.206679 -0.203249
v -1.858117 0.233917 -0.213159
v -1.869506 0.208402 -0.192502
v -1.837878 0.231780 -0.195500
v -1.858636 0.203008 -0.169225
v -1.858072 0.198115 -0.172832
v -1.806000 0.229586 -0.174553
v -1.787710 0.225988 -0.163597
v -1.979371 0.101166 -0.402092
v -1.962547 0.083334 -0.405526
v -1.989878 0.081359 -0.385107
v -1.976043 0.056982 -0.381727
v -1.999163 0.068571 -0.366616
v -1.928275 0.078004 -0.398416
v -1.990261 0.050432 -0.342636
v -2.007043 0.062965 -0.346225
v -1.955316 0.046952 -0.327739
v -1.940604 0.050059 -0.374755
v -1.927022 0.082102 -0.389256
v -1.936222 0.055760 -0.368681
v -1.949456 0.054167 -0.326009
v -1.893031 -0.388345 -0.258101
v -1.872849 -0.385903 -0.252259
v -1.895630 -0.391824 -0.240422
v -1.880264 -0.389839 -0.222066
v -1.901211 -0.389906 -0.221552
v -1.842888 -0.370163 -0.240758
v -1.908398 -0.383049 -0.202895
v -1.854192 -0.373106 -0.205823
v -1.898614 -0.378613 -0.187397
v -1.916229 -0.373125 -0.189253
v -1.796117 -0.351822 -0.226691
v -1.920676 -0.344691 -0.170910
v -1.925007 -0.360288 -0.182130
v -1.934172 -0.343617 -0.181642
v -1.942589 -0.323530 -0.185716
v -1.877578 -0.356397 -0.172681
v -1.938522 -0.310622 -0.177791
v -1.948916 -0.304369 -0.193504
v -1.899909 -0.324343 -0.161162
v -1.815083 -0.349503 -0.177419
v -1.852799 -0.333345 -0.148003
v -1.947307 -0.283599 -0.194137
v -1.951964 -0.289199 -0.205720
v -1.917274 -0.294987 -0.172555
v -1.878028 -0.300952 -0.142856
v -1.947351 -0.265998 -0.220049
v -1.951198 -0.279832 -0.223202
v -1.946803 -0.275556 -0.245921
v -1.936329 -0.257958 -0.263490
v -1.941504 -0.272742 -0.267979
v -1.927213 -0.269219 -0.190713
v -1.924589 -0.254478 -0.216070
v -1.910504 -0.242803 -0.256756
v -1.914817 -0.256712 -0.215377
v -1.902427 -0.246852 -0.252227
v -1.905384 -0.243551 -0.205041
v -1.896557 -0.247693 -0.207833
v -1.892993 -0.267388 -0.158067
v -1.901052 -0.249372 -0.175797
v -1.900370 -0.224225 -0.191397
v -1.891605 -0.225570 -0.195109
v -1.898752 -0.211498 -0.193338
v -1.889217 -0.207681 -0.201663
v -1.875162 -0.196548 -0.154636
v -1.877880 -0.217836 -0.148911
v -1.877557 -0.200742 -0.149769
v -1.855515 -0.190480 -0.127868
v -1.855407 -0.195179 -0.121089
v -1.831450 -0.184300 -0.106527
v -1.879241 -0.247694 -0.142200
v -1.831652 -0.188494 -0.101282
v -1.804439 -0.177641 -0.090870
v -1.849392 -0.209472 -0.118129
v -1.803086 -0.181264 -0.085169
v -1.775548 -0.170857 -0.076597
v -1.825755 -0.201714 -0.101774
v -1.762465 -0.172994 -0.065372
v -1.758763 -0.165835 -0.071838
v -1.791774 -0.191972 -0.083750
v -1.754369 -0.179154 -0.060935
v -1.741693 -0.175477 -0.063870
v -1.743264 -0.187209 -0.060300
v -1.730982 -0.184598 -0.063374
v -1.769763 -0.196181 -0.076687
v -1.730382 -0.202153 -0.062427
v -1.718318 -0.200136 -0.067689
v -1.754189 -0.206445 -0.072510
v -1.771885 -0.208573 -0.080821
v -1.714389 -0.226474 -0.062864
v -1.701692 -0.224237 -0.066199
v -1.736555 -0.230117 -0.072277
v -1.758742 -0.231868 -0.078127
v -1.771209 -0.211850 -0.086923
v -1.759434 -0.231596 -0.085451
v -1.749943 -0.252715 -0.084726
v -1.746216 -0.254799 -0.078815
v -1.797873 -0.216319 -0.088769
v -1.771209 -0.211850 -0.086923
v -1.798572 -0.220031 -0.096359
v -1.820632 -0.223832 -0.100232
v -1.821075 -0.227933 -0.107290
v -1.839104 -0.226168 -0.112637
v -1.838703 -0.228820 -0.120880
v -1.859200 -0.223284 -0.127897
v -1.854887 -0.224993 -0.133308
v -1.872516 -0.246847 -0.145295
v -1.861377 -0.284039 -0.135290
v -1.872516 -0.246847 -0.145295
v -1.864340 -0.286754 -0.134282
v -1.834656 -0.316837 -0.141347
v -1.838185 -0.322132 -0.139095
v -1.804447 -0.316276 -0.126000
v -1.834656 -0.316837 -0.141347
v -1.805740 -0.310668 -0.131876
v -1.800920 -0.300628 -0.117705
v -1.772319 -0.342712 -0.165556
v -1.759081 -0.350219 -0.230796
v -1.797869 -0.303900 -0.112457
v -1.791656 -0.287766 -0.109120
v -1.768229 -0.323749 -0.134421
v -1.786766 -0.289377 -0.101129
v -1.776473 -0.271809 -0.097524
v -1.754125 -0.341879 -0.181331
v -1.751757 -0.343430 -0.227100
v -1.744752 -0.339227 -0.183269
v -1.745966 -0.333661 -0.155583
v -1.735540 -0.332236 -0.158452
v -1.732155 -0.329826 -0.140965
v -1.721241 -0.327179 -0.143883
v -1.755651 -0.313538 -0.120493
v -1.770787 -0.274733 -0.091181
v -1.749943 -0.252715 -0.084726
v -1.737675 -0.302551 -0.105893
v -1.708350 -0.316245 -0.118335
v -1.695374 -0.314741 -0.121708
v -1.685786 -0.305868 -0.109280
v -1.718600 -0.285441 -0.092100
v -1.697597 -0.293592 -0.093618
v -1.681616 -0.293109 -0.105346
v -1.683081 -0.287220 -0.093320
v -1.727119 -0.253003 -0.077298
v -1.704458 -0.258140 -0.073708
v -1.688447 -0.262562 -0.078856
v -1.913244 -0.273619 -0.298108
v -1.921934 -0.298952 -0.299774
v -1.929546 -0.282457 -0.295841
v -1.888679 -0.315342 -0.297373
v -1.913871 -0.321575 -0.297560
v -1.884511 -0.258795 -0.287043
v -1.905402 -0.344761 -0.291689
v -1.880271 -0.259596 -0.278071
v -1.851190 -0.292547 -0.270627
v -1.877406 -0.352211 -0.281202
v -1.898571 -0.364285 -0.283630
v -1.894116 -0.378930 -0.272461
v -1.872849 -0.385903 -0.252259
v -1.893031 -0.388345 -0.258101
v -1.842888 -0.370163 -0.240758
v -1.841390 -0.336073 -0.265204
v -1.850825 -0.299073 -0.277659
v -1.803174 -0.322290 -0.259339
v -1.796117 -0.351822 -0.226691
v -1.816531 -0.280747 -0.280868
v -1.815979 -0.271922 -0.274188
v -1.759081 -0.350219 -0.230796
v -1.775150 -0.287423 -0.290673
v -1.773838 -0.279159 -0.285165
v -1.763734 -0.314279 -0.260437
v -1.766346 -0.319263 -0.265967
v -1.751757 -0.343430 -0.227100
v -1.855834 0.436690 -0.463292
v -1.861762 0.411933 -0.485686
v -1.864890 0.432930 -0.469631
v -1.851059 0.390280 -0.493161
v -1.864806 0.386438 -0.492697
v -1.836239 0.424253 -0.447680
v -1.862841 0.347882 -0.493393
v -1.873919 0.357642 -0.490261
v -1.887105 0.329464 -0.479651
v -1.832756 0.383875 -0.474663
v -1.785755 0.412038 -0.422348
v -1.844306 0.344734 -0.477502
v -1.883687 0.313713 -0.478750
v -1.902073 0.305431 -0.462654
v -1.904068 0.288459 -0.455880
v -1.886932 0.292041 -0.445888
v -1.866975 0.312150 -0.466520
v -1.862904 0.285975 -0.436659
v -1.840657 0.297961 -0.453772
v -1.839055 0.305317 -0.440874
v -1.860121 0.291063 -0.430240
v -1.799580 0.339694 -0.453500
v -1.799129 0.335747 -0.446977
v -1.785215 0.374490 -0.446094
v -1.761616 0.323696 -0.447893
v -1.759987 0.315899 -0.440381
v -1.736338 0.372520 -0.427197
v -1.729324 0.406982 -0.392168
v -1.682917 0.340830 -0.433033
v -1.673243 0.330660 -0.425978
v -1.684257 0.375144 -0.394512
v -1.687383 0.379530 -0.404212
v -1.691898 0.398580 -0.372454
v -1.687948 0.392747 -0.365967
v -1.863451 0.259730 -0.380710
v -1.893618 0.293938 -0.364427
v -1.875707 0.281731 -0.405808
v -1.875452 0.267906 -0.346848
v -1.880901 0.274308 -0.324160
v -1.863450 0.238639 -0.369562
v -1.878063 0.244343 -0.336149
v -1.878342 0.244679 -0.306808
v -1.886785 0.216176 -0.358398
v -1.899853 0.226986 -0.324459
v -1.902947 0.223030 -0.302613
v -1.926743 0.212655 -0.348015
v -1.942315 0.219247 -0.311462
v -0.855370 -0.194910 0.108624
v -0.860836 -0.224883 0.103909
v -0.853698 -0.195951 0.114387
v -0.859271 -0.226455 0.109775
v -0.846042 -0.198220 0.122948
v -0.865158 -0.252889 0.094156
v -0.851751 -0.229609 0.118189
v -0.830004 -0.201798 0.121346
v -0.863678 -0.255535 0.099102
v -0.868275 -0.278905 0.078578
v -0.835666 -0.232960 0.116442
v -0.822243 -0.202070 0.112566
v -0.866835 -0.282062 0.083273
v -0.870056 -0.302271 0.057501
v -0.856254 -0.259458 0.107290
v -0.840150 -0.262406 0.105793
v -0.827709 -0.231939 0.108015
v -0.827242 -0.226817 0.091706
v -0.822138 -0.199292 0.095582
v -0.850840 -0.220520 0.084722
v -0.845829 -0.193577 0.088427
v -0.854798 -0.245803 0.076201
v -0.831276 -0.252664 0.082902
v -0.832044 -0.260087 0.098040
v -0.834152 -0.276451 0.068996
v -0.857616 -0.269058 0.062682
v -0.843384 -0.289641 0.089306
v -0.835153 -0.286063 0.082516
v -0.835805 -0.297794 0.049990
v -0.859224 -0.289917 0.044158
v -0.836966 -0.309384 0.061522
v -0.845289 -0.314118 0.067120
v -0.859459 -0.287335 0.090077
v -0.845822 -0.335263 0.039702
v -0.868712 -0.306097 0.061513
v -0.870552 -0.322338 0.031534
v -0.861344 -0.312181 0.067472
v -0.869184 -0.326828 0.034618
v -0.869950 -0.337652 0.002769
v -0.861922 -0.333868 0.039293
v -0.868560 -0.342777 0.004774
v -0.868332 -0.347127 -0.026965
v -0.845169 -0.351602 0.009175
v -0.866912 -0.352618 -0.025834
v -0.861240 -0.350705 0.007941
v -0.864279 -0.355991 -0.056250
v -0.865750 -0.350285 -0.056527
v -0.859547 -0.361107 -0.023934
v -0.843457 -0.361818 -0.022269
v -0.860685 -0.353116 -0.086176
v -0.862228 -0.347346 -0.085636
v -0.856032 -0.344357 -0.115373
v -0.857689 -0.338698 -0.114098
v -0.848343 -0.353130 -0.116706
v -0.856836 -0.364834 -0.055571
v -0.853140 -0.362059 -0.086587
v -0.840646 -0.365973 -0.054298
v -0.836973 -0.363108 -0.084823
v -0.832264 -0.354074 -0.114320
v -0.824532 -0.345885 -0.110198
v -0.829061 -0.354580 -0.081809
v -0.832639 -0.357270 -0.052318
v -0.828543 -0.337201 -0.079418
v -0.824371 -0.328891 -0.105482
v -0.848033 -0.319787 -0.107462
v -0.852116 -0.328018 -0.081997
v -0.831813 -0.340305 -0.052885
v -0.855318 -0.331158 -0.056094
v -0.857663 -0.328799 -0.029872
v -0.834211 -0.337788 -0.026000
v -0.859131 -0.320699 -0.003531
v -0.835236 -0.354114 -0.022751
v -0.835713 -0.329401 0.001040
v -0.859680 -0.307501 0.021559
v -0.836867 -0.344641 0.006984
v -0.836274 -0.315839 0.026772
v -0.837478 -0.329376 0.035675
v -1.041706 -0.322327 -0.171458
v -1.022252 -0.303368 -0.197667
v -1.029684 -0.315962 -0.165027
v -1.034001 -0.309571 -0.205266
v -1.014496 -0.285812 -0.226933
v -1.056255 -0.314857 -0.172773
v -1.025957 -0.291645 -0.235135
v -1.006796 -0.263846 -0.252501
v -1.048588 -0.302649 -0.205999
v -1.017970 -0.269080 -0.261146
v -0.998904 -0.238672 -0.274540
v -1.040439 -0.285388 -0.235814
v -1.053815 -0.293040 -0.202670
v -1.061491 -0.304917 -0.170280
v -1.054131 -0.287905 -0.200312
v -1.061738 -0.299526 -0.168588
v -1.046093 -0.271942 -0.228637
v -1.045730 -0.276633 -0.231543
v -1.038201 -0.251627 -0.253386
v -1.032418 -0.263556 -0.261496
v -1.037759 -0.255753 -0.256743
v -1.030449 -0.227112 -0.274930
v -1.009693 -0.242625 -0.284138
v -1.024207 -0.237363 -0.284275
v -1.029839 -0.230675 -0.278755
v -1.022336 -0.199592 -0.293850
v -1.000996 -0.213231 -0.304478
v -0.990604 -0.210593 -0.293917
v -1.015581 -0.208247 -0.304414
v -1.021553 -0.202563 -0.298141
v -1.013783 -0.168822 -0.310264
v -0.991982 -0.181257 -0.322002
v -0.981828 -0.179357 -0.310802
v -1.006569 -0.176302 -0.321870
v -1.012749 -0.171296 -0.315041
v -1.004524 -0.135724 -0.323558
v -0.982485 -0.146152 -0.336517
v -0.972588 -0.145310 -0.324329
v -0.997128 -0.141575 -0.336077
v -1.003456 -0.137466 -0.328568
v -0.995178 -0.101805 -0.330219
v -0.972690 -0.109927 -0.344020
v -0.963088 -0.110356 -0.331211
v -0.987387 -0.105806 -0.343590
v -0.993954 -0.102823 -0.335515
v -0.986717 -0.068216 -0.330975
v -0.963566 -0.073964 -0.344966
v -0.954350 -0.075949 -0.332134
v -0.978376 -0.070211 -0.344681
v -0.956436 -0.040371 -0.339860
v -0.947495 -0.043823 -0.327378
v -0.942563 -0.013699 -0.317972
v -0.985295 -0.068513 -0.336417
v -0.971224 -0.036570 -0.339772
v -0.951385 -0.008783 -0.330029
v -0.938845 0.015954 -0.304613
v -0.978467 -0.036076 -0.331454
v -0.980038 -0.036589 -0.326324
v -0.966098 -0.004869 -0.330094
v -0.947490 0.022674 -0.315942
v -0.935246 0.046651 -0.287767
v -0.973461 -0.005471 -0.322303
v -0.975138 -0.006600 -0.317287
v -0.962227 0.026510 -0.316252
v -0.969631 0.024746 -0.309216
v -0.971355 0.022935 -0.304603
v -0.958417 0.058815 -0.298252
v -0.943659 0.055163 -0.297866
v -0.931815 0.076065 -0.264937
v -0.965918 0.055948 -0.292373
v -0.967722 0.053344 -0.288384
v -0.954798 0.089156 -0.274252
v -0.939984 0.085897 -0.273750
v -0.929505 0.101493 -0.237890
v -0.962454 0.085259 -0.269483
v -0.964380 0.081945 -0.266121
v -0.952653 0.114555 -0.245880
v -0.937561 0.112508 -0.245309
v -0.929222 0.119734 -0.207194
v -0.960449 0.109495 -0.242067
v -0.962415 0.105633 -0.239348
v -0.952367 0.133446 -0.214006
v -0.937220 0.131813 -0.213041
v -0.930995 0.130366 -0.173739
v -0.960187 0.127672 -0.211397
v -0.962155 0.123396 -0.209416
v -0.954262 0.144264 -0.179158
v -0.939127 0.142781 -0.177769
v -0.934621 0.133596 -0.138848
v -0.961988 0.138171 -0.177922
v -0.963899 0.133696 -0.176774
v -0.943131 0.145571 -0.140703
v -0.939380 0.131190 -0.104977
v -0.958229 0.146899 -0.142507
v -0.965712 0.140917 -0.142837
v -0.967467 0.136531 -0.142722
v -0.948145 0.142891 -0.105130
v -0.944448 0.125348 -0.074626
v -0.970430 0.138227 -0.109123
v -0.972004 0.134064 -0.109940
v -0.976526 0.126606 -0.087521
v -0.963240 0.143876 -0.107285
v -0.975434 0.132308 -0.078897
v -0.976933 0.127999 -0.080405
v -0.953427 0.136795 -0.073340
v -0.968563 0.137395 -0.075733
v -0.981231 0.121666 -0.051232
v -0.982552 0.117750 -0.053440
v -0.989320 0.102181 -0.027827
v -0.959404 0.126231 -0.044405
v -0.950221 0.115046 -0.046920
v -0.974522 0.126723 -0.047072
v -0.988085 0.105988 -0.024984
v -0.997301 0.080971 -0.002841
v -0.966592 0.109853 -0.016758
v -0.957150 0.099422 -0.020482
v -0.959119 0.094192 -0.014370
v -0.981578 0.110721 -0.019853
v -0.975162 0.087286 0.010459
v -0.965558 0.077219 0.005672
v -0.996251 0.084365 0.000647
v -0.989999 0.088499 0.006900
v -1.004894 0.059143 0.024347
v -1.006903 0.051714 0.023294
v -0.998803 0.062874 0.031465
v -0.984150 0.061086 0.035432
v -0.974334 0.051645 0.029596
v -1.013663 0.031029 0.045009
v -1.018745 0.013903 0.049177
v -1.007825 0.033929 0.052985
v -0.993285 0.031812 0.057226
v -0.983125 0.023511 0.050322
v -1.016834 0.002867 0.071034
v -1.022503 0.000757 0.062692
v -1.032637 -0.035265 0.073069
v -1.002374 0.000335 0.075341
v -0.992050 -0.007015 0.068111
v -1.026734 -0.032914 0.086701
v -1.032175 -0.033996 0.078097
v -1.042593 -0.072603 0.085210
v -1.012190 -0.035465 0.090662
v -1.001745 -0.041695 0.083586
v -1.037116 -0.072264 0.099034
v -1.042303 -0.072102 0.090332
v -1.051309 -0.106069 0.092030
v -1.022478 -0.074861 0.102556
v -1.011797 -0.079587 0.095779
v -1.051145 -0.106228 0.097098
v -1.059009 -0.138026 0.093276
v -1.059000 -0.139000 0.098258
v -1.046169 -0.107522 0.105708
v -1.054299 -0.141613 0.106760
v -1.031591 -0.110682 0.109098
v -1.039854 -0.145200 0.110335
v -1.020607 -0.113996 0.102242
v -1.028479 -0.146747 0.103463
v -1.059009 -0.138026 0.093276
v -1.066199 -0.170375 0.088931
v -1.059000 -0.139000 0.098258
v -1.066311 -0.172314 0.093817
v -1.067887 -0.174526 0.083283
v -1.054299 -0.141613 0.106760
v -1.072589 -0.204585 0.082850
v -1.072370 -0.201804 0.078160
v -1.077120 -0.230652 0.061406
v -1.061831 -0.176481 0.102190
v -1.039854 -0.145200 0.110335
v -1.077430 -0.234199 0.065764
v -1.080238 -0.255786 0.038625
v -1.068264 -0.210190 0.091025
v -1.047508 -0.180438 0.106232
v -1.028479 -0.146747 0.103463
v -1.035653 -0.180056 0.099276
v -1.041687 -0.213139 0.088902
v -1.054042 -0.215024 0.095547
v -1.046402 -0.243800 0.072149
v -1.073252 -0.241102 0.073493
v -1.059106 -0.246674 0.078146
v -1.062148 -0.273898 0.053778
v -1.049333 -0.270202 0.048899
v -1.080577 -0.259956 0.042515
v -1.076419 -0.267973 0.049346
v -1.063098 -0.296521 0.023071
v -1.050200 -0.291884 0.019584
v -1.081659 -0.281546 0.013421
v -1.081358 -0.276885 0.010349
v -1.077436 -0.290283 0.019026
v -1.061985 -0.313713 -0.013122
v -1.049173 -0.308483 -0.014742
v -1.080813 -0.297884 -0.020700
v -1.080605 -0.292894 -0.022815
v -1.076437 -0.307163 -0.016629
v -1.058941 -0.325494 -0.052852
v -1.046269 -0.319783 -0.052540
v -1.041918 -0.324633 -0.091356
v -1.078000 -0.309088 -0.058243
v -1.077902 -0.303881 -0.059335
v -1.073406 -0.318655 -0.055915
v -1.054411 -0.330803 -0.094045
v -1.036347 -0.323174 -0.129167
v -1.073780 -0.313705 -0.096876
v -1.073845 -0.308395 -0.096788
v -1.068908 -0.323538 -0.096519
v -1.068266 -0.312200 -0.134498
v -1.068358 -0.306662 -0.133799
v -1.063081 -0.322061 -0.136031
v -1.061491 -0.304917 -0.170280
v -1.061738 -0.299526 -0.168588
v -1.056255 -0.314857 -0.172773
v -1.048592 -0.329610 -0.134073
v -1.041706 -0.322327 -0.171458
v -1.029684 -0.315962 -0.165027
v -0.934734 0.083958 -0.018158
v -0.959119 0.094192 -0.014370
v -0.965558 0.077219 0.005672
v -0.905622 0.044676 0.005499
v -0.897641 0.066024 -0.018246
v -0.974334 0.051645 0.029596
v -0.914036 0.019854 0.026998
v -0.983125 0.023511 0.050322
v -0.922578 -0.007563 0.045721
v -0.992050 -0.007015 0.068111
v -0.931183 -0.037008 0.061792
v -1.001745 -0.041695 0.083586
v -0.940015 -0.068911 0.075414
v -1.011797 -0.079587 0.095779
v -0.948735 -0.102355 0.085830
v -1.020607 -0.113996 0.102242
v -0.930664 -0.140909 0.098249
v -0.927455 -0.123914 0.094578
v -1.028479 -0.146747 0.103463
v -0.902943 -0.149554 0.101731
v -0.937469 -0.171446 0.099022
v -1.035653 -0.180056 0.099276
v -0.855370 -0.194910 0.108624
v -0.943381 -0.201545 0.094517
v -0.860836 -0.224883 0.103909
v -0.948298 -0.230775 0.084855
v -0.865158 -0.252889 0.094156
v -1.041687 -0.213139 0.088902
v -0.868275 -0.278905 0.078578
v -0.952001 -0.258249 0.069438
v -1.046402 -0.243800 0.072149
v -0.870056 -0.302271 0.057501
v -0.954252 -0.282882 0.048347
v -1.049333 -0.270202 0.048899
v -0.870552 -0.322338 0.031534
v -0.954788 -0.303178 0.021846
v -1.050200 -0.291884 0.019584
v -0.869950 -0.337652 0.002769
v -0.953876 -0.318658 -0.008413
v -1.049173 -0.308483 -0.014742
v -0.868332 -0.347127 -0.026965
v -0.951666 -0.328691 -0.040773
v -1.046269 -0.319783 -0.052540
v -0.865750 -0.350285 -0.056527
v -0.948312 -0.332516 -0.073456
v -1.041918 -0.324633 -0.091356
v -0.862228 -0.347346 -0.085636
v -0.943990 -0.330344 -0.105454
v -1.036347 -0.323174 -0.129167
v -0.938755 -0.322527 -0.136288
v -0.857689 -0.338698 -0.114098
v -1.029684 -0.315962 -0.165027
v -1.079507 -0.296353 -0.173979
v -1.061738 -0.299526 -0.168588
v -1.068358 -0.306662 -0.133799
v -1.087201 -0.303472 -0.137419
v -1.073845 -0.308395 -0.096788
v -1.100567 -0.293185 -0.180490
v -1.094753 -0.301782 -0.098340
v -1.077902 -0.303881 -0.059335
v -1.108242 -0.300203 -0.141626
v -1.128093 -0.298485 -0.146805
v -1.121758 -0.291090 -0.187753
v -1.133901 -0.291554 -0.101424
v -1.115396 -0.295775 -0.099665
v -1.100944 -0.294620 -0.060229
v -1.124769 -0.285276 -0.058070
v -1.142694 -0.279712 -0.057814
v -1.145948 -0.273935 -0.044903
v -1.105151 -0.282739 -0.026824
v -1.080605 -0.292894 -0.022815
v -1.128848 -0.274009 -0.029679
v -1.149915 -0.267699 -0.032996
v -1.109179 -0.266204 0.003089
v -1.081358 -0.276885 0.010349
v -1.080238 -0.255786 0.038625
v -1.136499 -0.256715 -0.002791
v -1.161296 -0.247153 -0.005275
v -1.112172 -0.233943 0.035350
v -1.077120 -0.230652 0.061406
v -1.143963 -0.226459 0.023633
v -1.173473 -0.224355 0.015938
v -1.112613 -0.196661 0.055921
v -1.072370 -0.201804 0.078160
v -1.152747 -0.192192 0.040078
v -1.189165 -0.190400 0.031814
v -1.108247 -0.167264 0.062115
v -1.067887 -0.174526 0.083283
v -1.102652 -0.156880 0.069305
v -1.146511 -0.142754 0.055322
v -1.156291 -0.160879 0.048668
v -1.198521 -0.156955 0.039044
v -1.205553 -0.122926 0.039711
v -1.796083 -0.060244 -0.064448
v -1.830661 -0.086117 -0.057443
v -1.793315 -0.086347 -0.065018
v -1.831737 -0.060928 -0.058193
v -1.796921 -0.036068 -0.069707
v -1.860059 -0.085777 -0.056305
v -1.832172 -0.037538 -0.063712
v -1.862813 -0.061625 -0.058030
v -1.886310 -0.089690 -0.060296
v -1.862102 -0.036965 -0.063723
v -1.889463 -0.062562 -0.061567
v -1.888949 -0.035006 -0.068045
v -1.903375 -0.064997 -0.070277
v -1.902797 -0.032342 -0.077472
v -1.897817 -0.095485 -0.068423
v -1.910015 -0.031000 -0.091852
v -1.911372 -0.068240 -0.085631
v -1.904647 -0.103529 -0.085896
v -1.917666 -0.072597 -0.108405
v -1.915305 -0.029426 -0.118740
v -1.906871 -0.112676 -0.107219
v -1.917737 -0.076315 -0.134124
v -1.912102 -0.031244 -0.147218
v -1.901565 -0.122975 -0.137668
v -1.792740 0.143744 -0.116076
v -1.833599 0.127692 -0.106421
v -1.799492 0.120564 -0.111804
v -1.827034 0.154085 -0.110628
v -1.784172 0.167305 -0.123586
v -1.869156 0.134689 -0.105523
v -1.820583 0.180285 -0.119749
v -1.861090 0.163922 -0.109213
v -1.898681 0.139957 -0.106546
v -1.852686 0.192856 -0.118690
v -1.890634 0.171417 -0.112063
v -1.880290 0.204755 -0.123432
v -1.893613 0.209633 -0.133516
v -1.906258 0.172674 -0.121736
v -1.914773 0.138333 -0.114894
v -1.901340 0.211856 -0.155330
v -1.916394 0.170619 -0.140852
v -1.924760 0.132180 -0.131239
v -1.930206 0.125425 -0.149821
v -1.922093 0.168379 -0.159560
v -1.930796 0.116268 -0.174830
v -1.903759 0.211148 -0.175341
v -1.923874 0.162252 -0.184958
v -1.901487 0.206679 -0.203249
v -1.819832 0.385225 -0.259262
v -1.790269 0.421838 -0.255457
v -1.791343 0.417867 -0.282463
v -1.814247 0.392164 -0.235058
v -1.837796 0.338130 -0.245795
v -1.831176 0.357328 -0.218201
v -1.783791 0.422446 -0.231489
v -1.820572 0.367495 -0.201086
v -1.803980 0.396875 -0.214252
v -1.808037 0.372361 -0.187736
v -1.793635 0.397821 -0.201011
v -1.776501 0.420302 -0.218370
v -1.794158 0.371802 -0.181970
v -1.780427 0.394264 -0.193576
v -1.765039 0.412667 -0.208880
v -1.744536 0.398640 -0.202164
v -1.757638 0.381991 -0.188305
v -1.768424 0.360187 -0.182359
v -1.722439 0.382039 -0.199115
v -1.731889 0.366927 -0.186499
v -1.691801 0.362090 -0.208409
v -1.742824 0.346207 -0.180804
v -1.703563 0.346945 -0.193576
v -1.714601 0.327019 -0.182248
v -2.088496 -0.037571 -0.336668
v -2.096808 -0.038522 -0.264827
v -2.077709 -0.036749 -0.332691
v -2.129812 -0.040855 -0.284246
v -2.098618 -0.045835 -0.251736
v -2.140354 -0.052998 -0.264629
v -2.144879 -0.041185 -0.328542
v -2.132909 -0.045244 -0.364062
v -2.156643 -0.044279 -0.301728
v -2.102830 -0.067772 -0.229805
v -2.098618 -0.045835 -0.251736
v -2.165709 -0.045623 -0.311044
v -2.147014 -0.069640 -0.248452
v -2.179593 -0.049563 -0.333103
v -2.166890 -0.054363 -0.280976
v -2.177943 -0.057032 -0.293224
v -2.193219 -0.061252 -0.315733
v -2.204302 -0.059751 -0.370369
v -2.163079 -0.057514 -0.404201
v -2.211814 -0.074828 -0.448469
v -2.222876 -0.081120 -0.347543
v -2.202219 -0.079304 -0.301476
v -2.246757 -0.073591 -0.414599
v -2.275221 -0.080598 -0.441981
v -2.243892 -0.085420 -0.486527
v -2.267607 -0.096123 -0.397485
v -2.202689 -0.105047 -0.293507
v -2.229982 -0.113412 -0.332788
v -2.186375 -0.075608 -0.278188
v -2.186669 -0.101170 -0.270381
v -2.174444 -0.072420 -0.263909
v -2.174768 -0.098804 -0.256408
v -2.147115 -0.095502 -0.241369
v -2.101654 -0.091908 -0.222658
v -2.183184 -0.127115 -0.267409
v -2.171305 -0.125978 -0.254004
v -2.143973 -0.122408 -0.238564
v -2.100165 -0.117062 -0.221098
v -2.200146 -0.131851 -0.289022
v -2.137378 -0.144443 -0.243149
v -2.094864 -0.143403 -0.229915
v -2.091017 -0.156423 -0.244135
v -2.164150 -0.151945 -0.258768
v -2.126849 -0.163122 -0.260853
v -2.079266 -0.177958 -0.292787
v -2.125695 -0.185497 -0.323939
v -2.159324 -0.168745 -0.280822
v -2.176078 -0.150047 -0.268968
v -2.178265 -0.173224 -0.304219
v -2.157928 -0.190619 -0.365732
v -2.192531 -0.153882 -0.290195
v -2.201284 -0.179108 -0.336879
v -2.212573 -0.201792 -0.421853
v -2.222713 -0.148904 -0.328031
v -2.251680 -0.188067 -0.388968
v -2.277419 -0.195635 -0.419216
v -2.245326 -0.210312 -0.462209
v -2.269817 -0.163379 -0.383822
v -2.276448 -0.129322 -0.386685
v -2.295065 -0.172429 -0.411901
v -2.294765 -0.101439 -0.425726
v -2.301554 -0.137757 -0.412963
v -2.302750 -0.094577 -0.444568
v -2.313404 -0.114281 -0.435449
v -2.287269 -0.084263 -0.456424
v -2.292915 -0.087329 -0.466953
v -2.310819 -0.098314 -0.457758
v -2.300788 -0.093561 -0.486063
v -2.251318 -0.088743 -0.508278
v -2.264257 -0.094469 -0.537360
v -2.322230 -0.118459 -0.449535
v -2.318094 -0.106803 -0.479115
v -2.315240 -0.106534 -0.521208
v -2.314546 -0.140662 -0.429977
v -2.328745 -0.125993 -0.473167
v -2.312567 -0.166778 -0.426578
v -2.323563 -0.143910 -0.444516
v -2.329575 -0.149060 -0.468352
v -2.334889 -0.128712 -0.508745
v -2.339865 -0.156748 -0.501778
v -2.326256 -0.172088 -0.466363
v -2.320956 -0.168986 -0.441575
v -2.310859 -0.189991 -0.442345
v -2.303345 -0.187141 -0.428215
v -2.288790 -0.199576 -0.435782
v -2.293515 -0.201665 -0.446927
v -2.316748 -0.190672 -0.465747
v -2.301707 -0.203397 -0.468718
v -2.251609 -0.213995 -0.488820
v -2.331687 -0.184677 -0.500518
v -2.316235 -0.204799 -0.505481
v -2.263968 -0.219707 -0.523944
v -2.345812 -0.162560 -0.531401
v -2.339486 -0.188881 -0.533269
v -2.325761 -0.209062 -0.541193
v -2.306859 -0.222341 -0.557996
v -2.285306 -0.227452 -0.570887
v -2.339587 -0.199093 -0.557169
v -2.313422 -0.224763 -0.580856
v -2.312220 -0.227765 -0.612106
v -2.327473 -0.212195 -0.560266
v -2.330843 -0.224261 -0.607929
v -2.333032 -0.222787 -0.634675
v -2.334434 -0.216727 -0.588650
v -2.345350 -0.218948 -0.628059
v -2.340883 -0.212083 -0.589102
v -2.349145 -0.216572 -0.613159
v -2.355768 -0.197492 -0.585320
v -2.356557 -0.211329 -0.637619
v -2.335847 -0.216074 -0.644853
v -2.345797 -0.207077 -0.653927
v -2.346155 -0.184728 -0.550869
v -2.363879 -0.200776 -0.648280
v -2.352156 -0.185787 -0.663422
v -2.358798 -0.212518 -0.626270
v -2.368491 -0.183861 -0.655094
v -2.349874 -0.162813 -0.662630
v -2.371662 -0.198026 -0.636210
v -2.376474 -0.182550 -0.642073
v -2.366508 -0.166265 -0.653345
v -2.359527 -0.153301 -0.646852
v -2.338475 -0.147644 -0.655989
v -2.374043 -0.166911 -0.640869
v -2.347175 -0.140302 -0.640194
v -2.334549 -0.136480 -0.648015
v -2.362843 -0.151011 -0.634444
v -2.338931 -0.133870 -0.627440
v -2.321754 -0.125384 -0.634723
v -2.354241 -0.141008 -0.623307
v -2.320341 -0.117221 -0.602087
v -2.308268 -0.116450 -0.616333
v -2.288097 -0.104633 -0.582699
v -2.338133 -0.127097 -0.600069
v -2.308311 -0.107267 -0.569624
v -2.335330 -0.124344 -0.576728
v -2.326034 -0.118317 -0.555853
v -2.344780 -0.134829 -0.600776
v -2.341758 -0.135554 -0.567396
v -2.342419 -0.137627 -0.541383
v -2.358964 -0.150194 -0.592205
v -2.348615 -0.149005 -0.557044
v -2.348967 -0.166607 -0.551249
v -2.363964 -0.173809 -0.585352
v -2.366481 -0.202347 -0.617760
v -2.376264 -0.180538 -0.622848
v -2.370274 -0.157505 -0.624486
v -2.360221 -0.215292 -0.623564
v -2.357555 -0.215413 -0.624581
v -2.367739 -0.210761 -0.630006
v -2.365070 -0.210526 -0.631371
v -2.377561 -0.198613 -0.637292
v -2.374789 -0.198841 -0.638979
v -2.379906 -0.182688 -0.644696
v -2.382485 -0.182806 -0.642821
v -2.377673 -0.166462 -0.643358
v -2.380510 -0.166867 -0.641943
v -2.369405 -0.154001 -0.639432
v -2.372709 -0.154562 -0.638017
v -2.364534 -0.146492 -0.631353
v -2.361429 -0.145630 -0.632472
v -1.985353 -0.297291 -0.286279
v -1.974475 -0.312333 -0.306633
v -2.001888 -0.301762 -0.296653
v -1.983821 -0.317125 -0.311994
v -1.959248 -0.349380 -0.311045
v -2.001132 -0.314507 -0.312803
v -2.012944 -0.309293 -0.304377
v -1.965150 -0.352566 -0.314936
v -1.946228 -0.388019 -0.297779
v -2.002162 -0.331514 -0.330535
v -2.037384 -0.329164 -0.330959
v -1.954877 -0.392832 -0.303184
v -1.943058 -0.405448 -0.273772
v -1.957626 -0.413967 -0.283577
v -1.982085 -0.362543 -0.331275
v -1.971905 -0.400719 -0.321710
v -1.976304 -0.421275 -0.303725
v -2.002917 -0.376737 -0.352467
v -1.992576 -0.413668 -0.343164
v -2.003601 -0.436393 -0.327772
v -2.023917 -0.344996 -0.351917
v -2.072884 -0.353393 -0.363149
v -2.033051 -0.396609 -0.376058
v -2.023928 -0.431392 -0.365586
v -2.029943 -0.453430 -0.350846
v -2.051454 -0.365242 -0.374468
v -2.068113 -0.379272 -0.388977
v -2.087771 -0.366125 -0.379844
v -2.053002 -0.409479 -0.390499
v -2.043461 -0.441998 -0.380055
v -2.046980 -0.464252 -0.366397
v -2.059021 -0.472414 -0.380306
v -2.084103 -0.391959 -0.411741
v -2.106401 -0.383642 -0.407192
v -2.064308 -0.419741 -0.410331
v -2.056119 -0.453661 -0.402351
v -2.070732 -0.480644 -0.403831
v -2.074813 -0.432433 -0.438618
v -2.098250 -0.404463 -0.442246
v -2.125522 -0.404716 -0.442738
v -2.068825 -0.470569 -0.434954
v -2.086935 -0.493428 -0.432749
v -2.089909 -0.443853 -0.459727
v -2.113179 -0.416415 -0.463483
v -2.140358 -0.419569 -0.461245
v -2.084477 -0.481446 -0.454512
v -2.103085 -0.501262 -0.451876
v -2.113644 -0.459172 -0.479259
v -2.131160 -0.434486 -0.481112
v -2.152937 -0.433182 -0.475714
v -2.105996 -0.488240 -0.471608
v -2.119037 -0.505683 -0.468611
v -2.147529 -0.453048 -0.493527
v -2.162421 -0.448153 -0.490422
v -2.161768 -0.465718 -0.499504
v -2.128561 -0.494075 -0.486068
v -2.134424 -0.505721 -0.481280
v -2.143698 -0.497343 -0.491727
v -2.135901 -0.472863 -0.492278
v -2.153220 -0.482728 -0.498800
v -2.062994 0.225576 -0.420008
v -2.053833 0.222893 -0.333011
v -2.024315 0.218516 -0.406702
v -2.104746 0.239140 -0.366086
v -2.101656 0.232737 -0.438816
v -2.121275 0.231498 -0.344537
v -2.071370 0.203461 -0.298209
v -2.135320 0.243352 -0.381346
v -2.131804 0.216149 -0.324761
v -2.079752 0.180483 -0.287334
v -2.150523 0.238147 -0.358717
v -2.160211 0.244499 -0.401204
v -2.134777 0.229736 -0.466763
v -2.170135 0.240789 -0.371779
v -2.162450 0.221278 -0.338505
v -2.140697 0.188936 -0.314402
v -2.144059 0.159205 -0.307883
v -2.084992 0.153096 -0.282712
v -2.170915 0.193682 -0.328669
v -2.143921 0.134149 -0.310271
v -2.085077 0.117992 -0.294325
v -2.175997 0.164565 -0.322715
v -2.177110 0.137216 -0.324031
v -2.133833 0.109627 -0.326935
v -2.063410 0.076395 -0.361781
v -2.103436 0.080965 -0.371619
v -2.165139 0.111296 -0.341855
v -2.138174 0.082325 -0.385979
v -2.189194 0.112672 -0.359415
v -2.164814 0.084014 -0.415168
v -2.199139 0.138310 -0.337168
v -2.213207 0.113225 -0.389066
v -2.213491 0.138493 -0.355496
v -2.198895 0.166686 -0.336688
v -2.241214 0.113572 -0.422830
v -2.198702 0.086386 -0.456769
v -2.232275 0.137726 -0.379249
v -2.216169 0.165070 -0.355297
v -2.284106 0.116174 -0.468617
v -2.247239 0.091606 -0.498082
v -2.262994 0.151649 -0.412993
v -2.237991 0.162874 -0.379772
v -2.320258 0.117384 -0.507400
v -2.286084 0.093292 -0.532053
v -2.300605 0.151908 -0.461199
v -2.340822 0.116823 -0.530828
v -2.303760 0.091882 -0.550848
v -2.335534 0.149503 -0.501019
v -2.298677 0.189436 -0.465945
v -2.353165 0.137592 -0.521087
v -2.260477 0.193257 -0.418990
v -2.346612 0.114704 -0.543052
v -2.231483 0.194489 -0.386117
v -2.353825 0.113438 -0.561262
v -2.313935 0.086357 -0.581317
v -2.210943 0.195099 -0.362627
v -2.356398 0.097054 -0.614949
v -2.328071 0.081309 -0.622429
v -2.345973 0.074304 -0.665506
v -2.193956 0.196212 -0.342451
v -2.374143 0.086520 -0.662244
v -2.368826 0.073276 -0.705396
v -2.185358 0.224188 -0.352705
v -2.202044 0.224005 -0.371996
v -2.185256 0.239105 -0.389490
v -2.221661 0.224014 -0.396324
v -2.184755 0.241678 -0.433607
v -2.203778 0.237670 -0.413365
v -2.210858 0.237973 -0.463535
v -2.170023 0.223758 -0.502022
v -2.211267 0.220975 -0.535646
v -2.240669 0.226476 -0.436056
v -2.251400 0.235760 -0.501677
v -2.246395 0.220687 -0.566853
v -2.281074 0.219778 -0.479455
v -2.287124 0.234847 -0.536438
v -2.316232 0.219315 -0.517251
v -2.307691 0.233205 -0.559887
v -2.262902 0.218403 -0.588114
v -2.325440 0.227535 -0.543705
v -2.332705 0.187587 -0.504734
v -2.343374 0.213188 -0.531510
v -2.336862 0.226862 -0.560775
v -2.356645 0.159886 -0.521591
v -2.350933 0.187329 -0.523971
v -2.355512 0.212094 -0.548559
v -2.363279 0.186214 -0.541050
v -2.364154 0.135594 -0.536400
v -2.367030 0.159464 -0.536590
v -2.371006 0.134112 -0.558523
v -2.374032 0.155339 -0.560663
v -2.370297 0.181386 -0.565717
v -2.385297 0.141362 -0.598216
v -2.374685 0.115498 -0.602039
v -2.362972 0.205179 -0.574540
v -2.388503 0.109022 -0.641380
v -2.397014 0.137125 -0.633792
v -2.382866 0.174610 -0.604264
v -2.407132 0.116233 -0.667315
v -2.398406 0.101126 -0.665668
v -2.391180 0.082731 -0.702308
v -2.400082 0.083187 -0.736768
v -2.408898 0.097526 -0.695485
v -2.420226 0.097911 -0.731231
v -2.410727 0.089655 -0.750962
v -2.411731 0.106371 -0.694417
v -2.425912 0.102296 -0.745477
v -2.412361 0.097975 -0.762497
v -2.424857 0.106057 -0.723038
v -2.434869 0.114175 -0.746571
v -2.434875 0.114979 -0.760687
v -2.416404 0.111736 -0.774235
v -2.439428 0.124055 -0.770680
v -2.415104 0.136212 -0.787138
v -2.444194 0.130929 -0.758183
v -2.438037 0.143054 -0.779841
v -2.444149 0.147711 -0.766018
v -2.427994 0.160669 -0.780233
v -2.404120 0.156104 -0.788259
v -2.434798 0.162665 -0.767198
v -2.416063 0.169788 -0.771998
v -2.390405 0.169307 -0.779605
v -2.398091 0.183626 -0.759794
v -2.412927 0.175590 -0.757082
v -2.386492 0.182009 -0.767519
v -2.369417 0.173540 -0.773252
v -2.390809 0.191104 -0.745322
v -2.375126 0.190166 -0.752481
v -2.349232 0.179165 -0.761211
v -2.352216 0.199628 -0.723598
v -2.328110 0.195644 -0.729279
v -2.374925 0.200232 -0.719297
v -2.332658 0.208943 -0.688772
v -2.305024 0.205355 -0.691252
v -2.367214 0.204533 -0.693105
v -2.317876 0.213290 -0.643689
v -2.288612 0.208909 -0.651550
v -2.356421 0.209684 -0.660966
v -2.384372 0.196009 -0.687418
v -2.297113 0.224053 -0.604583
v -2.273553 0.214780 -0.615945
v -2.324725 0.226657 -0.595177
v -2.315261 0.231428 -0.574499
v -2.341054 0.214627 -0.628749
v -2.346101 0.220578 -0.583469
v -2.367734 0.203127 -0.613846
v -2.380936 0.193198 -0.650767
v -2.394319 0.166792 -0.639394
v -2.392490 0.182575 -0.668477
v -2.405192 0.135241 -0.655775
v -2.401590 0.160969 -0.656307
v -2.412369 0.158366 -0.677859
v -2.416082 0.126914 -0.684145
v -2.402066 0.183247 -0.694555
v -2.430619 0.119564 -0.724089
v -2.385286 0.194738 -0.708975
v -2.394118 0.189129 -0.732871
v -2.401943 0.188070 -0.731373
v -2.412920 0.182619 -0.732186
v -2.412354 0.183875 -0.751151
v -2.411452 0.182246 -0.754338
v -2.422187 0.174753 -0.762373
v -2.425149 0.177020 -0.760102
v -2.437576 0.164172 -0.769679
v -2.425217 0.170572 -0.731429
v -2.440549 0.165108 -0.767963
v -2.433993 0.153539 -0.728356
v -2.447412 0.147565 -0.768667
v -2.450068 0.148098 -0.767355
v -2.434473 0.135705 -0.726361
v -2.450834 0.131058 -0.758982
v -2.448126 0.129945 -0.760194
v -2.443934 0.119540 -0.751569
v -2.440987 0.117748 -0.751901
v -2.436657 0.110874 -0.742682
v -2.435297 0.109538 -0.744553
v -1.989720 0.318676 -0.416095
v -1.998720 0.367100 -0.368168
v -2.011413 0.326251 -0.426361
v -2.027874 0.372646 -0.385601
v -1.997302 0.381549 -0.363719
v -2.053350 0.379218 -0.402315
v -2.039866 0.335953 -0.453461
v -2.023748 0.392539 -0.378386
v -1.990937 0.409062 -0.364559
v -2.014477 0.415639 -0.378069
v -2.037679 0.398248 -0.386378
v -2.031236 0.423796 -0.389417
v -2.054937 0.403553 -0.395922
v -2.071227 0.384384 -0.420558
v -2.088699 0.385458 -0.444348
v -2.052166 0.338630 -0.479453
v -2.073942 0.406993 -0.414861
v -2.113644 0.388877 -0.481528
v -2.075421 0.341311 -0.508702
v -2.107903 0.349173 -0.544029
v -2.091146 0.420276 -0.442627
v -2.067190 0.432870 -0.418858
v -2.140471 0.394879 -0.517655
v -2.144708 0.357467 -0.581701
v -2.115964 0.425486 -0.482102
v -2.047697 0.429741 -0.399127
v -2.052660 0.458045 -0.428033
v -2.033661 0.454783 -0.408543
v -2.074480 0.459741 -0.455208
v -2.035055 0.479593 -0.442044
v -2.018711 0.448707 -0.399199
v -2.103121 0.461261 -0.494481
v -2.001319 0.441564 -0.388117
v -1.990937 0.409062 -0.364559
v -1.979473 0.433819 -0.375219
v -2.016359 0.476653 -0.421669
v -2.001045 0.469517 -0.411525
v -1.983657 0.463058 -0.401152
v -1.964678 0.455449 -0.388775
v -1.996692 0.484298 -0.441247
v -1.968992 0.471131 -0.421575
v -1.949403 0.465431 -0.412530
v -1.940104 0.466343 -0.432127
v -1.982305 0.477214 -0.430775
v -1.955707 0.472323 -0.444892
v -1.926716 0.454427 -0.462938
v -1.979360 0.480985 -0.461600
v -1.937695 0.461869 -0.470373
v -1.920121 0.440145 -0.482736
v -1.943329 0.453330 -0.502852
v -2.013762 0.487292 -0.459107
v -1.996599 0.484720 -0.475430
v -1.961041 0.454679 -0.519653
v -2.045249 0.484360 -0.478940
v -2.014687 0.483007 -0.506527
v -1.983565 0.451582 -0.544189
v -2.076356 0.481922 -0.515767
v -2.043783 0.481769 -0.542100
v -2.008848 0.454057 -0.570826
v -2.071897 0.485234 -0.571609
v -2.039232 0.457775 -0.599938
v -2.105045 0.483414 -0.547527
v -2.103164 0.490798 -0.603974
v -2.073318 0.460949 -0.633791
v -2.130220 0.463885 -0.528693
v -2.134886 0.489441 -0.582865
v -2.141852 0.429982 -0.518864
v -2.159853 0.467064 -0.564300
v -2.171644 0.400218 -0.553830
v -2.172819 0.432089 -0.554195
v -2.188178 0.403113 -0.574007
v -2.190044 0.424119 -0.569433
v -2.196270 0.402807 -0.587724
v -2.167492 0.358951 -0.615744
v -2.185506 0.447083 -0.572956
v -2.202174 0.425303 -0.584107
v -2.173892 0.469984 -0.580899
v -2.204961 0.402663 -0.608674
v -2.197097 0.449361 -0.587972
v -2.209079 0.424592 -0.608404
v -2.199653 0.377345 -0.639771
v -2.179481 0.353230 -0.648731
v -2.217017 0.401171 -0.642518
v -2.215133 0.367727 -0.681684
v -2.194857 0.345834 -0.686522
v -2.230169 0.396123 -0.675802
v -2.216408 0.432355 -0.641763
v -2.230393 0.363645 -0.717842
v -2.210909 0.344412 -0.721201
v -2.231802 0.353481 -0.759312
v -2.238421 0.387445 -0.702417
v -2.245433 0.366012 -0.755906
v -2.246804 0.362721 -0.788681
v -2.248243 0.383311 -0.726445
v -2.258224 0.372396 -0.785123
v -2.245616 0.368540 -0.801155
v -2.259912 0.381378 -0.756063
v -2.259127 0.378101 -0.800250
v -2.247438 0.379987 -0.812896
v -2.266555 0.386288 -0.783135
v -2.256318 0.388001 -0.812391
v -2.236898 0.396607 -0.826403
v -2.268878 0.396572 -0.797538
v -2.248475 0.404658 -0.826335
v -2.224421 0.414630 -0.828542
v -2.267637 0.403723 -0.808105
v -2.269937 0.399123 -0.785455
v -2.273077 0.413922 -0.800501
v -2.260852 0.418132 -0.819522
v -2.235843 0.422383 -0.828303
v -2.224075 0.432926 -0.821126
v -2.209274 0.425726 -0.821996
v -2.248770 0.432880 -0.822037
v -2.210529 0.441946 -0.812607
v -2.200524 0.433797 -0.816969
v -2.238738 0.441166 -0.816041
v -2.222540 0.450444 -0.805297
v -2.187548 0.448529 -0.788248
v -2.174695 0.438358 -0.795048
v -2.204577 0.458996 -0.784580
v -2.165049 0.454866 -0.759072
v -2.141994 0.442931 -0.761860
v -2.182116 0.462423 -0.755961
v -2.143762 0.462073 -0.723608
v -2.123960 0.447437 -0.730218
v -2.108374 0.453266 -0.693415
v -2.163414 0.467160 -0.722750
v -2.129551 0.472704 -0.684820
v -2.096487 0.458338 -0.665750
v -2.186770 0.468778 -0.731165
v -2.140722 0.490414 -0.652734
v -2.156311 0.480930 -0.681292
v -2.130990 0.493363 -0.634750
v -2.160535 0.492908 -0.641468
v -2.123344 0.493854 -0.623270
v -2.150561 0.498503 -0.621341
v -2.140018 0.496766 -0.607122
v -2.159830 0.490422 -0.592541
v -2.171289 0.492177 -0.607166
v -2.180239 0.484982 -0.631402
v -2.186011 0.472003 -0.596213
v -2.194853 0.467785 -0.621281
v -2.204993 0.446670 -0.613804
v -2.204265 0.461727 -0.650293
v -2.182138 0.479810 -0.664969
v -2.215334 0.453641 -0.678762
v -2.227961 0.426601 -0.673447
v -2.195971 0.468714 -0.695123
v -2.222062 0.448327 -0.698368
v -2.234454 0.424469 -0.694811
v -2.175673 0.472258 -0.708874
v -2.204423 0.462956 -0.714094
v -2.202674 0.460375 -0.738854
v -2.217004 0.457681 -0.723122
v -2.227979 0.445559 -0.713864
v -2.225233 0.455766 -0.754030
v -2.237561 0.430649 -0.709308
v -2.241064 0.441669 -0.742781
v -2.243220 0.415848 -0.712350
v -2.249739 0.427526 -0.737354
v -2.246061 0.400748 -0.718483
v -2.254473 0.408285 -0.737980
v -2.251785 0.394397 -0.735624
v -2.261712 0.393322 -0.760374
v -2.265440 0.423615 -0.771332
v -2.265669 0.405762 -0.764025
v -2.270299 0.396330 -0.781197
v -2.273395 0.397566 -0.782161
v -2.273383 0.404700 -0.791045
v -2.277728 0.406184 -0.791529
v -2.275309 0.415584 -0.801361
v -2.279349 0.416673 -0.802108
v -2.258114 0.437374 -0.778687
v -2.266371 0.427056 -0.810962
v -2.269053 0.429459 -0.811355
v -2.254088 0.439510 -0.814056
v -2.273038 0.430781 -0.812327
v -2.259938 0.443731 -0.816127
v -2.256505 0.441798 -0.814379
v -2.235307 0.448211 -0.805423
v -2.242057 0.447990 -0.808596
v -2.245055 0.450610 -0.810240
v -2.246501 0.448884 -0.783013
v -2.233741 0.454661 -0.783516
v -2.233674 0.454003 -0.802920
v -2.231127 0.450942 -0.802255
v -2.220325 0.453633 -0.789349
v -2.217425 0.456022 -0.793647
v -2.207601 0.458258 -0.763067
v -2.205464 0.462620 -0.770271
v -1.920121 0.440145 -0.482736
v -1.918081 0.423121 -0.499927
v -1.943329 0.453330 -0.502852
v -1.957086 0.430282 -0.525895
v -1.961041 0.454679 -0.519653
v -1.960344 0.403229 -0.523821
v -1.923742 0.395276 -0.502919
v -1.977354 0.430349 -0.550337
v -1.983565 0.451582 -0.544189
v -1.943435 0.357475 -0.486849
v -2.002117 0.429736 -0.579436
v -2.008848 0.454057 -0.570826
v -1.982553 0.403254 -0.554018
v -1.978730 0.368883 -0.509029
v -1.985080 0.326034 -0.458676
v -1.969971 0.319690 -0.451570
v -2.009902 0.335301 -0.481593
v -2.000162 0.368814 -0.538951
v -2.029275 0.335940 -0.512395
v -2.021948 0.406465 -0.601443
v -2.039865 0.371526 -0.586139
v -2.074477 0.341923 -0.562430
v -2.030536 0.434351 -0.605603
v -2.039232 0.457775 -0.599938
v -2.070614 0.409818 -0.638230
v -2.068635 0.436382 -0.638628
v -2.073318 0.460949 -0.633791
v -2.086542 0.381659 -0.625458
v -2.115835 0.356671 -0.601695
v -2.088786 0.433345 -0.667991
v -2.096487 0.458338 -0.665750
v -2.108374 0.453266 -0.693415
v -2.088673 0.407637 -0.664854
v -2.104144 0.379453 -0.652774
v -2.135278 0.355380 -0.632977
v -2.145402 0.345443 -0.664750
v -2.098834 0.428219 -0.698199
v -2.123960 0.447437 -0.730218
v -2.111195 0.372957 -0.678110
v -2.095476 0.403629 -0.690046
v -2.145278 0.340461 -0.693878
v -2.171863 0.337070 -0.693467
v -2.104625 0.399843 -0.716775
v -2.121279 0.367525 -0.704307
v -2.159306 0.340560 -0.719124
v -2.184837 0.337588 -0.718650
v -2.134766 0.367679 -0.730040
v -2.117651 0.399643 -0.741098
v -2.112026 0.425364 -0.729020
v -2.126750 0.422790 -0.754035
v -2.141994 0.442931 -0.761860
v -2.139843 0.401478 -0.771360
v -2.150086 0.422984 -0.780635
v -2.174695 0.438358 -0.795048
v -2.154656 0.370222 -0.759156
v -2.171203 0.404586 -0.797030
v -2.171249 0.421448 -0.799405
v -2.194984 0.423703 -0.816502
v -2.200524 0.433797 -0.816969
v -2.209274 0.425726 -0.821996
v -2.196504 0.406859 -0.813313
v -2.211646 0.411126 -0.823796
v -2.224421 0.414630 -0.828542
v -2.183753 0.377048 -0.790288
v -2.208871 0.384779 -0.812468
v -2.224810 0.389805 -0.823397
v -2.236898 0.396607 -0.826403
v -2.247438 0.379987 -0.812896
v -2.235917 0.372273 -0.809050
v -2.245616 0.368540 -0.801155
v -2.234849 0.360943 -0.793531
v -2.221490 0.366876 -0.799886
v -2.217421 0.350337 -0.771419
v -2.202351 0.356386 -0.779893
v -2.203105 0.344707 -0.747659
v -2.178655 0.345825 -0.748284
v -2.013238 0.056925 -0.349724
v -1.999163 0.068571 -0.366616
v -2.007043 0.062965 -0.346225
v -2.004389 0.062675 -0.371764
v -1.989878 0.081359 -0.385107
v -2.046129 0.066838 -0.389247
v -2.055627 0.062233 -0.366557
v -1.994317 0.076395 -0.392129
v -1.979371 0.101166 -0.402092
v -2.035924 0.080849 -0.409944
v -2.051394 0.078242 -0.387414
v -2.059803 0.074309 -0.367325
v -2.063410 0.076395 -0.361781
v -2.048769 0.086610 -0.394170
v -2.042608 0.090803 -0.405198
v -2.031987 0.132208 -0.419436
v -2.025571 0.103734 -0.427192
v -2.033485 0.110959 -0.420441
v -1.983538 0.097808 -0.409725
v -2.015373 0.136358 -0.439721
v -2.024463 0.139374 -0.431464
v -1.973207 0.129630 -0.422293
v -1.969400 0.130028 -0.414219
v -1.962562 0.161783 -0.418875
v -2.007530 0.171221 -0.444719
v -1.965455 0.164126 -0.427301
v -1.960699 0.188021 -0.413908
v -1.963746 0.191687 -0.421329
v -1.963717 0.206180 -0.399298
v -2.017731 0.169885 -0.435611
v -2.019216 0.190636 -0.424461
v -2.005721 0.199057 -0.438626
v -1.966921 0.211842 -0.406004
v -1.975144 0.224705 -0.381489
v -1.971241 0.217769 -0.376434
v -2.017457 0.233087 -0.398294
v -2.015729 0.194817 -0.430909
v -2.008987 0.219784 -0.423088
v -2.018836 0.213009 -0.417016
v -2.024316 0.218516 -0.406702
v -2.026605 0.224327 -0.394916
v -2.076419 -0.036559 -0.335397
v -2.073101 -0.059297 -0.350944
v -2.077709 -0.036749 -0.332691
v -2.071865 -0.050533 -0.350702
v -2.068556 -0.027465 -0.342069
v -2.069907 -0.072630 -0.357032
v -2.072875 -0.114818 -0.346968
v -2.063939 -0.043358 -0.358680
v -2.061623 -0.067672 -0.366428
v -2.020264 -0.042205 -0.344642
v -2.024755 -0.027536 -0.328098
v -2.017955 -0.065163 -0.352651
v -2.015743 -0.046049 -0.336793
v -2.019762 -0.033409 -0.321500
v -2.013548 -0.067838 -0.343999
v -2.017801 -0.097024 -0.351879
v -2.013278 -0.096233 -0.343387
v -2.013715 -0.126507 -0.336617
v -2.061659 -0.100734 -0.364791
v -2.018350 -0.129426 -0.344509
v -2.014655 -0.150430 -0.325650
v -2.070050 -0.101258 -0.355508
v -2.070498 -0.129587 -0.349267
v -2.062174 -0.133299 -0.357388
v -2.071132 -0.152106 -0.339087
v -2.074702 -0.161288 -0.323573
v -2.062901 -0.158893 -0.345835
v -2.019136 -0.154835 -0.332806
v -2.016217 -0.167493 -0.311766
v -2.072377 -0.168738 -0.325687
v -2.064851 -0.177511 -0.329582
v -2.074984 -0.177991 -0.308577
v -2.079267 -0.177958 -0.292787
v -2.067762 -0.188060 -0.310352
v -2.023957 -0.183306 -0.298341
v -2.019306 -0.176614 -0.294715
v -2.021113 -0.172886 -0.316968
v -1.895046 -0.395075 -0.263081
v -1.894116 -0.378930 -0.272461
v -1.893031 -0.388345 -0.258101
v -1.896506 -0.384619 -0.278319
v -1.930919 -0.412408 -0.279605
v -1.900878 -0.369015 -0.291018
v -1.898571 -0.364285 -0.283630
v -1.932185 -0.402303 -0.295222
v -1.939376 -0.406943 -0.278636
v -1.908069 -0.348514 -0.299460
v -1.905402 -0.344761 -0.291689
v -1.936492 -0.386524 -0.307826
v -1.940433 -0.398092 -0.292550
v -1.943058 -0.405448 -0.273772
v -1.946228 -0.388019 -0.297779
v -1.944618 -0.384093 -0.302991
v -1.943612 -0.366040 -0.316087
v -1.950918 -0.365916 -0.310321
v -1.959248 -0.349380 -0.311045
v -1.958891 -0.343986 -0.314718
v -1.952595 -0.340698 -0.321438
v -1.966774 -0.322254 -0.315818
v -1.974475 -0.312333 -0.306633
v -1.917096 -0.323462 -0.305333
v -1.913871 -0.321575 -0.297560
v -1.921934 -0.298952 -0.299774
v -1.961736 -0.315806 -0.322769
v -1.926004 -0.298770 -0.307342
v -1.929546 -0.282457 -0.295841
v -1.974041 -0.306337 -0.310879
v -1.980974 -0.297373 -0.298280
v -1.985353 -0.297291 -0.286279
v -1.977219 -0.288403 -0.303404
v -1.969805 -0.298503 -0.316853
v -1.933908 -0.281804 -0.302581
v -1.941147 -0.272470 -0.290514
v -1.935980 -0.274827 -0.285782
v -1.933900 0.279781 -0.425815
v -1.915822 0.289454 -0.443414
v -1.927684 0.284142 -0.422268
v -1.921237 0.285555 -0.448361
v -1.902073 0.305431 -0.462654
v -1.955149 0.295674 -0.465806
v -1.967774 0.289910 -0.443342
v -1.973439 0.296394 -0.445420
v -1.906407 0.302392 -0.469229
v -1.961400 0.301893 -0.466848
v -1.887105 0.329464 -0.479651
v -1.969971 0.319690 -0.451570
v -1.940305 0.312541 -0.486706
v -1.947215 0.318011 -0.486814
v -1.943436 0.357475 -0.486849
v -1.924742 0.337741 -0.504197
v -1.890705 0.327792 -0.486911
v -1.932401 0.342014 -0.503464
v -1.919096 0.370454 -0.514157
v -1.910800 0.367557 -0.515413
v -1.923740 0.395277 -0.502918
v -1.876702 0.357731 -0.498169
v -1.873919 0.357642 -0.490261
v -1.864806 0.386438 -0.492697
v -1.901051 0.398128 -0.517946
v -1.866914 0.388415 -0.500739
v -1.861762 0.411933 -0.485686
v -1.863757 0.415667 -0.493083
v -1.864890 0.432930 -0.469631
v -1.866710 0.438410 -0.476315
v -1.897943 0.425450 -0.510385
v -1.900733 0.447979 -0.493906
v -1.909465 0.447172 -0.493724
v -1.918080 0.423122 -0.499926
v -1.920121 0.440145 -0.482736
v -1.906848 0.425724 -0.509375
v -1.909804 0.399611 -0.516568
v -1.373524 0.280562 -0.592727
v -1.361876 0.261071 -0.611680
v -1.365655 0.278426 -0.590079
v -1.368764 0.261722 -0.616093
v -1.349599 0.251252 -0.630859
v -1.382032 0.294471 -0.646756
v -1.389418 0.312697 -0.622483
v -1.355202 0.251185 -0.636670
v -1.329074 0.249490 -0.646867
v -1.386135 0.318221 -0.627525
v -1.333274 0.248794 -0.654006
v -1.300638 0.253850 -0.660428
v -1.368178 0.282516 -0.668266
v -1.378410 0.301496 -0.650427
v -1.362290 0.306056 -0.650808
v -1.374343 0.329052 -0.623648
v -1.364964 0.290561 -0.670654
v -1.349721 0.299834 -0.669679
v -1.345993 0.278316 -0.686589
v -1.344180 0.286652 -0.687849
v -1.314740 0.302109 -0.688234
v -1.303712 0.252605 -0.668711
v -1.269828 0.260008 -0.671644
v -1.317850 0.289276 -0.701473
v -1.317187 0.281182 -0.701508
v -1.271345 0.259303 -0.680344
v -1.241438 0.270186 -0.676683
v -1.286994 0.288038 -0.712146
v -1.289260 0.295888 -0.711494
v -1.270555 0.311661 -0.704547
v -1.256963 0.299063 -0.717300
v -1.241190 0.270186 -0.685621
v -1.216445 0.284162 -0.675560
v -1.261057 0.306221 -0.716338
v -1.237178 0.328115 -0.704510
v -1.236286 0.320319 -0.714900
v -1.230354 0.313917 -0.715986
v -1.218908 0.337260 -0.706715
v -1.225525 0.352409 -0.688116
v -1.214504 0.285017 -0.684388
v -1.212025 0.332091 -0.706957
v -1.195890 0.302341 -0.675946
v -1.198685 0.300217 -0.667910
v -1.186320 0.321273 -0.660349
v -1.189966 0.317460 -0.653648
v -1.210649 0.356395 -0.691204
v -1.202947 0.352541 -0.690380
v -1.185983 0.342167 -0.638258
v -1.189923 0.336459 -0.633652
v -1.202584 0.374281 -0.667251
v -1.210567 0.376743 -0.669462
v -1.224968 0.377021 -0.659979
v -1.192855 0.363750 -0.611494
v -1.196706 0.356890 -0.608490
v -1.208104 0.372232 -0.585087
v -1.216188 0.396986 -0.643454
v -1.234305 0.399776 -0.630785
v -1.208672 0.395710 -0.639786
v -1.204966 0.380108 -0.586356
v -1.225939 0.378990 -0.567194
v -1.226967 0.412128 -0.619795
v -1.220308 0.412043 -0.614298
v -1.224152 0.387303 -0.567501
v -1.251057 0.376350 -0.554173
v -1.239502 0.419300 -0.595557
v -1.244853 0.418875 -0.602283
v -1.254282 0.412777 -0.605012
v -1.267895 0.417724 -0.581587
v -1.271620 0.417166 -0.589536
v -1.288919 0.406190 -0.592175
v -1.251323 0.385200 -0.553118
v -1.304426 0.408202 -0.581095
v -1.327785 0.391295 -0.587430
v -1.285784 0.375014 -0.543764
v -1.282122 0.366561 -0.545405
v -1.294671 0.358707 -0.544405
v -1.303388 0.407941 -0.572644
v -1.318325 0.360557 -0.540170
v -1.304189 0.354972 -0.544214
v -1.337728 0.337190 -0.543969
v -1.335888 0.394698 -0.577480
v -1.353499 0.373837 -0.589564
v -1.336241 0.393833 -0.568794
v -1.343716 0.343481 -0.543355
v -1.353426 0.319378 -0.552857
v -1.360970 0.324677 -0.552544
v -1.379383 0.357392 -0.580996
v -1.361994 0.376533 -0.571845
v -1.360846 0.378563 -0.579444
v -1.377008 0.360453 -0.588332
v -1.371772 0.355925 -0.597569
v -1.361959 0.299582 -0.568820
v -1.353426 0.319378 -0.552857
v -1.360970 0.324677 -0.552544
v -1.370037 0.303446 -0.569682
v -1.365655 0.278426 -0.590079
v -1.373524 0.280562 -0.592727
v -1.389418 0.312697 -0.622483
v -1.388338 0.335360 -0.598598
v -1.379383 0.357392 -0.580996
v -1.377008 0.360453 -0.588332
v -1.385361 0.339566 -0.605038
v -1.386135 0.318221 -0.627525
v -1.371772 0.355925 -0.597569
v -1.374343 0.329052 -0.623648
v -1.013034 0.089792 -0.041806
v -1.007758 0.117039 -0.059033
v -1.008157 0.106676 -0.066043
v -0.982552 0.117750 -0.053440
v -0.989320 0.102181 -0.027827
v -1.012916 0.099596 -0.033804
v -1.019917 0.066415 -0.017580
v -0.997301 0.080971 -0.002841
v -1.020047 0.075449 -0.008756
v -1.028975 0.035836 0.010305
v -1.006903 0.051714 0.023294
v -1.029605 0.043601 0.020191
v -1.039203 0.002470 0.034338
v -1.018745 0.013903 0.049177
v -1.040356 0.008877 0.045342
v -1.048942 -0.038124 0.050359
v -1.032637 -0.035265 0.073069
v -1.050459 -0.032963 0.062022
v -1.059811 -0.080430 0.061285
v -1.042593 -0.072603 0.085210
v -1.061797 -0.077029 0.073703
v -1.068132 -0.113535 0.068280
v -1.051309 -0.106069 0.092030
v -1.070407 -0.111005 0.080834
v -1.076701 -0.145137 0.071210
v -1.059009 -0.138026 0.093276
v -1.078752 -0.141955 0.083373
v -1.148355 0.084170 -0.045856
v -1.084196 0.094786 -0.056620
v -1.148121 0.091944 -0.037543
v -1.083586 0.104674 -0.049499
v -1.008157 0.106676 -0.066043
v -1.007758 0.117039 -0.059033
v -1.090048 0.114045 -0.062603
v -1.163869 0.101999 -0.047091
v -1.162222 0.101712 -0.051451
v -1.093046 0.112070 -0.066228
v -1.006238 0.124583 -0.082970
v -1.005642 0.126085 -0.075886
v -0.982552 0.117750 -0.053440
v -0.976933 0.127999 -0.080405
v -0.976526 0.126606 -0.087521
v -1.209271 -0.088055 0.042149
v -1.205603 -0.118754 0.044681
v -1.190680 -0.102401 0.047289
v -1.193724 -0.077067 0.044061
v -1.213802 -0.055240 0.034328
v -1.191301 -0.079073 0.032634
v -1.188136 -0.104117 0.035912
v -1.197411 -0.049263 0.035951
v -1.195114 -0.052038 0.024642
v -1.200709 -0.022124 0.026713
v -1.218334 -0.023852 0.023778
v -1.198730 -0.025922 0.015745
v -1.201433 0.004865 0.012585
v -1.220355 0.007358 0.008485
v -1.199726 0.000062 0.002127
v -1.207936 0.033462 -0.002955
v -1.190383 0.028911 0.002953
v -1.188990 0.023512 -0.007301
v -1.193887 0.057096 -0.017310
v -1.177502 0.050564 -0.010098
v -1.176566 0.044595 -0.019717
v -1.177336 0.082680 -0.031643
v -1.161297 0.074266 -0.023098
v -1.160895 0.067617 -0.032150
v -1.148121 0.091944 -0.037543
v -1.163869 0.101999 -0.047091
v -1.148355 0.084170 -0.045856
v -1.347206 0.302042 -0.523889
v -1.337728 0.337190 -0.543969
v -1.353426 0.319378 -0.552857
v -1.328147 0.326138 -0.522407
v -1.304189 0.354972 -0.544214
v -1.347691 0.301579 -0.486056
v -1.365061 0.277728 -0.493243
v -1.296650 0.348116 -0.525197
v -1.294671 0.358707 -0.544405
v -1.287927 0.347814 -0.524540
v -1.287291 0.338761 -0.491618
v -1.295496 0.340166 -0.491750
v -1.296723 0.328244 -0.438792
v -1.325521 0.322138 -0.486236
v -1.302871 0.331259 -0.440710
v -1.323857 0.334314 -0.383439
v -1.315479 0.330388 -0.377174
v -1.332471 0.319195 -0.438841
v -1.346673 0.333986 -0.331150
v -1.339651 0.327361 -0.322885
v -1.353081 0.328197 -0.389961
v -1.358499 0.306039 -0.442614
v -1.369333 0.332240 -0.301932
v -1.360076 0.324106 -0.293510
v -1.369854 0.316722 -0.284342
v -1.379735 0.325593 -0.292096
v -1.374920 0.335254 -0.347475
v -1.398844 0.337242 -0.319644
v -1.405738 0.331408 -0.309247
v -1.399353 0.331361 -0.361455
v -1.423011 0.338420 -0.334837
v -1.427240 0.332897 -0.323345
v -1.455825 0.332518 -0.342765
v -1.385761 0.316408 -0.398785
v -1.420563 0.322885 -0.375456
v -1.451433 0.335344 -0.354044
v -1.482667 0.327439 -0.360461
v -1.380823 0.289714 -0.449344
v -1.389415 0.258002 -0.481339
v -1.401782 0.271810 -0.453469
v -1.408203 0.297629 -0.416903
v -1.421329 0.278530 -0.434011
v -1.441383 0.306539 -0.394130
v -1.453076 0.285854 -0.413169
v -1.477789 0.328579 -0.370768
v -1.498733 0.308013 -0.394653
v -1.505506 0.311625 -0.384779
v -1.893618 0.293938 -0.364427
v -1.880916 0.276758 -0.408425
v -1.875707 0.281731 -0.405808
v -1.901975 0.287934 -0.361424
v -1.880901 0.274308 -0.324160
v -1.926587 0.298291 -0.372136
v -1.905229 0.283356 -0.415874
v -1.923789 0.278689 -0.422642
v -1.937678 0.289845 -0.399137
v -1.927684 0.284142 -0.422268
v -1.942008 0.296336 -0.374729
v -1.945919 0.305463 -0.375002
v -1.948718 0.323075 -0.342223
v -1.951948 0.328045 -0.351777
v -1.954455 0.351521 -0.335690
v -1.927501 0.319037 -0.337258
v -1.952799 0.347873 -0.326018
v -1.952579 0.375247 -0.328326
v -1.928647 0.341550 -0.315908
v -1.904962 0.305344 -0.322246
v -1.944290 0.381562 -0.314459
v -1.945711 0.399671 -0.329728
v -1.887804 0.276682 -0.318707
v -1.926730 0.420863 -0.324789
v -1.934587 0.424601 -0.338143
v -1.920907 0.447286 -0.351570
v -1.886471 0.257276 -0.304616
v -1.878342 0.244679 -0.306808
v -1.877809 0.246416 -0.292232
v -1.870119 0.279344 -0.302752
v -1.880290 0.256214 -0.289143
v -1.869236 0.255920 -0.275128
v -1.865385 0.246036 -0.276964
v -1.866288 0.284837 -0.284213
v -1.854208 0.257147 -0.253112
v -1.853627 0.249860 -0.253560
v -1.836349 0.251902 -0.230311
v -1.897069 0.324322 -0.290895
v -1.835221 0.260706 -0.225069
v -1.814590 0.252175 -0.211516
v -1.846819 0.281116 -0.252762
v -1.859517 0.307366 -0.261576
v -1.917755 0.372709 -0.307513
v -1.877101 0.350582 -0.272718
v -1.901361 0.410327 -0.315400
v -1.860660 0.399703 -0.284636
v -1.844947 0.336884 -0.243683
v -1.885922 0.439300 -0.336307
v -1.819832 0.385225 -0.259262
v -1.837796 0.338130 -0.245795
v -1.910087 0.450155 -0.348069
v -1.906850 0.463236 -0.369379
v -1.896517 0.462764 -0.367947
v -1.894205 0.468699 -0.391530
v -1.883636 0.466321 -0.391518
v -1.882957 0.463049 -0.418427
v -1.874359 0.452569 -0.357462
v -1.868153 0.459708 -0.422009
v -1.872591 0.449797 -0.446580
v -1.864890 0.432930 -0.469631
v -1.855834 0.436690 -0.463292
v -1.845270 0.446644 -0.408595
v -1.836239 0.424253 -0.447680
v -1.785755 0.412038 -0.422348
v -1.863261 0.455070 -0.381512
v -1.789865 0.434147 -0.382395
v -1.729324 0.406982 -0.392168
v -1.816100 0.444586 -0.357257
v -1.726289 0.418553 -0.353602
v -1.691898 0.398580 -0.372454
v -1.776820 0.433962 -0.342178
v -1.827166 0.443597 -0.329221
v -1.684450 0.408319 -0.341390
v -1.687948 0.392747 -0.365967
v -1.678733 0.403052 -0.337283
v -1.733857 0.419960 -0.321971
v -1.671582 0.407698 -0.323403
v -1.665497 0.401698 -0.320845
v -1.702654 0.415736 -0.313340
v -1.641201 0.401443 -0.303069
v -1.635274 0.394089 -0.300909
v -1.681194 0.412134 -0.304870
v -1.619195 0.388477 -0.276990
v -1.612957 0.381427 -0.276220
v -1.655960 0.403947 -0.288026
v -1.717254 0.413512 -0.280535
v -1.696915 0.404409 -0.267462
v -1.644135 0.393394 -0.269251
v -1.620752 0.371353 -0.242125
v -1.613766 0.365443 -0.243405
v -1.622009 0.349072 -0.213958
v -1.681685 0.394574 -0.255705
v -1.646635 0.377032 -0.237571
v -1.629762 0.353760 -0.211118
v -1.632478 0.327612 -0.184384
v -1.676892 0.377667 -0.227602
v -1.640855 0.331593 -0.180604
v -1.659552 0.302869 -0.167341
v -1.649449 0.357665 -0.206087
v -1.668958 0.305855 -0.162844
v -1.686398 0.283372 -0.157706
v -1.663961 0.338274 -0.182733
v -1.686014 0.368874 -0.204811
v -1.713995 0.382327 -0.218568
v -1.691801 0.362090 -0.208409
v -1.716774 0.373671 -0.219711
v -1.736687 0.387516 -0.235948
v -1.731752 0.395412 -0.234344
v -1.749472 0.398673 -0.251386
v -1.748425 0.409230 -0.253093
v -1.763533 0.410603 -0.266854
v -1.747433 0.419279 -0.288415
v -1.759902 0.416756 -0.266062
v -1.791343 0.417867 -0.282463
v -1.792160 0.425276 -0.285695
v -1.784466 0.429634 -0.302757
v -1.839689 0.431796 -0.307399
v -1.822336 0.391364 -0.258890
v -1.791343 0.417867 -0.282463
v -1.818531 0.325213 -0.221853
v -1.837796 0.338130 -0.245795
v -1.813793 0.323910 -0.225447
v -1.798311 0.332146 -0.217129
v -1.826374 0.282637 -0.228087
v -1.786116 0.335593 -0.203864
v -1.773520 0.338118 -0.205815
v -1.807212 0.308619 -0.213803
v -1.813567 0.260990 -0.206520
v -1.785038 0.249331 -0.192584
v -1.807086 0.284057 -0.211523
v -1.784981 0.258666 -0.188018
v -1.780504 0.283152 -0.194279
v -1.781365 0.314258 -0.199746
v -1.758645 0.337426 -0.191950
v -1.736742 0.335049 -0.188140
v -1.757365 0.317434 -0.187200
v -1.715500 0.329040 -0.173651
v -1.714601 0.327019 -0.182248
v -1.757716 0.278842 -0.180146
v -1.743775 0.255430 -0.160604
v -1.736734 0.246656 -0.160479
v -1.730806 0.289295 -0.166631
v -1.722202 0.267564 -0.153152
v -1.726171 0.244992 -0.161869
v -1.708367 0.264241 -0.153571
v -1.724804 0.309370 -0.170009
v -1.702856 0.299703 -0.160309
v -1.696889 0.286069 -0.153934
v -1.679790 0.315784 -0.166994
v -1.702365 0.349367 -0.187603
v -1.714601 0.327019 -0.182248
v -1.703563 0.346945 -0.193576
v -1.691801 0.362090 -0.208409
v -0.855370 -0.194910 0.108624
v -0.848864 -0.163880 0.107895
v -0.858105 -0.173610 0.124615
v -0.853362 -0.147098 0.124440
v -0.841428 -0.132125 0.102399
v -0.867641 -0.165051 0.123378
v -0.855370 -0.194910 0.108624
v -0.902943 -0.149554 0.101731
v -0.848657 -0.125526 0.121925
v -0.899903 -0.135427 0.117702
v -0.927455 -0.123914 0.094578
v -0.863344 -0.147083 0.125092
v -0.928811 -0.105058 0.110376
v -0.948735 -0.102355 0.085830
v -0.938615 -0.094308 0.107733
v -0.925578 -0.095392 0.107467
v -0.919847 -0.069547 0.100097
v -0.925471 -0.097021 0.102469
v -0.932223 -0.065445 0.098319
v -0.948735 -0.102355 0.085830
v -0.940015 -0.068911 0.075414
v -0.923121 -0.031847 0.083991
v -0.931183 -0.037008 0.061792
v -0.910949 -0.035975 0.085829
v -0.914157 -0.000572 0.066962
v -0.922578 -0.007563 0.045721
v -0.902161 -0.004483 0.068797
v -0.919880 -0.071766 0.095277
v -0.905282 0.028792 0.046980
v -0.914036 0.019854 0.026998
v -0.893534 0.025151 0.048794
v -0.896524 0.055727 0.023791
v -0.905622 0.044676 0.005499
v -0.885119 0.052570 0.025543
v -0.902298 -0.007704 0.064435
v -0.884830 0.085326 -0.008917
v -0.897641 0.066024 -0.018246
v -0.893738 0.021489 0.044737
v -0.911004 -0.038759 0.081231
v -0.832510 -0.026910 0.075405
v -0.841283 -0.058616 0.092030
v -0.849911 -0.091332 0.105660
v -0.823720 0.003169 0.055870
v -0.832509 -0.024265 0.079938
v -0.823656 0.006238 0.060122
v -0.815098 0.030783 0.033395
v -0.841360 -0.056376 0.096772
v -0.885392 0.048466 0.021907
v -0.814980 0.034285 0.037273
v -0.875813 0.077337 -0.009620
v -0.806582 0.055764 0.007239
v -0.806408 0.059611 0.010642
v -0.875415 0.082031 -0.006536
v -0.872773 0.089260 -0.017049
v -0.882359 0.092169 -0.018940
v -0.873091 0.084972 -0.020022
v -0.922457 0.100167 -0.020765
v -0.799126 0.075078 -0.020112
v -0.924463 0.094929 -0.012187
v -0.934734 0.083958 -0.018158
v -0.959119 0.094192 -0.014370
v -0.957150 0.099422 -0.020482
v -0.922006 0.098041 -0.022306
v -0.950221 0.115046 -0.046920
v -0.883194 0.088037 -0.021915
v -0.918450 0.107493 -0.038102
v -0.944448 0.125348 -0.074626
v -0.880134 0.096327 -0.034583
v -0.912779 0.118891 -0.067474
v -0.939380 0.131190 -0.104977
v -0.874907 0.107783 -0.062720
v -0.907517 0.125746 -0.099661
v -0.934621 0.133596 -0.138848
v -0.792415 0.089198 -0.050357
v -0.869573 0.115076 -0.094272
v -0.902647 0.128015 -0.134740
v -0.900508 0.124754 -0.170465
v -0.930995 0.130366 -0.173739
v -0.864900 0.117142 -0.128139
v -0.897824 0.115281 -0.199513
v -0.929222 0.119734 -0.207194
v -0.861503 0.113421 -0.158545
v -0.859431 0.106992 -0.182145
v -0.897763 0.106456 -0.209990
v -0.929505 0.101493 -0.237890
v -0.858614 0.099871 -0.190006
v -0.896990 0.099839 -0.219241
v -0.843760 0.082836 -0.189814
v -0.858696 0.091663 -0.196783
v -0.778989 0.082422 -0.157218
v -0.761608 0.079228 -0.148881
v -0.778930 0.090233 -0.148820
v -0.779774 0.097037 -0.139855
v -0.778484 0.095198 -0.149762
v -0.767805 0.082300 -0.151794
v -0.767488 0.095111 -0.143773
v -0.764612 0.084058 -0.116525
v -0.779290 0.101998 -0.140841
v -0.768434 0.101866 -0.134455
v -0.770466 0.102947 -0.115447
v -0.768960 0.082438 -0.085077
v -0.779621 0.103346 -0.134778
v -0.774855 0.101004 -0.080788
v -0.774549 0.074587 -0.055036
v -0.781584 0.104391 -0.116583
v -0.780195 0.098356 -0.134133
v -0.782123 0.099350 -0.116684
v -0.786210 0.102445 -0.081941
v -0.786669 0.097483 -0.082849
v -0.780684 0.092332 -0.047190
v -0.781256 0.060938 -0.026781
v -0.792038 0.093923 -0.048483
v -0.787614 0.077398 -0.015778
v -0.788905 0.042138 -0.000581
v -0.798834 0.079392 -0.017382
v -0.795559 0.057046 0.012915
v -0.797304 0.018939 0.023328
v -0.804181 0.032330 0.038664
v -0.806206 -0.007806 0.044750
v -0.813198 0.004187 0.061435
v -0.815353 -0.037184 0.063533
v -0.822441 -0.026416 0.081190
v -0.824446 -0.068230 0.079604
v -0.831684 -0.058589 0.097965
v -0.833220 -0.100070 0.092753
v -0.850072 -0.089525 0.110582
v -0.840717 -0.091743 0.111706
v -0.858017 -0.123776 0.115551
v -0.858150 -0.122593 0.120649
v -0.863145 -0.148028 0.119934
v -1.861377 -0.284039 -0.135290
v -1.834656 -0.316837 -0.141347
v -1.838933 -0.311669 -0.122090
v -1.872582 -0.250940 -0.125765
v -1.872516 -0.246847 -0.145295
v -1.859480 -0.281862 -0.121306
v -1.837298 -0.304335 -0.104562
v -1.866977 -0.250938 -0.103642
v -1.855230 -0.278117 -0.101810
v -1.833677 -0.298709 -0.090591
v -1.860689 -0.249560 -0.091678
v -1.849168 -0.273979 -0.088262
v -1.824245 -0.290838 -0.082277
v -1.848321 -0.245941 -0.084503
v -1.838593 -0.268023 -0.080833
v -1.805128 -0.278687 -0.078824
v -1.825198 -0.236432 -0.082398
v -1.816300 -0.257324 -0.078107
v -1.781687 -0.267056 -0.078390
v -1.791276 -0.245385 -0.079394
v -1.800342 -0.225515 -0.083323
v -1.749943 -0.252715 -0.084726
v -1.771209 -0.211850 -0.086923
v -1.759434 -0.231596 -0.085451
v -0.814992 -0.222520 -0.222107
v -0.782558 -0.202003 -0.239091
v -0.807005 -0.195194 -0.238498
v -0.790701 -0.229814 -0.222341
v -0.822803 -0.247760 -0.202500
v -0.798656 -0.255530 -0.202363
v -0.830245 -0.270292 -0.180160
v -0.788363 -0.239114 -0.235501
v -0.806236 -0.278522 -0.179648
v -0.837010 -0.290278 -0.156722
v -0.796923 -0.266768 -0.214020
v -0.813132 -0.298888 -0.155769
v -0.842974 -0.306995 -0.132413
v -0.805060 -0.291552 -0.189689
v -0.819211 -0.315907 -0.130980
v -0.824371 -0.328891 -0.105482
v -0.848033 -0.319787 -0.107462
v -0.812450 -0.313583 -0.164212
v -0.818971 -0.331976 -0.137696
v -0.824532 -0.345885 -0.110198
v -0.832264 -0.354074 -0.114320
v -0.826513 -0.339496 -0.142699
v -0.819770 -0.320212 -0.169989
v -0.812112 -0.297196 -0.196272
v -0.842492 -0.338595 -0.145689
v -0.848343 -0.353130 -0.116706
v -0.856032 -0.344357 -0.115373
v -0.803662 -0.271410 -0.221498
v -0.850336 -0.330261 -0.143643
v -0.857689 -0.338698 -0.114098
v -0.852118 -0.324883 -0.141737
v -0.835660 -0.319196 -0.173408
v -0.843660 -0.311516 -0.170810
v -0.845584 -0.306573 -0.168378
v -0.827935 -0.295887 -0.199899
v -0.836115 -0.288980 -0.196804
v -0.838189 -0.284570 -0.193898
v -0.819397 -0.269815 -0.225379
v -0.827803 -0.263638 -0.221635
v -0.830047 -0.259785 -0.218227
v -0.821492 -0.232133 -0.239711
v -0.794769 -0.242676 -0.243818
v -0.810409 -0.240775 -0.247937
v -0.819059 -0.235383 -0.243585
v -0.812725 -0.202290 -0.257814
v -0.785653 -0.211704 -0.262684
v -0.801193 -0.209482 -0.267018
v -0.810100 -0.204911 -0.262113
v -0.803836 -0.171721 -0.273200
v -0.779601 -0.209273 -0.253607
v -0.774309 -0.173450 -0.253210
v -0.776399 -0.180031 -0.278804
v -0.770712 -0.178674 -0.268947
v -0.766204 -0.144640 -0.264021
v -0.791831 -0.177556 -0.283440
v -0.767325 -0.147946 -0.291040
v -0.761997 -0.147705 -0.280587
v -0.801005 -0.173738 -0.277926
v -0.795102 -0.140833 -0.284963
v -0.782611 -0.145401 -0.296218
v -0.792068 -0.142255 -0.290062
v -0.786817 -0.109998 -0.292224
v -0.773864 -0.113255 -0.304199
v -0.783594 -0.110796 -0.297553
v -0.779274 -0.079408 -0.293948
v -0.758735 -0.115798 -0.298418
v -0.765914 -0.081294 -0.306255
v -0.775858 -0.079701 -0.299558
v -0.769169 -0.049104 -0.295068
v -0.772631 -0.049991 -0.290354
v -0.759035 -0.049880 -0.301689
v -0.763614 -0.020195 -0.284855
v -0.767207 -0.021635 -0.280264
v -0.750897 -0.084017 -0.300214
v -0.759499 0.007292 -0.267693
v -0.763144 0.005063 -0.263775
v -0.753460 -0.019424 -0.290066
v -0.744071 -0.053057 -0.295880
v -0.749263 0.009016 -0.272139
v -0.738473 -0.023360 -0.285043
v -0.756930 0.032570 -0.244104
v -0.760582 0.029553 -0.241054
v -0.746676 0.035338 -0.247400
v -0.755894 0.054617 -0.215198
v -0.759565 0.051043 -0.212877
v -0.745633 0.058136 -0.217514
v -0.734293 0.004611 -0.267560
v -0.731673 0.030303 -0.243606
v -0.746009 0.075951 -0.184579
v -0.756261 0.071913 -0.183179
v -0.759915 0.067955 -0.181550
v -0.730622 0.052744 -0.214196
v -0.757984 0.083551 -0.149630
v -0.761608 0.079228 -0.148881
v -0.747786 0.088111 -0.149813
v -0.761051 0.088623 -0.116373
v -0.764612 0.084058 -0.116525
v -0.768960 0.082438 -0.085077
v -0.730996 0.070363 -0.181615
v -0.765473 0.087102 -0.084047
v -0.774549 0.074587 -0.055036
v -0.750919 0.093570 -0.115273
v -0.732756 0.082381 -0.147292
v -0.771167 0.079192 -0.053182
v -0.781256 0.060938 -0.026781
v -0.755438 0.092223 -0.081722
v -0.777995 0.065335 -0.024177
v -0.788905 0.042138 -0.000581
v -0.761256 0.084263 -0.049735
v -0.740346 0.086234 -0.080193
v -0.785794 0.046174 0.002669
v -0.797304 0.018939 0.023328
v -0.735862 0.087645 -0.113302
v -0.746118 0.078762 -0.047895
v -0.735839 0.075469 -0.080859
v -0.731487 0.077108 -0.112294
v -0.728484 0.072245 -0.144673
v -0.737474 0.061383 -0.111906
v -0.726791 0.060972 -0.177342
v -0.734646 0.057254 -0.141483
v -0.733078 0.047102 -0.171394
v -0.726438 0.044065 -0.208665
v -0.732749 0.031439 -0.200481
v -0.759884 0.058563 -0.143698
v -0.758344 0.048650 -0.172990
v -0.762662 0.062531 -0.114788
v -0.758023 0.033326 -0.201474
v -0.741564 0.059507 -0.083190
v -0.766693 0.060599 -0.086734
v -0.733745 0.011739 -0.226293
v -0.759006 0.014055 -0.226720
v -0.727464 0.022614 -0.236780
v -0.736206 -0.010542 -0.246710
v -0.761438 -0.007720 -0.246628
v -0.730045 -0.001794 -0.259377
v -0.740068 -0.034891 -0.261325
v -0.765246 -0.031514 -0.260816
v -0.734118 -0.028421 -0.275759
v -0.745197 -0.060806 -0.270016
v -0.739552 -0.056736 -0.285785
v -0.770295 -0.056846 -0.269193
v -0.746158 -0.086315 -0.289626
v -0.751409 -0.087953 -0.273041
v -0.776409 -0.083397 -0.272021
v -0.753727 -0.116777 -0.287708
v -0.758489 -0.116013 -0.270850
v -0.783374 -0.110862 -0.269758
v -0.790954 -0.138910 -0.262985
v -0.741427 0.067607 -0.050827
v -0.746822 0.051866 -0.055749
v -0.771862 0.053017 -0.059926
v -0.752998 0.064695 -0.018380
v -0.748129 0.054164 -0.022249
v -0.753109 0.038901 -0.029887
v -0.778047 0.040221 -0.034652
v -0.768244 0.070132 -0.019749
v -0.776231 0.050484 0.007909
v -0.760908 0.045091 0.008729
v -0.785020 0.026092 0.032960
v -0.755779 0.035321 0.003883
v -0.769618 0.020796 0.033271
v -0.794365 0.022484 0.027117
v -0.806206 -0.007806 0.044750
v -0.794367 -0.002133 0.055227
v -0.803459 -0.004868 0.048961
v -0.815353 -0.037184 0.063533
v -0.778877 -0.007198 0.055206
v -0.812805 -0.034926 0.068089
v -0.824446 -0.068230 0.079604
v -0.803977 -0.033115 0.074733
v -0.822103 -0.066652 0.084494
v -0.833220 -0.100070 0.092753
v -0.813552 -0.065725 0.091578
v -0.831071 -0.099169 0.097955
v -0.841428 -0.132125 0.102399
v -0.822782 -0.099109 0.105461
v -0.788393 -0.037846 0.074539
v -0.797866 -0.070132 0.091200
v -0.831411 -0.132639 0.115795
v -0.839458 -0.131865 0.107894
v -0.848864 -0.163880 0.107895
v -0.807002 -0.103196 0.104905
v -0.847052 -0.164288 0.113579
v -0.855370 -0.194910 0.108624
v -0.853698 -0.195951 0.114387
v -0.846042 -0.198220 0.122948
v -0.839216 -0.165790 0.121905
v -0.823256 -0.169449 0.120741
v -0.830004 -0.201798 0.121346
v -0.815534 -0.136431 0.115040
v -0.815737 -0.170968 0.111955
v -0.822243 -0.202070 0.112566
v -0.822138 -0.199292 0.095582
v -0.808300 -0.139138 0.106567
v -0.816067 -0.170511 0.094820
v -0.845829 -0.193577 0.088427
v -0.839866 -0.165375 0.087615
v -0.809149 -0.140935 0.089800
v -0.833072 -0.136365 0.082666
v -0.800094 -0.107071 0.096949
v -0.801525 -0.111060 0.080960
v -0.825587 -0.107049 0.073988
v -0.791315 -0.075226 0.083803
v -0.793373 -0.081410 0.068799
v -0.817590 -0.077930 0.062090
v -0.782218 -0.044176 0.067733
v -0.784924 -0.052581 0.053788
v -0.809298 -0.049665 0.047316
v -0.773070 -0.014764 0.048990
v -0.776415 -0.025323 0.036207
v -0.800948 -0.022913 0.030061
v -0.764161 0.012048 0.027672
v -0.768113 -0.000452 0.016270
v -0.792795 0.001505 0.010508
v -0.760269 0.021219 -0.005821
v -0.785087 0.022812 -0.011119
v 1.820080 -0.108049 -0.730186
v 1.781810 0.015996 -0.664104
v 1.746576 -0.016513 -0.744770
v 1.848859 -0.085591 -0.649464
v 1.856383 -0.070355 -0.580454
v 1.792231 0.028496 -0.596891
v 1.775589 0.023653 -0.542756
v 1.937290 -0.181325 -0.620714
v 1.932553 -0.199958 -0.713857
v 2.081590 -0.271746 -0.679530
v 2.054707 -0.250041 -0.578559
v 2.030922 -0.237786 -0.502666
v 1.929554 -0.166123 -0.550884
v 1.910343 -0.161065 -0.495278
v 2.006178 -0.229656 -0.443585
v 1.976979 -0.227567 -0.395040
v 1.877332 -0.175827 -0.456805
v 1.799006 -0.091765 -0.488689
v 1.837917 -0.071361 -0.523543
v 1.735993 0.005760 -0.506822
v -1.948699 -0.404013 -0.244559
v -1.957626 -0.413967 -0.283577
v -1.943058 -0.405448 -0.273772
v -1.985837 -0.419131 -0.244667
v -1.964279 -0.405513 -0.229775
v -1.956684 -0.399391 -0.223240
v -1.964788 -0.389930 -0.210301
v -1.981030 -0.397596 -0.217100
v -1.991969 -0.381826 -0.212579
v -1.974286 -0.370782 -0.202642
v -2.001339 -0.409694 -0.228004
v -2.004048 -0.362074 -0.214085
v -1.983711 -0.350305 -0.202753
v -2.012316 -0.392432 -0.223855
v -2.008632 -0.414573 -0.233332
v -2.013037 -0.340774 -0.218385
v -1.991665 -0.329707 -0.208932
v -2.022495 -0.372035 -0.226026
v -2.021523 -0.398329 -0.230816
v -2.016373 -0.420873 -0.242499
v -1.998021 -0.427477 -0.262049
v -1.976304 -0.421275 -0.303725
v -2.015891 -0.437794 -0.281913
v -2.003601 -0.436393 -0.327772
v -2.040545 -0.425074 -0.263561
v -2.054751 -0.458924 -0.323521
v -2.029943 -0.453430 -0.350846
v -2.046980 -0.464252 -0.366397
v -2.029995 -0.404432 -0.240396
v -2.072709 -0.469991 -0.343429
v -2.059021 -0.472414 -0.380306
v -2.080465 -0.448878 -0.308553
v -2.059181 -0.398145 -0.264129
v -2.040978 -0.384109 -0.241613
v -2.032704 -0.378021 -0.232413
v -2.050550 -0.362797 -0.246871
v -2.042232 -0.356481 -0.236941
v -2.032751 -0.350786 -0.229045
v -2.050921 -0.342156 -0.258092
v -2.044691 -0.336472 -0.249539
v -2.035778 -0.331433 -0.241963
v -2.067548 -0.366553 -0.274862
v -2.041844 -0.324984 -0.271213
v -2.059724 -0.341113 -0.295001
v -2.104540 -0.393687 -0.317589
v -2.031413 -0.318128 -0.260601
v -2.012944 -0.309293 -0.304377
v -2.037384 -0.329164 -0.330959
v -2.001888 -0.301762 -0.296653
v -2.097578 -0.366450 -0.334490
v -2.072884 -0.353393 -0.363149
v -2.087771 -0.366125 -0.379844
v -2.011354 -0.309246 -0.246976
v -1.985353 -0.297291 -0.286279
v -1.995627 -0.303496 -0.235602
v -2.015835 -0.323450 -0.230777
v -1.994830 -0.311347 -0.222377
v -2.115978 -0.379806 -0.355408
v -2.131216 -0.391732 -0.374529
v -2.106401 -0.383642 -0.407192
v -2.123318 -0.404640 -0.338388
v -2.139889 -0.401688 -0.388404
v -2.125522 -0.404716 -0.442738
v -2.135472 -0.402221 -0.356135
v -2.143926 -0.408973 -0.367718
v -2.098444 -0.425623 -0.307609
v -2.137116 -0.421404 -0.345814
v -2.118297 -0.436170 -0.327791
v -2.099619 -0.460150 -0.328318
v -2.129441 -0.442772 -0.340794
v -2.118578 -0.462075 -0.339650
v -2.104249 -0.473845 -0.343684
v -2.084820 -0.477758 -0.357141
v -2.090261 -0.481471 -0.365246
v -2.112619 -0.479737 -0.354818
v -2.097974 -0.485439 -0.376774
v -2.070732 -0.480644 -0.403831
v -2.127596 -0.467498 -0.351276
v -2.119137 -0.481898 -0.367133
v -2.109169 -0.496091 -0.416711
v -2.086935 -0.493428 -0.432749
v -2.118051 -0.490473 -0.394667
v -2.114517 -0.501130 -0.434403
v -2.103085 -0.501262 -0.451876
v -2.134386 -0.501144 -0.429179
v -2.122163 -0.506271 -0.447590
v -2.119037 -0.505683 -0.468611
v -2.134346 -0.510573 -0.462618
v -2.134424 -0.505721 -0.481280
v -2.137157 -0.506621 -0.443935
v -2.146863 -0.511353 -0.477726
v -2.147615 -0.509674 -0.460221
v -2.155382 -0.508098 -0.487785
v -2.143698 -0.497343 -0.491727
v -2.160449 -0.511151 -0.475751
v -2.157681 -0.509789 -0.460249
v -2.160036 -0.501647 -0.494382
v -2.153220 -0.482728 -0.498800
v -2.168779 -0.511171 -0.484386
v -2.171492 -0.510842 -0.477650
v -2.174516 -0.506030 -0.490024
v -2.168038 -0.489942 -0.500411
v -2.175071 -0.477015 -0.501591
v -2.161768 -0.465718 -0.499504
v -2.179982 -0.506401 -0.483691
v -2.181499 -0.495986 -0.494772
v -2.187085 -0.497555 -0.487773
v -2.186591 -0.484502 -0.495467
v -2.190681 -0.485911 -0.488424
v -2.187929 -0.474102 -0.491308
v -2.178842 -0.465586 -0.497199
v -2.162421 -0.448153 -0.490422
v -2.186607 -0.466346 -0.485546
v -2.176907 -0.456145 -0.487756
v -2.169139 -0.439399 -0.472940
v -2.152937 -0.433182 -0.475714
v -2.179822 -0.451598 -0.467728
v -2.190246 -0.472326 -0.484112
v -2.183846 -0.459052 -0.466802
v -2.169093 -0.439163 -0.454564
v -2.154162 -0.427347 -0.453153
v -2.140358 -0.419569 -0.461245
v -2.164602 -0.434574 -0.434449
v -2.149635 -0.419304 -0.408269
v -2.168842 -0.449766 -0.438941
v -2.148474 -0.417050 -0.379574
v -2.164114 -0.450514 -0.418994
v -2.155095 -0.438494 -0.396565
v -2.150404 -0.434803 -0.371161
v -2.146157 -0.428284 -0.357698
v -2.138775 -0.449055 -0.352797
v -2.143499 -0.453858 -0.366742
v -2.149139 -0.460682 -0.389241
v -2.132823 -0.470873 -0.364668
v -2.135095 -0.479304 -0.388893
v -2.147250 -0.485636 -0.414472
v -2.158208 -0.468884 -0.412678
v -2.168542 -0.460351 -0.426481
v -2.155801 -0.487003 -0.424136
v -2.187692 -0.473550 -0.466547
v -2.163229 -0.473885 -0.423984
v -2.149426 -0.493646 -0.428339
v -2.172369 -0.503793 -0.461403
v -2.144679 -0.501776 -0.439429
v -2.183403 -0.492035 -0.465045
v -2.171472 -0.513716 -0.474101
v -2.169557 -0.512029 -0.474735
v -2.179049 -0.513415 -0.480703
v -2.176327 -0.512173 -0.480742
v -2.186956 -0.510197 -0.485843
v -2.183888 -0.508828 -0.485843
v -2.193376 -0.501126 -0.489921
v -2.190960 -0.499869 -0.489992
v -2.196753 -0.489135 -0.490422
v -2.194407 -0.487645 -0.490455
v -2.196684 -0.477877 -0.487791
v -2.194643 -0.476614 -0.487971
v -2.195480 -0.471215 -0.484367
v -2.193100 -0.470431 -0.483280
v -2.077709 -0.036749 -0.332691
v -2.096809 -0.038522 -0.264827
v -2.083065 -0.030859 -0.312465
v -2.090247 -0.030700 -0.285118
v -2.096300 -0.034162 -0.259820
v -2.098618 -0.045835 -0.251736
v -2.100734 -0.044038 -0.240471
v -2.084524 -0.019498 -0.284682
v -2.076066 -0.020284 -0.316082
v -2.091794 -0.023501 -0.255140
v -2.038894 -0.018985 -0.273777
v -2.031006 -0.020874 -0.303984
v -2.025121 -0.027383 -0.299644
v -2.032379 -0.025946 -0.271392
v -2.039427 -0.027726 -0.245000
v -2.046590 -0.021684 -0.244594
v -2.044421 -0.037012 -0.224752
v -2.051926 -0.032711 -0.222663
v -2.097106 -0.034915 -0.232841
v -2.054933 -0.050923 -0.205964
v -2.047425 -0.054017 -0.209774
v -2.100265 -0.053753 -0.216194
v -2.103498 -0.061274 -0.226111
v -2.098618 -0.045835 -0.251736
v -2.102830 -0.067772 -0.229805
v -2.104246 -0.083948 -0.216481
v -2.101654 -0.091908 -0.222658
v -2.101202 -0.080104 -0.205439
v -2.102957 -0.108274 -0.212520
v -2.100165 -0.117062 -0.221098
v -2.055701 -0.076968 -0.194977
v -2.048260 -0.077578 -0.199511
v -2.099761 -0.107942 -0.200691
v -2.100053 -0.129706 -0.215015
v -2.094864 -0.143403 -0.229915
v -2.054319 -0.104612 -0.189715
v -2.047308 -0.103697 -0.194221
v -2.096459 -0.132989 -0.204044
v -2.051267 -0.129622 -0.193106
v -2.044498 -0.127079 -0.196586
v -2.046623 -0.149886 -0.204228
v -2.039522 -0.145634 -0.207304
v -2.095565 -0.147359 -0.225104
v -2.091017 -0.156423 -0.244135
v -2.091428 -0.153416 -0.215124
v -2.040648 -0.165800 -0.224405
v -2.034522 -0.159845 -0.226079
v -2.084614 -0.169966 -0.235929
v -2.089630 -0.161531 -0.243502
v -2.083667 -0.173185 -0.266337
v -2.079267 -0.177958 -0.292787
v -2.034110 -0.178463 -0.250752
v -2.027173 -0.172818 -0.251203
v -2.023617 -0.177581 -0.273527
v -2.077770 -0.183050 -0.262270
v -2.078694 -0.179334 -0.288676
v -2.074984 -0.177991 -0.308577
v -2.028141 -0.184941 -0.276467
v -2.019306 -0.176614 -0.294715
v -2.023957 -0.183306 -0.298341
v -2.072005 -0.189616 -0.287880
v -2.067762 -0.188060 -0.310352
v -1.928275 0.078004 -0.398416
v -1.917145 0.115426 -0.400317
v -1.927022 0.082102 -0.389256
v -1.917183 0.113506 -0.410522
v -1.910935 0.157307 -0.406272
v -1.911330 0.156392 -0.395796
v -1.914987 0.187735 -0.382644
v -1.947168 0.117168 -0.423616
v -1.962547 0.083334 -0.405526
v -1.979371 0.101166 -0.402092
v -1.969400 0.130028 -0.414219
v -1.941139 0.162708 -0.422753
v -1.962562 0.161783 -0.418875
v -1.960699 0.188021 -0.413908
v -1.914252 0.193818 -0.389876
v -1.926743 0.212655 -0.348015
v -1.930174 0.222070 -0.350368
v -1.957278 0.229112 -0.362797
v -1.943916 0.203012 -0.401662
v -1.963717 0.206180 -0.399298
v -1.971241 0.217769 -0.376434
v -1.380349 0.372388 -0.619641
v -1.371772 0.355925 -0.597569
v -1.353499 0.373837 -0.589564
v -1.362532 0.391802 -0.611395
v -1.389172 0.403691 -0.629806
v -1.403321 0.377987 -0.636531
v -1.336574 0.406725 -0.603518
v -1.327785 0.391295 -0.587430
v -1.368480 0.420018 -0.620770
v -1.408171 0.404551 -0.637358
v -1.422328 0.377526 -0.644372
v -1.387757 0.428610 -0.633228
v -1.430863 0.417270 -0.652213
v -1.445235 0.387095 -0.660117
v -1.373334 0.443126 -0.639063
v -1.454565 0.429802 -0.671972
v -1.469892 0.402221 -0.679518
v -1.410098 0.445613 -0.656511
v -1.432843 0.454955 -0.674171
v -1.473724 0.444214 -0.692036
v -1.489444 0.416232 -0.697542
v -1.504533 0.435668 -0.723998
v -1.454062 0.471197 -0.697349
v -1.491492 0.465056 -0.722239
v -1.518747 0.461396 -0.762817
v -1.440641 0.483631 -0.709648
v -1.503372 0.483390 -0.752337
v -1.519738 0.488303 -0.787059
v -1.472877 0.490364 -0.729670
v -1.508218 0.506561 -0.782333
v -1.513299 0.510798 -0.801752
v -1.486592 0.507131 -0.761470
v -1.496637 0.518965 -0.789671
v -1.501636 0.522948 -0.805291
v -1.460365 0.500934 -0.740089
v -1.466298 0.514467 -0.773006
v -1.483694 0.525122 -0.796867
v -1.489968 0.529276 -0.812687
v -1.485134 0.529722 -0.818595
v -1.471890 0.523239 -0.802198
v -1.450335 0.503837 -0.754906
v -1.450343 0.506756 -0.774239
v -1.428260 0.491249 -0.738670
v -1.426610 0.494156 -0.760043
v -1.440513 0.506369 -0.791946
v -1.410531 0.473130 -0.697134
v -1.407893 0.485949 -0.745199
v -1.384081 0.463707 -0.673379
v -1.387738 0.477823 -0.725280
v -1.357744 0.469607 -0.697122
v -1.358526 0.454758 -0.646377
v -1.343758 0.463199 -0.660968
v -1.333399 0.447739 -0.633562
v -1.341216 0.433348 -0.623773
v -1.305019 0.438128 -0.622123
v -1.297930 0.418582 -0.606313
v -1.288919 0.406190 -0.592175
v -1.318902 0.456107 -0.644704
v -1.291495 0.444079 -0.629671
v -1.268678 0.427983 -0.620010
v -1.254282 0.412777 -0.605012
v -1.234305 0.399776 -0.630785
v -1.297037 0.458599 -0.650974
v -1.281027 0.445986 -0.638923
v -1.254593 0.423345 -0.651919
v -1.316216 0.465176 -0.662890
v -1.272673 0.444313 -0.655620
v -1.285340 0.456515 -0.669825
v -1.332456 0.466377 -0.677294
v -1.305065 0.463489 -0.683527
v -1.321527 0.464778 -0.694556
v -1.262115 0.431480 -0.675845
v -1.274882 0.446033 -0.692138
v -1.295398 0.452537 -0.705378
v -1.267619 0.427888 -0.714751
v -1.244980 0.400720 -0.685494
v -1.224968 0.377021 -0.659979
v -1.254174 0.413493 -0.698783
v -1.239727 0.370515 -0.710866
v -1.225525 0.352409 -0.688116
v -1.249680 0.392614 -0.719457
v -1.262436 0.407910 -0.735961
v -1.245686 0.339718 -0.717830
v -1.237178 0.328115 -0.704510
v -1.270555 0.311661 -0.704547
v -1.249906 0.374619 -0.735158
v -1.262560 0.387258 -0.750721
v -1.261274 0.358402 -0.745059
v -1.274597 0.317143 -0.710689
v -1.314740 0.302109 -0.688234
v -1.290519 0.363074 -0.764873
v -1.320418 0.311665 -0.697932
v -1.292753 0.328859 -0.736745
v -1.355939 0.312747 -0.680502
v -1.349721 0.299834 -0.669679
v -1.344606 0.316869 -0.720852
v -1.322855 0.335733 -0.764195
v -1.283663 0.395392 -0.762403
v -1.305453 0.370953 -0.771956
v -1.284142 0.415295 -0.746565
v -1.300736 0.399904 -0.767354
v -1.288342 0.435489 -0.727329
v -1.299849 0.417008 -0.753223
v -1.311370 0.454629 -0.712064
v -1.305049 0.436505 -0.733571
v -1.337351 0.461902 -0.714469
v -1.323114 0.438595 -0.742014
v -1.367435 0.467030 -0.737281
v -1.320576 0.411590 -0.768870
v -1.386827 0.472202 -0.754833
v -1.353793 0.446408 -0.758394
v -1.353147 0.424330 -0.781600
v -1.336719 0.380780 -0.783636
v -1.375410 0.436465 -0.791016
v -1.355745 0.348524 -0.783663
v -1.371167 0.404531 -0.800330
v -1.379459 0.364317 -0.800170
v -1.375191 0.332211 -0.774936
v -1.361667 0.320040 -0.741220
v -1.401734 0.338946 -0.785841
v -1.376452 0.319153 -0.701278
v -1.403677 0.322853 -0.747045
v -1.391705 0.319587 -0.717613
v -1.409235 0.324367 -0.695656
v -1.430530 0.331699 -0.715741
v -1.391480 0.326083 -0.681786
v -1.422538 0.349421 -0.666868
v -1.369720 0.321790 -0.664494
v -1.362290 0.306056 -0.650808
v -1.374343 0.329052 -0.623648
v -1.382798 0.345867 -0.640158
v -1.371772 0.355925 -0.597569
v -1.380349 0.372388 -0.619641
v -1.403321 0.377987 -0.636531
v -1.404107 0.350526 -0.657005
v -1.422328 0.377526 -0.644372
v -1.444466 0.357915 -0.684292
v -1.445235 0.387095 -0.660117
v -1.451665 0.343143 -0.735790
v -1.466352 0.370667 -0.702945
v -1.469892 0.402221 -0.679518
v -1.428992 0.333001 -0.766285
v -1.473103 0.357830 -0.758348
v -1.487404 0.385035 -0.723396
v -1.489444 0.416232 -0.697542
v -1.421894 0.358732 -0.806903
v -1.502965 0.405138 -0.748115
v -1.504533 0.435668 -0.723998
v -1.489319 0.379786 -0.782160
v -1.518482 0.436083 -0.789032
v -1.518747 0.461396 -0.762817
v -1.476657 0.371077 -0.802958
v -1.525879 0.474381 -0.810834
v -1.519738 0.488303 -0.787059
v -1.506587 0.415780 -0.814147
v -1.524373 0.462006 -0.826334
v -1.518228 0.508318 -0.818315
v -1.513299 0.510798 -0.801752
v -1.520841 0.500818 -0.833344
v -1.507762 0.522059 -0.818443
v -1.501636 0.522948 -0.805291
v -1.489968 0.529276 -0.812687
v -1.512688 0.519700 -0.828884
v -1.493121 0.530649 -0.825296
v -1.485134 0.529722 -0.818595
v -1.479603 0.530331 -0.838827
v -1.503373 0.527023 -0.836848
v -1.492731 0.530657 -0.836313
v -1.493011 0.529205 -0.850705
v -1.475634 0.521502 -0.865350
v -1.514050 0.513217 -0.843771
v -1.505805 0.522275 -0.849878
v -1.490401 0.520469 -0.867674
v -1.519824 0.489861 -0.849751
v -1.512707 0.504184 -0.858847
v -1.503668 0.514283 -0.865384
v -1.504836 0.490942 -0.871043
v -1.485000 0.505575 -0.878511
v -1.467950 0.498900 -0.876795
v -1.496918 0.500449 -0.876043
v -1.479161 0.491756 -0.881541
v -1.488012 0.489734 -0.880073
v -1.465328 0.477360 -0.877439
v -1.474727 0.475741 -0.879582
v -1.496410 0.480353 -0.876539
v -1.483272 0.467623 -0.877328
v -1.511368 0.477296 -0.863224
v -1.500291 0.460325 -0.869641
v -1.515506 0.450646 -0.842683
v -1.497118 0.437146 -0.857454
v -1.491141 0.405049 -0.832839
v -1.476284 0.445617 -0.873814
v -1.463701 0.413548 -0.852983
v -1.448917 0.383092 -0.829729
v -1.462106 0.460517 -0.873416
v -1.445708 0.434049 -0.858746
v -1.426652 0.408826 -0.843415
v -1.450089 0.348434 -0.787344
v -1.403646 0.382905 -0.819914
v -1.394990 0.417575 -0.815595
v -1.423040 0.423639 -0.841927
v -1.426084 0.443640 -0.844203
v -1.398932 0.438839 -0.816387
v -1.451699 0.466235 -0.867735
v -1.424676 0.469440 -0.837200
v -1.390389 0.447434 -0.797386
v -1.461320 0.479256 -0.878889
v -1.375710 0.454345 -0.771460
v -1.405184 0.460547 -0.809886
v -1.391131 0.460537 -0.781112
v -1.408235 0.473474 -0.798029
v -1.402914 0.478255 -0.766095
v -1.416520 0.486465 -0.780982
v -1.431611 0.502790 -0.807638
v -1.427113 0.491677 -0.821353
v -1.465072 0.524735 -0.817052
v -1.456312 0.514724 -0.852882
v -1.480647 0.532632 -0.819337
v -1.458894 0.524016 -0.836034
v -1.476621 0.534942 -0.830356
v -1.480257 0.534086 -0.831208
v -1.479603 0.530331 -0.838827
v -1.473844 0.533626 -0.848418
v -1.476929 0.533618 -0.848783
v -1.475634 0.521502 -0.865350
v -1.471362 0.524325 -0.867324
v -1.474363 0.524356 -0.868000
v -1.468826 0.507413 -0.879367
v -1.467950 0.498900 -0.876795
v -1.466307 0.507701 -0.878517
v -1.465544 0.491048 -0.880634
v -1.462936 0.491067 -0.880348
v -1.451703 0.499197 -0.864027
v -1.450524 0.481648 -0.867782
v -2.024316 0.218516 -0.406702
v -2.053833 0.222893 -0.333011
v -2.026605 0.224327 -0.394916
v -2.037142 0.230956 -0.366818
v -2.029321 0.241039 -0.366469
v -2.017457 0.233087 -0.398294
v -1.975144 0.224705 -0.381489
v -2.047530 0.233233 -0.339754
v -1.986795 0.232635 -0.349762
v -1.971241 0.217769 -0.376434
v -1.982204 0.224648 -0.346337
v -1.993264 0.227521 -0.317556
v -2.041165 0.243818 -0.335539
v -1.998413 0.235555 -0.318953
v -2.009329 0.229099 -0.294237
v -2.003517 0.222453 -0.294483
v -2.057227 0.227583 -0.318113
v -2.052358 0.237101 -0.310649
v -2.019560 0.213700 -0.274074
v -2.013145 0.207962 -0.276212
v -2.066614 0.213126 -0.300741
v -2.071370 0.203461 -0.298209
v -2.062864 0.221274 -0.290565
v -2.074920 0.190643 -0.288037
v -2.079752 0.180483 -0.287334
v -2.072541 0.194667 -0.276204
v -2.081095 0.165041 -0.280788
v -2.084992 0.153096 -0.282712
v -2.029124 0.187381 -0.259603
v -2.021831 0.184273 -0.262858
v -2.079543 0.165222 -0.268002
v -2.084238 0.141342 -0.280042
v -2.085077 0.117992 -0.294325
v -2.036260 0.158050 -0.251592
v -2.028723 0.156943 -0.255105
v -2.032085 0.131999 -0.254686
v -2.083156 0.138941 -0.267502
v -2.040013 0.132073 -0.251552
v -2.031727 0.110804 -0.262561
v -2.084003 0.121122 -0.286941
v -2.083048 0.115751 -0.275060
v -2.039981 0.109205 -0.259419
v -2.036205 0.089992 -0.276384
v -2.027721 0.092993 -0.278439
v -2.079152 0.096273 -0.292190
v -2.029647 0.072831 -0.300367
v -2.021572 0.077614 -0.300458
v -2.080428 0.104233 -0.302243
v -2.072600 0.078913 -0.316424
v -2.021608 0.061232 -0.325569
v -2.014409 0.066425 -0.323657
v -2.007043 0.062965 -0.346225
v -2.013238 0.056925 -0.349724
v -2.064455 0.067260 -0.341945
v -2.055627 0.062233 -0.366557
v -2.059803 0.074309 -0.367325
v -2.067615 0.078836 -0.345516
v -2.063410 0.076395 -0.361781
v -2.074687 0.089561 -0.323128
v -0.838166 -0.311262 -0.121624
v -0.842391 -0.320897 -0.097434
v -0.842974 -0.306995 -0.132413
v -0.848033 -0.319787 -0.107462
v -2.024315 0.218516 -0.406702
v -2.065432 0.203315 -0.437262
v -2.062994 0.225576 -0.420008
v -2.019216 0.190636 -0.424461
v -2.101656 0.232737 -0.438816
v -2.070158 0.139110 -0.430834
v -2.031987 0.132208 -0.419436
v -2.094917 0.197781 -0.456497
v -2.117663 0.196161 -0.477077
v -2.134777 0.229736 -0.466763
v -2.097268 0.141962 -0.446255
v -2.147834 0.193032 -0.511673
v -2.170023 0.223758 -0.502022
v -2.119702 0.142710 -0.467223
v -2.194380 0.190417 -0.547689
v -2.211267 0.220975 -0.535646
v -2.150771 0.140317 -0.502716
v -2.232913 0.187373 -0.576163
v -2.246395 0.220687 -0.566853
v -2.198333 0.140150 -0.542256
v -2.248345 0.184322 -0.595010
v -2.262902 0.218403 -0.588114
v -2.273553 0.214780 -0.615945
v -2.238044 0.141932 -0.569418
v -2.168046 0.094675 -0.480296
v -2.218779 0.097743 -0.520741
v -2.138175 0.097015 -0.444093
v -2.198702 0.086386 -0.456769
v -2.247239 0.091606 -0.498082
v -2.164814 0.084014 -0.415168
v -2.258972 0.104492 -0.551034
v -2.286084 0.093292 -0.532053
v -2.117579 0.096107 -0.422121
v -2.138174 0.082325 -0.385979
v -2.086550 0.092568 -0.403406
v -2.103436 0.080965 -0.371619
v -2.063410 0.076395 -0.361781
v -2.048769 0.086610 -0.394170
v -2.274299 0.103320 -0.569693
v -2.303760 0.091882 -0.550848
v -2.313935 0.086357 -0.581317
v -2.252983 0.139063 -0.587292
v -2.282759 0.097888 -0.594448
v -2.260367 0.135924 -0.607984
v -2.303691 0.084348 -0.624127
v -2.328071 0.081309 -0.622429
v -2.281859 0.097829 -0.626118
v -2.257131 0.183236 -0.617471
v -2.268128 0.132072 -0.633560
v -2.271302 0.193122 -0.649252
v -2.288612 0.208909 -0.651550
v -2.261760 0.170120 -0.643051
v -2.279508 0.127148 -0.665773
v -2.273030 0.167782 -0.676577
v -2.285660 0.190491 -0.685452
v -2.305024 0.205355 -0.691252
v -2.287074 0.164272 -0.706309
v -2.311093 0.182871 -0.726381
v -2.328110 0.195644 -0.729279
v -2.349232 0.179165 -0.761211
v -2.308631 0.160634 -0.734219
v -2.338121 0.157511 -0.762120
v -2.294504 0.123701 -0.696571
v -2.314883 0.121948 -0.726247
v -2.364563 0.153865 -0.781025
v -2.369417 0.173540 -0.773252
v -2.294938 0.090490 -0.659000
v -2.311995 0.086664 -0.690675
v -2.319551 0.077010 -0.662021
v -2.345973 0.074304 -0.665506
v -2.347071 0.075794 -0.704212
v -2.368826 0.073276 -0.705396
v -2.334718 0.086651 -0.719126
v -2.342234 0.123596 -0.756459
v -2.357743 0.089485 -0.746761
v -2.375299 0.080742 -0.743159
v -2.400082 0.083187 -0.736768
v -2.372078 0.127934 -0.778066
v -2.381922 0.098069 -0.766924
v -2.392185 0.087922 -0.756770
v -2.410727 0.089655 -0.750962
v -2.412361 0.097975 -0.762497
v -2.396860 0.103136 -0.772490
v -2.416404 0.111736 -0.774235
v -2.391578 0.130787 -0.787354
v -2.415104 0.136212 -0.787138
v -2.404120 0.156104 -0.788259
v -2.381289 0.153645 -0.786671
v -2.390405 0.169307 -0.779605
v -1.953526 0.301980 -0.375270
v -1.937678 0.289845 -0.399137
v -1.945919 0.305463 -0.375002
v -1.944489 0.285523 -0.401424
v -1.951948 0.328045 -0.351777
v -1.987092 0.311623 -0.393291
v -1.978266 0.295555 -0.419131
v -1.983432 0.301756 -0.422355
v -1.960002 0.325905 -0.350388
v -1.962565 0.350782 -0.333334
v -1.954455 0.351521 -0.335690
v -1.993380 0.335200 -0.368701
v -1.991796 0.316984 -0.397770
v -1.989720 0.318676 -0.416095
v -1.997744 0.339397 -0.374374
v -1.998720 0.367100 -0.368167
v -1.996002 0.360088 -0.351584
v -2.000270 0.363165 -0.358014
v -1.997302 0.381549 -0.363719
v -1.960320 0.376157 -0.325994
v -1.952578 0.375247 -0.328326
v -1.945711 0.399671 -0.329728
v -1.993733 0.385343 -0.344347
v -1.998097 0.387245 -0.351131
v -1.990937 0.409062 -0.364559
v -1.991326 0.412562 -0.351634
v -1.953163 0.402768 -0.326553
v -1.934587 0.424601 -0.338143
v -1.986630 0.411876 -0.344882
v -1.980378 0.437396 -0.359854
v -1.990937 0.409062 -0.364559
v -1.979474 0.433819 -0.375219
v -1.975148 0.437915 -0.353501
v -1.941633 0.428906 -0.335215
v -1.920907 0.447286 -0.351570
v -1.966211 0.460758 -0.373678
v -1.964679 0.455449 -0.388776
v -1.960311 0.462405 -0.367977
v -1.926783 0.453481 -0.349682
v -1.906850 0.463236 -0.369379
v -1.951884 0.476759 -0.392288
v -1.949403 0.465431 -0.412530
v -1.945291 0.479158 -0.387502
v -1.911705 0.470228 -0.369324
v -1.894205 0.468699 -0.391530
v -1.938959 0.482378 -0.414615
v -1.940104 0.466343 -0.432127
v -1.931732 0.485078 -0.410907
v -1.898075 0.476259 -0.392811
v -1.885907 0.470364 -0.421754
v -1.882957 0.463049 -0.418427
v -1.919637 0.479166 -0.439722
v -1.927431 0.476727 -0.442093
v -1.926719 0.454426 -0.462939
v -1.874855 0.456589 -0.451694
v -1.872591 0.449797 -0.446580
v -1.864890 0.432930 -0.469631
v -1.866710 0.438410 -0.476315
v -1.916971 0.463912 -0.470472
v -1.920121 0.440145 -0.482736
v -1.909465 0.447172 -0.493724
v -1.908663 0.465660 -0.469494
v -1.900733 0.447979 -0.493906
v -1.926927 0.036005 -0.317681
v -1.943210 0.039615 -0.278919
v -1.949456 0.054167 -0.326009
v -1.919456 0.010632 -0.302413
v -1.963923 0.058348 -0.285897
v -1.934512 0.018697 -0.266772
v -1.929657 -0.015068 -0.295085
v -1.948885 0.052558 -0.243747
v -1.978996 0.082457 -0.246018
v -1.963799 0.075460 -0.228738
v -1.949479 0.067270 -0.214094
v -1.938415 0.055251 -0.207651
v -1.940692 0.025913 -0.233420
v -1.932234 0.030017 -0.210535
v -1.942772 -0.004781 -0.258293
v -1.962083 -0.024657 -0.278173
v -1.971456 -0.020268 -0.246123
v -1.947006 0.000433 -0.227255
v -1.940843 0.003054 -0.198033
v -1.982089 -0.023442 -0.219705
v -1.941504 -0.272742 -0.267979
v -1.953319 -0.272636 -0.246960
v -1.946803 -0.275556 -0.245921
v -1.947419 -0.270313 -0.271297
v -1.951198 -0.279832 -0.223202
v -1.990346 -0.287684 -0.255889
v -1.984340 -0.285601 -0.282004
v -1.987091 -0.295395 -0.279181
v -1.957872 -0.277478 -0.222435
v -1.951964 -0.289199 -0.205720
v -1.994209 -0.292822 -0.231532
v -1.992006 -0.297630 -0.256479
v -1.985353 -0.297291 -0.286279
v -1.995627 -0.303496 -0.235602
v -1.995198 -0.302072 -0.235538
v -1.994830 -0.311347 -0.222377
v -1.994697 -0.303438 -0.213311
v -1.995496 -0.311218 -0.219692
v -1.958506 -0.288180 -0.203943
v -1.948916 -0.304369 -0.193504
v -1.991565 -0.319628 -0.199957
v -1.992581 -0.326064 -0.208048
v -1.991665 -0.329707 -0.208932
v -1.955337 -0.304531 -0.190543
v -1.942589 -0.323530 -0.185716
v -1.984838 -0.341554 -0.191594
v -1.986710 -0.344998 -0.200499
v -1.983711 -0.350305 -0.202753
v -1.948506 -0.326119 -0.182294
v -1.934172 -0.343617 -0.181642
v -1.978802 -0.364853 -0.197911
v -1.974286 -0.370782 -0.202642
v -1.939626 -0.347848 -0.178474
v -1.925007 -0.360288 -0.182130
v -1.975923 -0.364144 -0.188312
v -1.930031 -0.366053 -0.180485
v -1.916229 -0.373125 -0.189253
v -1.970496 -0.381456 -0.200516
v -1.964788 -0.389930 -0.210301
v -1.966359 -0.383364 -0.191848
v -1.920633 -0.380190 -0.188249
v -1.908398 -0.383049 -0.202895
v -1.956862 -0.397718 -0.201333
v -1.962157 -0.393896 -0.209291
v -1.956684 -0.399391 -0.223240
v -1.911733 -0.390664 -0.203275
v -1.901211 -0.389906 -0.221552
v -1.947344 -0.407648 -0.218260
v -1.953887 -0.402423 -0.224598
v -1.948699 -0.404013 -0.244559
v -1.903440 -0.397251 -0.223550
v -1.895630 -0.391824 -0.240422
v -1.946508 -0.408322 -0.243278
v -1.938993 -0.414434 -0.239738
v -1.897320 -0.398950 -0.244472
v -1.893031 -0.388345 -0.258101
v -1.895046 -0.395075 -0.263081
v -1.941433 -0.410221 -0.261942
v -1.943058 -0.405448 -0.273772
v -1.939376 -0.406943 -0.278636
v -1.933253 -0.416193 -0.260844
v -1.930919 -0.412408 -0.279605
v -1.666945 -0.123423 -0.041834
v -1.672731 -0.120531 -0.036949
v -1.675215 -0.126864 -0.038322
v -1.658646 -0.104231 -0.032907
v -1.668884 -0.128094 -0.042641
v -1.653244 -0.107959 -0.038448
v -1.676365 -0.137022 -0.039824
v -1.641922 -0.085600 -0.031190
v -1.669621 -0.134332 -0.043413
v -1.637000 -0.090039 -0.036869
v -1.661604 -0.140740 -0.041815
v -1.634037 -0.080534 -0.030773
v -1.664114 -0.146943 -0.036764
v -1.631486 -0.086514 -0.036435
v -1.654821 -0.139651 -0.040179
v -1.623852 -0.086724 -0.035811
v -1.653954 -0.145431 -0.034253
v -1.622327 -0.080815 -0.029888
v -1.649403 -0.136782 -0.038957
v -1.619373 -0.090596 -0.035188
v -1.646711 -0.141619 -0.032601
v -1.614855 -0.087373 -0.028992
v -1.632787 -0.125537 -0.030335
v -1.617440 -0.097896 -0.034857
v -1.636240 -0.121603 -0.036730
v -1.612070 -0.097822 -0.028499
v -1.619102 -0.103464 -0.034884
v -1.614662 -0.106314 -0.028488
v -1.604108 0.127416 -0.067540
v -1.593345 0.137658 -0.077092
v -1.604608 0.130536 -0.075336
v -1.613634 0.131981 -0.076672
v -1.588169 0.137310 -0.070016
v -1.617685 0.129638 -0.069519
v -1.593188 0.143978 -0.079661
v -1.623659 0.136710 -0.072766
v -1.587973 0.147329 -0.074011
v -1.618343 0.137500 -0.079305
v -1.595803 0.151912 -0.083292
v -1.635920 0.152619 -0.080804
v -1.591177 0.156966 -0.078503
v -1.630768 0.153220 -0.087440
v -1.608598 0.167479 -0.091812
v -1.648571 0.170976 -0.091394
v -1.604566 0.173304 -0.087420
v -1.642697 0.170596 -0.097370
v -1.622075 0.185139 -0.102372
v -1.650938 0.178195 -0.095431
v -1.618808 0.191868 -0.098540
v -1.644376 0.176031 -0.100380
v -1.627687 0.188159 -0.104655
v -1.643482 0.183794 -0.104195
v -1.626167 0.195812 -0.101499
v -1.649318 0.189194 -0.100725
v -1.635337 0.189842 -0.106428
v -1.637148 0.198258 -0.104045
vn -0.1209 -0.7767 -0.6182
vn -0.0323 -0.9037 -0.4269
vn 0.0959 -0.7407 -0.6649
vn 0.2161 0.6863 -0.6945
vn 0.4370 0.4358 -0.7868
vn 0.3838 0.7567 -0.5293
vn 0.4130 -0.0931 -0.9060
vn 0.0369 -0.1316 -0.9906
vn -0.2031 -0.2157 -0.9551
vn 0.2262 -0.7247 -0.6509
vn -0.2718 -0.4871 -0.8300
vn -0.0793 -0.6316 -0.7712
vn -0.3169 -0.4593 -0.8298
vn -0.0635 -0.4240 -0.9034
vn -0.3827 -0.7695 -0.5113
vn -0.1126 -0.9105 -0.3980
vn -0.5228 -0.8475 -0.0913
vn -0.0465 -0.9454 -0.3225
vn -0.5244 -0.8494 0.0594
vn -0.0803 -0.9764 -0.2007
vn -0.4902 -0.8573 0.1573
vn -0.1005 -0.9933 -0.0569
vn -0.4491 -0.8334 0.3222
vn -0.0898 -0.9808 0.1733
vn -0.3435 -0.8770 0.3359
vn 0.3137 -0.9362 0.1587
vn 0.2779 -0.9605 0.0112
vn -0.3733 -0.8858 0.2756
vn 0.1357 -0.9470 -0.2910
vn -0.4507 -0.8559 0.2535
vn -0.4615 -0.8578 0.2265
vn 0.1566 -0.9269 -0.3412
vn -0.4530 -0.8596 0.2364
vn 0.2934 -0.9074 -0.3008
vn -0.4701 -0.8472 0.2473
vn 0.1512 -0.9197 -0.3623
vn -0.4907 -0.8439 0.2169
vn -0.0129 -0.8995 -0.4368
vn -0.4660 -0.8351 0.2923
vn -0.4475 -0.8203 0.3561
vn -0.1545 -0.8979 -0.4122
vn -0.0738 -0.9973 -0.0055
vn 0.0302 -0.9600 -0.2784
vn -0.1318 -0.9514 -0.2781
vn -0.3441 -0.9389 -0.0011
vn -0.5824 -0.8039 -0.1206
vn -0.6369 -0.7703 -0.0304
vn -0.9319 -0.1507 -0.3300
vn -0.9519 -0.2826 -0.1187
vn -0.9715 0.2011 -0.1254
vn -0.8202 0.3934 -0.4154
vn -0.8810 0.4710 -0.0449
vn -0.5663 0.7932 -0.2240
vn -0.5722 0.8151 0.0907
vn -0.1907 0.0602 0.9798
vn -0.2299 0.0806 0.9699
vn -0.2320 0.0880 0.9687
vn -0.2131 0.0776 0.9739
vn -0.1929 0.0677 0.9789
vn -0.1664 0.0595 0.9843
vn -0.1452 0.0744 0.9866
vn -0.1299 0.1036 0.9861
vn -0.1244 0.1461 0.9814
vn -0.1266 0.1535 0.9800
vn -0.1159 0.2138 0.9700
vn -0.1229 0.2031 0.9714
vn -0.1250 0.2103 0.9696
vn -0.1254 0.2192 0.9676
vn -0.1099 0.2555 0.9605
vn -0.1120 0.2626 0.9584
vn -0.1143 0.2788 0.9535
vn -0.1184 0.2929 0.9488
vn -0.1184 0.2930 0.9487
vn -0.1132 0.3108 0.9437
vn -0.1153 0.3177 0.9412
vn -0.1101 0.3354 0.9356
vn -0.1102 0.3354 0.9356
vn -0.1123 0.3515 0.9294
vn -0.1183 0.3809 0.9170
vn -0.1184 0.3809 0.9170
vn -0.1150 0.4140 0.9030
vn -0.0876 0.4440 0.8917
vn -0.0876 0.4441 0.8917
vn -0.0583 0.4669 0.8824
vn -0.3498 0.8034 0.4820
vn -0.1941 0.8476 0.4938
vn -0.2090 0.8460 0.4905
vn -0.2146 0.8561 0.4702
vn -0.2220 0.8552 0.4684
vn -0.2502 0.8632 0.4385
vn -0.2456 0.8748 0.4175
vn -0.2474 0.8715 0.4233
vn -0.2993 0.8637 0.4055
vn -0.3066 0.8622 0.4033
vn -0.3877 0.8381 0.3838
vn -0.3806 0.8403 0.3862
vn -0.4442 0.8189 0.3634
vn -0.4372 0.8215 0.3660
vn -0.4465 0.8293 0.3361
vn -0.4144 0.8502 0.3247
vn -0.4145 0.8502 0.3247
vn -0.3985 0.8594 0.3205
vn 0.1166 -0.9524 0.2816
vn 0.1954 -0.8870 0.4183
vn 0.1876 -0.8968 0.4006
vn 0.3115 -0.8315 0.4599
vn 0.2127 -0.8918 0.3992
vn 0.3712 -0.8137 0.4473
vn 0.4330 -0.7736 0.4626
vn 0.4418 -0.7731 0.4552
vn 0.4492 -0.7857 0.4253
vn 0.4489 -0.8034 0.3911
vn 0.4321 -0.8406 0.3266
vn 0.4488 -0.8324 0.3250
vn -0.3668 0.8755 0.3147
vn -0.3669 0.8754 0.3147
vn -0.3869 0.8827 0.2665
vn -0.3959 0.8867 0.2388
vn -0.3799 0.8851 0.2690
vn -0.3620 0.8851 0.2924
vn -0.3633 0.8526 0.3757
vn -0.3618 0.8573 0.3662
vn -0.4631 0.7967 0.3883
vn -0.5287 0.7739 0.3486
vn -0.7897 0.5908 0.1656
vn -0.7984 0.5901 0.1198
vn -0.3892 -0.8909 0.2343
vn -0.2067 -0.8635 0.4601
vn -0.1952 -0.8592 0.4729
vn -0.0235 -0.8295 0.5580
vn -0.1295 -0.8532 0.5052
vn 0.0629 -0.8267 0.5592
vn 0.1008 -0.8272 0.5527
vn 0.0872 -0.8426 0.5314
vn 0.0668 -0.8690 0.4902
vn 0.0705 -0.8902 0.4502
vn 0.0214 -0.9403 0.3396
vn 0.0730 -0.9238 0.3759
vn -0.7163 -0.4794 0.5071
vn -0.5067 -0.4946 0.7061
vn -0.4916 -0.4988 0.7138
vn -0.3303 -0.5701 0.7523
vn -0.4298 -0.5367 0.7262
vn -0.2848 -0.6256 0.7263
vn -0.2700 -0.6372 0.7218
vn -0.2926 -0.6405 0.7100
vn -0.3409 -0.6475 0.6815
vn -0.3574 -0.6448 0.6757
vn -0.3958 -0.6432 0.6555
vn -0.4078 -0.6444 0.6468
vn -0.0581 -0.6923 -0.7192
vn 0.0958 -0.7407 -0.6649
vn 0.1622 -0.7361 -0.6571
vn -0.1208 -0.7767 -0.6182
vn -0.1506 -0.6785 -0.7190
vn -0.1634 -0.8017 -0.5750
vn -0.1922 -0.6759 -0.7115
vn -0.2086 -0.8199 -0.5331
vn -0.2807 -0.8254 -0.4899
vn -0.2026 -0.9336 -0.2954
vn -0.1561 -0.9278 -0.3387
vn -0.2898 -0.9535 -0.0830
vn -0.2005 -0.9725 -0.1183
vn -0.2924 -0.9533 -0.0756
vn -0.1597 -0.9787 -0.1289
vn -0.2935 -0.8225 -0.4872
vn -0.2771 -0.9602 -0.0365
vn -0.2904 -0.8431 -0.4526
vn -0.2476 -0.9687 -0.0173
vn -0.2370 -0.8737 -0.4249
vn -0.2111 -0.9767 -0.0379
vn -0.1706 -0.8882 -0.4267
vn -0.2042 -0.9759 -0.0775
vn -0.1549 -0.8773 -0.4543
vn -0.0732 -0.9933 -0.0896
vn -0.1165 -0.8768 -0.4665
vn -0.0900 -0.6040 -0.7919
vn 0.1532 -0.9847 -0.0834
vn -0.1326 -0.6970 -0.7047
vn 0.0431 -0.8870 -0.4597
vn 0.2782 -0.9604 -0.0138
vn 0.0225 -0.5409 -0.8408
vn 0.1703 -0.8942 -0.4141
vn 0.2705 -0.9621 0.0341
vn 0.0911 -0.5450 -0.8335
vn 0.1811 -0.9049 -0.3852
vn 0.2549 -0.9637 0.0788
vn 0.0558 -0.5404 -0.8395
vn -0.0042 0.1200 -0.9928
vn -0.1382 0.0473 -0.9893
vn 0.1704 -0.9128 -0.3712
vn 0.2379 -0.9679 0.0811
vn -0.0152 -0.5293 -0.8483
vn -0.2016 -0.0364 -0.9788
vn 0.1652 -0.9104 -0.3792
vn 0.2530 -0.9655 0.0613
vn -0.0170 -0.5143 -0.8574
vn -0.1810 -0.0716 -0.9809
vn 0.1956 -0.8904 -0.4111
vn 0.3272 -0.9434 0.0544
vn 0.0266 -0.4919 -0.8702
vn -0.1209 -0.0796 -0.9895
vn -0.0525 -0.0762 -0.9957
vn 0.2719 -0.8577 -0.4363
vn 0.1080 -0.4788 -0.8713
vn -0.0023 -0.0863 -0.9963
vn 0.3738 -0.9241 0.0793
vn 0.1484 -0.4569 -0.8770
vn -0.0147 -0.1061 -0.9942
vn 0.3019 -0.8537 -0.4243
vn 0.2829 -0.9577 -0.0533
vn 0.3179 -0.9244 0.2107
vn 0.0683 -0.3880 -0.9191
vn -0.2502 -0.2119 -0.9447
vn -0.1949 -0.4206 -0.8860
vn 0.1459 -0.7338 -0.6635
vn 0.1695 -0.9661 -0.1946
vn -0.1733 -0.7372 -0.6531
vn -0.0473 -0.9891 -0.1391
vn 0.7490 0.6625 0.0065
vn 0.1574 0.9819 -0.1055
vn 0.7160 0.6927 0.0867
vn 0.1736 0.9589 -0.2246
vn -0.1401 0.9721 -0.1880
vn -0.0724 0.9548 -0.2883
vn -0.8230 0.4411 -0.3581
vn -0.9114 0.3007 -0.2809
vn -0.9377 0.1904 -0.2905
vn 0.3849 0.9228 0.0178
vn -0.2693 0.9594 -0.0841
vn 0.3581 0.9264 0.1159
vn -0.2490 0.9472 -0.2021
vn -0.4930 0.8574 -0.1477
vn -0.4390 0.8620 -0.2537
vn -0.9253 0.1905 -0.3278
vn -0.9655 0.0958 -0.2421
vn -0.9543 0.1064 -0.2793
vn -0.8579 0.0334 -0.5127
vn -0.8945 -0.1810 -0.4088
vn -0.8910 -0.0591 -0.4502
vn -0.8529 -0.2872 -0.4361
vn -0.3995 -0.9160 0.0376
vn -0.3008 -0.9398 -0.1624
vn -0.1235 -0.9902 -0.0652
vn -0.2026 -0.9702 0.1331
vn 0.4677 -0.8509 0.2392
vn 0.3974 -0.8385 0.3729
vn -0.1337 0.2481 0.9595
vn -0.1275 0.2265 0.9656
vn -0.1296 0.2338 0.9636
vn -0.1464 0.2372 0.9604
vn -0.1491 0.2117 0.9659
vn -0.1627 0.2315 0.9591
vn -0.1544 0.2658 0.9516
vn -0.1743 0.1472 0.9736
vn -0.1670 0.3259 0.9306
vn -0.1805 0.1693 0.9689
vn -0.2133 0.1106 0.9707
vn -0.1766 0.2602 0.9493
vn -0.1844 0.3762 0.9080
vn -0.2027 0.1630 0.9656
vn -0.2497 0.0661 0.9661
vn -0.1737 0.2854 0.9426
vn -0.1812 0.4093 0.8942
vn -0.2123 0.1352 0.9678
vn -0.2600 0.0463 0.9645
vn -0.1720 0.2368 0.9562
vn -0.1507 0.3317 0.9313
vn -0.1539 0.4402 0.8846
vn -0.2091 0.0956 0.9732
vn -0.2459 0.0260 0.9689
vn -0.1110 0.3917 0.9134
vn -0.1191 0.4895 0.8638
vn -0.1277 0.2982 0.9459
vn -0.1727 0.2042 0.9636
vn -0.0561 0.4700 0.8809
vn -0.0747 0.4802 0.8740
vn -0.0737 0.3707 0.9258
vn -0.1237 0.2842 0.9508
vn -0.1743 0.1471 0.9736
vn -0.1539 0.1936 0.9689
vn -0.1925 0.0349 0.9807
vn -0.1884 -0.0050 0.9821
vn 0.0137 0.0317 0.9994
vn -0.1760 0.0648 0.9823
vn 0.0242 -0.0735 0.9970
vn 0.0084 -0.1771 0.9842
vn 0.0089 0.1614 0.9869
vn -0.1679 0.0918 0.9815
vn -0.1323 0.2084 0.9691
vn -0.0002 0.2723 0.9622
vn -0.0820 0.3194 0.9441
vn -0.0591 0.3826 0.9220
vn -0.0390 0.4115 0.9106
vn -0.0095 0.4436 0.8962
vn 0.0542 0.3434 0.9376
vn -0.0042 0.4600 0.8879
vn 0.0124 0.5261 0.8504
vn 0.0407 0.5191 0.8537
vn -0.0110 0.5301 0.8478
vn -0.0650 0.4210 0.9047
vn 0.0751 0.6110 0.7880
vn -0.0300 0.5312 0.8467
vn -0.0672 0.4181 0.9059
vn 0.0675 0.6417 0.7640
vn 0.0391 0.6482 0.7605
vn -0.0432 0.4964 0.8670
vn -0.0725 0.4011 0.9131
vn 0.0251 0.6002 0.7994
vn -0.0544 0.4453 0.8937
vn -0.0757 0.3867 0.9191
vn -0.0705 0.3946 0.9161
vn -0.0830 0.3760 0.9229
vn -0.0114 0.5210 0.8535
vn -0.0830 0.3667 0.9266
vn -0.0883 0.3492 0.9329
vn -0.0821 0.3194 0.9440
vn -0.0449 0.4494 0.8922
vn 0.0768 0.6366 0.7673
vn 0.0120 0.5678 0.8231
vn 0.1144 0.7148 0.6899
vn 0.1005 0.6929 0.7140
vn 0.0948 0.7090 0.6988
vn 0.1521 0.7584 0.6338
vn 0.1663 0.7908 0.5890
vn 0.0841 0.6903 0.7186
vn 0.1338 0.7747 0.6180
vn 0.1925 0.8249 0.5314
vn 0.0748 0.6499 0.7563
vn 0.2556 0.8532 0.4547
vn 0.0371 0.5487 0.8352
vn 0.1134 0.7487 0.6531
vn 0.1144 0.7147 0.6900
vn 0.2367 0.8346 0.4973
vn 0.2335 0.8147 0.5309
vn 0.1777 0.6539 0.7354
vn 0.2578 0.7841 0.5646
vn 0.2368 0.8290 0.5067
vn 0.1415 0.5988 0.7883
vn 0.2393 0.8008 0.5491
vn 0.1320 0.5290 0.8383
vn 0.3340 0.7479 0.5737
vn 0.1547 0.4334 0.8878
vn 0.2803 0.7233 0.6310
vn 0.1157 0.3999 0.9092
vn 0.1086 0.7847 0.6103
vn 0.0074 0.4483 0.8939
vn 0.0426 0.5040 0.8626
vn 0.0821 0.5453 0.8342
vn -0.0949 0.5144 0.8523
vn 0.1159 0.6015 0.7904
vn -0.0318 0.5459 0.8372
vn 0.0171 0.5825 0.8127
vn 0.1771 0.6457 0.7428
vn 0.0576 0.6384 0.7676
vn 0.0581 0.6923 0.7192
vn 0.1082 0.7778 0.6191
vn 0.4035 0.4865 0.7749
vn 0.3334 0.4703 0.8171
vn 0.1132 0.8202 0.5608
vn 0.2748 0.4179 0.8659
vn 0.6227 0.2354 0.7462
vn 0.6710 0.1325 0.7295
vn 0.5473 0.1712 0.8192
vn 0.6557 0.2419 0.7152
vn 0.6571 0.3369 0.6744
vn 0.2515 0.3801 0.8901
vn 0.5224 0.1739 0.8348
vn 0.1967 0.3745 0.9061
vn 0.5244 0.1663 0.8351
vn 0.4580 0.5962 0.6594
vn 0.7198 0.3242 0.6139
vn 0.1356 0.8332 0.5360
vn 0.4550 0.6857 0.5681
vn 0.7409 0.3275 0.5864
vn 0.2772 0.8229 0.4960
vn 0.4468 0.7198 0.5313
vn 0.7120 0.4234 0.5602
vn 0.1739 0.8628 0.4748
vn 0.4487 0.7573 0.4746
vn 0.7535 0.4804 0.4489
vn 0.1830 0.8896 0.4185
vn 0.5239 0.8000 0.2923
vn 0.8543 0.4285 0.2940
vn 0.1979 0.9089 0.3672
vn 0.2867 0.8460 0.4495
vn 0.6183 0.7713 0.1510
vn 0.9182 0.3463 0.1922
vn 0.2532 0.9524 0.1700
vn 0.2733 0.8742 0.4014
vn 0.7873 0.6134 0.0623
vn 0.9717 0.2197 0.0868
vn 0.3206 0.9471 0.0109
vn 0.3325 0.9220 0.1985
vn 0.3926 0.9164 0.0785
vn 0.5482 0.8271 -0.1237
vn 0.9156 0.3874 -0.1079
vn 0.9997 0.0195 -0.0127
vn 0.5151 0.8571 -0.0030
vn 0.7287 0.5940 -0.3408
vn 0.9547 0.1450 -0.2597
vn 0.9910 -0.1316 -0.0232
vn 0.9530 0.0167 -0.3024
vn 0.8336 0.1539 -0.5305
vn 0.7973 0.3355 -0.5017
vn 0.8790 0.2903 -0.3783
vn 0.8621 0.1680 -0.4780
vn 0.7623 0.5759 -0.2954
vn 0.9781 0.1199 -0.1701
vn 0.9778 0.0506 -0.2032
vn 0.9302 0.1287 -0.3439
vn 0.9648 0.2609 0.0330
vn 0.7885 0.5602 0.2538
vn 0.9381 0.1856 -0.2925
vn 0.9307 0.1369 -0.3392
vn 0.9576 0.2286 -0.1756
vn 0.9268 0.2223 -0.3028
vn 0.9202 0.1657 -0.3546
vn 0.9128 0.3473 0.2149
vn 0.9074 0.2904 -0.3037
vn 0.9202 0.1914 -0.3416
vn 0.9143 0.2055 -0.3490
vn 0.9126 0.3222 -0.2516
vn 0.9258 0.2128 -0.3123
vn 0.8964 0.2650 -0.3553
vn 0.9600 0.2620 -0.0989
vn 0.8702 0.4439 -0.2137
vn 0.8955 0.3754 -0.2391
vn 0.8805 0.2735 -0.3872
vn 0.9048 0.2977 -0.3044
vn 0.8600 0.4168 -0.2945
vn 0.8015 0.3193 -0.5056
vn 0.8893 0.3518 -0.2922
vn 0.8479 0.4880 -0.2071
vn 0.7873 0.4658 -0.4041
vn 0.7543 0.3585 -0.5500
vn 0.7631 0.5979 -0.2454
vn 0.7499 0.5003 -0.4329
vn 0.8086 0.3501 -0.4728
vn 0.7769 0.4875 -0.3985
vn 0.7214 0.6669 -0.1868
vn 0.6921 0.6846 -0.2287
vn 0.7046 0.6730 -0.2249
vn 0.5701 0.8215 0.0095
vn 0.6088 0.7899 0.0733
vn 0.3762 0.8717 0.3139
vn 0.3706 0.9042 0.2124
vn 0.0265 0.8934 0.4486
vn 0.5718 0.8203 -0.0152
vn 0.4509 0.8571 -0.2492
vn 0.3729 0.9219 0.1047
vn 0.0506 0.9424 0.3306
vn 0.6875 0.6473 -0.3293
vn 0.3071 0.9510 -0.0350
vn 0.8235 0.5425 -0.1660
vn 0.4699 0.8773 0.0978
vn 0.8370 0.5207 -0.1679
vn 0.5748 0.8007 0.1688
vn 0.5975 0.7889 0.1435
vn 0.1712 0.9712 0.1658
vn 0.6343 0.7645 0.1149
vn 0.3843 0.8787 0.2834
vn 0.4612 0.8553 0.2361
vn 0.6586 0.7448 0.1073
vn 0.5190 0.8272 0.2152
vn 0.7870 0.5795 0.2118
vn 0.5434 0.8113 0.2157
vn 0.2458 0.8785 0.4096
vn 0.3227 0.8566 0.4026
vn 0.6624 0.6709 0.3333
vn 0.3835 0.8328 0.3993
vn 0.6558 0.6421 0.3970
vn 0.4746 0.7184 0.5086
vn 0.4017 0.8364 0.3730
vn 0.5160 0.7934 0.3230
vn 0.6210 0.7299 0.2855
vn 0.5212 0.7859 0.3327
vn 0.4526 0.8238 0.3413
vn 0.4414 0.7883 0.4287
vn 0.4158 0.8514 0.3197
vn 0.4628 0.7169 0.5214
vn 0.3297 0.8398 0.4313
vn 0.4054 0.7420 0.5340
vn 0.2078 0.8066 0.5533
vn 0.2570 0.7025 0.6636
vn 0.2299 0.8237 0.5183
vn 0.3389 0.8345 0.4345
vn 0.1925 0.8365 0.5131
vn 0.3112 0.8502 0.4247
vn 0.4170 0.8472 0.3292
vn 0.2733 0.8742 0.4013
vn 0.3564 0.8935 0.2733
vn 0.2118 0.8510 0.4806
vn 0.1327 0.8544 0.5023
vn 0.2087 0.8655 0.4553
vn 0.2723 0.8927 0.3590
vn 0.1232 0.8855 0.4481
vn 0.2194 0.9110 0.3491
vn 0.3546 0.9039 0.2391
vn 0.2913 0.8932 0.3425
vn 0.2602 0.9007 0.3479
vn 0.2700 0.9417 0.2007
vn 0.1293 0.8998 0.4167
vn 0.1191 0.9550 0.2715
vn -0.1425 0.9590 0.2449
vn 0.1612 0.9415 0.2960
vn 0.1369 0.9833 0.1197
vn -0.0207 0.9934 0.1130
vn -0.1764 0.9840 -0.0258
vn 0.0212 0.9983 -0.0548
vn 0.1046 0.9667 0.2338
vn -0.0935 0.9623 0.2554
vn -0.2403 0.9396 0.2437
vn -0.2180 0.9730 0.0756
vn -0.0696 0.9971 0.0291
vn -0.5255 0.8405 0.1322
vn -0.5015 0.8593 -0.1005
vn -0.5131 0.7885 0.3391
vn -0.4474 0.8820 -0.1480
vn -0.2439 0.8781 0.4117
vn -0.2043 0.8375 0.5068
vn -0.4160 0.7375 0.5320
vn 0.0311 0.9844 0.1734
vn -0.3512 0.9313 -0.0969
vn 0.0354 0.9365 0.3489
vn -0.3152 0.9429 0.1080
vn 0.2078 0.8951 0.3944
vn 0.1948 0.9443 0.2654
vn 0.3848 0.8736 -0.2980
vn 0.2798 0.8781 0.3882
vn 0.2716 0.9057 0.3256
vn 0.1961 0.8622 0.4671
vn 0.2206 0.9530 0.2079
vn 0.5076 0.7896 -0.3448
vn 0.1603 0.8050 0.5712
vn 0.1934 0.9790 0.0652
vn 0.4235 0.7958 -0.4328
vn 0.1632 0.9170 0.3639
vn 0.1708 0.8601 0.4807
vn 0.1227 0.7440 0.6568
vn 0.0331 0.6177 0.7857
vn 0.1602 0.7986 0.5802
vn -0.0354 0.5156 0.8561
vn 0.0567 0.6680 0.7420
vn -0.0335 0.5605 0.8275
vn -0.0724 0.4105 0.9090
vn -0.0932 0.4902 0.8666
vn -0.0831 0.3667 0.9266
vn -0.0875 0.4534 0.8870
vn -0.1017 0.3772 0.9205
vn -0.1390 0.4069 0.9028
vn -0.1595 0.4325 0.8874
vn -0.1466 0.4508 0.8805
vn -0.0821 0.3287 0.9409
vn -0.0716 0.3546 0.9323
vn -0.0969 0.5111 0.8541
vn -0.1319 0.4627 0.8767
vn -0.0758 0.2985 0.9514
vn -0.0748 0.3302 0.9409
vn -0.0758 0.2893 0.9542
vn -0.1214 0.3474 0.9298
vn -0.1049 0.2734 0.9562
vn -0.1496 0.3721 0.9161
vn -0.1618 0.2639 0.9509
vn -0.2118 0.3534 0.9112
vn -0.1699 0.3887 0.9055
vn -0.2231 0.2858 0.9319
vn -0.2001 0.2524 0.9467
vn -0.2069 0.4172 0.8849
vn -0.1738 0.4109 0.8950
vn -0.1687 0.4373 0.8833
vn -0.1558 0.4555 0.8765
vn -0.2442 0.3501 0.9043
vn -0.2999 0.3090 0.9025
vn -0.2324 0.4248 0.8749
vn -0.3249 0.2776 0.9041
vn -0.4660 0.2625 0.8450
vn -0.2035 0.4498 0.8696
vn -0.2494 0.4368 0.8643
vn -0.4615 0.2397 0.8541
vn -0.5608 0.2295 0.7955
vn -0.4582 0.2239 0.8602
vn -0.2755 0.2281 0.9338
vn -0.1138 0.2065 0.9718
vn -0.2646 0.1516 0.9524
vn -0.1308 0.1683 0.9770
vn -0.0629 0.1403 0.9881
vn -0.2196 0.1331 0.9665
vn -0.2199 -0.0070 0.9755
vn -0.0802 0.1107 0.9906
vn -0.0640 0.0827 0.9945
vn -0.1693 0.0422 0.9847
vn -0.0763 0.0708 0.9946
vn -0.1208 0.1066 0.9869
vn -0.0555 0.0278 0.9981
vn -0.1305 0.0789 0.9883
vn -0.1032 0.0212 0.9944
vn -0.0942 -0.0090 0.9955
vn -0.1614 0.1023 0.9816
vn -0.1317 0.1440 0.9808
vn -0.1998 0.0326 0.9793
vn -0.1476 0.1716 0.9740
vn -0.1609 -0.0379 0.9862
vn -0.1585 -0.0454 0.9863
vn -0.2443 -0.1063 0.9639
vn -0.2602 -0.1294 0.9569
vn -0.3234 -0.1752 0.9299
vn -0.3147 -0.1558 0.9363
vn -0.3034 -0.1426 0.9421
vn -0.3131 -0.1377 0.9397
vn -0.3270 -0.1423 0.9342
vn -0.3015 -0.1255 0.9452
vn -0.3401 -0.0050 0.9404
vn -0.3025 -0.0256 0.9528
vn -0.2934 -0.1488 0.9443
vn -0.2758 -0.1757 0.9450
vn -0.2690 -0.2156 0.9387
vn -0.2952 -0.3098 0.9038
vn -0.2173 -0.2242 0.9500
vn -0.2140 -0.1466 0.9658
vn -0.2579 -0.3233 0.9104
vn -0.2343 -0.3412 0.9103
vn -0.1757 -0.0925 0.9801
vn -0.1968 -0.4073 0.8919
vn -0.1825 -0.4376 0.8805
vn -0.2134 -0.3521 0.9113
vn -0.1981 -0.1672 0.9658
vn -0.1776 -0.4977 0.8490
vn -0.2159 -0.6356 0.7412
vn -0.1925 -0.4339 0.8801
vn -0.2139 -0.2933 0.9318
vn -0.2023 -0.0600 0.9775
vn -0.1729 -0.0253 0.9846
vn -0.1744 0.0323 0.9841
vn -0.2003 0.0076 0.9797
vn -0.2034 -0.0596 0.9773
vn -0.2099 -0.1794 0.9611
vn -0.1854 -0.3963 0.8992
vn -0.1798 -0.2970 0.9378
vn -0.1731 0.0821 0.9815
vn -0.1669 0.1493 0.9746
vn -0.1789 -0.1525 0.9720
vn -0.1744 0.0323 0.9842
vn -0.1775 0.0971 0.9793
vn -0.1353 -0.3789 0.9155
vn -0.1658 -0.0478 0.9850
vn -0.1913 0.0352 0.9809
vn -0.1513 -0.2454 0.9575
vn -0.1548 -0.1278 0.9796
vn -0.1325 -0.2907 0.9476
vn -0.1255 -0.4180 0.8997
vn 0.0173 -0.3375 0.9412
vn 0.0389 -0.4699 0.8819
vn -0.1129 -0.5263 0.8428
vn 0.0474 -0.5936 0.8034
vn -0.1324 -0.4724 0.8714
vn -0.1098 -0.6071 0.7870
vn -0.1414 -0.5661 0.8121
vn 0.0511 -0.7690 0.6372
vn -0.0659 -0.8408 0.5373
vn -0.1626 -0.5726 0.8035
vn -0.1053 -0.8020 0.5880
vn 0.0664 -0.9976 0.0196
vn 0.0266 -0.9996 -0.0115
vn 0.0963 -0.9681 0.2315
vn -0.0161 -0.9997 -0.0184
vn -0.0287 -0.7457 0.6657
vn -0.1346 -0.7737 0.6191
vn -0.0669 -0.9978 -0.0029
vn -0.1766 -0.7256 0.6651
vn -0.2298 -0.9618 0.1489
vn -0.3137 -0.9174 0.2448
vn -0.0650 -0.5822 0.8104
vn -0.1959 -0.7893 0.5819
vn -0.0638 -0.9921 0.1075
vn 0.1095 -0.9916 0.0687
vn -0.2575 -0.5612 0.7866
vn 0.0186 -0.8067 0.5907
vn 0.1993 -0.9786 0.0505
vn -0.2800 -0.4190 0.8637
vn -0.0877 -0.4430 0.8922
vn -0.0505 -0.6068 0.7933
vn -0.1158 -0.3104 0.9435
vn -0.3044 -0.2870 0.9083
vn -0.0993 -0.4713 0.8764
vn 0.0984 -0.8347 0.5419
vn 0.0167 -0.6452 0.7639
vn 0.0961 -0.8791 0.4669
vn 0.2247 -0.9732 -0.0499
vn -0.0107 -0.6967 0.7173
vn 0.2131 -0.8678 0.4488
vn 0.3231 -0.9429 -0.0811
vn 0.7577 -0.3207 0.5684
vn 0.1164 -0.6835 0.7206
vn 0.6697 -0.3316 0.6645
vn 0.5823 -0.2454 0.7750
vn 0.0086 -0.5429 0.8397
vn 0.5027 -0.0845 0.8603
vn -0.1062 -0.5384 0.8359
vn -0.0495 -0.3609 0.9313
vn -0.0586 -0.5007 0.8637
vn -0.1398 -0.3878 0.9111
vn -0.0389 -0.1666 0.9853
vn 0.4687 -0.0021 0.8833
vn 0.4865 0.0100 0.8736
vn -0.1395 -0.3519 0.9256
vn -0.0562 -0.0221 0.9982
vn 0.2652 0.0280 0.9638
vn -0.1461 -0.2175 0.9651
vn -0.1656 -0.2084 0.9639
vn -0.3303 -0.1102 0.9374
vn -0.1512 -0.0430 0.9876
vn -0.1596 -0.1376 0.9775
vn -0.3248 0.0497 0.9445
vn -0.1675 0.0096 0.9858
vn -0.1887 -0.0299 0.9816
vn -0.3199 0.1493 0.9356
vn -0.1497 0.0895 0.9847
vn -0.2674 0.2626 0.9271
vn -0.0495 0.0953 0.9942
vn 0.3066 0.1700 0.9366
vn 0.4098 0.2837 0.8669
vn -0.1118 0.1992 0.9736
vn -0.2079 0.3684 0.9061
vn 0.0269 0.2230 0.9744
vn 0.5220 0.3494 0.7781
vn -0.0612 0.3109 0.9485
vn 0.1639 0.3414 0.9255
vn 0.5616 0.2705 0.7820
vn 0.1451 0.3752 0.9155
vn -0.1484 0.4569 0.8770
vn -0.0888 0.0259 0.9957
vn -0.0838 0.0357 0.9958
vn -0.0888 0.0258 0.9957
vn -0.0988 0.0061 0.9951
vn -0.1275 -0.0110 0.9918
vn -0.1682 -0.0403 0.9849
vn -0.2130 -0.0545 0.9755
vn -0.2131 -0.0545 0.9755
vn -0.2324 -0.0692 0.9702
vn -0.2324 -0.0692 0.9701
vn -0.5122 -0.4525 0.7300
vn -0.5065 -0.4514 0.7347
vn -0.6363 -0.3353 0.6947
vn -0.4743 -0.5154 0.7137
vn -0.4967 -0.5446 0.6758
vn -0.5291 -0.5489 0.6472
vn -0.5290 -0.5489 0.6472
vn -0.5777 -0.5352 0.6163
vn -0.6219 -0.5070 0.5969
vn -0.6219 -0.5070 0.5968
vn -0.6456 -0.4799 0.5940
vn -0.6433 -0.4635 0.6094
vn -0.6374 -0.4601 0.6181
vn -0.6378 -0.4599 0.6179
vn -0.1515 -0.3052 0.9402
vn -0.1256 -0.3063 0.9436
vn -0.0709 -0.3148 0.9465
vn -0.0493 -0.3246 0.9446
vn -0.0495 -0.3247 0.9445
vn -0.0161 -0.3585 0.9334
vn 0.0486 -0.3998 0.9153
vn 0.1110 -0.4328 0.8946
vn 0.1538 -0.4447 0.8824
vn 0.2011 -0.4294 0.8804
vn 0.2012 -0.4293 0.8805
vn 0.2455 -0.4364 0.8656
vn 0.2414 -0.4339 0.8680
vn 0.2894 -0.4426 0.8487
vn 0.2956 -0.4388 0.8486
vn 0.3277 -0.4400 0.8361
vn 0.3277 -0.4399 0.8361
vn 0.5764 0.1857 0.7958
vn 0.1495 0.4465 0.8822
vn 0.5878 0.2601 0.7660
vn 0.1286 0.3712 0.9196
vn 0.5682 0.1034 0.8164
vn 0.1047 0.2775 0.9550
vn -0.0256 0.9982 0.0534
vn 0.0228 0.9959 0.0871
vn 0.0048 0.9979 0.0641
vn 0.0459 0.9935 0.1042
vn 0.0637 0.9899 0.1270
vn 0.0747 0.9862 0.1474
vn 0.0937 0.9744 0.2044
vn 0.0310 0.9724 0.2312
vn -0.0512 0.9856 0.1610
vn -0.2639 0.9644 0.0179
vn -0.2879 0.9525 -0.0991
vn 0.2653 0.9624 0.0576
vn 0.0015 0.9869 -0.1614
vn 0.0368 0.9951 -0.0913
vn 0.3140 0.9441 0.1002
vn 0.3728 0.9237 0.0878
vn 0.3805 0.9211 0.0825
vn 0.3945 0.9186 0.0211
vn 0.3995 0.9159 0.0392
vn 0.3843 0.9232 0.0006
vn 0.3694 0.9290 -0.0207
vn 0.3533 0.9345 -0.0440
vn 0.3336 0.9414 -0.0505
vn -0.2377 -0.8062 0.5418
vn -0.5136 -0.7750 0.3682
vn -0.5463 -0.7832 0.2968
vn -0.1703 -0.7928 0.5852
vn -0.1047 -0.8242 0.5565
vn -0.1048 -0.8243 0.5564
vn -0.1000 -0.8671 0.4880
vn -0.1203 -0.8896 0.4406
vn -0.1470 -0.9098 0.3881
vn -0.1530 -0.9262 0.3447
vn -0.1631 -0.9429 0.2905
vn -0.1441 -0.9464 0.2891
vn 0.4856 0.8480 -0.2126
vn 0.5722 0.8066 -0.1482
vn 0.5677 0.8042 -0.1759
vn 0.6047 0.7873 -0.1204
vn 0.6153 0.7840 -0.0822
vn 0.6196 0.7828 -0.0571
vn 0.5972 0.8018 -0.0224
vn 0.5971 0.8018 -0.0224
vn 0.5315 0.8465 -0.0292
vn 0.4944 0.8672 -0.0598
vn 0.3381 0.9319 -0.1311
vn 0.3308 0.9315 -0.1515
vn 0.1622 -0.7361 -0.6572
vn 0.2263 -0.7247 -0.6509
vn -0.1257 -0.6047 -0.7865
vn -0.0658 -0.4174 -0.9063
vn -0.0635 -0.4239 -0.9035
vn -0.1742 -0.5705 -0.8026
vn -0.1921 -0.6758 -0.7116
vn -0.1171 -0.3840 -0.9159
vn -0.2362 -0.5161 -0.8233
vn -0.2807 -0.8253 -0.4900
vn -0.0528 -0.1008 -0.9935
vn -0.2685 -0.5175 -0.8125
vn -0.2935 -0.8224 -0.4873
vn -0.1417 -0.0445 -0.9889
vn -0.1892 -0.0165 -0.9818
vn -0.2647 -0.5473 -0.7940
vn -0.2904 -0.8430 -0.4528
vn -0.1624 -0.0094 -0.9867
vn -0.2047 -0.5875 -0.7829
vn -0.2370 -0.8736 -0.4251
vn -0.1706 -0.8881 -0.4268
vn -0.0890 -0.0130 -0.9959
vn -0.1549 -0.8772 -0.4544
vn -0.0900 -0.6039 -0.7919
vn 0.0014 0.0055 -1.0000
vn 0.0646 0.1236 -0.9902
vn -0.1326 -0.6969 -0.7048
vn -0.0042 0.1202 -0.9927
vn 0.0910 -0.5448 -0.8336
vn 0.0810 0.5987 -0.7969
vn 0.1583 0.6078 -0.7781
vn 0.1113 0.6182 -0.7781
vn -0.1320 0.5703 -0.8108
vn -0.1383 0.0475 -0.9893
vn 0.2249 0.8281 -0.5135
vn -0.3352 0.4128 -0.8469
vn -0.2017 -0.0362 -0.9788
vn 0.0865 0.8434 -0.5303
vn -0.2349 0.8042 -0.5460
vn -0.3618 0.2891 -0.8863
vn -0.1811 -0.0714 -0.9809
vn -0.3095 0.2441 -0.9190
vn -0.1209 -0.0795 -0.9895
vn -0.4963 0.6719 -0.5497
vn -0.2432 0.2346 -0.9412
vn -0.0525 -0.0760 -0.9957
vn -0.4311 0.6795 -0.5936
vn -0.1805 0.2256 -0.9574
vn -0.0024 -0.0862 -0.9963
vn -0.3713 0.6909 -0.6204
vn -0.1408 0.1959 -0.9705
vn -0.0147 -0.1060 -0.9943
vn -0.3347 0.6994 -0.6316
vn -0.1540 0.1347 -0.9788
vn -0.2503 -0.2119 -0.9447
vn -0.3785 0.0159 -0.9255
vn -0.3431 0.6826 -0.6452
vn -0.4152 0.5444 -0.7289
vn -0.6159 0.2804 -0.7362
vn -0.3609 0.9323 0.0254
vn -0.4901 0.8717 0.0035
vn -0.5992 0.7412 -0.3026
vn -0.7603 0.5564 -0.3352
vn -0.6221 0.7829 -0.0102
vn -0.5869 0.8089 0.0364
vn -0.4127 0.8924 0.1826
vn -0.5932 0.7563 0.2759
vn -0.4541 0.8390 0.2997
vn -0.2464 0.8134 0.5269
vn -0.1715 0.9139 0.3679
vn -0.0129 0.6501 0.7598
vn 0.1284 0.8023 0.5829
vn -0.3120 0.6173 0.7222
vn -0.4866 0.7095 0.5098
vn 0.2360 0.3041 0.9229
vn 0.4489 0.4734 0.7579
vn 0.6186 -0.0089 0.7857
vn -0.3395 0.4078 0.8476
vn 0.4163 -0.1165 0.9018
vn 0.0337 0.1034 0.9941
vn -0.1989 0.2126 0.9567
vn -0.4757 0.5024 0.7221
vn -0.3340 0.2104 0.9188
vn -0.0658 -0.0170 0.9977
vn -0.5536 0.5585 0.6178
vn -0.2415 0.0932 0.9659
vn -0.3925 0.2316 0.8901
vn -0.2593 -0.0113 0.9657
vn -0.1428 -0.0907 0.9856
vn 0.1857 -0.2032 0.9614
vn 0.0420 -0.2295 0.9724
vn 0.4457 -0.4603 0.7677
vn 0.5790 -0.4362 0.6889
vn 0.4319 -0.7534 0.4958
vn 0.2671 -0.4738 0.8391
vn 0.3848 -0.7579 0.5268
vn 0.2626 -0.9087 0.3246
vn 0.1299 -0.4347 0.8912
vn 0.2688 -0.9117 0.3108
vn 0.1273 -0.9761 0.1759
vn 0.2876 -0.7384 0.6099
vn 0.1767 -0.9750 0.1349
vn -0.0471 -0.9892 -0.1390
vn 0.1695 -0.9662 -0.1944
vn 0.2393 -0.9018 0.3599
vn 0.2232 -0.9570 0.1853
vn 0.2829 -0.9577 -0.0532
vn 0.3178 -0.9244 0.2108
vn 0.1823 -0.6845 0.7058
vn 0.1878 -0.8637 0.4678
vn 0.2311 -0.9176 0.3235
vn 0.3041 -0.7656 0.5669
vn 0.3738 -0.9241 0.0794
vn 0.0943 -0.7654 0.6366
vn 0.3606 -0.7964 0.4855
vn 0.3272 -0.9434 0.0546
vn 0.1811 -0.7660 0.6168
vn 0.3181 -0.8280 0.4618
vn 0.2530 -0.9655 0.0615
vn 0.0247 -0.4758 0.8792
vn 0.0811 -0.6187 0.7815
vn 0.0076 -0.3918 0.9200
vn -0.0777 -0.2393 0.9678
vn -0.1227 -0.2113 0.9697
vn -0.0739 -0.0942 0.9928
vn -0.2707 0.0840 0.9590
vn 0.0500 0.0588 0.9970
vn -0.4225 0.2684 0.8657
vn -0.1164 0.2859 0.9512
vn -0.2520 0.3947 0.8836
vn -0.4067 0.6883 0.6007
vn -0.2328 0.7384 0.6329
vn -0.0933 0.4810 0.8717
vn -0.1918 0.7584 0.6230
vn -0.3954 0.9184 0.0127
vn -0.0543 0.5165 0.8546
vn -0.4401 0.8978 -0.0124
vn -0.0217 0.3609 0.9324
vn -0.1987 0.7815 0.5915
vn -0.0260 0.5105 0.8595
vn -0.0032 0.3498 0.9368
vn 0.0806 0.0679 0.9944
vn 0.2560 -0.4353 0.8631
vn 0.2336 -0.4664 0.8532
vn 0.0754 0.0084 0.9971
vn 0.2538 -0.8562 0.4500
vn 0.2379 -0.9679 0.0813
vn 0.1925 -0.5122 0.8370
vn 0.2435 -0.8570 0.4541
vn 0.2550 -0.9637 0.0790
vn 0.0889 -0.0544 0.9945
vn 0.2743 -0.8465 0.4563
vn 0.2705 -0.9621 0.0343
vn 0.1954 -0.5477 0.8135
vn 0.3045 -0.8256 0.4750
vn 0.2782 -0.9604 -0.0136
vn 0.2191 -0.5398 0.8127
vn 0.3204 -0.8009 0.5058
vn 0.1533 -0.9847 -0.0832
vn 0.2496 -0.5118 0.8221
vn 0.2554 -0.4865 0.8355
vn 0.2302 -0.7975 0.5576
vn 0.1946 -0.4501 0.8715
vn 0.0005 -0.8274 0.5616
vn -0.0732 -0.9933 -0.0895
vn 0.0438 -0.4612 0.8862
vn -0.1733 -0.8188 0.5473
vn -0.2042 -0.9759 -0.0774
vn -0.0540 -0.4926 0.8686
vn -0.1794 -0.8405 0.5112
vn -0.2111 -0.9767 -0.0377
vn -0.0629 -0.5556 0.8290
vn -0.1946 -0.8685 0.4559
vn -0.2476 -0.9687 -0.0172
vn -0.0979 -0.6130 0.7840
vn -0.2322 -0.8911 0.3899
vn -0.2770 -0.9602 -0.0364
vn -0.1595 -0.6358 0.7552
vn -0.0352 -0.3191 0.9471
vn -0.2636 -0.9097 0.3209
vn -0.2925 -0.9533 -0.0754
vn -0.2898 -0.9535 -0.0829
vn 0.0101 -0.3404 0.9402
vn -0.1203 -0.2603 0.9580
vn 0.0079 -0.3340 0.9425
vn -0.0285 0.0770 0.9966
vn 0.0723 -0.3391 0.9380
vn 0.0275 -0.0060 0.9996
vn 0.2031 -0.3069 0.9298
vn 0.1472 0.0123 0.9890
vn 0.2393 -0.2628 0.9347
vn 0.2089 -0.1954 0.9582
vn 0.2671 0.0205 0.9634
vn 0.1380 -0.1148 0.9838
vn 0.2161 0.0889 0.9723
vn 0.0976 0.1948 0.9760
vn 0.0284 0.2873 0.9574
vn 0.0258 0.4998 0.8658
vn 0.1238 0.5108 0.8508
vn -0.2010 0.8168 0.5408
vn 0.2274 0.5223 0.8219
vn -0.1299 0.8842 0.4487
vn -0.3926 0.9129 -0.1116
vn -0.4601 0.7077 -0.5362
vn -0.1676 0.9449 -0.2811
vn 0.0639 0.9336 0.3525
vn 0.0938 0.9207 -0.3787
vn 0.1713 0.9335 0.3150
vn 0.1834 0.5322 0.8265
vn 0.1242 0.9347 0.3330
vn 0.1885 0.9314 -0.3115
vn 0.0661 0.5505 0.8322
vn 0.1206 0.9751 -0.1861
vn 0.0418 0.9283 0.3694
vn -0.0185 0.5793 0.8149
vn 0.1541 0.8489 -0.5056
vn 0.0654 0.9931 -0.0975
vn 0.0717 0.8608 -0.5039
vn 0.0167 0.9155 0.4019
vn 0.0713 0.9950 -0.0701
vn -0.0107 0.5793 -0.8151
vn 0.0487 0.8485 -0.5270
vn -0.0478 0.5381 -0.8415
vn 0.1110 0.9922 -0.0559
vn 0.0041 0.4898 -0.8718
vn 0.0985 0.8391 -0.5349
vn 0.0248 0.1613 -0.9866
vn 0.1452 0.6834 -0.7154
vn -0.0054 -0.1115 -0.9937
vn 0.0847 0.3820 -0.9203
vn -0.2582 -0.2220 -0.9402
vn 0.0369 -0.1315 -0.9906
vn -0.2032 -0.2157 -0.9551
vn 0.1626 0.0623 -0.9847
vn 0.4131 -0.0931 -0.9059
vn 0.6882 -0.1629 -0.7070
vn 0.7239 -0.0521 -0.6880
vn 0.0574 0.1211 -0.9910
vn 0.1883 0.2973 -0.9360
vn 0.4520 0.2953 -0.8417
vn 0.4371 0.4357 -0.7868
vn 0.2162 0.6863 -0.6945
vn 0.1226 0.3532 -0.9275
vn 0.1789 0.6826 -0.7086
vn 0.3125 0.8369 -0.4493
vn 0.3839 0.7567 -0.5292
vn 0.7633 0.5564 -0.3284
vn 0.7716 0.5842 -0.2516
vn 0.1864 0.8666 -0.4630
vn 0.2983 0.9047 -0.3042
vn 0.8241 0.5603 -0.0831
vn 0.1510 0.8713 -0.4669
vn 0.1763 0.9352 -0.3070
vn 0.2640 0.9583 -0.1093
vn 0.7931 0.6026 0.0887
vn 0.1554 0.9415 -0.2992
vn 0.1720 0.9781 -0.1171
vn 0.1483 0.9838 -0.1011
vn 0.1221 0.9726 0.1977
vn 0.1346 0.9716 0.1945
vn 0.1860 0.9611 0.2042
vn 0.6365 0.7404 0.2159
vn 0.7607 0.5398 0.3605
vn 0.0591 0.8585 0.5094
vn 0.1071 0.8334 0.5423
vn 0.6000 0.5783 0.5528
vn 0.0656 0.8520 0.5194
vn 0.7913 0.3037 0.5307
vn 0.0566 0.8882 0.4559
vn 0.0857 0.6696 0.7377
vn 0.8067 0.1880 0.5603
vn 0.8082 0.1804 0.5606
vn 0.0037 0.6992 0.7150
vn 0.0581 0.5322 0.8446
vn 0.8177 0.0611 0.5724
vn 0.0041 0.7071 0.7071
vn -0.0410 0.5508 0.8336
vn 0.0253 0.4075 0.9128
vn 0.8367 0.0215 0.5472
vn 0.7991 0.0416 0.5997
vn -0.0431 0.5564 0.8298
vn 0.0184 0.2610 0.9652
vn 0.6658 0.0081 0.7461
vn 0.6484 -0.0018 0.7613
vn -0.0577 0.4222 0.9047
vn -0.0143 0.0646 0.9978
vn 0.4147 -0.1411 0.8990
vn -0.0810 0.2805 0.9564
vn -0.0579 0.4129 0.9089
vn -0.0353 0.5748 0.8176
vn -0.0789 0.2735 0.9586
vn -0.0919 0.2122 0.9729
vn -0.0535 0.5931 0.8034
vn -0.1046 0.0786 0.9914
vn -0.1024 0.0711 0.9922
vn 0.0272 0.9027 0.4294
vn -0.0459 0.6023 0.7969
vn -0.1117 0.1992 0.9736
vn -0.0955 0.1629 0.9820
vn -0.1511 -0.2033 0.9674
vn -0.1392 -0.1910 0.9717
vn -0.2065 -0.6521 0.7295
vn -0.1486 -0.2104 0.9663
vn -0.2181 -0.6863 0.6939
vn -0.1872 -0.5111 0.8389
vn -0.1439 -0.2007 0.9690
vn -0.2229 -0.7507 0.6219
vn -0.0725 -0.1872 0.9796
vn 0.3814 -0.1651 0.9096
vn 0.1946 -0.4328 0.8802
vn -0.1868 -0.5275 0.8288
vn -0.1489 -0.5525 0.8201
vn 0.3982 -0.6546 0.6425
vn -0.2297 -0.7637 0.6033
vn -0.1272 -0.7958 0.5920
vn 0.6750 -0.6108 0.4138
vn -0.2423 -0.8892 0.3880
vn -0.2359 -0.8894 0.3916
vn -0.0628 -0.8978 0.4358
vn 0.8308 -0.4617 0.3107
vn 0.8285 -0.5004 0.2512
vn -0.2387 -0.9475 0.2125
vn -0.0176 -0.9563 0.2918
vn 0.8239 -0.5445 0.1574
vn -0.2138 -0.9472 0.2388
vn -0.0322 -0.9951 0.0939
vn 0.8031 -0.5900 0.0834
vn 0.6754 -0.7361 0.0448
vn -0.0940 -0.9819 -0.1645
vn 0.3171 -0.8986 -0.3033
vn -0.1786 -0.9827 0.0496
vn -0.1597 -0.9787 -0.1287
vn -0.2215 -0.9745 0.0345
vn -0.2005 -0.9725 -0.1181
vn -0.2729 -0.9212 0.2774
vn 0.1272 0.6615 0.7391
vn 0.1037 0.5373 0.8370
vn 0.1055 0.7272 0.6782
vn 0.1464 0.7733 0.6168
vn 0.1029 0.8054 0.5837
vn 0.0693 0.8713 0.4858
vn 0.1233 0.8902 0.4385
vn 0.2051 0.8840 0.4200
vn 0.1345 0.9227 0.3612
vn 0.0911 0.8990 0.4284
vn 0.1924 0.9399 0.2819
vn 0.2099 0.9147 0.3453
vn 0.2676 0.8762 0.4009
vn 0.2768 0.9408 0.1955
vn 0.3415 0.9344 0.1018
vn 0.3032 0.8942 0.3293
vn 0.4312 0.8714 0.2338
vn 0.4899 0.8718 -0.0031
vn 0.4984 0.8455 0.1913
vn 0.6054 0.7956 0.0211
vn 0.4724 0.8768 0.0904
vn 0.6796 0.7243 -0.1161
vn 0.6730 0.7179 -0.1782
vn 0.6415 0.7669 -0.0150
vn 0.7579 0.6438 -0.1057
vn 0.8050 0.5356 -0.2553
vn 0.7746 0.6119 -0.1598
vn 0.8311 0.5166 -0.2059
vn 0.8176 0.4950 -0.2940
vn 0.8353 0.4970 -0.2352
vn 0.8611 0.2363 -0.4503
vn 0.8704 0.3302 -0.3653
vn 0.8817 0.3012 -0.3632
vn 0.8634 0.2288 -0.4496
vn 0.8013 0.0059 -0.5983
vn 0.8405 0.1405 -0.5233
vn 0.8502 0.1706 -0.4981
vn 0.8176 0.0548 -0.5732
vn 0.7450 0.1059 -0.6586
vn 0.7559 0.1609 -0.6346
vn 0.7299 -0.0000 -0.6835
vn 0.7107 -0.0493 -0.7017
vn 0.6456 0.0986 -0.7573
vn 0.6540 0.1354 -0.7443
vn 0.6200 0.0221 -0.7843
vn 0.6101 -0.0224 -0.7920
vn 0.5568 0.0233 -0.8303
vn 0.5626 0.0504 -0.8252
vn 0.4697 -0.0819 -0.8790
vn 0.5405 -0.0235 -0.8410
vn 0.5318 -0.0432 -0.8458
vn 0.4566 -0.1187 -0.8817
vn 0.2855 -0.2723 -0.9189
vn 0.4482 -0.1780 -0.8760
vn 0.4355 -0.2225 -0.8723
vn 0.2622 -0.3596 -0.8955
vn 0.0903 -0.3560 -0.9301
vn 0.2448 -0.5210 -0.8177
vn 0.2514 -0.6499 -0.7172
vn 0.0670 -0.4275 -0.9016
vn 0.1078 -0.5396 -0.8350
vn 0.2195 -0.6294 -0.7454
vn 0.3254 -0.8455 -0.4235
vn 0.0817 -0.4064 -0.9100
vn 0.0089 -0.3886 -0.9214
vn 0.0372 -0.3957 -0.9176
vn 0.4072 -0.6771 -0.6130
vn 0.6515 -0.7475 -0.1295
vn 0.3354 -0.4313 -0.8375
vn 0.1759 -0.4265 -0.8872
vn 0.1042 -0.4479 -0.8880
vn 0.0449 -0.4493 -0.8922
vn 0.0320 -0.4760 -0.8789
vn 0.0692 -0.4964 -0.8653
vn 0.0951 -0.4961 -0.8630
vn 0.1441 -0.5752 -0.8052
vn 0.1018 -0.5729 -0.8133
vn 0.1124 -0.6000 -0.7921
vn 0.1382 -0.6631 -0.7357
vn 0.1307 -0.7082 -0.6938
vn 0.1226 -0.7242 -0.6786
vn 0.0757 -0.8338 -0.5468
vn 0.0927 -0.8301 -0.5499
vn -0.0022 -0.9125 -0.4091
vn 0.1192 -0.8222 -0.5566
vn 0.1319 -0.8016 -0.5831
vn 0.0143 -0.9150 -0.4032
vn -0.0771 -0.9583 -0.2750
vn -0.0702 -0.9593 -0.2734
vn 0.0400 -0.9191 -0.3921
vn 0.0635 -0.9210 -0.3843
vn -0.0305 -0.9677 -0.2502
vn -0.0044 -0.9684 -0.2493
vn 0.3406 0.9305 0.1346
vn 0.4378 0.8956 -0.0795
vn -0.2383 0.9388 -0.2487
vn -0.1236 0.8511 -0.5102
vn -0.2773 0.7735 -0.5700
vn -0.5039 0.8123 -0.2936
vn -0.5190 0.6680 -0.5332
vn -0.7446 0.5601 -0.3631
vn -0.4109 0.5814 -0.7023
vn -0.0779 -0.9968 -0.0154
vn 0.6841 -0.7062 0.1827
vn 0.6279 -0.7008 0.3384
vn 0.0473 -0.9583 -0.2817
vn 0.0512 -0.9633 -0.2634
vn -0.0844 -0.9961 0.0242
vn 0.0661 -0.9571 -0.2821
vn 0.0186 -0.9968 0.0784
vn -0.6686 -0.4860 -0.5628
vn -0.7202 -0.1740 -0.6715
vn -0.6555 -0.7217 -0.2226
vn -0.0968 0.4584 0.8834
vn -0.1061 0.4634 0.8798
vn -0.0968 0.4584 0.8835
vn -0.1042 0.4479 0.8880
vn -0.0950 0.4336 0.8961
vn -0.0891 0.4051 0.9099
vn -0.0851 0.3826 0.9200
vn 0.4630 0.6062 0.6466
vn 0.4516 0.6190 0.6426
vn 0.4120 0.6462 0.6424
vn 0.4120 0.6460 0.6426
vn 0.3614 0.6670 0.6515
vn 0.3663 0.6655 0.6503
vn 0.3003 0.6844 0.6644
vn 0.2292 0.7123 0.6634
vn 0.2384 0.7066 0.6663
vn 0.1417 0.7417 0.6556
vn 0.0876 0.7514 0.6540
vn 0.0907 0.7548 0.6496
vn 0.0426 0.7547 0.6547
vn 0.0425 0.7547 0.6547
vn -0.0100 0.7494 0.6621
vn -0.0100 0.7493 0.6621
vn 0.1981 0.8847 -0.4219
vn 0.2628 0.8537 -0.4496
vn 0.1971 0.9286 -0.3145
vn 0.1905 0.8131 -0.5501
vn 0.2931 0.7743 -0.5608
vn 0.1612 0.7092 -0.6863
vn 0.4038 0.6834 -0.6082
vn 0.2837 0.6631 -0.6927
vn 0.1329 0.5807 -0.8032
vn 0.3827 0.6209 -0.6841
vn 0.2501 0.5417 -0.8025
vn 0.1131 0.4274 -0.8970
vn 0.3448 0.5079 -0.7894
vn 0.2300 0.4044 -0.8852
vn 0.0988 0.2524 -0.9626
vn 0.3242 0.3870 -0.8632
vn 0.2208 0.2571 -0.9408
vn 0.3173 0.2733 -0.9081
vn 0.1040 0.0610 -0.9927
vn 0.3138 0.1121 -0.9428
vn 0.2189 0.0885 -0.9717
vn 0.1080 -0.1101 -0.9880
vn 0.2174 -0.0926 -0.9717
vn 0.3127 -0.0614 -0.9479
vn 0.1141 -0.2697 -0.9562
vn 0.2233 -0.2445 -0.9436
vn 0.3069 -0.2248 -0.9248
vn 0.2175 -0.3825 -0.8980
vn 0.2947 -0.3649 -0.8832
vn 0.1222 -0.3940 -0.9109
vn 0.2782 -0.4741 -0.8354
vn 0.1998 -0.4818 -0.8532
vn 0.1191 -0.4895 -0.8638
vn 0.2565 -0.5621 -0.7863
vn 0.1844 -0.5713 -0.7998
vn 0.1092 -0.5720 -0.8130
vn 0.2366 -0.6443 -0.7272
vn 0.1641 -0.6529 -0.7394
vn 0.0906 -0.6580 -0.7476
vn 0.2102 -0.7231 -0.6579
vn 0.1370 -0.7308 -0.6687
vn 0.0612 -0.7306 -0.6801
vn 0.0309 -0.7956 -0.6050
vn 0.1040 -0.8073 -0.5810
vn 0.1623 -0.8089 -0.5651
vn -0.0195 -0.8668 -0.4982
vn 0.0457 -0.8839 -0.4655
vn -0.0829 -0.9287 -0.3614
vn 0.1019 -0.8896 -0.4452
vn -0.0200 -0.9432 -0.3315
vn 0.0268 -0.9516 -0.3063
vn 0.0787 -0.9746 0.2097
vn -0.2725 -0.9528 0.1341
vn -0.2730 -0.9488 0.1588
vn 0.0903 -0.9747 0.2045
vn -0.2724 -0.9599 0.0666
vn 0.3071 -0.9162 0.2576
vn -0.2037 -0.9787 -0.0269
vn 0.3041 -0.9151 0.2647
vn -0.0472 -0.9892 -0.1390
vn 0.4540 -0.8356 0.3093
vn 0.0975 -0.9734 0.2073
vn 0.4646 -0.8311 0.3056
vn 0.2726 -0.9073 0.3201
vn 0.4319 -0.7535 0.4958
vn 0.2881 -0.9146 0.2837
vn 0.4297 -0.7815 0.4523
vn 0.4258 -0.8445 0.3247
vn 0.6133 -0.7037 0.3586
vn 0.6169 -0.6954 0.3686
vn 0.5787 -0.6878 0.4382
vn 0.6208 -0.4034 0.6722
vn 0.7584 -0.3938 0.5194
vn 0.8003 -0.3959 0.4503
vn 0.7916 -0.4162 0.4474
vn 0.8682 -0.1154 0.4827
vn 0.8610 -0.1080 0.4969
vn 0.8019 -0.1180 0.5857
vn 0.6904 0.0627 0.7207
vn 0.6186 -0.0089 0.7856
vn 0.4491 0.4734 0.7577
vn 0.8044 0.1713 0.5689
vn 0.8379 0.1836 0.5140
vn 0.8568 0.1703 0.4867
vn 0.7354 0.3810 0.5604
vn 0.7643 0.4228 0.4870
vn 0.7663 0.4457 0.4629
vn 0.5336 0.5364 0.6539
vn 0.1285 0.8024 0.5828
vn 0.6284 0.6541 0.4210
vn 0.6039 0.7010 0.3793
vn 0.6232 0.6189 0.4781
vn 0.4327 0.7945 0.4260
vn 0.4514 0.8283 0.3320
vn 0.4267 0.8509 0.3065
vn 0.2410 0.9402 0.2407
vn 0.1834 0.8586 0.4787
vn 0.2215 0.9250 0.3086
vn 0.2381 0.9391 0.2477
vn 0.0421 0.9802 0.1937
vn 0.0188 0.9697 0.2434
vn 0.0325 0.9795 0.1989
vn -0.1392 0.9754 0.1708
vn -0.1652 0.9484 0.2706
vn -0.1715 0.9140 0.3678
vn -0.4127 0.8924 0.1825
vn -0.1851 0.9646 0.1878
vn -0.3929 0.9047 0.1646
vn -0.1561 0.9724 0.1734
vn -0.3642 0.9152 0.1727
vn -0.6502 0.7564 0.0709
vn -0.3309 0.9234 0.1943
vn -0.3205 0.9224 0.2154
vn -0.6423 0.7518 0.1493
vn -0.8999 0.4146 -0.1351
vn -0.6160 0.2803 -0.7361
vn -0.6277 0.7390 0.2449
vn -0.6261 0.7171 0.3062
vn -0.9294 0.3579 0.0896
vn -0.8836 0.3460 0.3155
vn -0.8592 0.2976 0.4161
vn -0.9248 -0.0478 0.3775
vn -0.8783 -0.0645 0.4738
vn -0.9981 -0.0201 0.0585
vn -0.8905 -0.2442 0.3838
vn -0.8418 -0.2355 0.4857
vn -0.8340 -0.4022 0.3777
vn -0.7882 -0.3864 0.4790
vn -0.8960 -0.4440 0.0020
vn -0.9686 -0.2474 0.0258
vn -0.9258 0.0786 -0.3698
vn -0.3787 0.0158 -0.9254
vn -0.8393 -0.1759 -0.5144
vn -0.7266 -0.4110 -0.5506
vn -0.2504 -0.2119 -0.9447
vn 0.5061 0.3246 -0.7991
vn 0.0673 0.9552 -0.2882
vn -0.0449 0.9971 -0.0619
vn 0.5950 0.3406 -0.7280
vn 0.6413 -0.1898 -0.7434
vn 0.0894 0.9173 -0.3881
vn 0.7228 -0.1483 -0.6749
vn 0.6215 0.3260 -0.7124
vn 0.0969 0.9103 -0.4023
vn 0.5301 -0.6608 -0.5314
vn 0.6413 -0.1899 -0.7434
vn 0.6015 0.3268 -0.7289
vn 0.1234 0.9001 -0.4178
vn 0.7293 -0.1393 -0.6698
vn 0.6282 -0.6046 -0.4898
vn 0.1630 -0.9859 0.0375
vn 0.1231 -0.9874 0.0989
vn 0.1906 -0.9816 0.0054
vn 0.6471 -0.5899 -0.4829
vn 0.7101 -0.1457 -0.6889
vn 0.6216 -0.6153 -0.4848
vn 0.1603 -0.9860 0.0449
vn 0.8364 -0.1091 -0.5372
vn 0.7212 -0.6088 -0.3304
vn 0.1669 -0.9833 0.0725
vn 0.1304 -0.9862 0.1016
vn 0.8249 -0.5560 -0.1022
vn 0.7139 0.4018 -0.5736
vn 0.1631 0.9275 -0.3364
vn 0.0941 0.9630 -0.2524
vn 0.9708 -0.0210 -0.2391
vn 0.8166 0.4828 -0.3163
vn 0.1331 0.9527 -0.2733
vn 0.8132 -0.5443 -0.2060
vn 0.1516 -0.9841 0.0921
vn 0.9385 -0.0100 -0.3451
vn 0.7808 0.4811 -0.3986
vn 0.7267 0.4794 -0.4920
vn 0.2558 0.8934 -0.3694
vn 0.8839 -0.0209 -0.4672
vn 0.7592 -0.5582 -0.3347
vn 0.3277 -0.9398 -0.0973
vn 0.8020 -0.0263 -0.5968
vn 0.6507 0.4616 -0.6029
vn 0.1029 0.8878 -0.4486
vn 0.6967 -0.5326 -0.4807
vn 0.1465 -0.9786 -0.1448
vn 0.5898 0.3567 -0.7245
vn -0.0689 0.8796 -0.4707
vn 0.7084 -0.0490 -0.7041
vn 0.2598 0.5833 -0.7696
vn -0.2218 0.8210 -0.5261
vn -0.2292 0.5750 -0.7854
vn 0.5372 0.1577 -0.8286
vn 0.2497 0.1153 -0.9614
vn -0.2814 0.2923 -0.9140
vn 0.5694 -0.0788 -0.8183
vn 0.2466 -0.1401 -0.9589
vn -0.2387 -0.1928 -0.9517
vn -0.2340 -0.5950 -0.7689
vn 0.2593 -0.3929 -0.8822
vn -0.1669 -0.8111 -0.5607
vn 0.5604 -0.3159 -0.7656
vn 0.2897 -0.8201 -0.4935
vn -0.0758 -0.9653 -0.2499
vn 0.6527 -0.4498 -0.6097
vn 0.6849 -0.0512 -0.7268
vn 0.7066 -0.2285 -0.6697
vn 0.7876 -0.0656 -0.6127
vn 0.5977 -0.2133 -0.7728
vn 0.6529 -0.0877 -0.7524
vn 0.4923 -0.4484 -0.7461
vn 0.5696 -0.2477 -0.7837
vn 0.7458 -0.1319 -0.6530
vn 0.4379 -0.4124 -0.7988
vn 0.6339 -0.2706 -0.7245
vn 0.7977 -0.1252 -0.5899
vn 0.4067 -0.4598 -0.7894
vn 0.6968 -0.2482 -0.6730
vn 0.8367 -0.1163 -0.5352
vn 0.4882 -0.3558 -0.7969
vn 0.7883 -0.2096 -0.5786
vn 0.8489 -0.1264 -0.5133
vn 0.8487 -0.1192 -0.5152
vn 0.6761 -0.2401 -0.6966
vn 0.7937 -0.1675 -0.5848
vn 0.8478 -0.0795 -0.5244
vn 0.7502 -0.2339 -0.6184
vn 0.8307 -0.1184 -0.5440
vn 0.9203 -0.1091 -0.3756
vn 0.7337 -0.2484 -0.6324
vn 0.9220 -0.1859 -0.3396
vn 0.9068 -0.0837 -0.4131
vn 0.6838 -0.2457 -0.6870
vn 0.8139 -0.1110 -0.5703
vn 0.8044 -0.0587 -0.5912
vn 0.6912 -0.3668 -0.6226
vn 0.8172 -0.1262 -0.5624
vn 0.9439 -0.1822 -0.2754
vn 0.7647 -0.5055 -0.3995
vn 0.5968 -0.2063 -0.7754
vn 0.8266 -0.3028 -0.4744
vn 0.7034 -0.3003 -0.6443
vn 0.7462 -0.2985 -0.5951
vn 0.7067 -0.2688 -0.6545
vn 0.6248 -0.2917 -0.7243
vn 0.7730 -0.2106 -0.5984
vn 0.5104 -0.1965 -0.8372
vn 0.6030 -0.4637 -0.6491
vn 0.7949 -0.2077 -0.5701
vn 0.5275 -0.3336 -0.7813
vn 0.6475 -0.3757 -0.6630
vn 0.8387 -0.2650 -0.4757
vn 0.5142 -0.1472 -0.8449
vn 0.7494 -0.4073 -0.5220
vn 0.7860 -0.2346 -0.5720
vn 0.7651 -0.3135 -0.5624
vn 0.7862 -0.2278 -0.5745
vn 0.6630 -0.2846 -0.6924
vn 0.9348 -0.2276 -0.2726
vn 0.9390 -0.3012 0.1657
vn 0.9371 -0.2977 0.1823
vn 0.9208 -0.2780 -0.2736
vn 0.9374 -0.2919 0.1899
vn 0.9175 -0.3648 0.1583
vn 0.8731 -0.3118 -0.3749
vn 0.7943 -0.5748 0.1969
vn 0.7407 -0.2469 -0.6248
vn 0.7862 -0.4796 -0.3897
vn 0.5950 -0.7380 0.3184
vn 0.6691 -0.3234 -0.6691
vn 0.6706 -0.3446 -0.6569
vn 0.6542 -0.6640 -0.3620
vn 0.3980 -0.8449 -0.3573
vn 0.4779 -0.8012 0.3602
vn 0.5646 -0.4925 -0.6623
vn 0.5624 -0.4615 -0.6861
vn 0.7069 -0.3938 -0.5875
vn 0.3194 -0.6886 -0.6509
vn 0.1488 -0.9384 -0.3119
vn 0.3660 -0.9297 -0.0413
vn 0.5858 -0.3531 -0.7295
vn 0.5844 -0.4921 -0.6452
vn 0.4586 -0.3505 -0.8166
vn 0.4518 -0.4076 -0.7936
vn 0.2975 -0.6660 -0.6841
vn 0.4818 -0.4911 -0.7257
vn 0.3593 -0.3831 -0.8509
vn 0.1887 -0.5325 -0.8252
vn 0.2643 -0.7403 -0.6181
vn 0.0353 -0.7642 -0.6440
vn 0.1246 -0.4639 -0.8771
vn 0.0400 -0.7679 -0.6394
vn 0.0035 -0.8468 -0.5318
vn 0.0009 -0.6012 -0.7991
vn -0.1693 -0.7874 -0.5927
vn -0.1336 -0.7124 -0.6889
vn -0.1956 -0.8096 -0.5534
vn -0.0487 -0.9004 -0.4324
vn -0.2047 -0.5874 -0.7830
vn -0.0397 -0.7800 -0.6245
vn -0.1731 -0.8035 -0.5696
vn 0.3070 -0.3452 -0.8869
vn -0.1448 -0.6021 -0.7852
vn 0.3666 -0.4351 -0.8224
vn 0.8516 0.2486 -0.4614
vn -0.0188 -0.4991 -0.8663
vn 0.3939 -0.3164 -0.8630
vn 0.9019 0.1294 -0.4120
vn 0.0928 -0.5594 -0.8237
vn 0.1704 -0.4435 -0.8799
vn 0.3834 -0.3432 -0.8574
vn 0.9735 -0.1680 -0.1554
vn 0.1682 -0.4188 -0.8924
vn 0.3384 -0.5308 -0.7770
vn 0.3757 -0.7224 -0.5805
vn 0.9606 -0.2701 0.0660
vn 0.4034 -0.8473 -0.3454
vn 0.9579 -0.2458 0.1482
vn 0.2169 -0.7371 -0.6400
vn 0.4085 -0.9027 -0.1355
vn 0.9566 -0.2558 0.1393
vn 0.2365 -0.8792 -0.4136
vn 0.2503 -0.9492 -0.1906
vn 0.1230 -0.7166 -0.6866
vn 0.1492 -0.8646 -0.4798
vn 0.1741 -0.9542 -0.2435
vn 0.1134 -0.5239 -0.8442
vn -0.0607 -0.6419 -0.7644
vn -0.0041 -0.7850 -0.6195
vn 0.0288 -0.8864 -0.4620
vn -0.0955 -0.6728 -0.7337
vn -0.0585 -0.8471 -0.5282
vn -0.0963 -0.8063 -0.5836
vn -0.1178 -0.5875 -0.8006
vn -0.0475 -0.7932 -0.6071
vn -0.1392 -0.5381 -0.8313
vn -0.0098 -0.5732 -0.8193
vn 0.0876 -0.8047 -0.5872
vn -0.1366 -0.4456 -0.8847
vn -0.0789 -0.5152 -0.8534
vn 0.1036 -0.5781 -0.8093
vn 0.0786 -0.8240 -0.5611
vn 0.0983 -0.4010 -0.9108
vn -0.1751 -0.4777 -0.8609
vn -0.0722 -0.3882 -0.9188
vn 0.0464 -0.4011 -0.9149
vn -0.0413 -0.5282 -0.8481
vn -0.0587 -0.3515 -0.9344
vn -0.0863 -0.3119 -0.9462
vn -0.1676 -0.4049 -0.8989
vn -0.1589 -0.3554 -0.9211
vn -0.1902 -0.4043 -0.8946
vn -0.2142 -0.3873 -0.8967
vn -0.1505 -0.2821 -0.9475
vn -0.2251 -0.3176 -0.9211
vn 0.0027 -0.3591 -0.9333
vn 0.0204 -0.4007 -0.9160
vn -0.0172 -0.3879 -0.9216
vn 0.0984 -0.4010 -0.9108
vn 0.1214 -0.3475 -0.9298
vn -0.0488 -0.3261 -0.9441
vn 0.0173 -0.6057 -0.7955
vn 0.0588 -0.8372 -0.5437
vn 0.0175 -0.4869 -0.8733
vn 0.0959 -0.5965 -0.7969
vn 0.1489 -0.8353 -0.5293
vn 0.2481 -0.5673 -0.7852
vn 0.0710 -0.4495 -0.8905
vn 0.1150 -0.4047 -0.9072
vn 0.0266 -0.3528 -0.9353
vn 0.0122 -0.2761 -0.9611
vn -0.0076 -0.3059 -0.9520
vn 0.1142 -0.3583 -0.9266
vn -0.0650 -0.2180 -0.9738
vn -0.0665 -0.2827 -0.9569
vn 0.1110 -0.2946 -0.9491
vn 0.1330 -0.1757 -0.9754
vn -0.1144 -0.1995 -0.9732
vn 0.1599 -0.2569 -0.9531
vn 0.0877 -0.1976 -0.9763
vn 0.0530 -0.1592 -0.9858
vn -0.2987 -0.3133 -0.9014
vn -0.3198 -0.4528 -0.8323
vn 0.0427 -0.2907 -0.9559
vn -0.2429 -0.2504 -0.9372
vn -0.6707 -0.4404 -0.5968
vn 0.0826 -0.2068 -0.9749
vn -0.1332 -0.3006 -0.9444
vn 0.1316 -0.2410 -0.9616
vn -0.6389 -0.4888 -0.5941
vn -0.0356 -0.3766 -0.9257
vn -0.0504 -0.2058 -0.9773
vn 0.1298 -0.3052 -0.9434
vn -0.0382 -0.2100 -0.9770
vn 0.0486 -0.2408 -0.9694
vn 0.0924 -0.2840 -0.9544
vn 0.0349 -0.2208 -0.9747
vn -0.0596 -0.3040 -0.9508
vn -0.0169 -0.3003 -0.9537
vn 0.1539 -0.4402 -0.8846
vn -0.1466 -0.1760 -0.9734
vn 0.1316 -0.4084 -0.9033
vn -0.0695 -0.2269 -0.9714
vn -0.0226 -0.1409 -0.9898
vn -0.1711 -0.1907 -0.9666
vn 0.1465 -0.1957 -0.9697
vn 0.2463 -0.2777 -0.9285
vn -0.0253 -0.2626 -0.9646
vn -0.0124 -0.3142 -0.9493
vn 0.0268 -0.2638 -0.9642
vn 0.0300 -0.3190 -0.9473
vn -0.2252 -0.3175 -0.9211
vn -0.1801 -0.3140 -0.9322
vn -0.1997 -0.0437 -0.9789
vn -0.2785 -0.2274 -0.9331
vn -0.2894 -0.2943 -0.9109
vn -0.4613 -0.3282 -0.8243
vn -0.2560 -0.1569 -0.9539
vn -0.5384 -0.1120 -0.8352
vn -0.2986 -0.2327 -0.9256
vn -0.4264 -0.0781 -0.9012
vn -0.3922 -0.4298 -0.8133
vn -0.3267 -0.2801 -0.9027
vn -0.4582 -0.5615 -0.6891
vn -0.7280 -0.3725 -0.5756
vn -0.0443 -0.5988 -0.7997
vn -0.1633 0.1146 -0.9799
vn 0.0419 -0.1220 -0.9916
vn -0.1689 0.1785 -0.9693
vn -0.8201 0.3933 -0.4156
vn -0.5663 0.7932 -0.2241
vn -0.9318 -0.1507 -0.3302
vn -0.5823 -0.8040 -0.1207
vn -0.2974 -0.7374 -0.6065
vn -0.1318 -0.9514 -0.2783
vn 0.1552 -0.6493 -0.7445
vn 0.0303 -0.9599 -0.2785
vn 0.2439 -0.6513 -0.7186
vn 0.1377 -0.2624 -0.9551
vn 0.2627 -0.2395 -0.9347
vn 0.3083 -0.2337 -0.9222
vn 0.1002 0.1428 -0.9847
vn 0.0003 -0.0691 -0.9976
vn 0.0595 0.0892 -0.9942
vn -0.2521 0.6067 -0.7539
vn -0.2935 -0.0525 -0.9545
vn -0.4167 0.3515 -0.8384
vn -0.6667 0.5262 -0.5279
vn -0.4481 0.7964 -0.4061
vn -0.7231 -0.2143 -0.6567
vn -0.8750 -0.1469 -0.4613
vn -0.6855 -0.6704 -0.2840
vn -0.3618 -0.3757 -0.8532
vn -0.4668 -0.7122 -0.5242
vn -0.5610 -0.8040 -0.1971
vn -0.2740 -0.7776 -0.5659
vn 0.0821 -0.4699 -0.8789
vn 0.1839 -0.3670 -0.9119
vn -0.0785 -0.0754 -0.9941
vn 0.1985 -0.1712 -0.9650
vn 0.2206 -0.1320 -0.9664
vn 0.1620 0.1548 -0.9746
vn 0.0079 -0.1563 -0.9877
vn 0.0735 0.0763 -0.9944
vn -0.0626 0.5465 -0.8351
vn -0.0044 -0.1763 -0.9843
vn -0.1853 0.3870 -0.9033
vn 0.0131 -0.1384 -0.9903
vn 0.2206 -0.1648 -0.9614
vn -0.1144 0.2201 -0.9687
vn 0.3338 -0.1118 -0.9360
vn 0.1970 -0.0498 -0.9791
vn 0.1316 -0.2409 -0.9616
vn 0.2436 -0.6954 -0.6760
vn 0.2596 -0.6610 -0.7040
vn 0.0695 -0.2589 -0.9634
vn -0.4017 -0.3379 -0.8511
vn -0.0222 -0.2375 -0.9711
vn 0.0619 -0.4350 -0.8983
vn 0.0856 -0.0681 -0.9940
vn 0.1577 -0.1111 -0.9812
vn -0.0505 -0.2295 -0.9720
vn 0.0110 -0.1310 -0.9913
vn 0.0015 -0.2310 -0.9730
vn -0.3146 -0.3003 -0.9005
vn -0.2138 -0.5494 -0.8077
vn -0.2101 -0.1932 -0.9584
vn -0.0550 -0.0933 -0.9941
vn -0.1997 -0.0687 -0.9774
vn -0.2028 -0.3752 -0.9045
vn -0.3612 -0.4550 -0.8139
vn -0.2703 -0.6559 -0.7048
vn -0.1967 -0.4682 -0.8615
vn -0.3283 -0.4076 -0.8521
vn -0.3443 -0.2761 -0.8973
vn -0.2597 -0.6904 -0.6752
vn -0.3972 -0.5022 -0.7681
vn -0.2833 -0.7786 -0.5599
vn -0.4425 -0.6946 -0.5672
vn -0.3923 -0.3913 -0.8325
vn -0.1749 -0.6579 -0.7325
vn -0.5178 -0.6329 -0.5757
vn -0.2402 -0.5189 -0.8204
vn -0.1690 -0.3585 -0.9181
vn -0.2392 -0.7216 -0.6497
vn -0.0975 -0.4416 -0.8919
vn -0.1644 -0.5676 -0.8067
vn -0.3161 -0.5524 -0.7713
vn -0.4357 -0.6331 -0.6398
vn -0.1898 -0.4339 -0.8808
vn -0.4601 -0.6234 -0.6322
vn -0.4263 -0.4920 -0.7590
vn -0.3020 -0.6561 -0.6916
vn -0.4927 -0.5063 -0.7078
vn -0.3187 -0.5139 -0.7964
vn -0.1446 -0.4929 -0.8580
vn -0.0019 -0.4947 -0.8690
vn -0.2581 -0.4444 -0.8578
vn 0.2096 -0.5779 -0.7887
vn -0.0722 -0.5831 -0.8092
vn -0.3192 -0.3892 -0.8641
vn 0.4382 -0.4829 -0.7581
vn -0.5299 -0.3276 -0.7822
vn 0.6016 -0.3710 -0.7074
vn 0.3383 -0.4525 -0.8251
vn 0.5422 -0.3914 -0.7435
vn 0.4911 -0.3773 -0.7852
vn 0.1630 -0.4449 -0.8806
vn 0.3305 -0.1943 -0.9236
vn 0.2920 -0.5311 -0.7954
vn 0.2407 -0.3743 -0.8955
vn 0.2317 -0.3696 -0.8998
vn 0.3018 -0.5488 -0.7796
vn 0.1141 -0.3489 -0.9302
vn 0.1276 -0.5719 -0.8104
vn 0.0952 -0.4960 -0.8631
vn 0.2597 -0.5178 -0.8151
vn 0.2540 -0.5428 -0.8005
vn 0.0943 -0.5825 -0.8073
vn 0.0163 -0.5739 -0.8187
vn -0.0229 -0.6054 -0.7956
vn -0.1486 -0.3210 -0.9354
vn -0.1869 -0.5676 -0.8018
vn -0.2311 -0.6006 -0.7655
vn -0.2105 -0.6644 -0.7171
vn -0.3717 -0.7300 -0.5736
vn -0.4337 -0.6096 -0.6636
vn -0.6135 -0.7373 -0.2829
vn -0.4603 -0.5156 -0.7227
vn -0.6983 -0.5511 -0.4569
vn -0.8103 -0.5859 -0.0090
vn -0.7210 -0.4022 -0.5643
vn -0.5522 -0.5564 -0.6209
vn -0.9009 -0.3703 -0.2265
vn -0.8555 -0.2325 -0.4627
vn -0.9931 -0.1173 -0.0076
vn -0.9310 -0.2998 0.2084
vn -0.9186 0.0463 -0.3925
vn -0.6206 -0.5383 -0.5702
vn -0.7228 -0.2777 -0.6328
vn -0.9886 0.1243 0.0846
vn -0.9495 -0.0545 0.3090
vn -0.8729 0.2607 0.4123
vn -0.8855 0.4545 0.0970
vn -0.9040 0.3173 -0.2866
vn -0.7633 0.5566 -0.3280
vn -0.7401 -0.0224 -0.6721
vn -0.7027 0.2888 -0.6502
vn -0.6316 0.5713 -0.5241
vn -0.5745 -0.1933 -0.7954
vn -0.4204 0.4788 -0.7707
vn -0.5126 0.6401 -0.5723
vn -0.3347 0.6993 -0.6316
vn -0.1497 0.6115 -0.7770
vn -0.6204 -0.0810 -0.7801
vn -0.5503 0.1501 -0.8214
vn -0.3166 0.3539 -0.8801
vn -0.1620 0.4640 -0.8709
vn -0.0894 0.7119 -0.6966
vn -0.3182 0.7046 -0.6343
vn -0.3742 0.8171 -0.4386
vn -0.1432 0.2809 -0.9490
vn -0.1026 0.2925 -0.9507
vn -0.1952 0.1405 -0.9707
vn -0.1821 0.1597 -0.9702
vn -0.3972 -0.0462 -0.9166
vn -0.1561 -0.0319 -0.9872
vn -0.0536 -0.0358 -0.9979
vn 0.0901 -0.0832 -0.9925
vn -0.2805 0.0989 -0.9548
vn 0.0208 -0.1121 -0.9935
vn 0.0215 0.0771 -0.9968
vn -0.1954 -0.1083 -0.9747
vn -0.0426 -0.0734 -0.9964
vn -0.0589 -0.2722 -0.9604
vn -0.4875 0.0223 -0.8728
vn -0.1845 -0.1459 -0.9719
vn -0.1021 -0.2038 -0.9737
vn -0.1987 -0.1578 -0.9673
vn -0.1166 -0.1920 -0.9744
vn -0.1645 -0.1162 -0.9795
vn -0.0568 0.0959 -0.9938
vn 0.1338 0.2704 -0.9534
vn 0.0702 0.2417 -0.9678
vn -0.2784 -0.1547 -0.9479
vn 0.1194 -0.0413 -0.9920
vn 0.6271 -0.0079 -0.7789
vn -0.0012 -0.0119 -0.9999
vn -0.0999 -0.1874 -0.9772
vn 0.6598 -0.2221 -0.7179
vn -0.0840 -0.2389 -0.9674
vn 0.4408 -0.0017 -0.8976
vn 0.5874 -0.3134 -0.7462
vn 0.3612 -0.2643 -0.8942
vn 0.0184 0.2792 -0.9601
vn -0.1810 0.6712 -0.7188
vn 0.3230 -0.3475 -0.8803
vn 0.0413 -0.2515 -0.9670
vn -0.0654 -0.0059 -0.9978
vn 0.5568 -0.3404 -0.7577
vn 0.0039 -0.3185 -0.9479
vn -0.0847 -0.2710 -0.9588
vn -0.3369 0.1525 -0.9291
vn -0.1457 -0.0944 -0.9848
vn 0.0540 -0.3124 -0.9484
vn -0.5038 -0.0472 -0.8626
vn -0.3270 -0.2638 -0.9075
vn -0.0264 -0.4466 -0.8943
vn -0.1522 -0.2977 -0.9424
vn -0.5553 -0.0762 -0.8281
vn -0.4058 -0.5275 -0.7464
vn -0.2401 -0.6334 -0.7356
vn -0.6365 -0.6871 -0.3504
vn -0.7902 -0.4997 -0.3548
vn -0.6256 -0.0506 -0.7785
vn -0.5905 -0.1082 -0.7997
vn -0.8036 0.1428 -0.5778
vn -0.2773 0.3202 -0.9059
vn -0.4148 0.6889 -0.5944
vn -0.1927 0.8685 -0.4566
vn -0.4535 0.0891 -0.8868
vn -0.4957 0.0124 -0.8684
vn -0.1402 -0.1743 -0.9747
vn 0.1173 -0.4744 -0.8724
vn -0.0139 -0.2754 -0.9612
vn 0.2965 -0.5003 -0.8135
vn 0.2908 -0.3425 -0.8934
vn 0.3703 -0.3568 -0.8577
vn -0.1709 -0.2947 -0.9402
vn -0.2284 -0.2941 -0.9281
vn -0.3478 -0.1966 -0.9167
vn -0.3762 -0.2761 -0.8844
vn -0.1665 -0.2056 -0.9644
vn -0.4330 -0.3209 -0.8423
vn -0.3364 -0.2179 -0.9161
vn -0.2171 -0.2757 -0.9364
vn -0.3663 -0.4790 -0.7977
vn -0.1690 -0.3889 -0.9056
vn -0.2737 -0.2907 -0.9168
vn -0.3126 -0.4189 -0.8525
vn -0.3063 -0.3231 -0.8954
vn -0.3712 -0.2426 -0.8963
vn -0.2304 -0.2550 -0.9391
vn -0.2859 -0.3490 -0.8924
vn -0.2964 -0.1674 -0.9403
vn -0.4429 -0.3079 -0.8420
vn -0.5350 -0.1274 -0.8352
vn -0.5314 -0.1594 -0.8320
vn -0.4373 -0.3942 -0.8083
vn -0.3041 -0.2339 -0.9235
vn -0.5126 -0.4489 -0.7319
vn -0.3835 -0.2858 -0.8782
vn -0.7353 -0.4726 -0.4859
vn -0.6518 -0.5058 -0.5650
vn -0.5915 -0.3639 -0.7195
vn -0.1919 -0.5903 -0.7841
vn -0.1943 -0.6161 -0.7633
vn -0.0884 -0.4474 -0.8900
vn -0.5032 -0.5927 -0.6289
vn -0.0878 -0.6567 -0.7490
vn -0.4006 -0.7307 0.5528
vn -0.3346 -0.2293 0.9140
vn -0.3942 -0.7189 0.5725
vn -0.3400 -0.1726 0.9245
vn -0.4474 -0.7223 0.5274
vn -0.1061 0.4542 0.8845
vn -0.3892 -0.1642 0.9064
vn -0.5328 -0.6418 0.5515
vn -0.4548 -0.1704 0.8742
vn -0.0424 0.5743 0.8175
vn 0.3652 0.9266 -0.0901
vn 0.3424 0.9373 -0.0646
vn 0.3830 0.9165 -0.1158
vn -0.2175 0.3825 0.8980
vn -0.3910 0.0109 0.9203
vn -0.0633 0.8086 0.5849
vn -0.0503 0.7885 0.6129
vn -0.0686 0.7637 0.6419
vn -0.0643 0.7113 0.6999
vn -0.0374 0.7270 0.6856
vn -0.0896 0.6826 0.7253
vn -0.0617 0.6237 0.7792
vn -0.0890 0.6450 0.7590
vn -0.1228 0.6263 0.7698
vn -0.1050 0.6008 0.7925
vn -0.1290 0.5946 0.7936
vn -0.1613 0.5011 0.8502
vn -0.1409 0.5285 0.8371
vn -0.1668 0.4755 0.8638
vn -0.1632 0.4542 0.8758
vn -0.1682 0.3822 0.9087
vn -0.1808 0.3630 0.9141
vn -0.1895 0.3586 0.9140
vn -0.1824 0.2814 0.9421
vn -0.1972 0.2776 0.9402
vn -0.2064 0.2827 0.9367
vn -0.2009 0.2199 0.9546
vn -0.2221 0.2048 0.9533
vn -0.2404 0.1179 0.9635
vn -0.2314 0.2100 0.9499
vn -0.2459 0.1412 0.9590
vn -0.2499 0.1561 0.9556
vn -0.3473 0.4654 0.8141
vn -0.3340 0.4875 0.8067
vn -0.4886 0.4831 0.7266
vn -0.2546 0.4734 0.8433
vn -0.1301 0.5093 0.8507
vn -0.1356 0.4931 0.8593
vn -0.0480 0.5592 0.8276
vn -0.1338 0.4780 0.8681
vn -0.0671 0.5508 0.8319
vn -0.0328 0.5783 0.8151
vn 0.0298 0.6530 0.7568
vn 0.0479 0.6810 0.7308
vn 0.1194 0.8130 0.5699
vn 0.0229 0.6530 0.7570
vn 0.1161 0.7448 0.6571
vn 0.1381 0.8044 0.5778
vn 0.1738 0.8842 0.4337
vn 0.1929 0.8544 0.4825
vn 0.2204 0.8932 0.3919
vn 0.2854 0.9360 0.2059
vn 0.1918 0.9048 0.3802
vn 0.2408 0.9176 0.3162
vn 0.2869 0.9450 0.1571
vn 0.3132 0.9497 0.0002
vn 0.1561 0.9572 0.2436
vn 0.2255 0.9414 0.2510
vn 0.2712 0.9563 0.1097
vn 0.2262 0.9714 -0.0722
vn 0.4231 0.7194 -0.5509
vn 0.4578 0.5847 -0.6698
vn 0.1827 0.9786 0.0946
vn 0.2675 0.9372 -0.2241
vn 0.5446 0.3983 -0.7381
vn 0.2314 0.9728 -0.0125
vn 0.2799 0.8422 -0.4609
vn 0.5883 0.2532 -0.7680
vn 0.2671 0.6649 -0.6975
vn 0.2215 0.9277 -0.3004
vn 0.2176 0.7768 -0.5909
vn 0.2653 0.9446 -0.1930
vn 0.2760 0.8191 -0.5028
vn 0.3015 0.9333 -0.1949
vn 0.2971 0.9178 -0.2634
vn 0.2890 0.9543 -0.0756
vn 0.3016 0.8338 -0.4624
vn 0.2659 0.8913 -0.3672
vn 0.2697 0.8446 -0.4626
vn 0.2521 0.6253 -0.7386
vn 0.2286 0.6251 -0.7463
vn 0.2622 0.7442 -0.6143
vn 0.2751 0.7136 -0.6443
vn 0.2697 0.8445 -0.4626
vn 0.2790 0.5918 -0.7563
vn 0.3016 0.8337 -0.4626
vn 0.2709 0.6833 -0.6781
vn 0.2233 0.5181 -0.8257
vn 0.2760 0.8191 -0.5029
vn 0.2128 0.6117 -0.7619
vn 0.2577 0.4130 -0.8735
vn 0.2176 0.7767 -0.5910
vn 0.2696 0.4879 -0.8303
vn 0.4997 -0.0302 -0.8657
vn 0.2671 0.6649 -0.6976
vn 0.5366 0.0656 -0.8413
vn 0.5883 0.2531 -0.7680
vn 0.9433 -0.3039 0.1337
vn 0.3950 -0.9166 0.0619
vn 0.9086 -0.3431 0.2383
vn 0.2503 -0.9493 -0.1904
vn 0.3707 -0.8932 0.2545
vn 0.8856 -0.3501 0.3052
vn 0.2536 -0.9666 0.0365
vn 0.2459 -0.8225 0.5129
vn 0.0176 -0.4444 0.8957
vn -0.0351 -0.4268 0.9037
vn 0.2220 -0.9373 0.2686
vn 0.1524 -0.8501 0.5041
vn 0.0125 -0.4005 0.9162
vn 0.1437 -0.8221 0.5509
vn -0.0471 -0.3312 0.9424
vn 0.1892 -0.9328 0.3068
vn 0.0547 -0.8067 0.5885
vn -0.0796 -0.7919 0.6054
vn -0.1518 -0.2639 0.9525
vn -0.1658 -0.2505 0.9538
vn 0.0820 -0.9438 0.3202
vn 0.2020 -0.9784 0.0430
vn 0.1741 -0.9542 -0.2433
vn -0.0983 -0.8004 0.5914
vn -0.1466 -0.2358 0.9607
vn -0.1373 -0.2586 0.9562
vn 0.0643 -0.9811 -0.1824
vn -0.0585 -0.8472 -0.5280
vn 0.0916 -0.9948 0.0455
vn -0.0497 -0.9672 -0.2493
vn -0.0962 -0.8064 -0.5835
vn -0.0394 -0.9529 0.3006
vn -0.0338 -0.9994 0.0089
vn -0.0675 -0.9568 0.2827
vn -0.0863 -0.8050 0.5869
vn -0.1254 -0.2465 0.9610
vn -0.0658 -0.9974 -0.0278
vn -0.0469 -0.9699 0.2391
vn -0.0843 -0.7973 0.5977
vn -0.0987 -0.1865 0.9775
vn -0.0839 -0.9516 -0.2957
vn -0.0474 -0.7933 -0.6070
vn -0.0512 -0.9938 -0.0984
vn -0.0627 -0.9390 -0.3381
vn 0.0417 -0.9449 -0.3246
vn 0.0875 -0.8048 -0.5870
vn -0.0155 -0.9955 -0.0936
vn -0.0513 -0.9721 0.2291
vn 0.1047 -0.9664 -0.2350
vn 0.0786 -0.8241 -0.5609
vn -0.0896 -0.7791 0.6205
vn -0.0440 -0.1948 0.9799
vn -0.0527 -0.9611 0.2709
vn -0.0959 -0.7229 0.6843
vn -0.1525 -0.6338 0.7583
vn -0.0395 -0.2274 0.9730
vn -0.0936 -0.9003 0.4251
vn -0.1613 -0.8239 0.5433
vn 0.0394 -0.9989 0.0267
vn -0.0284 -0.9665 0.2552
vn -0.1411 -0.9015 0.4091
vn 0.0098 -0.9976 -0.0680
vn -0.1307 -0.9387 0.3190
vn 0.0588 -0.8373 -0.5436
vn -0.0107 -0.9994 -0.0332
vn 0.1489 -0.8354 -0.5292
vn -0.5233 0.7842 -0.3335
vn -0.6480 0.7425 -0.1698
vn -0.0367 0.9558 -0.2918
vn -0.1712 0.9844 -0.0406
vn -0.6549 0.7507 0.0867
vn 0.2271 0.9484 -0.2212
vn 0.8233 0.5056 0.2580
vn 0.8541 0.5083 0.1102
vn -0.2861 0.9090 0.3030
vn 0.1205 0.9906 0.0641
vn 0.5953 0.6975 -0.3988
vn -0.6185 0.7072 0.3426
vn -0.2919 0.8840 0.3652
vn -0.3501 0.6420 0.6821
vn -0.6179 0.3971 0.6785
vn -0.4441 0.6023 0.6633
vn -0.7490 0.6115 0.2552
vn -0.1829 0.3275 -0.9270
vn -0.5526 0.5205 0.6509
vn -0.8916 0.4195 0.1704
vn -0.7129 0.6248 -0.3185
vn -0.4988 0.8347 0.2335
vn -0.7027 0.4057 0.5845
vn -0.4093 0.7798 0.4737
vn -0.6151 0.3676 0.6975
vn -0.5845 0.3947 0.7089
vn -0.2910 0.8165 0.4987
vn -0.6125 0.2908 0.7350
vn -0.4648 0.4586 0.7574
vn -0.2266 0.8348 0.5017
vn -0.4904 0.2775 0.8261
vn -0.4875 0.3494 0.8002
vn -0.5248 0.2665 0.8084
vn -0.6206 0.2220 0.7521
vn -0.0476 -0.8218 0.5678
vn -0.3743 -0.8092 0.4529
vn -0.6074 -0.7127 0.3510
vn -0.5183 0.2692 0.8118
vn -0.4624 -0.7064 0.5359
vn -0.4365 0.3044 0.8466
vn -0.3840 -0.6773 0.6276
vn -0.4046 0.3852 0.8294
vn -0.4067 0.3050 0.8611
vn -0.2431 -0.7336 0.6346
vn -0.4014 0.2755 0.8735
vn -0.3730 0.4976 0.7831
vn -0.4251 0.3717 0.8253
vn -0.3649 0.4941 0.7891
vn -0.0724 0.8114 0.5799
vn -0.4146 0.3521 0.8391
vn -0.1891 0.4714 0.8614
vn 0.1924 0.7341 0.6512
vn 0.2694 0.5700 0.7763
vn -0.3323 0.2016 0.9214
vn -0.0954 0.2681 0.9587
vn 0.3652 0.3526 0.8616
vn -0.4207 0.0341 0.9066
vn -0.9592 0.0232 0.2819
vn -0.9615 -0.0367 0.2723
vn -0.9614 -0.0791 0.2636
vn -0.3472 -0.0820 0.9342
vn -0.2928 -0.0058 0.9562
vn 0.3728 -0.0433 0.9269
vn -0.2432 -0.1319 0.9610
vn -0.0297 -0.2078 0.9777
vn 0.3542 -0.2680 0.8959
vn 0.3807 -0.4254 0.8210
vn -0.1901 -0.1221 0.9741
vn 0.0840 -0.3083 0.9476
vn 0.2648 -0.7226 0.6385
vn -0.2596 -0.1539 0.9534
vn -0.0565 -0.4382 0.8971
vn -0.0088 -0.8366 0.5477
vn -0.3567 -0.2122 0.9098
vn -0.2866 -0.4385 0.8518
vn -0.3400 -0.4566 0.8221
vn -0.0311 -0.8702 0.4917
vn -0.4120 -0.2494 0.8764
vn -0.3917 -0.0643 0.9178
vn -0.3399 0.8437 0.4154
vn -0.4772 0.7645 0.4334
vn -0.4469 -0.4540 0.7708
vn -0.0547 -0.9131 0.4041
vn -0.4729 -0.1182 0.8731
vn -0.6368 0.6722 0.3776
vn -0.5219 -0.2897 0.8023
vn -0.6013 -0.4541 0.6575
vn -0.1463 -0.9260 0.3481
vn -0.5816 -0.2008 0.7883
vn -0.7855 0.5913 0.1826
vn -0.6532 -0.2727 0.7064
vn -0.3915 0.8264 0.4047
vn -0.1327 0.8478 0.5134
vn -0.4974 -0.3143 0.8086
vn -0.7206 -0.3808 0.5795
vn -0.7461 -0.4470 0.4935
vn -0.1274 -0.9471 0.2944
vn -0.7875 -0.5498 0.2786
vn -0.3102 -0.9490 -0.0567
vn -0.6870 -0.6699 0.2816
vn -0.1020 -0.3637 -0.9259
vn 0.4730 -0.2260 -0.8516
vn -0.4966 -0.6360 0.5907
vn -0.3013 -0.9128 0.2756
vn 0.8282 -0.2556 -0.4988
vn -0.3948 -0.7151 0.5769
vn -0.4635 -0.3788 0.8011
vn -0.2076 -0.7950 0.5700
vn 0.0517 -0.9751 0.2155
vn 0.9608 -0.2389 0.1404
vn 0.3244 -0.9172 -0.2315
vn 0.5243 0.1496 0.8383
vn 0.5207 0.1245 0.8446
vn 0.0229 -0.9875 0.1558
vn -0.4322 0.0218 0.9015
vn 0.1244 -0.9422 -0.3111
vn 0.5205 0.1814 0.8344
vn -0.1074 -0.9919 -0.0681
vn -0.0926 -0.9860 -0.1385
vn -0.4045 -0.8761 0.2626
vn -0.4190 -0.8184 0.3931
vn -0.1260 -0.8171 0.5625
vn -0.4499 -0.6831 0.5753
vn -0.2036 -0.4617 0.8634
vn -0.4215 -0.2443 0.8733
vn -0.3065 -0.4474 0.8402
vn -0.2978 -0.0406 0.9538
vn -0.4911 -0.0323 0.8705
vn -0.5819 0.2301 0.7800
vn -0.3776 -0.0591 0.9241
vn -0.3599 0.2985 0.8840
vn -0.5038 -0.0369 0.8630
vn -0.4141 0.2639 0.8711
vn -0.0927 -0.9860 -0.1386
vn -0.2743 -0.7175 -0.6403
vn 0.1244 -0.9422 -0.3112
vn 0.0974 -0.6102 -0.7863
vn -0.3427 -0.6114 -0.7133
vn 0.3243 -0.9172 -0.2315
vn -0.4849 -0.2536 -0.8370
vn 0.9950 -0.0629 0.0775
vn 0.9609 -0.2389 0.1404
vn 0.3864 -0.5908 -0.7083
vn 0.9995 -0.0302 -0.0129
vn 0.0231 -0.2169 -0.9759
vn -0.4785 -0.1149 -0.8705
vn 0.3786 -0.2021 -0.9032
vn 0.9972 -0.0273 -0.0702
vn 0.3941 -0.0505 -0.9177
vn -0.0065 -0.0465 -0.9989
vn -0.4782 -0.0499 -0.8768
vn 0.9325 0.3584 -0.0450
vn 0.2271 0.9484 -0.2213
vn 0.3050 0.7254 -0.6171
vn 0.9747 0.1524 -0.1636
vn -0.0367 0.9557 -0.2919
vn 0.3073 0.4581 -0.8341
vn -0.4192 0.7858 -0.4547
vn -0.5233 0.7842 -0.3336
vn 0.0901 0.7422 -0.6641
vn 0.1244 0.4555 -0.8815
vn -0.3292 0.3993 -0.8557
vn -0.3019 0.3534 -0.8854
vn -0.3487 0.8919 -0.2879
vn 0.1685 0.9413 -0.2925
vn -0.1364 0.8804 -0.4542
vn 0.0630 0.9978 0.0185
vn -0.3278 0.9447 -0.0049
vn 0.4914 0.8560 -0.1609
vn -0.0606 0.9438 0.3248
vn 0.7111 0.6813 -0.1736
vn 0.9102 0.3546 0.2141
vn -0.2653 0.7257 0.6347
vn -0.5756 0.6945 0.4318
vn -0.7086 0.5204 0.4765
vn 0.2048 0.9681 0.1442
vn -0.4524 0.3556 0.8179
vn -0.8662 0.1784 0.4668
vn 0.0225 0.9249 0.3797
vn -0.2805 0.9598 -0.0046
vn -0.2644 0.5952 -0.7589
vn -0.2085 0.9370 0.2803
vn -0.1315 0.7274 0.6735
vn -0.6079 0.7712 -0.1888
vn -0.4383 0.8366 -0.3285
vn -0.2400 0.9698 0.0426
vn -0.4891 0.8342 0.2547
vn -0.2130 0.9764 0.0365
vn -0.4922 0.8378 0.2362
vn -0.2032 0.9790 -0.0187
vn -0.4860 0.8492 0.2068
vn -0.5017 0.8456 0.1826
vn -0.1263 0.9891 0.0759
vn -0.5177 0.7906 0.3271
vn -0.3718 0.8473 0.3792
vn -0.3042 0.7801 0.5467
vn -0.3236 0.7945 0.5138
vn -0.0758 0.9798 0.1852
vn -0.4801 0.4004 0.7805
vn -0.2819 0.7845 0.5523
vn -0.0706 0.9708 0.2291
vn -0.2991 0.3497 0.8878
vn -0.2834 0.7712 0.5700
vn 0.0587 0.9067 0.4178
vn -0.4397 -0.1479 0.8859
vn 0.2709 0.6639 0.6971
vn 0.2427 0.8156 0.5252
vn -0.5999 -0.2078 0.7726
vn -0.8972 -0.0238 0.4410
vn -0.8789 -0.3463 0.3279
vn -0.4827 -0.7051 0.5194
vn -0.8150 -0.5294 0.2356
vn -0.7080 -0.6853 0.1703
vn -0.1718 0.6353 0.7529
vn -0.1116 0.5090 0.8535
vn 0.2719 0.4871 0.8299
vn -0.3112 0.6041 0.7336
vn -0.0709 0.4494 0.8905
vn 0.2509 0.4352 0.8647
vn -0.2540 0.5428 0.8005
vn -0.2270 0.4419 0.8679
vn -0.1039 0.3054 0.9465
vn 0.1853 0.2512 0.9500
vn 0.0972 0.0479 0.9941
vn -0.2698 0.3196 0.9083
vn -0.2258 0.1552 0.9617
vn -0.0048 -0.0906 0.9959
vn -0.2800 0.4266 0.8600
vn -0.3081 0.1047 0.9456
vn -0.0508 -0.1549 0.9866
vn -0.1494 -0.3481 0.9255
vn -0.3097 0.4692 0.8270
vn -0.3821 -0.0690 0.9215
vn -0.3421 -0.6607 0.6681
vn -0.3877 0.1429 0.9106
vn -0.4158 -0.1316 0.8999
vn -0.3767 -0.6982 0.6087
vn -0.3553 0.1056 0.9288
vn -0.3306 0.1943 0.9235
vn -0.3307 0.1630 0.9295
vn -0.3893 0.3344 0.8582
vn -0.9006 0.3363 0.2755
vn -0.8894 0.3697 0.2690
vn -0.7814 -0.0539 0.6217
vn -0.5564 -0.3638 0.7470
vn -0.0297 0.9627 0.2689
vn -0.0653 0.9599 0.2725
vn -0.3648 0.6052 0.7076
vn -0.7073 -0.3046 0.6379
vn -0.3898 0.1514 0.9084
vn -0.2421 0.9274 0.2850
vn -0.3895 0.0607 0.9190
vn -0.5018 0.0628 0.8627
vn -0.5134 0.8411 0.1703
vn -0.4929 -0.1676 0.8538
vn -0.4507 -0.6950 0.5602
vn -0.4905 0.0178 0.8712
vn -0.5952 -0.1805 0.7830
vn -0.4829 -0.7482 0.4550
vn -0.5577 0.0265 0.8296
vn -0.2844 0.8842 0.3707
vn 0.0330 0.8295 0.5575
vn -0.6486 0.1230 0.7511
vn -0.5877 -0.0429 0.8080
vn -0.7132 -0.2456 0.6565
vn -0.6965 -0.1614 0.6991
vn -0.8720 -0.4400 0.2145
vn -0.6785 -0.7345 0.0126
vn -0.5136 -0.3318 -0.7913
vn -0.8714 -0.2867 0.3981
vn -0.7868 -0.3769 0.4887
vn -0.1169 -0.7593 -0.6402
vn 0.1093 -0.8622 -0.4945
vn -0.7629 0.0206 0.6462
vn -0.7096 -0.4391 0.5511
vn 0.6032 -0.7338 0.3126
vn -0.6720 0.4172 0.6118
vn -0.6350 -0.0021 0.7725
vn -0.3793 -0.6856 0.6214
vn -0.1070 -0.9388 0.3274
vn 0.7019 -0.5597 0.4404
vn -0.3523 -0.9107 0.2156
vn -0.5955 -0.8033 -0.0079
vn -0.2688 -0.9588 -0.0921
vn -0.5686 -0.8001 -0.1913
vn 0.0303 -0.9993 0.0235
vn 0.7316 -0.6343 0.2499
vn -0.6081 0.4265 0.6696
vn 0.3945 0.1435 0.9076
vn 0.3530 0.1980 0.9144
vn 0.3093 0.2513 0.9171
vn -0.5033 0.7600 0.4112
vn -0.4789 0.8440 0.2416
vn -0.3664 0.7453 0.5571
vn -0.3398 -0.1051 0.9346
vn -0.3799 0.7919 0.4781
vn -0.6697 -0.2016 0.7147
vn -0.3465 0.7299 0.5892
vn -0.4071 0.6808 0.6089
vn -0.8475 -0.2827 0.4492
vn -0.3273 0.6908 0.6447
vn -0.3277 0.6635 0.6726
vn -0.5364 -0.3598 -0.7634
vn -0.1428 -0.6160 -0.7747
vn -0.5685 -0.4140 -0.7110
vn -0.2215 -0.8297 -0.5125
vn -0.5759 -0.6499 -0.4959
vn 0.2206 -0.6872 -0.6922
vn -0.2687 -0.9588 -0.0923
vn -0.5685 -0.8001 -0.1914
vn 0.1268 -0.9058 -0.4043
vn 0.9100 -0.4086 -0.0699
vn 0.8169 -0.5713 0.0795
vn 0.3655 -0.7936 -0.4865
vn 0.5052 -0.7507 -0.4258
vn 0.1777 -0.9806 -0.0833
vn 0.3436 -0.9065 0.2453
vn -0.0074 -0.9628 0.2700
vn 0.4912 -0.8027 -0.3383
vn -0.0452 -0.9423 0.3318
vn 0.3338 -0.8844 0.3261
vn 0.1168 -0.7354 0.6675
vn -0.2363 -0.6011 0.7634
vn 0.2286 -0.9454 -0.2322
vn -0.2597 -0.2803 0.9241
vn -0.2726 -0.5329 0.8011
vn -0.6529 -0.1950 0.7319
vn -0.6920 -0.1509 0.7060
vn 0.0369 -0.6884 0.7244
vn -0.4983 0.1376 0.8560
vn -0.8703 0.0705 0.4875
vn -0.3648 -0.2327 0.9015
vn 0.1408 -0.9229 0.3583
vn -0.0786 -0.6453 0.7599
vn -0.6294 0.4625 0.6244
vn -0.9306 0.2224 0.2908
vn -0.5414 0.1708 0.8233
vn -0.4757 -0.1948 0.8577
vn -0.6350 0.7534 0.1709
vn -0.9506 0.3015 0.0744
vn -0.9121 0.3755 -0.1643
vn -0.5040 0.8123 -0.2935
vn -0.7446 0.5602 -0.3631
vn -0.6052 0.5453 0.5800
vn -0.4633 0.8620 0.2057
vn -0.2384 0.9388 -0.2486
vn 0.2239 0.9657 -0.1313
vn 0.3406 0.9305 0.1347
vn -0.7389 0.6697 0.0744
vn -0.0296 0.5661 -0.8238
vn -0.6935 0.1141 0.7114
vn -0.8079 0.3216 0.4939
vn -0.9467 0.2360 0.2194
vn -0.3138 0.2936 -0.9030
vn -0.9079 0.3951 0.1397
vn -0.6406 0.7388 -0.2091
vn -0.5816 0.8077 0.0967
vn -0.8389 0.1098 0.5331
vn -0.8341 0.2882 0.4703
vn -0.6393 0.6562 0.4009
vn -0.7199 0.1196 0.6837
vn -0.5420 0.6727 0.5038
vn -0.6870 0.0839 0.7218
vn -0.5524 0.0616 0.8313
vn -0.4622 0.6843 0.5640
vn -0.6488 -0.0745 0.7573
vn -0.4756 0.0727 0.8767
vn -0.4283 0.6779 0.5976
vn -0.4832 -0.1301 0.8658
vn -0.3766 0.0985 0.9211
vn -0.1060 0.6859 0.7200
vn -0.3909 -0.1824 0.9022
vn -0.2963 -0.1402 0.9447
vn 0.1231 0.4100 0.9037
vn -0.2029 -0.2192 0.9543
vn 0.2832 0.1151 0.9521
vn -0.3397 -0.3363 0.8784
vn -0.1386 -0.1483 0.9792
vn 0.2976 0.1840 0.9368
vn -0.3454 -0.2426 0.9065
vn -0.3354 -0.3093 0.8899
vn -0.0558 -0.1889 0.9804
vn 0.2788 -0.0916 0.9560
vn -0.2743 -0.2434 0.9303
vn -0.4452 -0.2615 0.8564
vn -0.8652 -0.4902 0.1057
vn -0.8733 -0.4626 0.1529
vn -0.8768 -0.4326 0.2102
vn -0.1782 -0.3760 0.9093
vn -0.3277 -0.2890 0.8995
vn 0.1208 -0.8840 0.4516
vn 0.0920 -0.8840 0.4583
vn -0.4262 -0.2718 0.8628
vn -0.1104 -0.9005 0.4206
vn -0.5589 -0.3039 0.7715
vn -0.2794 -0.9270 0.2502
vn -0.5888 -0.2208 0.7775
vn 0.1245 -0.8699 0.4773
vn 0.4176 -0.6763 0.6068
vn 0.3063 0.2264 0.9246
vn 0.2763 0.3152 0.9079
vn -0.3913 -0.0892 0.9159
vn 0.3389 0.1137 0.9339
vn -0.0687 -0.6610 0.7473
vn -0.0865 -0.7936 0.6023
vn -0.3644 0.6089 0.7046
vn -0.5844 0.4728 0.6595
vn -0.8869 0.0963 0.4517
vn 0.0618 -0.9363 0.3458
vn 0.1591 -0.9461 -0.2822
vn -0.1466 -0.6969 0.7020
vn -0.7774 0.2410 0.5810
vn -0.0071 -0.8184 0.5747
vn -0.1843 -0.5632 0.8055
vn -0.6904 0.3460 0.6353
vn 0.2531 -0.9438 0.2127
vn 0.6926 -0.6955 -0.1913
vn 0.3933 -0.9126 0.1117
vn 0.1133 -0.9176 0.3811
vn 0.2305 -0.9621 0.1455
vn 0.0002 -0.8750 0.4842
vn 0.2343 -0.9423 0.2390
vn -0.0598 -0.7383 0.6718
vn -0.1925 -0.4512 0.8714
vn -0.6322 0.4141 0.6549
vn 0.0137 -0.8009 0.5987
vn 0.1665 -0.8448 0.5086
vn 0.2053 -0.7594 0.6174
vn -0.1134 -0.5409 0.8334
vn 0.0162 -0.6016 0.7986
vn 0.4833 -0.6064 0.6314
vn 0.2600 -0.5109 0.8194
vn -0.1895 -0.3694 0.9098
vn -0.0186 -0.3917 0.9199
vn 0.2010 -0.3943 0.8967
vn 0.2780 0.1248 -0.9524
vn 0.0163 0.0425 -0.9990
vn 0.0166 0.0672 -0.9976
vn 0.3642 -0.0525 -0.9298
vn 0.1438 -0.2209 -0.9646
vn 0.4145 0.1970 -0.8885
vn 0.1972 -0.2776 -0.9402
vn 0.7412 0.5536 -0.3796
vn 0.2702 0.7211 -0.6379
vn 0.4738 -0.3545 -0.8061
vn 0.3290 -0.3852 -0.8622
vn 0.4298 -0.5942 -0.6798
vn 0.5052 -0.7506 -0.4259
vn 0.3654 -0.7935 -0.4866
vn 0.4911 -0.8027 -0.3383
vn 0.4096 -0.4218 -0.8089
vn 0.3472 -0.0743 -0.9348
vn 0.0961 -0.5877 -0.8033
vn 0.2286 -0.9454 -0.2323
vn -0.0672 -0.2106 -0.9753
vn -0.2314 0.6081 -0.7594
vn 0.1590 -0.9461 -0.2822
vn -0.0004 -0.3831 -0.9237
vn 0.3692 0.4707 -0.8013
vn 0.8861 -0.1574 -0.4359
vn 0.0707 -0.6366 -0.7680
vn 0.6926 -0.6955 -0.1914
vn 0.5997 0.6555 -0.4589
vn 0.4075 0.5283 -0.7449
vn 0.3648 0.6770 -0.6393
vn 0.6088 0.1934 -0.7694
vn -0.1357 0.0648 -0.9886
vn 0.5485 0.6528 -0.5225
vn 0.3467 -0.3074 -0.8862
vn -0.2448 -0.0481 -0.9684
vn -0.4430 -0.1553 -0.8830
vn 0.5924 0.2370 -0.7700
vn 0.4173 0.7039 -0.5747
vn 0.4750 -0.2738 -0.8363
vn 0.1362 -0.6025 -0.7864
vn -0.5861 -0.2037 -0.7842
vn 0.2222 -0.7649 -0.6046
vn 0.1895 -0.7861 -0.5883
vn 0.3110 -0.5870 -0.7475
vn 0.1462 -0.8448 -0.5147
vn 0.3575 -0.6072 -0.7096
vn 0.6622 -0.7342 0.1497
vn 0.6382 -0.7055 0.3083
vn 0.4208 -0.1236 -0.8987
vn 0.3587 -0.9008 -0.2447
vn 0.4276 0.3367 -0.8389
vn 0.2332 0.0687 -0.9700
vn 0.1664 -0.5631 -0.8094
vn 0.2790 0.5006 -0.8195
vn 0.3417 0.7879 -0.5122
vn 0.3359 0.2456 -0.9093
vn 0.6452 -0.1401 -0.7510
vn 0.8814 0.4037 -0.2451
vn 0.3668 0.5962 -0.7142
vn 0.4137 0.7996 -0.4353
vn 0.8747 0.4076 -0.2623
vn -0.7903 -0.4997 -0.3547
vn -0.7788 -0.6131 -0.1328
vn -0.6366 -0.6870 -0.3503
vn -0.9075 -0.3765 -0.1865
vn -0.9804 -0.1723 -0.0950
vn -0.8037 0.1429 -0.5776
vn -0.8948 0.3382 -0.2916
vn -0.8570 0.5141 -0.0355
vn -0.4149 0.6890 -0.5943
vn -0.4339 0.8720 -0.2266
vn -0.4362 0.8968 0.0733
vn -0.1927 0.8686 -0.4564
vn -0.1972 0.9480 -0.2500
vn -0.9463 0.1352 0.2936
vn -0.9531 0.0902 0.2890
vn -0.8279 0.0747 0.5558
vn -0.8352 0.0048 0.5499
vn -0.2973 -0.0909 0.9504
vn -0.9616 0.0057 0.2742
vn -0.3067 -0.1779 0.9350
vn 0.3585 -0.1977 0.9123
vn -0.8444 -0.1329 0.5190
vn -0.9689 -0.0763 0.2352
vn 0.3335 -0.2835 0.8991
vn 0.9390 -0.2074 0.2743
vn -0.8438 -0.2629 0.4679
vn -0.9715 -0.1486 0.1845
vn -0.3369 -0.3610 0.8696
vn 0.2903 -0.4480 0.8456
vn 0.9285 -0.2248 0.2956
vn 0.7482 0.0319 -0.6627
vn 0.7130 -0.0320 -0.7004
vn 0.3262 0.1666 -0.9305
vn 0.3074 0.0845 -0.9478
vn 0.3470 0.3511 -0.8696
vn 0.7701 0.1755 -0.6134
vn 0.9229 -0.2587 0.2853
vn 0.7801 0.3176 -0.5390
vn 0.3729 0.5241 -0.7656
vn 0.2571 -0.5948 0.7617
vn 0.9191 -0.2899 0.2669
vn 0.7885 0.4303 -0.4395
vn 0.3854 0.6657 -0.6390
vn 0.9153 -0.3166 0.2490
vn 0.2262 -0.7251 0.6504
vn -0.3597 -0.5284 0.7690
vn 0.2213 -0.8193 0.5289
vn -0.8459 -0.3722 0.3821
vn -0.9724 -0.1962 0.1266
vn -0.3723 -0.6722 0.6399
vn -0.8445 -0.4487 0.2924
vn -0.9699 -0.2358 0.0600
vn -0.3813 -0.7785 0.4985
vn -0.8458 -0.5019 0.1807
vn -0.9678 -0.2513 -0.0140
vn 0.2261 -0.8933 0.3885
vn -0.8450 -0.5320 0.0552
vn -0.3828 -0.8557 0.3482
vn -0.8398 -0.5358 -0.0875
vn -0.9623 -0.2509 -0.1047
vn -0.3718 -0.9118 0.1745
vn 0.2473 -0.9419 0.2272
vn -0.8296 -0.5142 -0.2177
vn -0.9545 -0.2325 -0.1866
vn -0.8070 -0.4798 -0.3442
vn -0.9404 -0.2120 -0.2659
vn -0.3214 -0.8559 -0.4051
vn -0.3699 -0.9287 -0.0278
vn -0.3567 -0.9048 -0.2328
vn 0.2777 -0.9600 0.0368
vn 0.3096 -0.9397 -0.1453
vn 0.3334 -0.8921 -0.3050
vn 0.9438 -0.3296 0.0262
vn 0.9356 -0.3487 0.0551
vn 0.9273 -0.3599 0.1033
vn 0.7582 0.6084 0.2344
vn 0.7320 0.5739 0.3671
vn 0.3014 0.8600 0.4118
vn 0.3286 0.9115 0.2475
vn 0.7786 0.6219 0.0837
vn 0.3537 0.9341 0.0480
vn 0.3764 0.9124 -0.1606
vn 0.7848 0.6155 -0.0724
vn 0.3894 0.8563 -0.3392
vn 0.9188 -0.3684 0.1415
vn 0.7901 0.5760 -0.2095
vn 0.3879 0.7746 -0.4994
vn 0.9148 -0.3562 0.1902
vn 0.7901 0.5165 -0.3301
vn 0.9147 -0.3368 0.2235
vn 0.0348 -0.9623 -0.2698
vn 0.5725 -0.7835 -0.2416
vn 0.5207 -0.8427 -0.1367
vn 0.1031 -0.9050 -0.4127
vn 0.6125 -0.7108 -0.3458
vn -0.6237 -0.7053 -0.3370
vn 0.1684 -0.8209 -0.5457
vn 0.6366 -0.6364 -0.4356
vn -0.5872 -0.6607 -0.4677
vn 0.6538 -0.5715 -0.4959
vn -0.5397 -0.5991 -0.5914
vn -0.9140 -0.2208 -0.3405
vn -0.9256 -0.2661 -0.2692
vn -0.9704 0.0562 -0.2347
vn -0.9787 0.0237 -0.2041
vn -0.9669 0.0812 -0.2419
vn -0.8977 -0.1810 -0.4017
vn -0.9662 0.0885 -0.2420
vn -0.4952 -0.5231 -0.6936
vn -0.8836 -0.1407 -0.4466
vn -0.9627 0.1061 -0.2489
vn 0.2441 -0.6347 -0.7332
vn -0.4566 -0.4447 -0.7706
vn -0.8696 -0.0987 -0.4838
vn -0.9567 0.1238 -0.2633
vn 0.2703 -0.5539 -0.7875
vn 0.6739 -0.5128 -0.5318
vn -0.4360 -0.3693 -0.8206
vn -0.8567 -0.0564 -0.5128
vn -0.9513 0.1485 -0.2700
vn 0.3096 -0.4694 -0.8269
vn 0.7027 -0.4475 -0.5532
vn -0.4147 -0.2853 -0.8641
vn -0.8458 -0.0065 -0.5335
vn -0.9458 0.1833 -0.2680
vn 0.3473 -0.3569 -0.8672
vn 0.7337 -0.3649 -0.5732
vn -0.3883 -0.1662 -0.9064
vn -0.8343 0.0708 -0.5467
vn -0.9376 0.2244 -0.2655
vn 0.4013 -0.2022 -0.8934
vn 0.7658 -0.2593 -0.5884
vn -0.3571 -0.0117 -0.9340
vn -0.8199 0.1582 -0.5503
vn -0.9353 0.2349 -0.2645
vn 0.4462 -0.0490 -0.8936
vn 0.7905 -0.1452 -0.5950
vn -0.3132 0.1314 -0.9406
vn 0.4797 0.1112 -0.8704
vn 0.8109 -0.0142 -0.5850
vn 0.8248 0.0993 -0.5566
vn -0.8071 0.2273 -0.5449
vn -0.2794 0.2677 -0.9221
vn 0.5085 0.2392 -0.8272
vn 0.8296 0.1689 -0.5322
vn -0.7961 0.2717 -0.5408
vn -0.9354 0.2349 -0.2644
vn -0.2358 0.3733 -0.8972
vn 0.5246 0.3316 -0.7841
vn 0.8373 0.2328 -0.4948
vn -0.7876 0.3159 -0.5290
vn -0.2011 0.4637 -0.8629
vn -0.7750 0.3528 -0.5243
vn -0.9329 0.2455 -0.2634
vn -0.1675 0.5677 -0.8060
vn 0.5361 0.4233 -0.7303
vn 0.8410 0.3131 -0.4411
vn -0.7542 0.4261 -0.4997
vn -0.9302 0.2725 -0.2457
vn -0.1434 0.6844 -0.7149
vn 0.5429 0.5408 -0.6425
vn 0.8551 0.3942 -0.3368
vn -0.7367 0.5030 -0.4520
vn -0.9234 0.3098 -0.2265
vn -0.1575 0.7965 -0.5837
vn 0.5443 0.6611 -0.5165
vn 0.8536 0.4825 -0.1962
vn -0.7313 0.5639 -0.3837
vn -0.9206 0.3302 -0.2085
vn -0.1612 0.9005 -0.4038
vn 0.5358 0.7749 -0.3353
vn 0.8380 0.5445 -0.0362
vn -0.7309 0.6170 -0.2916
vn -0.9204 0.3496 -0.1751
vn -0.1697 0.9654 -0.1979
vn 0.5145 0.8481 -0.1268
vn 0.8072 0.5828 0.0937
vn -0.7295 0.6592 -0.1823
vn -0.9197 0.3632 -0.1490
vn 0.4795 0.8761 0.0511
vn 0.7860 0.5869 0.1945
vn -0.1836 0.9826 -0.0284
vn -0.7318 0.6753 -0.0914
vn -0.9211 0.3713 -0.1169
vn 0.4418 0.8790 0.1793
vn 0.7675 0.5685 0.2963
vn -0.7150 0.6989 -0.0179
vn -0.9228 0.3740 -0.0922
vn -0.9378 0.3328 -0.0986
vn -0.2077 0.9734 0.0965
vn -0.7453 0.6651 0.0470
vn -0.9347 0.3464 -0.0799
vn 0.4099 0.8580 0.3096
vn -0.2345 0.9468 0.2206
vn -0.7670 0.6301 0.1215
vn -0.9356 0.3487 -0.0551
vn -0.9413 0.3354 -0.0389
vn 0.3721 0.8048 0.4624
vn 0.7416 0.5232 0.4198
vn -0.2740 0.8929 0.3572
vn -0.7922 0.5828 0.1812
vn -0.9508 0.3078 -0.0341
vn 0.3423 0.7212 0.6023
vn 0.7179 0.4539 0.5278
vn 0.7077 0.4224 0.5663
vn -0.3194 0.8162 0.4814
vn 0.3281 0.6369 0.6976
vn 0.7030 0.3836 0.5988
vn -0.8252 0.5243 0.2099
vn -0.3526 0.7422 0.5700
vn -0.8495 0.4768 0.2257
vn -0.9602 0.2765 -0.0391
vn -0.3861 0.6680 0.6361
vn 0.3034 0.5562 0.7737
vn 0.6928 0.3199 0.6463
vn -0.8688 0.4342 0.2380
vn -0.9575 0.2883 -0.0052
vn -0.4154 0.5905 0.6920
vn 0.2833 0.4742 0.8336
vn 0.6780 0.2541 0.6897
vn -0.4401 0.5060 0.7419
vn -0.8810 0.3911 0.2662
vn -0.9616 0.2742 0.0113
vn 0.2515 0.3802 0.8901
vn 0.6474 0.1923 0.7375
vn -0.4461 0.4190 0.7909
vn -0.8787 0.3636 0.3092
vn -0.9635 0.2663 0.0269
vn 0.2123 0.2903 0.9331
vn 0.6077 0.1357 0.7825
vn -0.4483 0.3310 0.8304
vn -0.8756 0.3291 0.3536
vn -0.9669 0.2527 0.0361
vn 0.1790 0.2010 0.9631
vn 0.5619 0.0689 0.8243
vn -0.8879 0.2687 0.3733
vn -0.9695 0.2415 0.0416
vn -0.8866 0.2316 0.4005
vn -0.4637 0.2143 0.8597
vn -0.4648 0.1501 0.8726
vn 0.1434 0.0773 0.9866
vn 0.1181 0.0126 0.9929
vn 0.5285 -0.0303 0.8484
vn 0.5078 -0.0849 0.8573
vn -0.9749 0.2171 0.0490
vn -0.9788 0.1874 0.0821
vn -0.9181 0.1595 0.3628
vn -0.9181 0.1120 0.3803
vn -0.9794 0.1719 0.1057
vn -0.5402 0.0161 0.8414
vn -0.9368 0.0125 0.3496
vn -0.9888 0.1448 0.0352
vn -0.9914 0.1277 0.0269
vn -0.5599 -0.0658 0.8259
vn 0.0926 -0.1368 0.9863
vn -0.9593 -0.0596 0.2760
vn -0.9959 0.0904 0.0001
vn -0.6177 -0.2146 0.7565
vn 0.0660 -0.2223 0.9727
vn 0.4977 -0.2039 0.8431
vn 0.4929 -0.2673 0.8280
vn 0.4817 -0.4041 0.7776
vn 0.0196 -0.3975 0.9174
vn 0.4583 -0.5494 0.6987
vn -0.6611 -0.3721 0.6515
vn -0.0246 -0.5775 0.8160
vn -0.0528 -0.7362 0.6747
vn 0.4352 -0.6817 0.5882
vn -0.9692 -0.1368 0.2046
vn -0.6806 -0.5171 0.5190
vn -0.0674 -0.8577 0.5097
vn 0.4066 -0.7844 0.4684
vn -0.9689 -0.2115 0.1283
vn -0.9982 0.0530 -0.0266
vn -0.6786 -0.6311 0.3757
vn -0.0745 -0.9320 0.3548
vn 0.4002 -0.8476 0.3486
vn -0.9621 -0.2675 0.0530
vn -0.9979 0.0257 -0.0592
vn -0.6727 -0.7042 0.2269
vn -0.0741 -0.9777 0.1966
vn 0.4052 -0.8861 0.2250
vn 0.4277 -0.8985 0.0991
vn -0.9517 -0.3059 -0.0258
vn -0.9957 0.0058 -0.0924
vn -0.6592 -0.7469 0.0875
vn -0.0540 -0.9979 0.0354
vn 0.4728 -0.8810 -0.0186
vn -0.9439 -0.3123 -0.1078
vn -0.9912 0.0034 -0.1324
vn -0.6492 -0.7588 -0.0520
vn -0.9329 -0.3019 -0.1962
vn -0.9863 0.0086 -0.1650
vn -0.6361 -0.7455 -0.1988
vn -0.0168 -0.9927 -0.1195
vn 0.3609 0.6593 0.6596
vn 0.3778 0.6461 0.6632
vn 0.3376 0.6006 0.7248
vn 0.3316 0.5933 0.7336
vn 0.3201 0.6513 0.6880
vn 0.3138 0.5350 0.7844
vn 0.3169 0.5289 0.7873
vn 0.2974 0.4546 0.8396
vn 0.2960 0.4455 0.8449
vn 0.2725 0.3695 0.8884
vn 0.2510 0.2925 0.9227
vn 0.2493 0.2835 0.9260
vn 0.1931 0.2615 0.9457
vn 0.1829 0.2585 0.9485
vn 0.1112 0.1500 0.9824
vn 0.0560 0.1263 0.9904
vn 0.1427 0.2718 0.9517
vn 0.0338 -0.0535 0.9980
vn -0.0979 0.0560 0.9936
vn -0.0283 -0.0549 0.9981
vn -0.0013 -0.2151 0.9766
vn -0.1355 -0.0882 0.9868
vn -0.0726 -0.2112 0.9747
vn -0.1067 -0.3864 0.9161
vn -0.1996 -0.3832 0.9018
vn -0.0281 -0.3884 0.9211
vn -0.2197 -0.5573 0.8007
vn -0.1344 -0.5639 0.8149
vn -0.0581 -0.5640 0.8237
vn -0.2390 -0.7034 0.6694
vn -0.1577 -0.7170 0.6790
vn -0.0888 -0.7210 0.6872
vn -0.2440 -0.8174 0.5219
vn -0.1745 -0.8362 0.5200
vn -0.1109 -0.8466 0.5206
vn -0.2497 -0.8980 0.3622
vn -0.1797 -0.9154 0.3602
vn -0.1158 -0.9258 0.3598
vn -0.2386 -0.9527 0.1881
vn -0.1653 -0.9677 0.1902
vn -0.1101 -0.9750 0.1928
vn -0.2052 -0.9787 -0.0021
vn -0.1341 -0.9909 0.0066
vn -0.0818 -0.9965 0.0169
vn -0.1505 -0.9695 -0.1933
vn -0.0816 -0.9824 -0.1678
vn -0.0324 -0.9882 -0.1497
vn -0.0200 -0.9433 -0.3314
vn -0.0829 -0.9288 -0.3613
vn 0.0268 -0.9516 -0.3062
vn -0.0771 -0.9584 -0.2750
vn -0.1787 -0.9756 -0.1272
vn -0.1679 -0.9800 -0.1066
vn -0.2850 -0.9581 0.0282
vn -0.0306 -0.9677 -0.2502
vn -0.2785 -0.9583 0.0638
vn -0.3655 -0.9157 0.1671
vn -0.1361 -0.9888 -0.0614
vn -0.0936 -0.9941 -0.0546
vn -0.2174 -0.9653 0.1446
vn -0.2456 -0.9621 0.1182
vn -0.3479 -0.9179 0.1908
vn -0.3039 -0.9261 0.2235
vn -0.2633 -0.9390 0.2211
vn -0.2917 -0.8976 0.3304
vn -0.3770 -0.8613 0.3407
vn -0.3969 -0.8588 0.3240
vn -0.3477 -0.8583 0.3773
vn -0.3294 -0.8473 0.4167
vn -0.4124 -0.7420 0.5285
vn -0.4482 -0.7407 0.5005
vn -0.4662 -0.6449 0.6056
vn -0.3539 -0.7449 0.5656
vn -0.2915 -0.7400 0.6062
vn -0.4321 -0.5467 0.7172
vn -0.4941 -0.4260 0.7579
vn -0.2505 -0.5595 0.7900
vn -0.4275 -0.3058 0.8507
vn -0.4946 -0.2444 0.8340
vn -0.2965 -0.3638 0.8830
vn -0.2276 -0.3568 0.9060
vn -0.3882 -0.1897 0.9018
vn -0.4832 -0.1046 0.8693
vn -0.3804 -0.2716 0.8840
vn -0.2899 -0.1805 0.9399
vn -0.2814 -0.2037 0.9377
vn -0.2511 -0.1771 0.9516
vn -0.2658 -0.1136 0.9573
vn 0.1784 0.1196 0.9767
vn 0.1184 0.0376 0.9923
vn 0.1911 0.0242 0.9813
vn 0.1056 0.1321 0.9856
vn 0.1633 0.2292 0.9596
vn -0.0551 0.0527 0.9971
vn 0.0895 0.2332 0.9683
vn -0.3210 0.0097 0.9470
vn -0.0630 0.2374 0.9694
vn -0.3141 0.1271 0.9408
vn -0.3284 0.2198 0.9186
vn -0.7641 0.0282 0.6445
vn -0.7778 0.1540 0.6093
vn -0.7857 -0.1143 0.6080
vn -0.9513 0.1003 0.2916
vn -0.9464 -0.0348 0.3212
vn -0.9303 -0.1975 0.3091
vn -0.9930 -0.0827 0.0845
vn -0.9956 0.0849 0.0406
vn -0.9596 -0.2739 0.0640
vn -0.9928 -0.1122 -0.0408
vn -0.9949 0.0758 -0.0664
vn -0.9568 -0.2902 -0.0199
vn 0.2016 0.1992 0.9590
vn 0.1179 0.1275 0.9848
vn 0.1848 0.1215 0.9752
vn 0.1500 0.2011 0.9680
vn 0.2118 0.2582 0.9426
vn 0.0203 0.1484 0.9887
vn 0.1718 0.2719 0.9469
vn 0.0436 0.2279 0.9727
vn -0.2250 0.2209 0.9490
vn 0.0604 0.3132 0.9478
vn -0.2016 0.3007 0.9322
vn -0.2158 0.3759 0.9012
vn -0.7225 0.4366 0.5362
vn -0.7116 0.3761 0.5935
vn -0.7435 0.3037 0.5958
vn -0.8731 0.4228 0.2428
vn -0.8892 0.3529 0.2913
vn -0.9115 0.2726 0.3078
vn -0.9767 0.2017 0.0728
vn -0.9472 0.3166 0.0505
vn -0.9846 0.1749 -0.0052
vn -0.9120 0.4101 -0.0051
vn -0.9542 0.2944 -0.0531
vn -0.9122 0.4000 -0.0892
vn -0.8567 0.5157 -0.0107
vn -0.7487 0.6619 0.0371
vn -0.7714 0.6351 -0.0391
vn -0.8216 0.5634 0.0865
vn -0.9153 0.4027 0.0106
vn -0.8881 0.4513 0.0869
vn -0.6623 0.7086 0.2434
vn -0.7684 0.5616 0.3069
vn -0.7044 0.6451 0.2960
vn -0.5464 0.6058 0.5783
vn -0.4492 0.6745 0.5858
vn -0.0041 0.6370 0.7708
vn 0.1852 0.5499 0.8144
vn 0.1306 0.4199 0.8981
vn 0.0765 0.2860 0.9552
vn 0.3815 0.4434 0.8111
vn 0.2885 0.3419 0.8943
vn 0.4792 0.3873 0.7877
vn 0.2002 0.2394 0.9501
vn 0.3999 0.3139 0.8611
vn 0.3041 0.2340 0.9235
vn 0.0672 0.9552 -0.2881
vn -0.1635 0.9716 0.1712
vn -0.0449 0.9971 -0.0620
vn -0.1427 0.9814 0.1285
vn -0.2830 0.8699 0.4038
vn -0.3161 0.7936 0.5199
vn -0.1306 0.9896 -0.0594
vn 0.0893 0.9173 -0.3881
vn -0.1827 0.9755 0.1222
vn -0.3570 0.4871 0.7971
vn -0.3035 0.7147 0.6302
vn -0.3514 0.9351 0.0452
vn -0.3954 0.5000 0.7705
vn -0.3392 0.9398 -0.0422
vn -0.4243 0.8009 0.4225
vn -0.5920 0.7466 0.3035
vn -0.6292 0.7475 0.2131
vn -0.3301 0.9437 -0.0222
vn 0.0969 0.9104 -0.4023
vn 0.1233 0.9001 -0.4178
vn -0.7099 0.5883 0.3872
vn -0.8111 0.3902 0.4357
vn -0.3557 0.9327 0.0598
vn -0.2759 0.9607 0.0301
vn 0.1630 0.9275 -0.3364
vn -0.6715 0.5817 0.4590
vn -0.8448 0.1076 0.5241
vn -0.8063 0.1494 0.5724
vn -0.7659 0.4069 0.4978
vn -0.7950 0.0889 0.6001
vn -0.5697 0.4672 0.6761
vn -0.6011 0.1177 0.7905
vn -0.4266 0.1466 0.8925
vn -0.3807 0.1452 0.9132
vn -0.7585 -0.1366 0.6372
vn -0.5607 -0.1331 0.8173
vn -0.3950 -0.1237 0.9103
vn -0.3417 -0.1224 0.9318
vn -0.8088 -0.1081 0.5780
vn -0.2888 -0.4836 0.8262
vn -0.2429 -0.5274 0.8141
vn -0.1025 -0.8279 0.5515
vn -0.4347 -0.5115 0.7412
vn -0.0866 -0.8994 0.4284
vn 0.1231 -0.9874 0.0990
vn 0.1629 -0.9859 0.0376
vn -0.1639 -0.9090 0.3831
vn -0.6248 -0.4978 0.6015
vn -0.3708 -0.8454 0.3844
vn 0.1905 -0.9817 0.0055
vn -0.6304 -0.5648 0.5326
vn -0.3060 -0.8595 0.4094
vn 0.1603 -0.9860 0.0450
vn -0.7081 -0.3303 0.6242
vn -0.3144 -0.8320 0.4571
vn -0.2405 -0.8746 0.4210
vn 0.1668 -0.9833 0.0725
vn -0.6668 -0.3211 0.6725
vn -0.7593 0.1535 0.6324
vn -0.6444 -0.3295 0.6900
vn -0.6426 0.5708 0.5111
vn -0.7310 0.1330 0.6692
vn -0.5759 0.7614 0.2976
vn -0.7641 0.3481 0.5431
vn -0.2222 0.9732 -0.0589
vn -0.2912 0.9473 -0.1336
vn -0.7158 0.6925 0.0902
vn -0.2901 0.9439 -0.1581
vn 0.0941 0.9631 -0.2524
vn 0.1330 0.9527 -0.2733
vn -0.9048 0.3262 0.2736
vn -0.7542 0.6566 0.0097
vn -0.4497 0.8877 -0.0988
vn -0.7808 0.1038 0.6161
vn -0.9451 0.2740 0.1782
vn -0.7772 -0.1363 0.6144
vn -0.9358 0.0300 0.3512
vn -0.9716 -0.0014 0.2366
vn -0.9005 0.4251 0.0919
vn -0.9733 -0.0189 0.2286
vn -0.9304 -0.2519 0.2661
vn -0.9048 -0.2260 0.3609
vn -0.7183 -0.6142 0.3268
vn -0.5719 -0.5953 0.5644
vn -0.1843 -0.9183 0.3504
vn -0.2552 -0.9446 0.2066
vn -0.7494 -0.6143 0.2471
vn -0.2427 -0.9536 0.1779
vn 0.1303 -0.9863 0.1016
vn -0.8777 -0.4026 0.2599
vn -0.3603 -0.9040 0.2300
vn 0.1514 -0.9842 0.0922
vn -0.9779 -0.0236 0.2076
vn -0.8571 -0.4481 0.2539
vn -0.4319 -0.8603 0.2707
vn -0.2448 -0.9383 0.2442
vn 0.3276 -0.9398 -0.0972
vn -0.7286 -0.6209 0.2892
vn -0.2608 -0.9530 0.1545
vn 0.1464 -0.9786 -0.1447
vn -0.5623 -0.7939 0.2314
vn -0.2587 -0.9626 0.0800
vn -0.0760 -0.9653 -0.2498
vn -0.4774 -0.8390 0.2612
vn -0.3476 -0.9309 -0.1121
vn -0.6150 -0.7160 0.3303
vn -0.5656 -0.7841 0.2556
vn -0.8224 -0.4428 0.3571
vn -0.4874 -0.7978 -0.3548
vn -0.1670 -0.8111 -0.5606
vn -0.2342 -0.5951 -0.7688
vn -0.8993 -0.2766 0.3389
vn -0.5704 -0.5832 -0.5784
vn -0.2389 -0.1929 -0.9517
vn -0.4639 -0.8620 -0.2043
vn -0.6389 -0.1574 -0.7530
vn -0.2816 0.2924 -0.9139
vn -0.5452 -0.5640 -0.6202
vn -0.6484 -0.1524 -0.7459
vn -0.6302 0.3548 -0.6906
vn -0.5579 0.6461 -0.5208
vn -0.2294 0.5751 -0.7853
vn -0.5851 0.3525 -0.7303
vn -0.5053 0.7912 -0.3444
vn -0.2220 0.8210 -0.5260
vn -0.5483 0.7383 -0.3927
vn -0.4578 0.8659 -0.2017
vn -0.0690 0.8796 -0.4707
vn -0.6461 0.7633 -0.0014
vn -0.4280 0.8927 -0.1410
vn 0.1028 0.8878 -0.4486
vn 0.2557 0.8934 -0.3694
vn -0.5404 0.8366 -0.0898
vn -0.3306 0.9395 -0.0895
vn -0.6331 0.7741 0.0029
vn -0.6921 0.7218 -0.0019
vn -0.7231 0.6850 0.0887
vn -0.7813 0.6161 0.1000
vn -0.8777 0.4720 0.0831
vn -0.8714 0.4387 0.2194
vn -0.9307 0.2752 0.2408
vn -0.9541 -0.0070 0.2995
vn -0.9406 -0.0149 0.3391
vn -0.8212 -0.4319 0.3730
vn -0.9416 -0.0248 0.3360
vn -0.8792 0.4058 0.2495
vn -0.6272 -0.6406 0.4430
vn 0.3493 -0.7663 -0.5392
vn -0.7228 -0.6405 0.2592
vn 0.3618 -0.3500 -0.8641
vn -0.9128 -0.3233 0.2494
vn 0.1729 -0.3554 -0.9186
vn 0.0751 -0.1203 -0.9899
vn -0.9711 -0.0437 0.2346
vn 0.1378 0.1544 -0.9784
vn -0.9464 0.2514 0.2030
vn 0.2831 0.2602 -0.9231
vn -0.7755 0.6298 0.0440
vn -0.6984 0.6802 0.2225
vn 0.2324 0.6719 -0.7033
vn -0.1702 0.9615 -0.2157
vn 0.2308 0.6067 -0.7607
vn -0.2784 0.9328 -0.2289
vn 0.3640 0.5124 -0.7778
vn 0.4908 0.0985 -0.8657
vn 0.0400 0.7643 -0.6437
vn -0.4128 0.8728 -0.2605
vn 0.5994 0.1557 -0.7852
vn 0.6462 -0.3610 -0.6724
vn 0.3926 0.5157 -0.7615
vn -0.3969 0.8793 -0.2634
vn 0.7189 -0.2777 -0.6372
vn 0.5979 -0.7691 -0.2257
vn 0.5289 -0.8408 -0.1153
vn 0.6368 0.1873 -0.7479
vn 0.7548 -0.2240 -0.6165
vn 0.5707 -0.8100 -0.1352
vn 0.5914 0.1612 -0.7901
vn 0.7145 -0.2476 -0.6544
vn 0.5616 -0.8209 -0.1034
vn 0.3160 0.5496 -0.7733
vn -0.3589 0.8841 -0.2993
vn 0.5497 0.1205 -0.8266
vn 0.6790 -0.2622 -0.6857
vn 0.5541 -0.8266 -0.0988
vn 0.2877 0.5293 -0.7982
vn 0.3901 0.5506 -0.7380
vn -0.3042 0.8843 -0.3541
vn 0.6707 0.1840 -0.7185
vn 0.7858 -0.1945 -0.5870
vn 0.6126 -0.7859 -0.0845
vn 0.6078 -0.7933 -0.0370
vn 0.4645 0.6630 -0.5871
vn -0.2334 0.8987 -0.3712
vn 0.8031 0.2853 -0.5231
vn 0.9137 -0.1108 -0.3910
vn 0.6408 -0.7677 -0.0012
vn 0.7926 0.2800 -0.5417
vn 0.4306 0.6840 -0.5888
vn -0.2878 0.8817 -0.3740
vn 0.8950 -0.1998 -0.3988
vn 0.6382 -0.7667 -0.0692
vn 0.6532 0.2027 -0.7295
vn 0.3423 0.5842 -0.7359
vn -0.2467 0.8340 -0.4935
vn 0.7571 -0.2392 -0.6079
vn 0.5432 -0.8147 -0.2029
vn 0.5423 0.1175 -0.8319
vn 0.2698 0.4714 -0.8396
vn -0.2679 0.7853 -0.5582
vn 0.6353 -0.2320 -0.7366
vn 0.4845 -0.7862 -0.3836
vn 0.2463 0.3497 -0.9039
vn -0.2344 0.6764 -0.6982
vn 0.1520 0.1835 -0.9712
vn 0.5250 -0.2325 -0.8188
vn 0.4152 -0.7442 -0.5233
vn 0.3569 -0.2804 -0.8911
vn 0.4410 0.0478 -0.8962
vn 0.2816 -0.0638 -0.9574
vn 0.2855 0.9371 -0.2009
vn 0.1549 0.9635 0.2184
vn 0.3093 0.9220 -0.2330
vn 0.1949 0.9800 0.0408
vn 0.2644 0.9171 -0.2984
vn -0.0150 0.8806 0.4737
vn -0.1474 0.7030 0.6957
vn 0.1240 0.9920 0.0238
vn -0.1647 0.6818 0.7128
vn -0.3300 0.3480 0.8775
vn -0.0854 0.9125 0.4000
vn 0.2921 0.8694 -0.3984
vn -0.2161 0.9260 0.3096
vn -0.2814 0.6276 0.7259
vn -0.3374 0.3458 0.8755
vn -0.3785 0.0481 0.9243
vn -0.3701 0.0180 0.9288
vn -0.3978 0.3412 0.8517
vn -0.3799 -0.3508 0.8559
vn -0.2751 -0.6698 0.6897
vn -0.4439 0.1245 0.8874
vn -0.4484 -0.3849 0.8067
vn -0.2387 -0.8236 0.5145
vn -0.1442 -0.9678 0.2062
vn -0.1530 -0.9509 0.2691
vn -0.3162 -0.7913 0.5233
vn -0.1743 -0.9653 0.1942
vn -0.4300 -0.8112 0.3962
vn -0.1616 -0.9820 0.0981
vn -0.5980 -0.3453 0.7233
vn -0.4672 -0.8118 0.3502
vn -0.7096 -0.3939 0.5842
vn -0.6329 0.1383 0.7618
vn -0.4950 -0.7812 0.3804
vn -0.1532 -0.9847 0.0836
vn -0.6984 -0.4800 0.5309
vn -0.7521 0.1227 0.6475
vn -0.5121 -0.7342 0.4458
vn -0.1871 -0.9776 0.0967
vn -0.7714 -0.2021 0.6034
vn -0.7704 0.1159 0.6269
vn -0.5028 -0.7143 0.4867
vn -0.1673 -0.9763 0.1375
vn -0.7520 -0.1678 0.6374
vn -0.4883 -0.7267 0.4832
vn -0.0812 -0.9777 0.1936
vn -0.7192 -0.1622 0.6756
vn -0.7173 0.3666 0.5925
vn -0.6652 -0.4093 0.6245
vn -0.7378 0.3838 0.5553
vn -0.5634 -0.7600 0.3240
vn -0.7355 0.3672 0.5694
vn -0.5599 -0.7763 0.2894
vn -0.0261 -0.9817 0.1887
vn -0.7164 0.3521 0.6023
vn -0.4532 -0.8350 0.3120
vn -0.1108 -0.9698 0.2172
vn -0.1662 -0.9696 0.1795
vn -0.5935 0.3526 0.7235
vn -0.4434 -0.8392 0.3150
vn -0.1585 -0.9871 0.0231
vn -0.4785 0.6377 0.6036
vn -0.5944 0.6471 0.4775
vn -0.3074 0.9315 0.1947
vn -0.6243 0.6403 0.4475
vn 0.0006 0.9906 -0.1369
vn -0.2887 0.9492 0.1251
vn -0.0316 0.9946 -0.0987
vn 0.3171 0.8403 -0.4398
vn 0.3232 0.8400 -0.4359
vn -0.4884 0.8107 0.3229
vn -0.0387 0.9987 -0.0346
vn 0.3542 0.8421 -0.4067
vn -0.4767 0.7913 0.3829
vn -0.0207 0.9997 -0.0115
vn -0.4648 0.7638 0.4478
vn 0.0645 0.9953 -0.0728
vn 0.4299 0.8431 -0.3231
vn -0.2972 0.9221 0.2479
vn -0.6834 0.3406 0.6457
vn -0.5978 0.5922 0.5404
vn -0.4379 0.8973 0.0549
vn -0.7499 0.1007 0.6538
vn -0.6947 0.3151 0.6466
vn -0.7560 0.6033 0.2541
vn -0.8834 0.2932 0.3655
vn -0.8241 -0.3869 0.4136
vn -0.9090 0.0768 0.4097
vn -0.8623 -0.4014 0.3087
vn -0.9583 0.0808 0.2740
vn -0.9366 0.2849 0.2039
vn -0.9499 -0.0797 0.3022
vn -0.7647 -0.5613 0.3165
vn -0.8340 0.5394 0.1162
vn -0.7073 -0.5779 0.4072
vn -0.9286 -0.1178 0.3520
vn -0.9243 0.3144 0.2164
vn -0.8491 -0.3374 0.4065
vn -0.6446 -0.6630 0.3807
vn -0.4735 -0.8564 0.2060
vn -0.3627 -0.9306 -0.0501
vn -0.6071 -0.7547 0.2485
vn -0.6210 -0.7735 0.1268
vn -0.4820 -0.8504 -0.2107
vn -0.8611 -0.3531 0.3658
vn -0.6621 -0.7376 -0.1324
vn -0.4338 -0.7416 -0.5118
vn -0.8389 -0.4240 0.3414
vn -0.7259 -0.6680 -0.1638
vn -0.6786 -0.6553 -0.3317
vn -0.2977 -0.5245 -0.7976
vn -0.6303 -0.4492 -0.6332
vn -0.2056 -0.2082 -0.9562
vn -0.7682 -0.4016 -0.4986
vn -0.5774 -0.0638 -0.8139
vn -0.7350 0.0275 -0.6775
vn -0.3948 0.4868 -0.7792
vn -0.1026 0.2926 -0.9507
vn -0.4349 0.5839 -0.6855
vn -0.2652 0.7934 -0.5478
vn -0.0210 0.6389 -0.7690
vn -0.2578 0.8442 -0.4700
vn -0.3050 0.8540 -0.4215
vn -0.0368 0.8066 -0.5899
vn 0.2983 0.5673 -0.7676
vn -0.2043 0.9457 -0.2526
vn 0.0627 0.8960 -0.4395
vn 0.3949 0.6226 -0.6756
vn 0.0426 0.9430 -0.3302
vn 0.2899 0.8398 -0.4589
vn -0.1318 0.9689 -0.2094
vn 0.0187 0.9834 -0.1804
vn 0.3564 0.8766 -0.3234
vn -0.1589 0.9801 -0.1194
vn 0.0428 0.9796 -0.1964
vn 0.4026 0.8731 -0.2749
vn -0.2680 0.9625 -0.0421
vn -0.5539 0.8294 0.0730
vn 0.1358 0.9656 -0.2218
vn 0.4873 0.8222 -0.2942
vn -0.1531 0.9640 -0.2175
vn 0.0549 0.9883 -0.1421
vn -0.2620 0.9536 -0.1481
vn -0.4983 0.8645 -0.0659
vn -0.7235 0.6867 0.0702
vn -0.7003 0.7051 0.1115
vn -0.9091 0.3401 0.2407
vn -0.7914 0.5582 0.2492
vn -0.9286 0.0571 0.3668
vn -0.8939 0.3120 0.3220
vn -0.8840 0.3011 0.3577
vn -0.9205 -0.0628 0.3855
vn -0.7302 0.6342 0.2540
vn -0.8753 -0.2622 0.4064
vn -0.4865 0.8728 0.0391
vn -0.3799 0.9214 -0.0820
vn -0.4137 0.9092 0.0479
vn -0.5735 0.8098 0.1236
vn -0.3331 0.9393 -0.0822
vn 0.3782 0.6524 -0.6568
vn 0.2966 0.2666 -0.9170
vn -0.6093 0.7917 0.0443
vn 0.1594 0.1620 -0.9738
vn -0.7757 0.5733 0.2637
vn -0.8042 0.5748 0.1511
vn -0.8844 0.3089 0.3498
vn 0.0463 -0.2426 -0.9690
vn -0.9141 0.3149 0.2554
vn -0.9132 0.0168 0.4071
vn -0.9376 0.0275 0.3466
vn 0.1005 -0.4799 -0.8715
vn -0.8919 -0.2539 0.3743
vn 0.1811 -0.5247 -0.8318
vn -0.8495 -0.3744 0.3717
vn 0.3693 -0.7737 -0.5148
vn -0.5102 -0.5589 0.6537
vn -0.5256 -0.5579 0.6423
vn -0.4974 -0.0096 0.8675
vn -0.6261 -0.5648 0.5375
vn -0.4879 0.0352 0.8722
vn -0.4420 0.1491 0.8846
vn -0.3895 0.3369 0.8572
vn -0.5034 0.0130 0.8639
vn -0.3726 0.3724 0.8500
vn -0.6213 0.0278 0.7831
vn -0.7014 -0.5536 0.4490
vn -0.7367 -0.5161 0.4369
vn -0.4703 -0.8472 0.2473
vn -0.7726 0.0084 0.6348
vn -0.7274 -0.5026 0.4672
vn -0.4531 -0.8595 0.2365
vn -0.4616 -0.8577 0.2266
vn -0.7991 0.2311 0.5550
vn -0.6606 0.4575 0.5952
vn -0.7149 -0.4766 0.5117
vn -0.4507 -0.8559 0.2536
vn -0.7885 0.2293 0.5707
vn -0.5171 0.4112 0.7507
vn -0.5688 0.6567 0.4952
vn -0.4086 0.6138 0.6756
vn -0.5968 0.6745 0.4345
vn -0.3904 0.8488 0.3566
vn -0.2640 0.5606 0.7849
vn -0.5727 0.6777 0.4611
vn -0.2713 0.5590 0.7836
vn -0.3193 0.4913 0.8104
vn -0.2713 0.5591 0.7835
vn -0.2125 0.8308 0.5143
vn -0.0699 0.7742 0.6291
vn -0.0767 0.7810 0.6198
vn -0.0936 0.7769 0.6226
vn 0.1045 0.9689 0.2244
vn 0.1497 0.9310 0.3329
vn 0.1458 0.9409 0.3057
vn 0.1961 0.9337 0.2997
vn 0.3643 0.9290 -0.0654
vn 0.5392 0.8325 -0.1271
vn 0.3365 0.9299 -0.1484
vn 0.4432 0.8736 -0.2009
vn 0.6816 0.6273 -0.3768
vn 0.5177 0.7232 -0.4572
vn -0.0159 0.9987 0.0484
vn 0.2554 0.9415 -0.2198
vn 0.4842 0.7445 -0.4597
vn -0.2379 0.9606 0.1438
vn 0.2350 0.9430 -0.2357
vn 0.5079 0.7381 -0.4441
vn -0.2071 0.9614 0.1810
vn 0.2431 0.9509 -0.1915
vn 0.5174 0.7334 -0.4410
vn 0.2750 0.9488 -0.1554
vn 0.5318 0.7107 -0.4605
vn -0.1691 0.9528 0.2523
vn 0.2905 0.9487 -0.1249
vn 0.5684 0.6725 -0.4740
vn -0.5493 0.6626 0.5093
vn -0.1500 0.9392 0.3090
vn -0.7525 0.2286 0.6177
vn -0.5188 0.6368 0.5704
vn -0.7019 -0.4523 0.5502
vn -0.7187 0.2171 0.6606
vn -0.6913 -0.5315 0.4895
vn -0.7522 0.0004 0.6590
vn -0.7279 -0.5616 0.3934
vn -0.3734 -0.8857 0.2757
vn -0.6450 0.4163 0.6408
vn -0.8974 0.0339 0.4399
vn -0.5130 0.6087 0.6052
vn -0.8196 -0.4602 0.3412
vn -0.8252 0.3964 0.4023
vn -0.9580 0.0332 0.2848
vn -0.6874 -0.6174 0.3825
vn -0.3436 -0.8770 0.3359
vn -0.9147 -0.2054 0.3480
vn -0.7038 -0.5970 0.3849
vn -0.4492 -0.8333 0.3223
vn -0.8967 -0.2389 0.3728
vn -0.9308 0.2676 0.2489
vn -0.7055 -0.6385 0.3076
vn -0.4903 -0.8572 0.1574
vn -0.5246 -0.8493 0.0595
vn -0.8561 -0.3324 0.3959
vn -0.7037 -0.6823 0.1982
vn -0.5230 -0.8475 -0.0912
vn -0.7990 -0.4957 0.3405
vn -0.7474 -0.6642 0.0134
vn -0.3829 -0.7694 -0.5113
vn -0.8319 -0.4986 0.2434
vn -0.7431 -0.5619 -0.3633
vn -0.3204 -0.5746 -0.7531
vn -0.8995 -0.4283 0.0861
vn -0.6109 -0.4228 -0.6694
vn -0.0869 -0.3432 -0.9352
vn -0.8928 -0.3640 -0.2655
vn -0.4100 -0.1634 -0.8973
vn 0.1413 0.0233 -0.9897
vn -0.7988 -0.2419 -0.5508
vn -0.9666 -0.2538 0.0367
vn -0.8280 -0.2297 -0.5115
vn -0.6121 0.0262 -0.7904
vn -0.0859 0.2372 -0.9677
vn 0.1055 0.5400 -0.8350
vn 0.2915 0.2392 -0.9262
vn -0.2914 0.4192 -0.8599
vn 0.2524 0.7267 -0.6389
vn 0.3968 0.5804 -0.7111
vn -0.0242 0.6839 -0.7292
vn 0.1706 0.7880 -0.5916
vn 0.3523 0.8017 -0.4829
vn 0.4867 0.6335 -0.6015
vn 0.2845 0.8457 -0.4515
vn 0.3585 0.8394 -0.4084
vn 0.5792 0.6207 -0.5284
vn 0.2539 0.9155 -0.3119
vn 0.4032 0.8387 -0.3660
vn 0.6435 0.6333 -0.4298
vn 0.7094 0.5822 -0.3973
vn 0.2135 0.9268 -0.3091
vn 0.4118 0.8430 -0.3461
vn 0.6560 0.6115 -0.4425
vn -0.0769 0.9846 -0.1568
vn 0.2597 0.9113 -0.3196
vn 0.0039 0.9529 -0.3032
vn 0.3609 0.8743 -0.3246
vn -0.2109 0.9575 -0.1966
vn 0.3685 0.9009 -0.2292
vn -0.1261 0.9908 -0.0494
vn 0.0652 0.9875 0.1436
vn -0.3267 0.8146 0.4793
vn -0.5097 0.8409 0.1820
vn -0.6165 0.7873 -0.0077
vn -0.7227 0.6022 0.3392
vn -0.8945 0.3953 0.2091
vn -0.7808 0.6178 0.0929
vn -0.4702 0.8762 -0.1060
vn -0.7665 0.6320 0.1144
vn -0.9311 0.2301 0.2829
vn -0.4439 0.8932 -0.0718
vn -0.7428 0.6527 0.1489
vn -0.0622 0.9702 -0.2343
vn -0.4632 0.8862 -0.0119
vn -0.4022 0.9155 0.0101
vn -0.5414 0.8336 0.1098
vn -0.6985 0.6801 0.2226
vn -0.4429 0.8913 0.0965
vn -0.8312 0.4675 0.3009
vn -0.6858 0.6916 0.2266
vn -0.9112 0.1174 0.3948
vn -0.8489 0.4149 0.3274
vn -0.9127 -0.0158 0.4083
vn -0.9204 0.1018 0.3775
vn -0.9257 -0.0731 0.3712
vn -0.9355 -0.1223 0.3313
vn -0.9137 0.0998 0.3939
vn 0.1480 -0.9264 -0.3462
vn -0.9230 -0.3220 0.2105
vn -0.1246 -0.7251 -0.6772
vn -0.9480 0.0956 0.3036
vn -0.1072 -0.6157 -0.7807
vn -0.8953 0.3968 0.2026
vn -0.7061 0.6703 0.2283
vn -0.6506 0.0689 -0.7562
vn 0.0099 -0.4343 -0.9007
vn -0.2909 0.4702 -0.8332
vn -0.7745 0.6244 0.1015
vn -0.6215 0.7833 0.0145
vn 0.2391 -0.1751 -0.9551
vn -0.0730 0.8172 -0.5717
vn 0.4208 0.0656 -0.9048
vn -0.3228 0.9399 -0.1116
vn -0.5669 0.8096 0.1521
vn -0.2202 0.9753 -0.0163
vn 0.0090 0.9843 -0.1762
vn 0.6789 0.0455 -0.7328
vn -0.1640 0.9857 -0.0380
vn -0.1785 0.9446 -0.2754
vn -0.3350 0.9421 0.0173
vn -0.1868 0.9785 -0.0878
vn 0.6816 0.6272 -0.3769
vn 0.5860 0.1340 -0.7992
vn 0.5177 0.7231 -0.4573
vn 0.6614 0.1299 -0.7387
vn 0.4842 0.7444 -0.4597
vn 0.5738 -0.3713 -0.7300
vn 0.4268 -0.3358 -0.8397
vn 0.7581 0.1282 -0.6394
vn 0.5080 0.7380 -0.4441
vn 0.2673 -0.6433 -0.7174
vn 0.7344 0.1685 -0.6575
vn 0.5175 0.7332 -0.4411
vn 0.7063 -0.3997 -0.5844
vn 0.4281 -0.6816 -0.5934
vn -0.0128 -0.8994 -0.4370
vn -0.1545 -0.8978 -0.4124
vn 0.1514 -0.9197 -0.3623
vn 0.5458 -0.6903 -0.4749
vn 0.6165 -0.3944 -0.6814
vn 0.4546 -0.6940 -0.5582
vn 0.1566 -0.9268 -0.3412
vn 0.6581 0.2044 -0.7246
vn 0.5318 0.7106 -0.4606
vn 0.6463 -0.3548 -0.6756
vn 0.7192 0.1536 -0.6776
vn 0.5685 0.6724 -0.4740
vn 0.4452 -0.7213 -0.5306
vn 0.1358 -0.9470 -0.2911
vn 0.8641 0.1604 -0.4771
vn 0.6561 0.6113 -0.4425
vn 0.7095 0.5820 -0.3973
vn 0.8690 -0.3296 -0.3690
vn 0.6663 -0.7203 -0.1926
vn 0.2780 -0.9605 0.0112
vn 0.3139 -0.9361 0.1586
vn 0.9009 0.2237 -0.3719
vn 0.6436 0.6332 -0.4298
vn 0.7548 -0.6524 -0.0673
vn 0.9244 -0.2830 -0.2555
vn 0.5568 -0.8229 -0.1132
vn -0.0897 -0.9808 0.1732
vn 0.8822 -0.2995 -0.3633
vn 0.7377 -0.6339 -0.2321
vn 0.4304 -0.8406 -0.3289
vn -0.1003 -0.9933 -0.0571
vn 0.6564 -0.6148 -0.4373
vn 0.7912 -0.3284 -0.5159
vn 0.8586 0.2436 -0.4510
vn 0.7880 0.2092 -0.5790
vn 0.5793 0.6205 -0.5285
vn 0.6872 -0.3289 -0.6478
vn 0.6965 0.1695 -0.6973
vn 0.4868 0.6334 -0.6016
vn 0.5657 -0.6045 -0.5609
vn 0.5754 -0.3255 -0.7503
vn 0.6123 0.0444 -0.7894
vn 0.5524 0.0631 -0.8312
vn 0.3969 0.5803 -0.7112
vn 0.2916 0.2391 -0.9262
vn 0.5123 -0.2834 -0.8107
vn 0.4083 -0.1997 -0.8907
vn 0.1414 0.0231 -0.9897
vn 0.4856 -0.5663 -0.6660
vn 0.4116 -0.5153 -0.7517
vn 0.2218 -0.4680 -0.8554
vn -0.0867 -0.3433 -0.9352
vn -0.3202 -0.5746 -0.7532
vn 0.0535 -0.6954 -0.7167
vn -0.3827 -0.7694 -0.5114
vn -0.1125 -0.9104 -0.3981
vn 0.2328 -0.7384 -0.6329
vn -0.0464 -0.9454 -0.3225
vn 0.3123 -0.7720 -0.5536
vn -0.0801 -0.9764 -0.2008
vn 0.3609 -0.8149 -0.4536
vn 0.0103 -0.9998 -0.0174
vn 0.7409 -0.6716 0.0116
vn 0.6181 -0.7600 0.2007
vn 0.1715 -0.9256 -0.3373
vn 0.8020 -0.5872 -0.1098
vn -0.1197 -0.8845 -0.4509
vn -0.2765 -0.9534 -0.1203
vn 0.2917 -0.7630 -0.5768
vn 0.8425 -0.4749 -0.2542
vn 0.0019 -0.7227 -0.6912
vn -0.8368 -0.2466 -0.4889
vn -0.8897 -0.2740 -0.3653
vn -0.9103 -0.3189 -0.2638
vn -0.8821 -0.0113 -0.4709
vn -0.8298 -0.0691 -0.5537
vn -0.8822 0.1231 -0.4545
vn 0.0857 -0.5004 -0.8616
vn -0.7991 -0.0243 -0.6007
vn 0.3699 -0.5509 -0.7481
vn 0.1400 -0.2785 -0.9502
vn -0.7968 0.0753 -0.5995
vn 0.4188 -0.3316 -0.8453
vn 0.8694 -0.3374 -0.3611
vn 0.9148 -0.1437 -0.3775
vn 0.2013 -0.0076 -0.9795
vn 0.4776 -0.0547 -0.8769
vn 0.9448 0.1553 -0.2886
vn 0.5092 0.3679 -0.7780
vn 0.9007 0.4269 -0.0799
vn -0.7952 0.1352 -0.5911
vn -0.8801 0.1651 -0.4451
vn 0.2200 0.4068 -0.8866
vn 0.4599 0.7433 -0.4858
vn 0.4178 0.8527 -0.3134
vn 0.8612 0.5077 0.0228
vn 0.1073 0.8918 -0.4396
vn -0.7228 0.2592 -0.6407
vn 0.1824 0.7824 -0.5954
vn -0.7393 0.3843 -0.5530
vn -0.6298 0.5333 -0.5648
vn -0.6731 0.5328 -0.5129
vn -0.8385 0.2569 -0.4806
vn -0.8842 0.0561 -0.4638
vn -0.9028 0.1484 -0.4036
vn -0.8072 0.2030 -0.5542
vn -0.0215 0.7319 -0.6811
vn -0.8329 0.0109 -0.5533
vn -0.9292 -0.0709 -0.3627
vn 0.0487 0.5359 -0.8429
vn 0.1000 0.1184 -0.9879
vn 0.3554 0.5461 -0.7586
vn 0.3169 0.7424 -0.5902
vn 0.4030 0.1420 -0.9041
vn 0.8743 0.3697 -0.3144
vn 0.8346 0.5083 -0.2121
vn 0.8925 0.0904 -0.4419
vn 0.4030 -0.1127 -0.9082
vn 0.8837 -0.0632 -0.4638
vn 0.8809 -0.1597 -0.4455
vn 0.1032 -0.1280 -0.9864
vn 0.4040 -0.2893 -0.8678
vn 0.8729 -0.2897 -0.3926
vn -0.8263 -0.0614 -0.5598
vn -0.8512 -0.1534 -0.5019
vn 0.1038 -0.3055 -0.9465
vn -0.8626 -0.2174 -0.4568
vn -0.9430 -0.1736 -0.2838
vn 0.1078 -0.5306 -0.8408
vn 0.3961 -0.5054 -0.7666
vn 0.8520 -0.4522 -0.2638
vn -0.8321 -0.3621 -0.4202
vn 0.0680 -0.7708 -0.6334
vn -0.8683 -0.4080 -0.2821
vn -0.9085 -0.3690 -0.1961
vn -0.0097 -0.9562 -0.2927
vn 0.2823 -0.9331 -0.2230
vn 0.8277 -0.5611 -0.0088
vn 0.3518 -0.7460 -0.5654
vn 0.6135 -0.7399 -0.2759
vn 0.9580 -0.0776 -0.2760
vn 0.9693 -0.2408 -0.0489
vn 0.6430 -0.4946 -0.5847
vn 0.3920 -0.8440 -0.3660
vn 0.6102 -0.2415 -0.7546
vn 0.9267 0.0921 -0.3643
vn 0.4228 -0.6094 -0.6708
vn -0.6011 -0.7244 -0.3375
vn 0.5492 -0.0535 -0.8340
vn 0.8957 0.1944 -0.3999
vn 0.3857 -0.3588 -0.8500
vn -0.6052 -0.6467 -0.4643
vn -0.7265 -0.6305 -0.2733
vn -0.6980 -0.5292 -0.4825
vn -0.6285 -0.4952 -0.5997
vn 0.3163 -0.1662 -0.9340
vn -0.6527 -0.4149 -0.6339
vn -0.7926 -0.3506 -0.4988
vn -0.7221 -0.3170 -0.6149
vn 0.2583 -0.0385 -0.9653
vn -0.7574 -0.2517 -0.6025
vn -0.8882 -0.2432 -0.3898
vn 0.4961 0.0591 -0.8662
vn 0.8719 0.2423 -0.4255
vn 0.8278 0.3507 -0.4380
vn 0.1571 0.1449 -0.9769
vn 0.3952 0.2487 -0.8843
vn 0.6887 0.6281 -0.3622
vn -0.8375 -0.0866 -0.5396
vn -0.8993 -0.0935 -0.4272
vn -0.9159 -0.1969 -0.3497
vn -0.2707 0.6840 -0.6774
vn -0.0924 0.5066 -0.8572
vn 0.1468 0.6140 -0.7755
vn -0.0082 0.7938 -0.6082
vn 0.5564 0.7888 -0.2612
vn -0.1235 -0.9902 -0.0653
vn 0.6212 -0.7829 -0.0328
vn 0.4678 -0.8509 0.2391
vn 0.0869 -0.9037 -0.4192
vn 0.7224 -0.6676 -0.1800
vn -0.0973 -0.8501 -0.5175
vn -0.3008 -0.9397 -0.1626
vn -0.8528 -0.2872 -0.4362
vn 0.2412 -0.7407 -0.6270
vn -0.7934 -0.1046 -0.5996
vn 0.7909 -0.5560 -0.2557
vn 0.0539 -0.6873 -0.7244
vn -0.7607 -0.0499 -0.6472
vn -0.7932 0.1103 -0.5989
vn 0.1630 -0.5159 -0.8410
vn 0.3485 -0.5741 -0.7409
vn -0.6473 -0.0306 -0.7616
vn -0.6308 0.0562 -0.7739
vn 0.2604 -0.3033 -0.9166
vn -0.7305 0.1790 -0.6590
vn 0.4517 -0.3531 -0.8193
vn 0.8617 -0.4064 -0.3039
vn 0.9350 -0.1863 -0.3018
vn 0.3610 0.0120 -0.9325
vn 0.5475 -0.0461 -0.8355
vn 0.9755 0.1002 -0.1956
vn 0.6068 0.3454 -0.7159
vn 0.9534 0.3004 -0.0287
vn 0.5817 0.6513 -0.4874
vn 0.4153 0.4004 -0.8168
vn 0.3905 0.7034 -0.5939
vn -0.4890 0.5681 -0.6619
vn -0.6982 0.3227 -0.6391
vn -0.7477 0.3859 -0.5404
vn -0.4721 0.3892 -0.7910
vn -0.4661 0.1860 -0.8650
vn -0.8904 -0.4382 0.1227
vn -0.3465 -0.8349 0.4276
vn -0.3916 -0.7533 0.5284
vn -0.8469 -0.5315 -0.0130
vn -0.1528 -0.9707 0.1856
vn -0.9111 -0.3820 -0.1550
vn -0.9545 -0.2977 -0.0192
vn -0.6345 -0.7128 -0.2989
vn 0.0790 -0.9952 0.0578
vn -0.5051 0.5842 -0.6353
vn -0.3116 -0.8175 -0.4843
vn 0.1921 -0.9802 0.0479
vn -0.6941 -0.5713 -0.4379
vn -0.5462 0.5479 -0.6336
vn -0.3110 0.7324 -0.6057
vn -0.2917 0.6854 -0.6672
vn -0.5544 0.4679 -0.6882
vn -0.3579 0.7231 -0.5908
vn -0.3838 -0.6788 -0.6260
vn -0.4592 0.4867 -0.7431
vn -0.3729 0.7029 -0.6057
vn -0.0907 -0.8323 -0.5469
vn 0.2802 -0.9595 0.0293
vn -0.4020 0.5283 -0.7479
vn -0.1707 -0.6915 -0.7019
vn 0.0735 -0.7984 -0.5976
vn 0.4122 -0.9110 0.0091
vn -0.0039 -0.6539 -0.7565
vn -0.3565 0.5233 -0.7740
vn -0.3603 0.7139 -0.6005
vn 0.2095 -0.5690 -0.7952
vn 0.2881 -0.7142 -0.6379
vn 0.5748 -0.8176 0.0338
vn -0.2640 0.4763 -0.8387
vn -0.3689 0.7004 -0.6110
vn -0.1781 0.5261 -0.8316
vn 0.4725 -0.4000 -0.7853
vn -0.0960 0.5875 -0.8035
vn -0.3555 0.6746 -0.6470
vn 0.5469 -0.5533 -0.6283
vn 0.7412 -0.1093 -0.6623
vn 0.8166 -0.2527 -0.5190
vn 0.7566 -0.6462 0.0995
vn 0.9521 0.0585 -0.3002
vn 0.8742 -0.4207 0.2425
vn -0.0884 0.6988 -0.7099
vn 0.8746 0.2090 -0.4375
vn 0.9621 0.2546 -0.0980
vn 0.8775 -0.2961 0.3774
vn 0.8836 0.4052 -0.2348
vn -0.0850 0.7551 -0.6501
vn -0.3573 0.6869 -0.6328
vn 0.9305 0.3607 0.0643
vn 0.8425 -0.2400 0.4823
vn 0.7582 -0.1814 0.6263
vn -0.0718 0.7949 -0.6025
vn -0.3299 0.7154 -0.6159
vn 0.8513 0.5185 -0.0804
vn 0.8115 0.4992 0.3037
vn 0.5678 -0.1026 0.8167
vn -0.0398 0.8689 -0.4933
vn 0.7362 0.6575 0.1603
vn 0.4969 0.6194 0.6078
vn 0.3681 -0.0783 0.9265
vn 0.4232 0.7784 0.4637
vn -0.1682 0.8981 -0.4063
vn -0.3250 0.7338 -0.5965
vn 0.0981 0.7684 0.6324
vn -0.2728 0.9079 -0.3184
vn -0.3464 0.7101 -0.6130
vn 0.1808 0.6101 0.7714
vn -0.3500 0.8798 -0.3218
vn -0.3805 0.7106 -0.5919
vn -0.0425 0.5742 0.8176
vn 0.2711 -0.0870 0.9586
vn 0.1643 -0.1328 0.9774
vn -0.1160 0.7094 0.6952
vn -0.2359 0.4463 0.8632
vn 0.1067 -0.2530 0.9616
vn -0.0110 -0.2530 0.9674
vn -0.4528 0.8480 -0.2754
vn -0.4049 0.6909 -0.5989
vn -0.3195 0.6156 0.7204
vn -0.4701 0.2851 0.8353
vn -0.2598 -0.4098 0.8744
vn -0.7331 0.0324 0.6793
vn -0.8157 0.1770 0.5508
vn -0.5616 0.4473 0.6961
vn -0.5512 0.7711 -0.3188
vn -0.6523 0.6605 -0.3717
vn -0.4350 0.6632 -0.6090
vn -0.3533 -0.5688 0.7427
vn -0.2599 -0.4099 0.8743
vn -0.7332 0.0324 0.6793
vn -0.8586 -0.2092 0.4680
vn -0.3864 -0.6199 0.6830
vn -0.8853 -0.2859 0.3667
vn -0.9617 -0.1489 0.2301
vn -0.9410 -0.0650 0.3321
vn -0.8157 0.1769 0.5508
vn -0.6524 0.6605 -0.3717
vn -0.6983 0.5589 -0.4472
vn -0.8136 0.4403 -0.3797
vn -0.4157 0.6641 -0.6213
vn -0.9820 0.1281 -0.1386
vn -0.5458 0.7533 0.3669
vn -0.9851 0.1206 -0.1229
vn -0.1708 0.8476 0.5024
vn -0.2257 0.8041 0.5500
vn -0.5792 0.7103 0.3999
vn -0.9764 0.1429 -0.1621
vn -0.3025 0.7294 0.6136
vn -0.6498 0.6254 0.4321
vn -0.9708 0.1539 -0.1839
vn -0.3203 0.6652 0.6745
vn -0.6543 0.5820 0.4828
vn -0.9681 0.1611 -0.1918
vn -0.3095 0.5559 0.7715
vn -0.6559 0.4909 0.5734
vn -0.9620 0.1789 -0.2061
vn -0.4167 0.4195 0.8064
vn -0.7322 0.4073 0.5459
vn -0.9557 0.2033 -0.2127
vn -0.5154 0.3414 0.7860
vn -0.8081 0.3359 0.4838
vn -0.9504 0.2207 -0.2192
vn -0.8036 0.2759 0.5273
vn -0.9430 0.2446 -0.2255
vn -0.5012 0.1849 0.8453
vn -0.8665 0.2549 0.4292
vn 0.2503 -0.6416 0.7250
vn 0.2230 -0.6035 0.7655
vn 0.1016 0.4192 0.9022
vn 0.0905 0.3763 0.9221
vn 0.1949 -0.5634 0.8028
vn 0.0224 0.6446 0.7642
vn -0.0709 0.9125 0.4028
vn -0.0451 0.8613 0.5061
vn -0.1930 0.9513 -0.2403
vn -0.1830 0.9521 -0.2450
vn -0.1474 0.9616 -0.2317
vn -0.0783 0.9527 0.2937
vn -0.0491 0.9206 0.3873
vn -0.0648 0.9765 0.2056
vn -0.0947 0.9759 -0.1966
vn -0.2058 0.0799 0.9753
vn 0.2095 0.1363 0.9683
vn 0.3142 0.2365 0.9194
vn -0.2094 0.2575 0.9433
vn 0.9708 0.1703 0.1690
vn 0.9714 0.1477 0.1860
vn 0.3340 0.3215 0.8860
vn 0.9720 0.1849 0.1449
vn 0.3291 0.3916 0.8593
vn -0.1681 0.3822 0.9087
vn 0.9817 0.1374 0.1321
vn 0.2977 0.3607 0.8839
vn -0.1540 0.4494 0.8799
vn 0.9727 -0.0954 0.2116
vn -0.1374 0.5081 0.8503
vn 0.3069 0.3067 0.9010
vn 0.9015 -0.3174 0.2941
vn -0.1351 0.5620 0.8160
vn 0.3117 0.3236 0.8934
vn 0.8729 -0.3707 0.3173
vn -0.0957 0.6053 0.7903
vn 0.3131 0.3637 0.8773
vn 0.8594 -0.3912 0.3291
vn 0.3155 0.4503 0.8353
vn -0.0482 0.6547 0.7544
vn 0.8662 -0.3809 0.3233
vn -0.8854 0.4546 0.0971
vn -0.5971 0.6181 0.5113
vn -0.8729 0.2609 0.4124
vn -0.6157 0.7347 0.2849
vn -0.3901 0.7739 0.4989
vn -0.6521 0.7455 -0.1377
vn -0.7632 0.5567 -0.3280
vn -0.4015 0.8520 0.3361
vn -0.1729 0.8720 0.4580
vn 0.0017 0.9498 0.3128
vn 0.1870 0.9552 0.2295
vn -0.3561 0.9235 0.1426
vn -0.5499 0.8346 0.0326
vn -0.2129 0.9770 -0.0138
vn -0.0179 0.9961 -0.0858
vn 0.4072 0.8994 0.1586
vn -0.3846 0.9062 -0.1754
vn 0.1395 0.9882 0.0626
vn 0.4027 0.8682 0.2899
vn -0.1859 0.9534 -0.2378
vn -0.4477 0.8337 -0.3234
vn 0.1180 0.9619 0.2466
vn 0.2986 0.8261 0.4779
vn 0.1068 0.7495 0.6533
vn -0.0409 0.8520 0.5219
vn -0.0236 0.9924 -0.1206
vn -0.0031 0.9963 0.0862
vn -0.1385 0.8993 0.4148
vn -0.0437 0.9546 -0.2947
vn -0.0405 0.9921 -0.1187
vn -0.2007 0.9271 0.3167
vn -0.2391 0.9548 0.1766
vn -0.2442 0.8754 -0.4172
vn -0.0540 0.8650 -0.4989
vn -0.0365 0.9299 -0.3660
vn -0.3132 0.9425 -0.1165
vn -0.5013 0.7384 -0.4512
vn -0.6316 0.5714 -0.5240
vn -0.2950 0.7799 -0.5521
vn -0.3347 0.6994 -0.6315
vn -0.0688 0.7690 -0.6355
vn -0.1496 0.6115 -0.7769
vn -0.0567 0.8294 -0.5557
vn -0.0894 0.7119 -0.6965
vn -0.3742 0.8171 -0.4385
vn 0.4239 -0.8922 0.1562
vn -0.0780 -0.9968 -0.0153
vn 0.6278 -0.7008 0.3386
vn -0.4113 -0.8867 0.2110
vn -0.2938 -0.8168 -0.4966
vn -0.2752 -0.9006 0.3364
vn -0.0844 -0.9961 0.0244
vn 0.0185 -0.9968 0.0783
vn -0.6256 -0.7799 0.0163
vn -0.6555 -0.7217 -0.2225
vn -0.2155 -0.8796 0.4241
vn -0.9215 -0.3746 0.1027
vn -0.5140 -0.6553 0.5534
vn -0.9416 -0.3114 0.1285
vn -0.9604 -0.0868 0.2647
vn -0.5066 -0.6879 0.5198
vn -0.5855 -0.3050 0.7511
vn -0.9160 0.0969 0.3892
vn -0.5793 -0.2857 0.7634
vn -0.7024 -0.5648 0.4333
vn -0.4040 0.1466 0.9029
vn -0.6920 0.4544 0.5610
vn -0.8567 -0.4581 0.2372
vn -0.2671 0.5162 0.8137
vn -0.5667 0.5924 0.5727
vn -0.4097 0.7329 0.5431
vn -0.9845 0.0841 0.1539
vn -0.8587 -0.4774 -0.1865
vn -0.8416 -0.2529 0.4772
vn -0.8728 0.1982 0.4460
vn -0.8507 0.1452 0.5052
vn -0.7789 -0.3188 0.5401
vn -0.8000 -0.1893 0.5693
vn -0.8155 0.1626 0.5554
vn -0.8050 -0.2261 0.5486
vn -0.7357 -0.2382 0.6341
vn -0.6938 -0.2630 0.6704
vn -0.7368 0.1771 0.6525
vn -0.5741 -0.3528 0.7389
vn -0.7734 0.0985 0.6262
vn -0.6938 -0.1857 0.6959
vn -0.4678 0.1976 0.8615
vn -0.5699 0.2085 0.7949
vn -0.3213 0.5149 0.7948
vn -0.3983 0.5337 0.7460
vn -0.5698 0.2085 0.7949
vn -0.1533 0.7587 0.6331
vn 0.3500 0.1891 0.9175
vn 0.3130 0.1473 0.9383
vn -0.0882 0.7485 0.6573
vn -0.0877 0.9096 0.4061
vn 0.1513 0.8999 0.4090
vn 0.1575 0.9830 0.0940
vn 0.3458 0.9326 0.1032
vn 0.1856 0.9678 -0.1702
vn 0.0859 0.9382 0.3354
vn 0.4989 0.8488 -0.1750
vn 0.2015 0.8640 -0.4614
vn 0.3648 0.6770 -0.6392
vn 0.5996 0.6556 -0.4589
vn 0.4189 0.8744 -0.2450
vn 0.5485 0.6529 -0.5224
vn 0.4173 0.7041 -0.5746
vn 0.2887 0.9565 0.0412
vn 0.3343 0.8993 -0.2820
vn 0.3417 0.7880 -0.5121
vn 0.2300 0.9731 0.0121
vn 0.2995 0.9302 -0.2120
vn 0.4136 0.7998 -0.4350
vn 0.2580 0.9650 0.0468
vn 0.0771 0.9610 0.2654
vn 0.3552 0.9089 -0.2185
vn 0.8747 0.4075 -0.2624
vn 0.7825 0.4257 -0.4544
vn 0.2261 0.9735 0.0352
vn 0.3230 0.9325 -0.1616
vn 0.6068 0.2776 -0.7448
vn 0.1792 0.9838 0.0020
vn 0.4186 0.9041 -0.0860
vn 0.7254 0.5059 -0.4667
vn 0.2086 0.9725 0.1039
vn 0.4555 0.8543 0.2505
vn 0.7095 0.6731 0.2087
vn 0.2410 0.9402 0.2406
vn 0.1692 0.9517 0.2562
vn 0.2045 0.9031 0.3776
vn 0.2544 0.8831 0.3942
vn 0.3899 0.7930 0.4681
vn 0.6291 0.6477 0.4298
vn 0.5785 0.5981 0.5547
vn 0.2085 0.8705 0.4458
vn 0.2432 0.8451 0.4761
vn 0.3553 0.7314 0.5821
vn 0.5366 0.4223 0.7306
vn 0.2149 0.8587 0.4652
vn 0.3139 0.5349 0.7844
vn 0.4378 0.0728 0.8961
vn 0.2221 0.7609 0.6096
vn 0.1864 0.3149 0.9306
vn 0.3077 -0.0671 0.9491
vn 0.1329 0.6130 0.7788
vn 0.1363 0.7641 0.6305
vn 0.0704 0.7880 0.6117
vn -0.4396 -0.0308 0.8977
vn -0.5046 0.0454 0.8621
vn -0.6205 0.1826 0.7627
vn 0.0715 0.8337 0.5476
vn -0.6480 0.2209 0.7289
vn 0.0591 0.8862 0.4595
vn -0.5207 0.2438 0.8182
vn 0.1874 0.9672 0.1715
vn 0.0387 0.9219 0.3856
vn -0.4421 0.2542 0.8602
vn -0.0848 0.8363 0.5417
vn 0.1642 0.9632 0.2130
vn -0.2061 0.7806 0.5901
vn -0.3091 0.5470 0.7779
vn 0.4146 0.2853 0.8641
vn -0.6375 0.1283 0.7597
vn 0.1818 0.9179 0.3527
vn -0.0680 0.9922 0.1049
vn -0.2685 0.9571 -0.1087
vn -0.7059 0.1095 0.6998
vn -0.4739 0.3546 0.8061
vn -0.1591 0.9846 0.0722
vn -0.5478 0.0714 0.8336
vn -0.5826 0.1318 0.8020
vn -0.5294 -0.3800 0.7585
vn -0.5616 0.1970 0.8036
vn -0.5337 0.1012 0.8396
vn -0.4964 0.2288 0.8374
vn -0.4869 0.1180 0.8654
vn -0.3604 0.3923 0.8463
vn 0.2041 0.9752 0.0858
vn -0.4313 0.2012 0.8795
vn -0.1449 0.4978 0.8551
vn 0.2113 0.9726 0.0965
vn -0.4827 0.2733 0.8321
vn -0.5211 0.0807 0.8497
vn -0.3030 -0.3480 0.8872
vn -0.4267 0.2911 0.8563
vn -0.3052 0.1866 0.9338
vn -0.0018 -0.3527 0.9358
vn 0.1020 -0.1596 0.9819
vn -0.1515 0.3788 0.9130
vn -0.0557 0.2481 0.9671
vn 0.0281 0.4938 0.8691
vn -0.0386 0.6587 0.7514
vn -0.8792 0.4593 -0.1264
vn -0.8315 0.5513 -0.0682
vn -0.7834 0.6210 -0.0254
vn 0.9041 -0.1624 0.3952
vn 0.9051 -0.1554 0.3958
vn 0.6897 -0.2736 0.6704
vn 0.7358 -0.0948 0.6705
vn 0.9128 -0.1207 0.3902
vn -0.5214 -0.4472 0.7267
vn -0.5972 -0.5335 0.5989
vn -0.6249 -0.5257 0.5772
vn 0.7407 -0.0101 0.6717
vn -0.4671 -0.2601 0.8450
vn -0.6772 -0.4959 0.5436
vn 0.0356 0.3765 0.9257
vn -0.4802 -0.2057 0.8527
vn -0.7032 -0.4893 0.5158
vn -0.7967 0.0639 0.6010
vn 0.3237 0.4681 0.8222
vn 0.3516 0.2540 0.9011
vn 0.0864 0.3992 0.9128
vn -0.7026 0.4056 0.5846
vn -0.9050 0.3186 0.2817
vn -0.9041 0.3413 0.2572
vn -0.6745 0.4702 0.5692
vn -0.8949 0.3777 0.2379
vn 0.3709 0.3221 0.8710
vn -0.6558 0.5282 0.5394
vn -0.8868 0.4094 0.2144
vn 0.4018 0.3933 0.8270
vn 0.0279 0.3445 0.9384
vn -0.6417 0.5860 0.4948
vn -0.8796 0.4350 0.1925
vn 0.4265 0.4680 0.7740
vn -0.6236 0.6504 0.4337
vn -0.8674 0.4734 0.1533
vn 0.4682 0.5398 0.6996
vn 0.0807 0.5001 0.8622
vn -0.3242 0.5523 0.7680
vn -0.7439 0.1754 0.6449
vn 0.1046 0.5810 0.8072
vn 0.0633 0.4240 0.9034
vn -0.0632 0.5306 0.8453
vn -0.0875 0.4533 0.8870
vn -0.1162 0.3650 0.9237
vn -0.0435 0.6059 0.7944
vn -0.4212 0.5495 0.7216
vn -0.3940 0.6218 0.6768
vn -0.0130 0.6955 0.7184
vn -0.4453 0.4805 0.7556
vn 0.1304 0.6648 0.7355
vn -0.3706 0.6950 0.6162
vn 0.1543 0.7400 0.6546
vn -0.0020 0.7637 0.6456
vn -0.3403 0.7784 0.5276
vn 0.4708 0.5990 0.6477
vn 0.6129 0.7472 0.2572
vn 0.2007 0.9469 0.2514
vn 0.1414 0.8076 0.5725
vn 0.1031 0.9254 0.3648
vn 0.0561 0.8783 0.4748
vn -0.0768 0.1608 0.9840
vn -0.1308 -0.3700 0.9198
vn -0.0374 0.6833 0.7292
vn 0.0296 0.8454 0.5332
vn 0.1323 0.9022 0.4104
vn 0.2347 0.9144 0.3299
vn 0.1548 0.8822 0.4448
vn 0.1259 0.9510 0.2825
vn 0.1707 0.8817 0.4398
vn 0.1869 0.9337 0.3053
vn 0.1481 0.9777 0.1491
vn 0.1876 0.9253 0.3297
vn 0.2054 0.9654 0.1607
vn 0.1728 0.9850 -0.0005
vn 0.0956 0.9391 0.3301
vn 0.2062 0.9637 0.1698
vn 0.2363 0.9717 0.0056
vn 0.2550 0.9516 -0.1716
vn 0.1979 0.9645 -0.1747
vn 0.2338 0.9722 0.0130
vn 0.3028 0.8718 -0.3850
vn 0.2477 0.8797 -0.4059
vn 0.2607 0.9546 -0.1440
vn 0.3405 0.8598 -0.3804
vn 0.3618 0.7489 -0.5552
vn 0.3134 0.7687 -0.5575
vn 0.4141 0.6756 -0.6100
vn 0.4934 0.4231 -0.7600
vn 0.4538 0.0770 -0.8878
vn 0.4731 0.4663 -0.7475
vn 0.4404 0.4095 -0.7989
vn 0.9054 0.2799 -0.3194
vn 0.3672 0.6979 -0.6148
vn 0.2603 0.8961 -0.3596
vn 0.1467 0.6140 -0.7755
vn 0.4576 0.1785 -0.8710
vn 0.8601 0.4471 -0.2456
vn 0.9546 0.2814 0.0976
vn -0.0595 0.8326 -0.5506
vn 0.7914 0.6066 -0.0760
vn 0.7191 0.6870 0.1046
vn 0.9483 0.2632 0.1772
vn -0.2853 0.9525 -0.1066
vn 0.7380 0.6411 0.2105
vn 0.9423 0.2125 0.2588
vn -0.2590 0.9656 -0.0223
vn 0.1860 0.9753 -0.1192
vn 0.1514 0.9884 0.0084
vn -0.2678 0.9574 0.1084
vn 0.1265 0.9794 0.1577
vn 0.7343 0.5809 0.3512
vn 0.9370 0.1507 0.3153
vn -0.2791 0.9212 0.2709
vn 0.7325 0.4944 0.4679
vn 0.9301 0.0955 0.3546
vn -0.3022 0.8555 0.4206
vn 0.7268 0.4025 0.5566
vn 0.9251 0.0384 0.3779
vn 0.7283 0.3179 0.6071
vn 0.9228 -0.0014 0.3852
vn 0.7332 0.2399 0.6363
vn 0.9191 -0.0362 0.3925
vn 0.7380 0.1691 0.6532
vn 0.9145 -0.0684 0.3989
vn 0.7347 0.1120 0.6691
vn 0.9163 -0.0858 0.3913
vn -0.4664 0.4055 0.7862
vn 0.7328 0.0623 0.6776
vn -0.1829 0.2905 0.9392
vn -0.4681 0.3169 0.8249
vn 0.1409 0.6758 0.7235
vn -0.8783 -0.4753 0.0510
vn -0.7921 -0.6059 0.0743
vn -0.7926 -0.5868 0.1653
vn -0.9314 -0.3421 0.1244
vn -0.9459 -0.3235 0.0264
vn -0.8676 -0.4669 0.1709
vn -0.7659 -0.5435 0.3435
vn -0.8821 -0.3481 0.3175
vn -0.8259 -0.4446 0.3467
vn -0.6315 -0.4567 0.6266
vn -0.7160 -0.2381 0.6562
vn -0.6523 -0.3411 0.6768
vn -0.2360 -0.1965 0.9517
vn -0.3039 0.0319 0.9522
vn -0.2686 -0.0813 0.9598
vn -0.0328 -0.0399 0.9987
vn -0.0934 0.1555 0.9834
vn -0.0645 0.0579 0.9962
vn 0.0907 0.0706 0.9934
vn 0.0629 0.1282 0.9898
vn 0.0282 0.1830 0.9827
vn 0.1515 0.1122 0.9821
vn 0.0831 0.1827 0.9797
vn 0.1134 0.1425 0.9833
vn 0.1672 0.5293 0.8318
vn 0.5878 0.2597 0.7662
vn 0.6102 0.3201 0.7247
vn 0.2003 0.6155 0.7623
vn 0.6281 0.3936 0.6712
vn 0.2213 0.6826 0.6965
vn 0.9536 -0.2997 -0.0286
vn 0.6488 0.4514 0.6126
vn 0.2435 0.7390 0.6281
vn 0.9502 -0.3109 -0.0231
vn 0.6717 0.4925 0.5534
vn 0.2705 0.8003 0.5352
vn 0.9493 -0.3144 -0.0049
vn 0.7020 0.5333 0.4720
vn 0.7321 0.5738 0.3671
vn 0.3013 0.8600 0.4118
vn 0.9494 -0.3139 -0.0056
vn 0.9467 -0.3220 0.0107
vn 0.3333 -0.8921 -0.3051
vn 0.3645 -0.8275 -0.4272
vn 0.3766 -0.7717 -0.5125
vn 0.3895 -0.7254 -0.5675
vn -0.2778 -0.7931 -0.5421
vn -0.3213 -0.8559 -0.4052
vn -0.8070 -0.4799 -0.3443
vn 0.4007 -0.6678 -0.6273
vn -0.7836 -0.4334 -0.4450
vn -0.9404 -0.2119 -0.2659
vn -0.9256 -0.1893 -0.3279
vn -0.2396 -0.7288 -0.6414
vn -0.7561 -0.3995 -0.5184
vn -0.9097 -0.1659 -0.3808
vn -0.2111 -0.6725 -0.7094
vn -0.7334 -0.3579 -0.5779
vn -0.8972 -0.1412 -0.4183
vn -0.1836 -0.6049 -0.7749
vn -0.7112 -0.3152 -0.6284
vn -0.8838 -0.1084 -0.4551
vn -0.8683 -0.0662 -0.4916
vn 0.4227 -0.5929 -0.6855
vn -0.1601 -0.5203 -0.8388
vn -0.6878 -0.2557 -0.6793
vn -0.8580 -0.0239 -0.5131
vn 0.4486 -0.5263 -0.7223
vn -0.1431 -0.4461 -0.8835
vn -0.6793 -0.1902 -0.7088
vn -0.8537 0.0185 -0.5204
vn 0.9568 -0.2894 -0.0268
vn 0.5763 0.1858 0.7958
vn 0.4796 -0.4624 -0.7458
vn 0.9587 -0.2831 -0.0278
vn 0.5682 0.1033 0.8163
vn -0.1220 -0.3703 -0.9209
vn 0.5192 -0.3758 -0.7676
vn 0.9617 -0.2720 -0.0333
vn -0.6723 -0.1240 -0.7299
vn -0.8476 0.0755 -0.5253
vn -0.0903 -0.2657 -0.9598
vn -0.6672 -0.0427 -0.7437
vn -0.8363 0.1381 -0.5306
vn -0.0508 -0.1328 -0.9898
vn -0.6582 0.0591 -0.7505
vn -0.8221 0.2180 -0.5259
vn 0.5704 -0.2545 -0.7810
vn -0.0097 0.0428 -0.9990
vn -0.6362 0.1804 -0.7501
vn -0.5985 0.3162 -0.7361
vn -0.7986 0.2957 -0.5242
vn 0.0254 0.2454 -0.9691
vn -0.5560 0.4403 -0.7050
vn -0.7773 0.3810 -0.5007
vn 0.6097 -0.1043 -0.7858
vn -0.5219 0.5623 -0.6414
vn -0.7620 0.4544 -0.4613
vn 0.0588 0.4351 -0.8985
vn 0.6246 0.0739 -0.7775
vn 0.0762 0.6068 -0.7912
vn 0.6357 0.2554 -0.7285
vn -0.5081 0.6596 -0.5539
vn -0.7559 0.5112 -0.4090
vn 0.0924 0.7384 -0.6680
vn -0.5045 0.7299 -0.4612
vn -0.7542 0.5559 -0.3496
vn 0.0938 0.8343 -0.5432
vn 0.6377 0.4217 -0.6446
vn 0.6413 0.5469 -0.5382
vn 0.0872 0.9108 -0.4036
vn -0.5117 0.7786 -0.3632
vn -0.7562 0.5895 -0.2838
vn 0.6433 0.6406 -0.4191
vn -0.5231 0.8173 -0.2418
vn -0.7629 0.6111 -0.2111
vn 0.0795 0.9673 -0.2408
vn -0.5473 0.8288 -0.1168
vn -0.7779 0.6158 -0.1248
vn -0.7926 0.6087 -0.0371
vn 0.6431 0.7055 -0.2979
vn -0.5757 0.8173 0.0233
vn -0.8104 0.5846 0.0394
vn 0.0540 0.9972 -0.0511
vn 0.6366 0.7569 -0.1480
vn -0.6087 0.7785 0.1529
vn -0.8251 0.5544 0.1093
vn 0.0255 0.9900 0.1385
vn -0.6325 0.7286 0.2629
vn -0.8353 0.5247 0.1644
vn -0.0320 0.9470 0.3196
vn 0.6192 0.7590 0.2014
vn -0.6528 0.6732 0.3473
vn -0.8485 0.4855 0.2106
vn 0.6316 0.7749 0.0235
vn 0.5877 0.7181 0.3728
vn 0.9883 -0.0234 0.1506
vn 0.9939 -0.0109 0.1100
vn 0.9974 -0.0132 0.0703
vn 0.4623 -0.8825 0.0863
vn 0.9985 -0.0330 0.0448
vn 0.4385 -0.8669 0.2370
vn 0.4206 -0.8267 0.3736
vn 0.9989 -0.0427 0.0208
vn 0.4191 -0.7641 0.4904
vn -0.0679 -0.9722 0.2239
vn -0.0783 -0.9147 0.3965
vn -0.0417 -0.9986 0.0312
vn -0.0781 -0.8366 0.5422
vn 0.4889 -0.8693 -0.0723
vn -0.0169 -0.9838 -0.1786
vn 0.4254 -0.6838 0.5928
vn -0.0719 -0.7333 0.6761
vn 0.9980 -0.0625 -0.0049
vn 0.4453 -0.5777 0.6842
vn -0.0602 -0.5904 0.8048
vn 0.9945 -0.0996 -0.0315
vn 0.4714 -0.4349 0.7673
vn -0.0353 -0.4093 0.9117
vn 0.9883 -0.1440 -0.0498
vn 0.4987 -0.2816 0.8198
vn 0.9805 -0.1889 -0.0535
vn 0.0035 -0.2053 0.9787
vn 0.9734 -0.2238 -0.0480
vn 0.5294 -0.1371 0.8372
vn 0.0368 -0.0111 0.9993
vn 0.9679 -0.2481 -0.0406
vn 0.5485 -0.0081 0.8361
vn 0.0753 0.1480 0.9861
vn 0.9826 -0.0384 0.1818
vn 0.5176 -0.8284 -0.2140
vn 0.0244 -0.9308 -0.3648
vn 0.5569 0.6461 0.5219
vn 0.9752 -0.0634 0.2119
vn 0.5476 -0.7673 -0.3338
vn 0.0552 -0.8524 -0.5199
vn -0.0771 0.8713 0.4846
vn -0.1005 0.7836 0.6131
vn 0.5249 0.5660 0.6357
vn -0.1241 0.6930 0.7101
vn 0.9682 -0.0854 0.2352
vn 0.4932 0.4829 0.7236
vn -0.6672 0.6178 0.4161
vn -0.8580 0.4535 0.2412
vn -0.1380 0.6075 0.7823
vn -0.6782 0.5632 0.4720
vn -0.8625 0.4247 0.2750
vn 0.4637 0.4154 0.7826
vn -0.6862 0.5087 0.5200
vn -0.8731 0.3886 0.2945
vn -0.1483 0.5274 0.8366
vn -0.6980 0.4591 0.5496
vn -0.8834 0.3537 0.3074
vn -0.1724 0.4589 0.8716
vn -0.7194 0.4036 0.5653
vn -0.9024 0.2994 0.3099
vn -0.1936 0.3811 0.9041
vn 0.4366 0.3533 0.8274
vn 0.4147 0.2853 0.8641
vn -0.2158 0.2877 0.9331
vn -0.7458 0.3334 0.5767
vn -0.9183 0.2443 0.3115
vn 0.4046 0.2187 0.8879
vn -0.9291 0.2068 0.3065
vn -0.7882 0.1887 0.5858
vn -0.2467 0.0835 0.9655
vn -0.2425 0.1582 0.9572
vn 0.3821 0.0166 0.9240
vn 0.3744 -0.0508 0.9259
vn 0.3887 0.1259 0.9127
vn 0.9408 -0.1731 0.2915
vn 0.9323 -0.1800 0.3136
vn 0.7263 -0.1642 -0.6675
vn 0.9435 -0.1557 0.2925
vn 0.6914 -0.2176 -0.6890
vn 0.2711 -0.0834 -0.9589
vn 0.2559 -0.1453 -0.9557
vn 0.6599 -0.3157 -0.6818
vn 0.2279 -0.2677 -0.9361
vn 0.9473 -0.1452 0.2857
vn 0.6371 -0.3965 -0.6609
vn 0.2078 -0.3684 -0.9061
vn 0.9508 -0.1348 0.2788
vn 0.6161 -0.4660 -0.6351
vn 0.1795 -0.4482 -0.8757
vn 0.9548 -0.1206 0.2716
vn 0.5983 -0.5242 -0.6060
vn 0.1632 -0.5251 -0.8353
vn 0.9578 -0.1134 0.2641
vn 0.5858 -0.5831 -0.5629
vn 0.1363 -0.6026 -0.7863
vn 0.9629 -0.1030 0.2496
vn 0.5760 -0.6463 -0.5005
vn 0.1154 -0.6815 -0.7227
vn 0.5617 -0.7074 -0.4290
vn 0.0850 -0.7668 -0.6363
vn -0.7274 -0.5696 0.3828
vn -0.8339 -0.4024 0.3777
vn -0.7881 -0.3865 0.4790
vn -0.7608 -0.5819 0.2874
vn -0.8049 -0.5931 -0.0156
vn -0.7265 -0.4112 -0.5506
vn -0.6110 -0.7777 0.1479
vn -0.5916 -0.7801 0.2037
vn -0.2731 -0.9488 0.1588
vn -0.2727 -0.9527 0.1340
vn -0.2726 -0.9598 0.0666
vn -0.6516 -0.7581 -0.0271
vn -0.5270 -0.7770 -0.3443
vn -0.2038 -0.9786 -0.0269
vn -0.0473 -0.9892 -0.1391
vn -0.1735 -0.7372 -0.6530
vn -0.1951 -0.4207 -0.8860
vn -0.6312 -0.5859 -0.5082
vn -0.2504 -0.2120 -0.9447
vn 0.3854 -0.9058 0.1760
vn 0.5289 -0.8409 -0.1152
vn 0.5979 -0.7692 -0.2256
vn 0.2649 -0.9160 0.3014
vn 0.2046 -0.8330 0.5140
vn 0.1629 -0.8007 0.5765
vn -0.0866 -0.5740 0.8142
vn -0.0598 -0.6198 0.7824
vn -0.3308 -0.2798 0.9013
vn -0.3269 -0.2706 0.9055
vn -0.0883 -0.6293 0.7721
vn -0.4433 -0.0903 0.8918
vn -0.4305 -0.0609 0.9005
vn -0.3803 -0.2716 0.8841
vn -0.1616 -0.7348 0.6588
vn -0.5271 0.2016 0.8256
vn -0.5119 0.2377 0.8255
vn -0.4793 -0.1204 0.8693
vn -0.4979 -0.3322 0.8010
vn -0.1469 -0.8430 0.5175
vn 0.2588 -0.9454 0.1982
vn 0.5706 -0.8101 -0.1351
vn 0.2053 -0.9352 0.2885
vn 0.5616 -0.8210 -0.1032
vn -0.3370 -0.6911 0.6394
vn 0.1834 -0.9230 0.3383
vn -0.5918 -0.3962 0.7020
vn 0.2150 -0.9081 0.3594
vn 0.6077 -0.7933 -0.0369
vn -0.3132 -0.6800 0.6629
vn -0.6980 -0.1962 0.6887
vn -0.7149 -0.2203 0.6636
vn -0.5923 -0.1711 0.7873
vn -0.8077 0.0017 0.5896
vn -0.7166 0.0720 0.6938
vn -0.5790 0.1491 0.8016
vn -0.8470 0.4371 0.3026
vn -0.7679 0.4624 0.4433
vn -0.6303 0.5591 0.5386
vn -0.8144 0.2642 0.5167
vn -0.6492 0.7605 0.0134
vn -0.6775 0.7293 0.0956
vn -0.7917 0.2661 0.5499
vn -0.5504 0.8228 0.1417
vn -0.4128 0.8728 -0.2604
vn -0.3969 0.8793 -0.2633
vn -0.6776 0.7191 0.1541
vn -0.3590 0.8841 -0.2993
vn -0.3042 0.8844 -0.3541
vn -0.4844 0.8435 0.2322
vn -0.1703 0.9615 -0.2156
vn -0.5024 0.8169 0.2834
vn -0.5667 0.5606 0.6038
vn -0.5601 0.5555 0.6146
vn -0.6449 0.7607 0.0736
vn -0.6109 0.7903 -0.0480
vn -0.2335 0.8987 -0.3712
vn -0.7672 0.3155 0.5584
vn -0.6906 0.7089 -0.1432
vn -0.2879 0.8817 -0.3739
vn -0.7530 0.5256 0.3959
vn -0.8780 0.4219 0.2262
vn -0.6705 -0.1761 0.7207
vn -0.7514 0.1154 0.6496
vn -0.6487 -0.1420 0.7477
vn -0.6586 -0.1713 0.7328
vn -0.5215 -0.4473 0.7267
vn -0.0477 -0.8217 0.5679
vn 0.2428 -0.9042 0.3512
vn 0.2260 -0.9491 0.2195
vn -0.2005 -0.8777 0.4352
vn 0.2203 -0.9562 0.1926
vn 0.6407 -0.7678 -0.0011
vn -0.6231 -0.5439 0.5622
vn -0.2859 -0.9023 0.3227
vn 0.2088 -0.9525 0.2216
vn 0.6382 -0.7668 -0.0691
vn -0.2421 -0.9057 0.3480
vn 0.2017 -0.9547 0.2190
vn 0.5432 -0.8147 -0.2028
vn -0.2191 -0.8912 0.3971
vn 0.2001 -0.9666 0.1602
vn 0.4844 -0.7863 -0.3835
vn 0.1654 -0.9862 0.0048
vn 0.4151 -0.7443 -0.5232
vn -0.0062 -0.9525 0.3046
vn 0.1196 -0.9833 -0.1372
vn -0.0028 -0.9905 0.1372
vn 0.1333 -0.8277 -0.5451
vn 0.3569 -0.2805 -0.8910
vn 0.0102 -0.9998 -0.0174
vn -0.2208 -0.9050 0.3636
vn 0.1080 -0.4695 -0.8763
vn 0.2815 -0.0639 -0.9574
vn -0.0813 -0.8927 -0.4432
vn -0.0651 -0.9831 -0.1711
vn -0.2165 -0.6635 -0.7161
vn 0.0130 -0.2439 -0.9697
vn -0.1845 0.0182 -0.9827
vn 0.1519 0.1836 -0.9712
vn -0.1609 -0.6436 -0.7482
vn -0.3684 -0.4257 -0.8265
vn -0.2750 -0.3625 -0.8905
vn -0.5836 -0.0984 -0.8061
vn -0.4479 -0.0007 -0.8941
vn -0.7431 0.2645 -0.6147
vn -0.4906 0.4355 -0.7547
vn -0.2346 0.6764 -0.6981
vn -0.7714 0.5624 -0.2977
vn -0.6443 0.6552 -0.3945
vn -0.5856 0.7605 -0.2807
vn -0.2680 0.7853 -0.5581
vn -0.7695 0.6286 -0.1132
vn -0.6163 0.5082 -0.6016
vn -0.8968 0.3236 0.3017
vn -0.7589 0.6458 0.0830
vn -0.5779 0.8060 -0.1282
vn -0.2468 0.8340 -0.4934
vn -0.8461 0.5193 0.1202
vn -0.8151 0.5790 -0.0200
vn -0.9274 0.3623 0.0927
vn -0.9283 0.1223 0.3511
vn -0.9585 0.0734 0.2755
vn -0.9604 -0.0772 0.2679
vn -0.8930 0.0437 0.4480
vn -0.7861 -0.2780 0.5520
vn -0.8728 -0.3607 0.3289
vn -0.8592 -0.3529 0.3706
vn -0.7192 -0.5942 0.3600
vn -0.6136 -0.6826 0.3969
vn -0.5503 -0.6896 0.4707
vn -0.8153 -0.3281 0.4771
vn -0.8833 -0.0669 0.4641
vn -0.6650 -0.5082 0.5473
vn -0.8844 -0.0765 0.4604
vn -0.7872 -0.3143 0.5305
vn -0.3761 -0.7855 0.4915
vn -0.6464 -0.5385 0.5405
vn -0.3213 -0.8222 0.4699
vn -0.8058 -0.3151 0.5015
vn -0.3320 -0.8093 0.4845
vn 0.6351 -0.5863 -0.5029
vn -0.4488 -0.8119 0.3734
vn 0.4992 -0.3838 -0.7769
vn -0.7452 -0.5121 0.4271
vn 0.3974 -0.2187 -0.8912
vn -0.8521 -0.3301 0.4061
vn 0.3106 -0.0540 -0.9490
vn -0.9171 -0.1804 0.3556
vn 0.2556 0.1430 -0.9561
vn -0.9616 0.0709 0.2652
vn 0.2789 0.3098 -0.9090
vn -0.9115 0.2085 0.3544
vn 0.1397 0.7296 -0.6695
vn -0.9378 0.1903 -0.2904
vn -0.9653 0.1785 -0.1908
vn -0.9115 0.3006 -0.2808
vn -0.9265 0.2994 -0.2278
vn -0.9223 0.3707 -0.1093
vn -0.9849 0.1034 -0.1391
vn -0.9741 0.2245 -0.0271
vn -0.1960 0.9805 -0.0161
vn -0.1402 0.9721 -0.1880
vn -0.2619 0.9437 0.2020
vn 0.1002 0.9938 0.0485
vn 0.1574 0.9819 -0.1054
vn 0.6752 0.7153 0.1800
vn 0.6178 0.7157 0.3258
vn 0.0202 0.9631 0.2683
vn 0.5482 0.6141 0.5678
vn -0.0656 0.8050 0.5897
vn -0.3408 0.7796 0.5255
vn -0.1132 0.5331 0.8385
vn 0.5283 0.4210 0.7373
vn -0.3896 0.5130 0.7649
vn -0.9919 0.1198 0.0425
vn -0.9821 0.0086 -0.1881
vn -0.9798 -0.0415 -0.1957
vn -0.9962 0.0173 0.0855
vn -0.9653 -0.0765 -0.2496
vn -0.4058 0.2593 0.8764
vn -0.9670 -0.1011 -0.2338
vn -0.1236 0.2842 0.9508
vn 0.5256 0.2627 0.8091
vn -0.3958 0.0010 0.9183
vn -0.9764 -0.2031 0.0741
vn -0.9690 -0.1315 -0.2090
vn -0.1293 0.0215 0.9914
vn 0.5184 0.0918 0.8502
vn -0.3631 -0.3357 0.8692
vn -0.1041 -0.3167 0.9428
vn 0.5288 -0.1724 0.8311
vn -0.0186 -0.6582 0.7526
vn 0.5879 -0.4332 0.6831
vn -0.9433 -0.3309 0.0272
vn -0.9660 -0.2220 -0.1323
vn -0.2889 -0.6701 0.6837
vn 0.0583 -0.8413 0.5374
vn 0.6316 -0.5713 0.5241
vn -0.2290 -0.8564 0.4627
vn -0.9156 -0.4019 -0.0128
vn -0.9028 -0.4270 -0.0502
vn -0.9085 -0.3691 -0.1961
vn 0.1091 -0.9218 0.3720
vn 0.6651 -0.6344 0.3939
vn 0.7418 -0.6306 0.2283
vn -0.1711 -0.9368 0.3051
vn -0.8356 -0.5382 -0.1102
vn -0.8683 -0.4081 -0.2821
vn 0.1841 -0.9732 0.1375
vn 0.8277 -0.5612 -0.0086
vn 0.2823 -0.9331 -0.2229
vn -0.1032 -0.9923 0.0684
vn -0.0097 -0.9562 -0.2926
vn 0.4077 -0.4687 -0.7837
vn 0.9803 -0.1964 0.0223
vn 0.9600 -0.2793 0.0218
vn 0.5325 -0.2368 -0.8126
vn 0.6369 0.1707 -0.7518
vn 0.9978 -0.0405 0.0530
vn 0.9747 0.1833 0.1283
vn 0.0897 -0.2049 -0.9747
vn -0.0501 -0.3878 -0.9204
vn -0.4546 -0.2226 -0.8624
vn -0.3696 -0.0964 -0.9242
vn 0.2749 0.1997 -0.9405
vn -0.1615 0.1500 -0.9754
vn 0.0518 0.3975 -0.9161
vn 0.6002 0.5927 -0.5371
vn 0.9102 0.3546 0.2140
vn 0.4914 0.8559 -0.1610
vn 0.1686 0.9412 -0.2927
vn 0.3548 0.6806 -0.6411
vn -0.0185 0.8165 -0.5770
vn -0.1363 0.8804 -0.4543
vn -0.7576 -0.0095 0.6526
vn -0.8762 0.1336 0.4631
vn -0.5847 0.4868 0.6490
vn -0.5405 0.3175 0.7791
vn -0.4658 0.1245 0.8761
vn -0.5079 -0.2661 0.8193
vn -0.2630 0.5643 0.7826
vn -0.3120 0.6256 0.7150
vn -0.3162 0.4077 0.8566
vn -0.4554 0.0799 0.8867
vn -0.5278 -0.2913 0.7979
vn -0.3747 0.4420 0.8150
vn -0.5085 0.2560 0.8221
vn -0.6609 -0.2327 0.7135
vn -0.2741 0.6744 0.6856
vn -0.5359 0.2931 0.7918
vn -0.7184 -0.1963 0.6674
vn -0.3125 0.6547 0.6883
vn -0.2905 0.6432 0.7085
vn -0.5969 0.3827 0.7052
vn -0.8224 -0.1056 0.5590
vn -0.9105 -0.0134 0.4132
vn -0.3354 0.6456 0.6861
vn -0.6677 0.4431 0.5983
vn -0.9571 0.0156 0.2895
vn 0.0040 0.8522 0.5233
vn -0.6924 0.4841 0.5350
vn -0.9668 0.1540 0.2040
vn -0.4135 0.6899 0.5942
vn -0.6342 0.6116 0.4731
vn -0.7594 0.5881 0.2781
vn -0.3776 0.7652 0.5214
vn -0.3597 0.8205 0.4444
vn -0.4598 0.8391 0.2906
vn 0.0004 0.8942 0.4478
vn 0.0295 0.9241 0.3809
vn -0.0621 0.9289 0.3650
vn -0.2696 0.9346 0.2320
vn -0.0441 0.9856 0.1631
vn 0.3699 0.9006 0.2282
vn 0.3216 0.9126 0.2523
vn 0.4569 0.8765 0.1515
vn 0.2708 0.9220 0.2767
vn 0.4701 0.8802 0.0648
vn 0.4938 0.8569 0.1480
vn 0.0106 0.9012 0.4333
vn 0.4252 0.9003 -0.0929
vn -0.0878 0.9096 0.4061
vn 0.2450 0.9659 0.0837
vn 0.1275 0.9890 0.0750
vn -0.1683 0.8209 0.5458
vn -0.0508 0.9461 0.3199
vn -0.0681 0.7708 0.6334
vn -0.1546 0.5932 0.7901
vn 0.0224 0.6903 0.7231
vn -0.0375 0.6834 0.7291
vn 0.0070 0.8610 0.5085
vn 0.1328 0.7537 0.6436
vn 0.4619 0.7771 0.4275
vn 0.4763 0.7994 0.3661
vn 0.7737 0.6326 -0.0346
vn 0.2935 0.9071 0.3017
vn 0.5211 0.7860 0.3327
vn 0.7778 0.6285 0.0008
vn 0.1018 0.9795 0.1737
vn 0.6789 0.7225 0.1308
vn 0.5189 0.8547 -0.0178
vn 0.0322 0.9953 0.0909
vn 0.3026 0.9443 -0.1291
vn 0.1838 0.9649 -0.1874
vn 0.8103 0.5783 -0.0950
vn 0.6476 0.7296 -0.2197
vn 0.4144 0.8268 -0.3805
vn 0.6970 0.6245 -0.3524
vn 0.8643 0.4608 -0.2015
vn 0.8528 0.4720 -0.2233
vn 0.8592 0.4768 -0.1853
vn 0.9017 0.1892 -0.3889
vn 0.8841 0.2491 -0.3953
vn 0.8782 0.3818 -0.2880
vn 0.7092 0.5159 -0.4805
vn 0.6381 -0.4110 -0.6511
vn 0.6919 -0.2647 -0.6717
vn 0.1151 -0.6895 -0.7151
vn 0.8717 0.0387 -0.4884
vn 0.6565 0.1700 -0.7349
vn 0.5605 -0.4328 -0.7061
vn 0.2061 -0.7806 -0.5901
vn -0.2020 -0.7361 -0.6460
vn 0.4478 -0.3772 -0.8107
vn -0.0546 -0.9102 -0.4105
vn 0.2725 -0.7960 -0.5405
vn -0.3158 -0.9253 -0.2100
vn -0.5142 -0.6978 -0.4987
vn 0.0316 -0.9669 -0.2533
vn 0.2641 -0.7297 -0.6308
vn 0.4860 0.2227 -0.8451
vn 0.3371 -0.0946 -0.9367
vn 0.4590 0.6209 -0.6354
vn 0.3571 0.2702 -0.8941
vn 0.4390 0.7265 -0.5286
vn 0.3452 0.6621 -0.6652
vn 0.2920 0.8267 -0.4810
vn 0.3130 0.7459 -0.5880
vn 0.3408 0.8804 -0.3297
vn 0.4127 0.7270 -0.5487
vn 0.4317 0.8505 -0.3004
vn 0.4466 0.4309 -0.7841
vn 0.5121 0.8067 -0.2950
vn 0.4982 0.7042 -0.5059
vn 0.5234 0.4349 -0.7327
vn 0.4057 -0.0383 -0.9132
vn 0.5999 0.4552 -0.6579
vn 0.3094 -0.3609 -0.8798
vn 0.5222 0.0686 -0.8500
vn 0.3533 -0.3456 -0.8693
vn 0.0819 -0.8457 -0.5273
vn 0.0668 -0.9542 -0.2917
vn 0.0123 -0.7889 -0.6144
vn -0.1507 -0.9886 0.0007
vn -0.1704 -0.9632 -0.2080
vn -0.1697 -0.9855 0.0023
vn -0.3850 -0.8796 0.2794
vn -0.5106 -0.8452 0.1578
vn -0.3536 -0.8576 0.3734
vn -0.5096 -0.6637 0.5475
vn -0.6696 -0.7287 0.1435
vn -0.8520 -0.5105 -0.1161
vn -0.9430 -0.3026 0.1382
vn -0.7794 -0.4839 0.3980
vn -0.8762 0.1334 0.4631
vn -0.7577 -0.0096 0.6526
vn -0.5079 -0.2662 0.8192
vn -0.4464 -0.6538 0.6110
vn -0.5278 -0.2915 0.7978
vn -0.6574 -0.6097 0.4428
vn -0.6609 -0.2328 0.7135
vn -0.5888 -0.8014 0.1056
vn -0.7161 -0.5848 0.3811
vn -0.7184 -0.1964 0.6673
vn -0.3088 -0.9131 -0.2664
vn -0.6986 -0.7152 0.0226
vn -0.8188 -0.5092 0.2650
vn -0.8224 -0.1058 0.5589
vn 0.0467 -0.6875 -0.7246
vn -0.9130 -0.3859 0.1321
vn -0.9106 -0.0135 0.4131
vn -0.8131 -0.5769 -0.0777
vn -0.9508 -0.3068 0.0424
vn -0.9571 0.0155 0.2894
vn -0.5574 -0.7195 -0.4142
vn -0.9974 0.0525 0.0487
vn -0.9668 0.1539 0.2040
vn -0.8617 -0.4835 -0.1538
vn -0.9579 -0.2171 -0.1880
vn -0.9335 0.3478 0.0878
vn -0.7595 0.5881 0.2780
vn -0.9741 0.2131 -0.0762
vn -0.6214 0.7638 0.1747
vn -0.4599 0.8391 0.2906
vn -0.2697 0.9346 0.2320
vn -0.8161 0.5778 -0.0126
vn -0.2149 0.9721 0.0940
vn -0.0440 0.9856 0.1630
vn -0.1800 0.9509 -0.2519
vn -0.5577 0.8235 -0.1042
vn -0.1534 0.9859 -0.0675
vn -0.1432 0.9240 -0.3545
vn -0.2256 0.7155 -0.6612
vn -0.8647 0.4503 -0.2224
vn -0.6289 0.7040 -0.3299
vn -0.0991 0.7496 -0.6545
vn -0.9450 0.0214 -0.3264
vn -0.5945 0.5131 -0.6190
vn -0.6988 0.0420 -0.7141
vn -0.0240 0.4613 -0.8869
vn -0.0028 0.2888 -0.9574
vn -0.4866 0.2480 -0.8377
vn 0.1065 0.0783 -0.9912
vn -0.2969 0.0123 -0.9548
vn 0.2609 -0.1029 -0.9599
vn 0.1503 -0.1134 -0.9821
vn -0.5023 -0.1201 -0.8563
vn -0.1173 -0.2481 -0.9616
vn -0.8187 -0.1646 -0.5502
vn -0.6297 -0.3555 -0.6907
vn -0.8694 -0.3490 -0.3496
vn -0.5853 -0.4948 -0.6423
vn -0.5456 -0.6449 -0.5352
vn 0.0054 -0.4214 -0.9068
vn -0.0629 -0.5884 -0.8061
vn -0.0680 -0.6501 -0.7568
vn 0.3017 -0.2750 -0.9129
vn 0.3315 -0.3545 -0.8743
vn 0.3665 -0.3809 -0.8488
vn -0.3912 -0.8459 -0.3626
vn 0.3881 -0.3743 -0.8422
vn 0.6309 0.0268 -0.7754
vn 0.6555 -0.0382 -0.7542
vn 0.7029 0.0551 -0.7092
vn 0.7518 0.2100 -0.6251
vn 0.6946 0.0106 -0.7193
vn 0.8003 0.2925 -0.5235
vn 0.6948 0.5454 -0.4687
vn 0.4841 -0.1743 -0.8575
vn 0.5593 0.6777 -0.4774
vn 0.7972 0.4437 -0.4094
vn 0.6560 0.6500 -0.3836
vn 0.7805 0.5585 -0.2808
vn 0.5827 0.7751 -0.2444
vn 0.6728 0.7357 -0.0779
vn 0.6930 0.7175 -0.0705
vn 0.7986 0.5189 -0.3049
vn 0.4797 0.8628 0.1596
vn 0.7599 0.5548 -0.3387
vn 0.0668 0.9394 0.3363
vn 0.6592 0.7454 -0.0991
vn 0.4184 0.9032 0.0960
vn -0.5756 0.8123 -0.0938
vn -0.1802 0.9508 -0.2520
vn 0.5615 0.8100 -0.1689
vn -0.7437 0.6035 -0.2877
vn -0.2257 0.7154 -0.6612
vn 0.6478 0.6459 -0.4039
vn -0.7653 0.3790 -0.5202
vn -0.7136 0.0895 -0.6948
vn 0.7048 0.4313 -0.5633
vn -0.4655 -0.0627 -0.8828
vn 0.6780 0.1618 -0.7170
vn 0.7985 0.3895 -0.4591
vn 0.7581 0.1112 -0.6426
vn -0.8680 0.3168 -0.3825
vn -0.8920 0.3234 -0.3159
vn -0.8183 0.4144 -0.3984
vn -0.8089 0.4503 -0.3780
vn 0.0437 0.9869 -0.1551
vn 0.1022 0.9726 -0.2087
vn 0.3465 0.9326 -0.1008
vn -0.7999 0.5200 -0.2996
vn 0.3315 0.9425 -0.0431
vn 0.8135 0.5582 0.1630
vn 0.8035 0.5605 0.2006
vn 0.7570 0.5614 0.3343
vn -0.0328 0.9982 0.0509
vn 0.2463 0.9560 0.1591
vn 0.1010 0.8747 0.4741
vn 0.6556 0.5200 0.5475
vn -0.8705 0.4538 -0.1907
vn -0.1806 0.9116 0.3694
vn -0.0554 0.6543 0.7542
vn 0.5497 0.3628 0.7525
vn -0.9142 0.3911 -0.1060
vn -0.9093 0.4152 0.0298
vn -0.3266 0.6947 0.6409
vn -0.9301 0.3459 0.1237
vn -0.8127 0.3117 0.4923
vn -0.4277 0.4502 0.7838
vn -0.9537 0.2315 0.1921
vn -0.8840 0.0811 0.4603
vn -0.1574 0.4169 0.8952
vn 0.4777 0.2119 0.8526
vn -0.4820 0.2322 0.8449
vn -0.9937 0.0272 0.1090
vn -0.9824 -0.1855 0.0220
vn -0.2180 0.1903 0.9572
vn 0.4250 0.0609 0.9031
vn 0.3875 -0.1730 0.9055
vn -0.5276 -0.0789 0.8458
vn -0.2632 -0.1210 0.9571
vn 0.3857 -0.4554 0.8024
vn -0.9930 -0.1024 0.0586
vn -0.5298 -0.4587 0.7134
vn -0.2636 -0.5038 0.8226
vn -0.2213 -0.7546 0.6177
vn 0.3963 -0.6385 0.6597
vn -0.4930 -0.7081 0.5055
vn -0.1757 -0.8729 0.4552
vn 0.4251 -0.7191 0.5497
vn -0.9749 -0.1760 -0.1365
vn -0.4512 -0.8235 0.3438
vn -0.1146 -0.9571 0.2662
vn 0.4846 -0.7708 0.4135
vn 0.6181 -0.7600 0.2008
vn 0.0102 -0.9998 -0.0173
vn -0.3927 -0.9048 0.1648
vn -0.2766 -0.9534 -0.1202
vn -0.8897 -0.2740 -0.3652
vn -0.9338 -0.2874 -0.2131
vn -0.9104 -0.3188 -0.2638
vn -0.9640 -0.2012 -0.1741
vn -0.1125 -0.9146 -0.3883
vn 0.3996 0.1081 -0.9103
vn 0.3004 0.0822 -0.9503
vn 0.3190 -0.3252 -0.8902
vn 0.2046 -0.3054 -0.9300
vn 0.5942 0.0871 -0.7996
vn 0.6944 0.1517 -0.7034
vn 0.2922 0.8694 -0.3984
vn 0.5449 -0.3587 -0.7579
vn 0.6661 0.1403 -0.7325
vn 0.3172 0.8402 -0.4399
vn 0.6904 -0.3460 -0.6353
vn 0.6043 0.1410 -0.7842
vn 0.3232 0.8399 -0.4360
vn 0.6490 0.1335 -0.7490
vn 0.3543 0.8420 -0.4068
vn 0.5593 -0.3619 -0.7458
vn 0.8563 0.1230 -0.5016
vn 0.4299 0.8430 -0.3232
vn 0.4875 0.8221 -0.2942
vn 0.5893 -0.3830 -0.7113
vn 0.4381 -0.7679 -0.4674
vn 0.3392 -0.7848 -0.5186
vn 0.4683 -0.7765 -0.4215
vn -0.1531 -0.9847 0.0834
vn -0.1871 -0.9776 0.0966
vn -0.1615 -0.9820 0.0980
vn 0.3716 -0.7976 -0.4751
vn -0.1672 -0.9763 0.1375
vn 0.3639 -0.7626 -0.5348
vn -0.1742 -0.9654 0.1942
vn 0.1621 -0.7362 -0.6571
vn -0.1442 -0.9678 0.2061
vn 0.0807 -0.7147 -0.6947
vn 0.5647 -0.7999 -0.2033
vn -0.0811 -0.9777 0.1936
vn -0.0260 -0.9817 0.1887
vn 0.8251 -0.3886 -0.4102
vn 0.6345 -0.7724 -0.0286
vn 0.9229 -0.3292 -0.1999
vn 0.3387 -0.9385 0.0670
vn -0.1106 -0.9698 0.2171
vn 0.8117 -0.5692 -0.1309
vn 0.9321 0.1730 -0.3181
vn 0.9265 -0.3104 -0.2128
vn 0.8035 0.4946 -0.3314
vn 0.4028 0.8730 -0.2750
vn 0.9596 -0.0529 -0.2762
vn 0.8865 -0.3268 -0.3276
vn 0.9211 -0.0021 -0.3892
vn 0.7429 0.5153 -0.4272
vn 0.3566 0.8765 -0.3235
vn 0.8591 -0.0252 -0.5112
vn 0.6525 0.4711 -0.5935
vn 0.2901 0.8397 -0.4590
vn 0.3949 0.6225 -0.6757
vn 0.7446 -0.0423 -0.6661
vn 0.6491 0.0091 -0.7607
vn 0.8140 -0.3485 -0.4648
vn 0.7229 -0.3572 -0.5914
vn 0.4877 0.0147 -0.8729
vn 0.2983 0.5672 -0.7676
vn 0.7330 -0.6383 -0.2354
vn 0.6698 -0.6370 -0.3816
vn 0.2925 -0.9557 -0.0334
vn -0.1660 -0.9697 0.1794
vn 0.2167 -0.9584 -0.1857
vn -0.1584 -0.9871 0.0230
vn 0.6038 -0.6074 -0.5162
vn 0.6179 -0.3472 -0.7055
vn 0.5062 -0.6115 -0.6081
vn 0.1172 -0.9269 -0.3567
vn -0.3625 -0.9306 -0.0503
vn 0.4561 -0.3351 -0.8244
vn 0.3386 -0.5397 -0.7707
vn -0.0227 -0.8461 -0.5326
vn -0.4819 -0.8505 -0.2108
vn -0.4336 -0.7416 -0.5119
vn 0.0389 -0.5453 -0.8373
vn -0.2976 -0.5245 -0.7977
vn 0.1111 -0.2946 -0.9491
vn -0.2054 -0.2083 -0.9563
vn -0.1025 0.2925 -0.9508
vn 0.2308 0.1007 -0.9678
vn -0.0209 0.6388 -0.7691
vn -0.3550 -0.7854 0.5072
vn 0.3095 -0.7505 0.5839
vn 0.2972 -0.7008 0.6485
vn -0.3395 -0.8444 0.4145
vn 0.2851 -0.5933 0.7528
vn -0.5262 -0.7385 0.4215
vn -0.4959 -0.8033 0.3298
vn -0.8314 -0.5524 0.0601
vn -0.3899 -0.6387 0.6633
vn -0.4129 -0.3981 0.8192
vn 0.2852 -0.4229 0.8601
vn -0.5672 -0.5952 0.5692
vn -0.9743 -0.2170 -0.0601
vn -0.9800 -0.1139 -0.1630
vn -0.9870 -0.1592 -0.0234
vn -0.9882 0.0334 -0.1496
vn -0.5895 -0.3510 0.7275
vn -0.9673 -0.1091 0.2291
vn -0.9763 0.1798 -0.1205
vn -0.3729 -0.0493 0.9265
vn 0.3062 -0.1698 0.9367
vn 0.3889 0.0362 0.9206
vn -0.5503 -0.0037 0.8350
vn -0.9675 0.1693 0.1877
vn -0.9612 0.2425 -0.1312
vn -0.9200 0.3609 0.1530
vn -0.2831 0.2673 0.9211
vn 0.4651 0.1683 0.8691
vn -0.4603 0.3128 0.8309
vn -0.8612 0.5006 0.0883
vn -0.9202 0.3679 -0.1339
vn -0.8922 0.4172 -0.1731
vn -0.3615 0.5390 0.7608
vn -0.1760 0.4892 0.8542
vn 0.5260 0.2788 0.8035
vn -0.8034 0.5954 -0.0090
vn -0.8487 0.4516 -0.2751
vn -0.2496 0.7248 0.6422
vn -0.0662 0.6712 0.7383
vn 0.6435 0.4124 0.6449
vn -0.7218 0.6813 -0.1215
vn -0.8055 0.4706 -0.3602
vn -0.0813 0.9052 0.4171
vn 0.1041 0.8547 0.5086
vn 0.7923 0.4772 0.3802
vn -0.5898 0.7533 -0.2909
vn -0.7695 0.4716 -0.4305
vn 0.1297 0.9898 0.0589
vn 0.3147 0.9358 0.1587
vn 0.4468 0.8868 -0.1181
vn 0.8765 0.4407 0.1939
vn 0.2553 0.9416 -0.2198
vn -0.5792 0.6716 -0.4621
vn -0.7587 0.4161 -0.5012
vn 0.5159 0.8079 -0.2847
vn 0.9153 0.3924 0.0908
vn 0.9534 0.3005 -0.0286
vn 0.5817 0.6513 -0.4873
vn -0.5507 0.6248 -0.5535
vn -0.4890 0.5682 -0.6619
vn 0.3244 0.8633 -0.3866
vn 0.3904 0.7035 -0.5939
vn -0.6855 -0.6704 -0.2839
vn -0.7955 -0.5879 -0.1466
vn -0.5611 -0.8039 -0.1971
vn -0.8751 -0.1469 -0.4612
vn -0.6629 -0.7487 0.0019
vn -0.9604 -0.1090 -0.2563
vn -0.6668 0.5262 -0.5278
vn -0.8343 -0.5249 0.1683
vn -0.6962 -0.6868 0.2088
vn -0.7113 -0.6645 0.2289
vn -0.7332 -0.6154 0.2893
vn -0.8790 -0.3553 0.3180
vn -0.9970 -0.0177 0.0760
vn -0.9583 0.0556 0.2805
vn -0.7539 0.5803 -0.3081
vn -0.5287 0.8178 -0.2272
vn -0.7872 0.6144 -0.0526
vn -0.8170 0.5554 0.1550
vn -0.5531 0.8246 -0.1191
vn 0.3581 0.9264 0.1160
vn -0.2969 0.9521 0.0727
vn 0.3444 0.9149 0.2107
vn 0.3367 0.8778 0.3408
vn -0.5313 0.8469 0.0190
vn -0.4931 0.8574 -0.1476
vn -0.9655 0.0957 -0.2420
vn -0.3368 0.8978 0.2838
vn 0.3121 0.7437 0.5912
vn -0.5631 0.7941 0.2287
vn -0.9802 0.0835 -0.1796
vn -0.9543 0.1063 -0.2793
vn -0.9956 -0.0041 -0.0936
vn -0.9891 0.1355 -0.0568
vn -0.9799 -0.1798 -0.0867
vn -0.5727 0.6048 0.5534
vn -0.9976 -0.0201 0.0656
vn -0.3477 0.7046 0.6186
vn 0.3234 0.5370 0.7791
vn -0.5197 0.3233 0.7909
vn -0.9732 -0.1505 0.1740
vn -0.9603 -0.2764 -0.0366
vn -0.2879 0.4217 0.8598
vn 0.3369 0.3850 0.8592
vn -0.4479 0.0817 0.8903
vn -0.9384 -0.2773 0.2060
vn -0.8692 -0.3937 -0.2992
vn -0.2234 0.1808 0.9578
vn 0.3364 0.2341 0.9122
vn -0.9050 -0.3979 0.1508
vn -0.8717 -0.3937 -0.2917
vn -0.1512 -0.0429 0.9876
vn 0.3970 -0.0037 0.9178
vn -0.3645 -0.1476 0.9194
vn -0.0351 -0.3372 0.9408
vn 0.5824 -0.2454 0.7750
vn -0.8418 -0.5215 0.1398
vn -0.8756 -0.4619 -0.1415
vn -0.2390 -0.4382 0.8665
vn 0.1492 -0.6360 0.7571
vn 0.7530 -0.3480 0.5585
vn -0.0669 -0.7403 0.6689
vn -0.7361 -0.6724 0.0777
vn -0.7986 -0.5924 -0.1059
vn 0.3001 -0.8034 0.5142
vn 0.8454 -0.3637 0.3911
vn 0.0637 -0.9006 0.4300
vn -0.6942 -0.7196 -0.0172
vn -0.8184 -0.5532 -0.1553
vn 0.3995 -0.8609 0.3151
vn 0.9185 -0.3362 0.2084
vn -0.6859 -0.7231 -0.0820
vn 0.1707 -0.9572 0.2336
vn 0.5125 -0.8558 0.0705
vn 0.9693 -0.2409 -0.0488
vn 0.6135 -0.7400 -0.2758
vn -0.6677 -0.7271 -0.1594
vn -0.7265 -0.6306 -0.2732
vn -0.6011 -0.7244 -0.3374
vn 0.2781 -0.9605 -0.0137
vn 0.3920 -0.8440 -0.3659
vn 0.4195 -0.4852 0.7672
vn 0.5163 -0.2521 0.8184
vn 0.4287 -0.4946 0.7560
vn 0.5160 -0.2455 0.8207
vn 0.4342 -0.4904 0.7557
vn 0.3834 0.2857 0.8783
vn 0.4287 -0.4947 0.7560
vn 0.4186 -0.5015 0.7571
vn 0.0400 0.6178 0.7853
vn 0.1228 -0.6529 0.7474
vn 0.0238 0.6227 0.7821
vn 0.1088 -0.6592 0.7440
vn -0.3573 0.6482 0.6725
vn -0.2934 -0.6366 0.7132
vn -0.2823 -0.6438 0.7112
vn -0.5918 0.5058 0.6277
vn -0.6666 -0.3386 0.6641
vn -0.5923 0.5006 0.6314
vn -0.6114 0.4859 0.6246
vn -0.7659 0.0107 0.6429
vn -0.6290 0.4485 0.6350
vn -0.2292 0.8991 0.3730
vn -0.6001 0.6540 0.4607
vn 0.2896 0.8532 0.4339
vn -0.5997 0.6507 0.4657
vn 0.3083 0.8432 0.4405
vn -0.7638 0.1506 0.6277
vn 0.5377 0.6798 0.4987
vn -0.6847 -0.0636 0.7261
vn 0.5492 0.6741 0.4940
vn 0.5525 0.6719 0.4933
vn -0.6623 -0.0967 0.7430
vn 0.5713 0.6381 0.5162
vn 0.5709 0.6382 0.5165
vn -0.6357 -0.1199 0.7626
vn 0.6457 0.3815 0.6615
vn -0.6356 -0.1200 0.7626
vn -0.3678 -0.2856 0.8849
vn 0.5225 0.0271 0.8522
vn 0.5198 0.0173 0.8541
vn 0.1013 -0.2444 0.9644
vt 0.322266 0.510010
vt 0.327881 0.509277
vt 0.319580 0.509277
vt 0.249390 0.510010
vt 0.253174 0.509277
vt 0.247559 0.509277
vt 0.272217 0.509277
vt 0.277344 0.510010
vt 0.277344 0.509277
vt 0.304932 0.509277
vt 0.298096 0.509277
vt 0.301025 0.510010
vt 0.291260 0.509277
vt 0.289062 0.510010
vt 0.217651 0.229492
vt 0.215454 0.220215
vt 0.208618 0.221680
vt 0.213623 0.207520
vt 0.205444 0.208496
vt 0.212280 0.196777
vt 0.204346 0.189941
vt 0.212158 0.183594
vt 0.204346 0.178223
vt 0.212280 0.173828
vt 0.204346 0.156738
vt 0.216064 0.158203
vt 0.215088 0.144043
vt 0.204346 0.143555
vt 0.214966 0.129395
vt 0.204346 0.128906
vt 0.204346 0.111816
vt 0.215332 0.108887
vt 0.204346 0.096191
vt 0.215698 0.086914
vt 0.204346 0.084961
vt 0.214722 0.074707
vt 0.204346 0.077148
vt 0.214478 0.062500
vt 0.204346 0.064453
vt 0.204712 0.059570
vt 0.214600 0.059082
vt 0.732910 0.618408
vt 0.743652 0.626465
vt 0.738281 0.635498
vt 0.722168 0.626465
vt 0.725098 0.643799
vt 0.713379 0.631836
vt 0.718750 0.647705
vt 0.708984 0.636230
vt 0.703125 0.636963
vt 0.709961 0.654297
vt 0.698242 0.642822
vt 0.702637 0.655762
vt 0.692871 0.647461
vt 0.893066 0.511963
vt 0.887695 0.503662
vt 0.894043 0.501709
vt 0.883301 0.495605
vt 0.894043 0.493164
vt 0.893555 0.481934
vt 0.878418 0.486328
vt 0.873535 0.477051
vt 0.892090 0.470215
vt 0.870117 0.468262
vt 0.890625 0.459473
vt 0.866699 0.458496
vt 0.887695 0.448242
vt 0.864258 0.448242
vt 0.883789 0.437012
vt 0.861816 0.441895
vt 0.878418 0.425293
vt 0.859375 0.438965
vt 0.873047 0.416016
vt 0.865234 0.405762
vt 0.855957 0.413086
vt 0.847656 0.421875
vt 0.856934 0.441406
vt 0.840332 0.429688
vt 0.854492 0.447266
vt 0.834473 0.437988
vt 0.850098 0.454590
vt 0.828125 0.447266
vt 0.845215 0.463867
vt 0.822266 0.457520
vt 0.840332 0.471680
vt 0.817871 0.468262
vt 0.833496 0.480469
vt 0.814453 0.479004
vt 0.827148 0.487305
vt 0.812012 0.487305
vt 0.820801 0.493164
vt 0.810059 0.495117
vt 0.814941 0.499023
vt 0.808594 0.504150
vt 0.859375 0.442871
vt 0.856934 0.448242
vt 0.852539 0.456055
vt 0.847656 0.465332
vt 0.842773 0.473633
vt 0.835938 0.482422
vt 0.829102 0.489258
vt 0.822754 0.495605
vt 0.816895 0.500977
vt 0.805664 0.509521
vt 0.569336 0.813599
vt 0.562500 0.802368
vt 0.573730 0.807983
vt 0.564941 0.795532
vt 0.576660 0.802612
vt 0.578125 0.798096
vt 0.579102 0.793579
vt 0.567383 0.787964
vt 0.579102 0.786377
vt 0.570801 0.778198
vt 0.578613 0.778076
vt 0.577637 0.765991
vt 0.595703 0.777588
vt 0.596191 0.766357
vt 0.601074 0.776855
vt 0.594727 0.786377
vt 0.604492 0.786743
vt 0.594727 0.794189
vt 0.607422 0.795410
vt 0.595215 0.798706
vt 0.596680 0.802490
vt 0.609375 0.803589
vt 0.599121 0.808960
vt 0.603027 0.814331
vt 0.618652 0.701416
vt 0.610352 0.688232
vt 0.624512 0.691895
vt 0.614258 0.678467
vt 0.627930 0.685547
vt 0.630371 0.679688
vt 0.630859 0.675293
vt 0.617676 0.667236
vt 0.631348 0.666992
vt 0.623047 0.654541
vt 0.629395 0.657715
vt 0.626953 0.645264
vt 0.561523 0.745850
vt 0.554199 0.732666
vt 0.567383 0.735840
vt 0.556152 0.724609
vt 0.570312 0.729492
vt 0.571777 0.724121
vt 0.572266 0.719482
vt 0.560059 0.713135
vt 0.571777 0.711182
vt 0.568359 0.697754
vt 0.572266 0.701172
vt 0.572266 0.689209
vt 0.311768 0.510010
vt 0.311768 0.509277
vt 0.311523 0.512451
vt 0.322266 0.512451
vt 0.310547 0.529053
vt 0.320068 0.528809
vt 0.317627 0.554443
vt 0.327148 0.528320
vt 0.327881 0.512451
vt 0.333496 0.553711
vt 0.333496 0.527832
vt 0.333496 0.578125
vt 0.333496 0.512451
vt 0.315918 0.580566
vt 0.333496 0.606934
vt 0.315918 0.608643
vt 0.333496 0.636475
vt 0.315918 0.637451
vt 0.333496 0.663086
vt 0.315430 0.663330
vt 0.333496 0.680420
vt 0.315186 0.679932
vt 0.333496 0.688232
vt 0.315186 0.688721
vt 0.297119 0.681641
vt 0.333496 0.697754
vt 0.297363 0.690430
vt 0.314941 0.698486
vt 0.333496 0.708008
vt 0.296875 0.698975
vt 0.315430 0.709473
vt 0.333496 0.731445
vt 0.297119 0.711426
vt 0.314697 0.732666
vt 0.333496 0.754517
vt 0.296631 0.734375
vt 0.276855 0.714355
vt 0.276611 0.737793
vt 0.314453 0.755737
vt 0.333496 0.781616
vt 0.295898 0.757568
vt 0.276611 0.760986
vt 0.314941 0.783203
vt 0.333496 0.811035
vt 0.295654 0.784424
vt 0.276123 0.786255
vt 0.315918 0.812622
vt 0.333496 0.841675
vt 0.296387 0.812988
vt 0.276611 0.813965
vt 0.278076 0.841797
vt 0.316162 0.844238
vt 0.297363 0.841675
vt 0.279297 0.864380
vt 0.333496 0.870605
vt 0.297363 0.867188
vt 0.279541 0.880127
vt 0.315918 0.878906
vt 0.325195 0.899170
vt 0.333496 0.888977
vt 0.295654 0.884216
vt 0.278564 0.890930
vt 0.294189 0.893494
vt 0.307861 0.894287
vt 0.317627 0.909363
vt 0.303467 0.903687
vt 0.312744 0.916626
vt 0.591309 0.482910
vt 0.588379 0.472168
vt 0.591309 0.472168
vt 0.588379 0.482910
vt 0.573242 0.472168
vt 0.573242 0.482910
vt 0.569336 0.482910
vt 0.569336 0.472168
vt 0.566406 0.472168
vt 0.520020 0.478027
vt 0.517578 0.467285
vt 0.520020 0.467285
vt 0.517578 0.478027
vt 0.503906 0.467285
vt 0.503906 0.478027
vt 0.500488 0.478027
vt 0.500488 0.467285
vt 0.498779 0.467285
vt 0.556152 0.257812
vt 0.550293 0.247070
vt 0.556152 0.247070
vt 0.550293 0.257812
vt 0.547363 0.247070
vt 0.547363 0.257812
vt 0.534668 0.257812
vt 0.534668 0.247070
vt 0.531738 0.257812
vt 0.531738 0.247070
vt 0.861328 0.449219
vt 0.864258 0.459473
vt 0.854980 0.470703
vt 0.867676 0.469238
vt 0.859375 0.475586
vt 0.871094 0.478027
vt 0.849609 0.479980
vt 0.863281 0.484863
vt 0.875977 0.487793
vt 0.844238 0.487793
vt 0.868164 0.496582
vt 0.880859 0.497070
vt 0.853027 0.500000
vt 0.836426 0.497070
vt 0.874512 0.506592
vt 0.885254 0.505127
vt 0.827637 0.505371
vt 0.841797 0.511719
vt 0.859375 0.510010
vt 0.815430 0.515869
vt 0.829102 0.520508
vt 0.847168 0.524902
vt 0.867676 0.518311
vt 0.859375 0.529785
vt 0.883789 0.518066
vt 0.894531 0.518799
vt 0.868652 0.536865
vt 0.877930 0.528320
vt 0.883789 0.534180
vt 0.899902 0.531494
vt 0.857422 0.539062
vt 0.868164 0.540283
vt 0.857422 0.542480
vt 0.844727 0.541748
vt 0.844727 0.544922
vt 0.831055 0.531738
vt 0.832520 0.547363
vt 0.815430 0.526367
vt 0.832031 0.544434
vt 0.815918 0.536865
vt 0.800293 0.522461
vt 0.801758 0.529541
vt 0.795898 0.506348
vt 0.807129 0.494629
vt 0.793945 0.527100
vt 0.795898 0.493164
vt 0.809082 0.486816
vt 0.787598 0.511963
vt 0.783691 0.497070
vt 0.798828 0.478516
vt 0.811523 0.477539
vt 0.784668 0.475586
vt 0.803223 0.466309
vt 0.814941 0.467285
vt 0.809082 0.452637
vt 0.819824 0.456055
vt 0.791992 0.458496
vt 0.815918 0.440430
vt 0.825684 0.445801
vt 0.832031 0.436035
vt 0.799316 0.444824
vt 0.772949 0.463379
vt 0.781250 0.448242
vt 0.764160 0.479492
vt 0.762207 0.451660
vt 0.769043 0.500000
vt 0.749512 0.465820
vt 0.742676 0.493164
vt 0.775391 0.517578
vt 0.751953 0.509277
vt 0.731934 0.478516
vt 0.784668 0.535889
vt 0.723145 0.505615
vt 0.800293 0.541016
vt 0.760254 0.524658
vt 0.768555 0.540039
vt 0.734375 0.520020
vt 0.744629 0.532959
vt 0.775391 0.557617
vt 0.756836 0.547852
vt 0.742188 0.535400
vt 0.787598 0.554443
vt 0.753906 0.549072
vt 0.796387 0.551758
vt 0.764160 0.560547
vt 0.805664 0.549805
vt 0.767578 0.559326
vt 0.816895 0.547363
vt 0.768066 0.562744
vt 0.817383 0.550049
vt 0.806152 0.552734
vt 0.797363 0.554688
vt 0.818848 0.554688
vt 0.788574 0.556885
vt 0.807129 0.556885
vt 0.798340 0.559082
vt 0.776367 0.560059
vt 0.789551 0.561035
vt 0.777344 0.564453
vt 0.770508 0.566406
vt 0.779297 0.572998
vt 0.791992 0.570557
vt 0.761719 0.565186
vt 0.800781 0.568115
vt 0.792480 0.573486
vt 0.791504 0.574707
vt 0.802246 0.571289
vt 0.779785 0.576172
vt 0.765625 0.580322
vt 0.811523 0.565430
vt 0.813477 0.569092
vt 0.822266 0.562988
vt 0.823730 0.567383
vt 0.764648 0.577148
vt 0.755371 0.584717
vt 0.763184 0.569092
vt 0.754395 0.581543
vt 0.745117 0.588867
vt 0.751465 0.569092
vt 0.743164 0.586182
vt 0.731934 0.593994
vt 0.752930 0.572754
vt 0.730957 0.591064
vt 0.721680 0.598389
vt 0.741211 0.577148
vt 0.718750 0.596191
vt 0.708008 0.605225
vt 0.728516 0.581787
vt 0.740234 0.572754
vt 0.705566 0.602295
vt 0.699219 0.611328
vt 0.715332 0.586670
vt 0.728027 0.577637
vt 0.695801 0.609375
vt 0.689453 0.620117
vt 0.701172 0.593506
vt 0.714355 0.582520
vt 0.699707 0.588623
vt 0.688477 0.601807
vt 0.685547 0.618164
vt 0.679199 0.632080
vt 0.686523 0.598389
vt 0.678223 0.611572
vt 0.675781 0.630615
vt 0.672852 0.646729
vt 0.669434 0.646484
vt 0.658691 0.639648
vt 0.667480 0.624268
vt 0.663574 0.622070
vt 0.655273 0.637207
vt 0.675293 0.608398
vt 0.660156 0.620117
vt 0.651855 0.635254
vt 0.640137 0.626465
vt 0.672363 0.606445
vt 0.683105 0.596680
vt 0.649902 0.612305
vt 0.627930 0.615723
vt 0.659668 0.602539
vt 0.636230 0.603027
vt 0.614746 0.604980
vt 0.670898 0.594238
vt 0.623047 0.593506
vt 0.607910 0.599854
vt 0.645508 0.593262
vt 0.614746 0.586914
vt 0.599121 0.589600
vt 0.631836 0.583008
vt 0.659668 0.596191
vt 0.649414 0.588867
vt 0.604492 0.577148
vt 0.586914 0.576904
vt 0.622070 0.575439
vt 0.592285 0.565918
vt 0.576172 0.565674
vt 0.610840 0.565430
vt 0.636230 0.578857
vt 0.583008 0.557129
vt 0.568359 0.554932
vt 0.598145 0.553467
vt 0.575684 0.548340
vt 0.560547 0.544678
vt 0.568359 0.539307
vt 0.591797 0.547119
vt 0.583496 0.539307
vt 0.577148 0.531738
vt 0.590820 0.531738
vt 0.584473 0.524414
vt 0.589844 0.517578
vt 0.597168 0.524170
vt 0.594727 0.509277
vt 0.598633 0.538330
vt 0.604980 0.543701
vt 0.604492 0.530518
vt 0.604004 0.515625
vt 0.604980 0.553955
vt 0.610840 0.535400
vt 0.613770 0.561035
vt 0.614746 0.540527
vt 0.625488 0.570312
vt 0.623047 0.549805
vt 0.632812 0.560303
vt 0.626465 0.526611
vt 0.644043 0.570801
vt 0.635254 0.537354
vt 0.644531 0.549072
vt 0.656250 0.581543
vt 0.654785 0.560303
vt 0.666504 0.590332
vt 0.664551 0.571777
vt 0.653809 0.538818
vt 0.664551 0.552002
vt 0.675293 0.583740
vt 0.672852 0.563477
vt 0.681152 0.585693
vt 0.682129 0.577637
vt 0.678711 0.560547
vt 0.689941 0.577881
vt 0.697754 0.586426
vt 0.712402 0.580322
vt 0.703125 0.562744
vt 0.726562 0.575439
vt 0.709961 0.574463
vt 0.739258 0.570801
vt 0.731445 0.562256
vt 0.750488 0.566650
vt 0.750488 0.552490
vt 0.760254 0.563232
vt 0.738281 0.538574
vt 0.721191 0.550049
vt 0.728027 0.525879
vt 0.710938 0.536865
vt 0.694336 0.549072
vt 0.704590 0.527588
vt 0.687500 0.538086
vt 0.731934 0.522949
vt 0.715820 0.510742
vt 0.720703 0.508301
vt 0.699219 0.519775
vt 0.704590 0.495117
vt 0.694336 0.512695
vt 0.679199 0.526611
vt 0.669922 0.547607
vt 0.660645 0.532959
vt 0.672363 0.515625
vt 0.644531 0.525879
vt 0.650879 0.517822
vt 0.636719 0.514404
vt 0.687500 0.499023
vt 0.665039 0.503174
vt 0.640625 0.501953
vt 0.623535 0.519287
vt 0.616699 0.527832
vt 0.611328 0.522705
vt 0.620605 0.511719
vt 0.618164 0.500488
vt 0.638184 0.498047
vt 0.662598 0.493652
vt 0.620117 0.496582
vt 0.639648 0.494141
vt 0.608398 0.495605
vt 0.662598 0.489746
vt 0.605957 0.500244
vt 0.599121 0.498535
vt 0.600586 0.494141
vt 0.682617 0.487305
vt 0.682617 0.483398
vt 0.694824 0.481445
vt 0.693848 0.478027
vt 0.708984 0.492188
vt 0.699707 0.478516
vt 0.697754 0.475098
vt 0.711426 0.489746
vt 0.703125 0.475586
vt 0.722168 0.466309
vt 0.699707 0.467773
vt 0.696289 0.469727
vt 0.738770 0.453613
vt 0.695312 0.457520
vt 0.692383 0.459961
vt 0.714844 0.456055
vt 0.729980 0.443848
vt 0.751953 0.438965
vt 0.771484 0.437500
vt 0.742676 0.429688
vt 0.790527 0.434082
vt 0.761719 0.426270
vt 0.781250 0.421875
vt 0.806641 0.431152
vt 0.794922 0.416504
vt 0.816406 0.426270
vt 0.801270 0.423828
vt 0.813477 0.424316
vt 0.808594 0.418457
vt 0.803223 0.411133
vt 0.802246 0.408203
vt 0.822754 0.430176
vt 0.820312 0.427246
vt 0.790039 0.405762
vt 0.802734 0.403809
vt 0.827637 0.423828
vt 0.825684 0.422852
vt 0.837891 0.427734
vt 0.826172 0.417969
vt 0.836914 0.412109
vt 0.845215 0.419922
vt 0.824219 0.415039
vt 0.854004 0.411133
vt 0.832520 0.398438
vt 0.819824 0.409180
vt 0.848633 0.399414
vt 0.865723 0.401855
vt 0.815918 0.392090
vt 0.814453 0.402832
vt 0.811523 0.401367
vt 0.807129 0.400879
vt 0.832520 0.384277
vt 0.849609 0.381836
vt 0.818848 0.380859
vt 0.860352 0.390137
vt 0.860840 0.377930
vt 0.802734 0.388672
vt 0.807129 0.376465
vt 0.869629 0.386719
vt 0.871582 0.375488
vt 0.881836 0.387207
vt 0.877930 0.395996
vt 0.875488 0.414551
vt 0.892578 0.395020
vt 0.884766 0.408203
vt 0.880859 0.423828
vt 0.888672 0.402832
vt 0.903809 0.401367
vt 0.891113 0.420898
vt 0.886230 0.435547
vt 0.897949 0.410156
vt 0.899414 0.436035
vt 0.890137 0.447266
vt 0.900391 0.432129
vt 0.901367 0.439453
vt 0.896973 0.420410
vt 0.902832 0.429688
vt 0.904785 0.455566
vt 0.893066 0.458984
vt 0.904785 0.441406
vt 0.895020 0.469727
vt 0.904785 0.416016
vt 0.910156 0.425293
vt 0.916992 0.422363
vt 0.912598 0.412109
vt 0.916504 0.403320
vt 0.921875 0.411621
vt 0.919922 0.421875
vt 0.930176 0.403320
vt 0.923340 0.422852
vt 0.930664 0.415527
vt 0.941895 0.396484
vt 0.943359 0.403809
vt 0.925781 0.428223
vt 0.945312 0.408203
vt 0.937988 0.427734
vt 0.950195 0.413086
vt 0.936035 0.437012
vt 0.924316 0.431641
vt 0.948730 0.428711
vt 0.957031 0.420898
vt 0.922363 0.433594
vt 0.957520 0.439453
vt 0.969727 0.428223
vt 0.945801 0.446289
vt 0.930664 0.444336
vt 0.969238 0.444824
vt 0.979004 0.432129
vt 0.956543 0.462891
vt 0.937012 0.455566
vt 0.921387 0.448730
vt 0.916016 0.437012
vt 0.907715 0.441406
vt 0.912598 0.452637
vt 0.917969 0.464355
vt 0.927734 0.461426
vt 0.943848 0.472168
vt 0.932617 0.477539
vt 0.907715 0.469238
vt 0.896484 0.481445
vt 0.921387 0.480957
vt 0.909180 0.482422
vt 0.896973 0.493164
vt 0.935547 0.495117
vt 0.909668 0.496582
vt 0.896973 0.501953
vt 0.922363 0.497070
vt 0.907715 0.511475
vt 0.921387 0.512695
vt 0.936035 0.512939
vt 0.919434 0.528809
vt 0.936035 0.526855
vt 0.950195 0.511963
vt 0.952148 0.526123
vt 0.948242 0.491211
vt 0.962891 0.508545
vt 0.962891 0.484863
vt 0.965820 0.526855
vt 0.971680 0.509277
vt 0.968262 0.465332
vt 0.976074 0.492676
vt 0.970703 0.526855
vt 0.976074 0.509766
vt 0.968262 0.531006
vt 0.980469 0.493164
vt 0.964355 0.531494
vt 0.980957 0.467285
vt 0.984863 0.467773
vt 0.982422 0.450684
vt 0.986328 0.449707
vt 0.983887 0.432617
vt 0.950684 0.530762
vt 0.963867 0.535645
vt 0.968262 0.535400
vt 0.963867 0.556396
vt 0.951172 0.535156
vt 0.958984 0.556152
vt 0.956055 0.580078
vt 0.936035 0.535400
vt 0.935059 0.531250
vt 0.946777 0.553467
vt 0.918457 0.532715
vt 0.918945 0.537598
vt 0.933594 0.551758
vt 0.951660 0.579102
vt 0.939453 0.574219
vt 0.945312 0.597412
vt 0.950195 0.599609
vt 0.934082 0.590088
vt 0.939941 0.609375
vt 0.942383 0.614258
vt 0.937012 0.612793
vt 0.928223 0.603760
vt 0.925781 0.607178
vt 0.915039 0.601562
vt 0.916992 0.597168
vt 0.902832 0.594238
vt 0.921875 0.582275
vt 0.905762 0.590820
vt 0.928711 0.567871
vt 0.910156 0.574219
vt 0.892578 0.584473
vt 0.891602 0.588623
vt 0.880371 0.584473
vt 0.916016 0.551025
vt 0.880371 0.580078
vt 0.878418 0.583252
vt 0.897949 0.567871
vt 0.900391 0.552979
vt 0.900879 0.539795
vt 0.884277 0.562500
vt 0.899414 0.535400
vt 0.883789 0.542480
vt 0.883301 0.537842
vt 0.884277 0.554688
vt 0.869629 0.544922
vt 0.871094 0.556396
vt 0.858887 0.546631
vt 0.869141 0.575928
vt 0.868164 0.579346
vt 0.856934 0.574951
vt 0.860352 0.558105
vt 0.846680 0.549316
vt 0.857422 0.571045
vt 0.846191 0.570312
vt 0.846680 0.559570
vt 0.845703 0.565918
vt 0.834473 0.566650
vt 0.834473 0.561768
vt 0.833984 0.551758
vt 0.902832 0.433594
vt 0.903320 0.437500
vt 0.902344 0.436035
vt 0.905273 0.438477
vt 0.904297 0.432129
vt 0.907227 0.438477
vt 0.914551 0.434570
vt 0.911621 0.428223
vt 0.920898 0.431641
vt 0.917969 0.424805
vt 0.921875 0.430176
vt 0.919434 0.424805
vt 0.922852 0.427734
vt 0.921875 0.424805
vt 0.843750 0.298340
vt 0.853027 0.289551
vt 0.853027 0.298340
vt 0.843750 0.289551
vt 0.834961 0.298340
vt 0.834961 0.289551
vt 0.647949 0.644531
vt 0.655273 0.655273
vt 0.647949 0.656738
vt 0.647461 0.666504
vt 0.659668 0.665283
vt 0.647949 0.675049
vt 0.663086 0.675781
vt 0.649414 0.680176
vt 0.651367 0.684570
vt 0.665039 0.685791
vt 0.654785 0.691895
vt 0.659180 0.700195
vt 0.601562 0.638184
vt 0.594238 0.650635
vt 0.588867 0.643066
vt 0.586426 0.637451
vt 0.599609 0.627930
vt 0.583496 0.631104
vt 0.595215 0.617676
vt 0.582520 0.625977
vt 0.582031 0.616943
vt 0.589355 0.604492
vt 0.583008 0.605957
vt 0.583496 0.592529
vt 0.543945 0.638428
vt 0.556152 0.643311
vt 0.552734 0.651611
vt 0.558594 0.637451
vt 0.545410 0.628174
vt 0.560547 0.631592
vt 0.561035 0.625977
vt 0.549316 0.615723
vt 0.560547 0.616943
vt 0.555176 0.603760
vt 0.561523 0.604736
vt 0.563477 0.592285
vt 0.591797 0.689453
vt 0.597168 0.699707
vt 0.588867 0.701904
vt 0.588867 0.710693
vt 0.602051 0.710205
vt 0.589844 0.718994
vt 0.605469 0.718994
vt 0.591309 0.724121
vt 0.593262 0.728516
vt 0.606445 0.729004
vt 0.597168 0.735107
vt 0.603027 0.742188
vt 0.300781 0.512451
vt 0.288574 0.512451
vt 0.299316 0.529297
vt 0.287842 0.530029
vt 0.296875 0.555420
vt 0.276855 0.530518
vt 0.296387 0.582275
vt 0.276367 0.556396
vt 0.276367 0.583740
vt 0.296631 0.610352
vt 0.276367 0.612061
vt 0.297363 0.639404
vt 0.277100 0.640869
vt 0.297607 0.665283
vt 0.278320 0.666992
vt 0.278320 0.691406
vt 0.254639 0.642822
vt 0.254639 0.668945
vt 0.254639 0.693359
vt 0.254150 0.717773
vt 0.234009 0.670654
vt 0.253906 0.742432
vt 0.234985 0.694824
vt 0.234497 0.719238
vt 0.254639 0.766113
vt 0.255615 0.789429
vt 0.234619 0.768066
vt 0.257080 0.816406
vt 0.235474 0.791626
vt 0.259277 0.844360
vt 0.236938 0.818848
vt 0.262207 0.866089
vt 0.239868 0.848022
vt 0.265381 0.880981
vt 0.267334 0.891235
vt 0.243652 0.871338
vt 0.250488 0.886047
vt 0.255371 0.894104
vt 0.218384 0.851685
vt 0.222656 0.883911
vt 0.239258 0.899536
vt 0.247437 0.906799
vt 0.242188 0.923523
vt 0.230713 0.917297
vt 0.235352 0.944702
vt 0.214722 0.906555
vt 0.221924 0.936157
vt 0.211304 0.954956
vt 0.223877 0.967072
vt 0.195679 0.967773
vt 0.206299 0.984459
vt 0.198486 0.943878
vt 0.208008 0.926758
vt 0.185425 0.953461
vt 0.176025 0.975708
vt 0.183716 0.993404
vt 0.155396 0.993034
vt 0.186768 0.931030
vt 0.154175 0.977280
vt 0.169189 0.958649
vt 0.176025 0.938568
vt 0.193115 0.917297
vt 0.178101 0.920959
vt 0.163452 0.943207
vt 0.196899 0.899658
vt 0.168823 0.924988
vt 0.179199 0.910767
vt 0.164185 0.911560
vt 0.160767 0.927124
vt 0.151855 0.960754
vt 0.150635 0.944275
vt 0.132935 0.973358
vt 0.130981 0.988220
vt 0.108521 0.976196
vt 0.134521 0.958374
vt 0.113953 0.964203
vt 0.092224 0.960754
vt 0.136841 0.942596
vt 0.098999 0.950500
vt 0.078125 0.946198
vt 0.118286 0.951660
vt 0.085999 0.936768
vt 0.066711 0.931152
vt 0.074524 0.924744
vt 0.104675 0.940582
vt 0.094421 0.926392
vt 0.086182 0.912170
vt 0.100464 0.894531
vt 0.123718 0.937683
vt 0.113098 0.928589
vt 0.105957 0.914917
vt 0.115906 0.890686
vt 0.100342 0.867676
vt 0.119141 0.921082
vt 0.117004 0.871094
vt 0.100342 0.839600
vt 0.117981 0.909607
vt 0.132568 0.890198
vt 0.117249 0.838867
vt 0.100342 0.810425
vt 0.132935 0.911194
vt 0.128784 0.924683
vt 0.137817 0.926880
vt 0.149414 0.927368
vt 0.148682 0.910156
vt 0.148804 0.890015
vt 0.164551 0.891785
vt 0.149536 0.869629
vt 0.180420 0.894287
vt 0.165405 0.871216
vt 0.181152 0.874634
vt 0.199097 0.879761
vt 0.198486 0.848267
vt 0.181885 0.843506
vt 0.216431 0.819946
vt 0.198364 0.817383
vt 0.215820 0.791870
vt 0.182129 0.813721
vt 0.215332 0.768188
vt 0.166382 0.840088
vt 0.198242 0.789307
vt 0.181763 0.786255
vt 0.166626 0.810913
vt 0.150757 0.838257
vt 0.133667 0.869629
vt 0.134521 0.838135
vt 0.150391 0.809692
vt 0.117249 0.810547
vt 0.100342 0.782715
vt 0.134033 0.809692
vt 0.116638 0.782715
vt 0.100342 0.756470
vt 0.149292 0.781982
vt 0.116516 0.755615
vt 0.100342 0.733398
vt 0.132812 0.781860
vt 0.116089 0.731689
vt 0.100342 0.709229
vt 0.131958 0.754883
vt 0.115601 0.707275
vt 0.100342 0.697266
vt 0.130859 0.731201
vt 0.129639 0.707275
vt 0.115295 0.695557
vt 0.129517 0.695068
vt 0.114563 0.685303
vt 0.100342 0.685547
vt 0.128906 0.686035
vt 0.114685 0.677246
vt 0.100342 0.675537
vt 0.129150 0.677979
vt 0.115234 0.660400
vt 0.100342 0.656738
vt 0.129517 0.660889
vt 0.115723 0.634277
vt 0.100342 0.629883
vt 0.130249 0.635254
vt 0.116028 0.604248
vt 0.100342 0.600586
vt 0.131226 0.606201
vt 0.146240 0.636719
vt 0.116089 0.577148
vt 0.100342 0.574951
vt 0.100342 0.553711
vt 0.144531 0.662354
vt 0.147583 0.607666
vt 0.143433 0.679199
vt 0.164062 0.637939
vt 0.142944 0.687256
vt 0.163086 0.664795
vt 0.143433 0.694580
vt 0.162476 0.688721
vt 0.144043 0.708984
vt 0.146362 0.732422
vt 0.162598 0.710938
vt 0.148315 0.755981
vt 0.163452 0.734375
vt 0.164673 0.758179
vt 0.165771 0.783691
vt 0.180908 0.761108
vt 0.179688 0.737305
vt 0.197632 0.765015
vt 0.178833 0.713623
vt 0.197632 0.741211
vt 0.215210 0.744141
vt 0.234375 0.743896
vt 0.215576 0.719482
vt 0.197998 0.717285
vt 0.216553 0.694580
vt 0.198730 0.693115
vt 0.178833 0.690430
vt 0.199829 0.670166
vt 0.217407 0.670166
vt 0.179932 0.666992
vt 0.217896 0.642822
vt 0.200439 0.641357
vt 0.181763 0.639404
vt 0.232300 0.643555
vt 0.218628 0.613281
vt 0.233643 0.613525
vt 0.201416 0.612061
vt 0.220093 0.584229
vt 0.254883 0.613037
vt 0.236572 0.584717
vt 0.255859 0.584717
vt 0.220825 0.557129
vt 0.256592 0.557373
vt 0.237305 0.557373
vt 0.266602 0.530518
vt 0.247437 0.531250
vt 0.277100 0.512451
vt 0.256836 0.531006
vt 0.283203 0.509277
vt 0.267090 0.510010
vt 0.267334 0.509277
vt 0.261475 0.509277
vt 0.267090 0.512451
vt 0.256836 0.510010
vt 0.256836 0.509277
vt 0.256836 0.512451
vt 0.249146 0.512451
vt 0.241455 0.510010
vt 0.241577 0.509277
vt 0.235718 0.509277
vt 0.240967 0.512451
vt 0.233643 0.510010
vt 0.229736 0.509277
vt 0.238159 0.531250
vt 0.233276 0.512451
vt 0.225830 0.510010
vt 0.223755 0.509277
vt 0.229736 0.531006
vt 0.225586 0.512451
vt 0.222778 0.531006
vt 0.214233 0.530762
vt 0.216919 0.512451
vt 0.217285 0.510010
vt 0.217285 0.509277
vt 0.213013 0.509277
vt 0.205322 0.530762
vt 0.208618 0.510010
vt 0.208740 0.509277
vt 0.208252 0.512451
vt 0.202637 0.509277
vt 0.203613 0.556152
vt 0.196533 0.510010
vt 0.193604 0.509277
vt 0.184448 0.509277
vt 0.196411 0.512451
vt 0.184448 0.510010
vt 0.177856 0.509277
vt 0.195068 0.530518
vt 0.184448 0.512451
vt 0.171265 0.510010
vt 0.171265 0.509277
vt 0.164673 0.509277
vt 0.184326 0.530273
vt 0.158203 0.510010
vt 0.158081 0.509277
vt 0.151489 0.509277
vt 0.171509 0.512451
vt 0.149414 0.510010
vt 0.145020 0.509277
vt 0.158569 0.512451
vt 0.173706 0.530029
vt 0.184448 0.555420
vt 0.163330 0.529785
vt 0.164917 0.554443
vt 0.184082 0.581787
vt 0.149780 0.512451
vt 0.153198 0.529785
vt 0.202637 0.583496
vt 0.183350 0.610596
vt 0.165527 0.580566
vt 0.165283 0.608643
vt 0.146973 0.579590
vt 0.143921 0.553711
vt 0.131348 0.578613
vt 0.142578 0.529541
vt 0.129883 0.553467
vt 0.135742 0.529297
vt 0.140991 0.512451
vt 0.128906 0.529053
vt 0.140625 0.510010
vt 0.140625 0.509277
vt 0.136353 0.509277
vt 0.134033 0.512451
vt 0.134399 0.510010
vt 0.133789 0.509277
vt 0.127197 0.512451
vt 0.126953 0.510010
vt 0.126953 0.509277
vt 0.121826 0.528809
vt 0.119690 0.512451
vt 0.119263 0.510010
vt 0.121094 0.509277
vt 0.115234 0.509277
vt 0.114685 0.528564
vt 0.111450 0.510010
vt 0.111328 0.509277
vt 0.112122 0.512451
vt 0.105896 0.510010
vt 0.106934 0.509277
vt 0.103088 0.509277
vt 0.100342 0.510010
vt 0.100342 0.509277
vt 0.106262 0.512451
vt 0.100342 0.512451
vt 0.107483 0.527832
vt 0.100342 0.527832
vt 0.115173 0.553223
vt 0.551270 0.825562
vt 0.558594 0.832031
vt 0.533691 0.832031
vt 0.545410 0.816895
vt 0.527832 0.823364
vt 0.541992 0.810425
vt 0.507324 0.832031
vt 0.524414 0.814697
vt 0.541992 0.802124
vt 0.508301 0.817505
vt 0.500488 0.832031
vt 0.500488 0.819092
vt 0.524414 0.804932
vt 0.541016 0.791870
vt 0.510742 0.804688
vt 0.500488 0.804077
vt 0.525391 0.795532
vt 0.541016 0.785400
vt 0.500488 0.790405
vt 0.524902 0.789307
vt 0.540039 0.776489
vt 0.513672 0.791992
vt 0.512207 0.779053
vt 0.500488 0.777832
vt 0.523926 0.780029
vt 0.538086 0.770020
vt 0.512207 0.767212
vt 0.523926 0.769897
vt 0.535645 0.757935
vt 0.500488 0.765503
vt 0.523438 0.759033
vt 0.534180 0.745117
vt 0.513184 0.754395
vt 0.500488 0.753052
vt 0.522461 0.750610
vt 0.531250 0.735840
vt 0.510254 0.740479
vt 0.500488 0.740479
vt 0.520508 0.738770
vt 0.509277 0.728760
vt 0.500488 0.728760
vt 0.519531 0.728271
vt 0.528809 0.727295
vt 0.509277 0.718018
vt 0.500488 0.717773
vt 0.519043 0.718750
vt 0.528320 0.720703
vt 0.509766 0.707764
vt 0.500488 0.707275
vt 0.500488 0.696533
vt 0.519531 0.708984
vt 0.527832 0.711426
vt 0.510742 0.696777
vt 0.500488 0.685059
vt 0.520996 0.698486
vt 0.530273 0.700684
vt 0.511719 0.685303
vt 0.500488 0.673096
vt 0.523926 0.686035
vt 0.539551 0.689453
vt 0.512695 0.673096
vt 0.525391 0.671631
vt 0.540527 0.671875
vt 0.551758 0.680908
vt 0.525391 0.659180
vt 0.512207 0.660645
vt 0.500488 0.661133
vt 0.553223 0.671875
vt 0.557617 0.673828
vt 0.551758 0.665039
vt 0.540039 0.655029
vt 0.525879 0.641113
vt 0.520020 0.646484
vt 0.510254 0.648682
vt 0.500488 0.649414
vt 0.517090 0.638672
vt 0.522949 0.631348
vt 0.508301 0.638428
vt 0.500488 0.638184
vt 0.515625 0.629150
vt 0.507812 0.628174
vt 0.500488 0.627197
vt 0.500488 0.616455
vt 0.507324 0.617432
vt 0.500488 0.605225
vt 0.514648 0.618408
vt 0.522461 0.619629
vt 0.507324 0.606201
vt 0.500488 0.593994
vt 0.506836 0.594482
vt 0.514648 0.606934
vt 0.522461 0.607178
vt 0.514648 0.595215
vt 0.522461 0.595703
vt 0.699707 0.168945
vt 0.687500 0.167969
vt 0.700684 0.163574
vt 0.687500 0.165039
vt 0.687500 0.154785
vt 0.702637 0.154297
vt 0.693848 0.150391
vt 0.701660 0.150391
vt 0.687500 0.150391
vt 0.971191 0.027344
vt 0.982422 0.030273
vt 0.971680 0.029785
vt 0.982910 0.027832
vt 0.981934 0.019531
vt 0.969238 0.019043
vt 0.981445 0.013672
vt 0.968262 0.012695
vt 0.976562 0.010742
vt 0.986328 0.010742
vt 0.967773 0.010742
vt 0.808105 0.403320
vt 0.805176 0.408203
vt 0.805176 0.405273
vt 0.810547 0.403809
vt 0.812500 0.405273
vt 0.805664 0.410156
vt 0.817871 0.410645
vt 0.810547 0.416504
vt 0.822266 0.416504
vt 0.814941 0.422363
vt 0.817871 0.423828
vt 0.823242 0.418457
vt 0.823242 0.421387
vt 0.819824 0.424316
vt 0.339355 0.928894
vt 0.337646 0.956543
vt 0.327393 0.928894
vt 0.351318 0.928894
vt 0.349609 0.957458
vt 0.363037 0.928894
vt 0.345459 0.990608
vt 0.361572 0.958344
vt 0.374023 0.928894
vt 0.358154 0.990608
vt 0.373535 0.958649
vt 0.384521 0.928894
vt 0.370850 0.990608
vt 0.384766 0.958618
vt 0.394775 0.928894
vt 0.382812 0.990608
vt 0.395264 0.958466
vt 0.393799 0.990608
vt 0.405029 0.928894
vt 0.404541 0.990608
vt 0.405762 0.958374
vt 0.415771 0.928894
vt 0.416504 0.958344
vt 0.415527 0.990608
vt 0.427246 0.928894
vt 0.427979 0.958313
vt 0.427002 0.990608
vt 0.439941 0.958313
vt 0.438965 0.990608
vt 0.439209 0.928894
vt 0.450928 0.990608
vt 0.452148 0.958191
vt 0.451904 0.928894
vt 0.462646 0.990608
vt 0.464355 0.958130
vt 0.464600 0.928894
vt 0.473877 0.990608
vt 0.476074 0.958099
vt 0.477783 0.928894
vt 0.484863 0.990608
vt 0.488037 0.958099
vt 0.490479 0.928894
vt 0.502930 0.928894
vt 0.499512 0.958099
vt 0.495850 0.990608
vt 0.514648 0.928894
vt 0.510742 0.958069
vt 0.525879 0.928894
vt 0.506836 0.990608
vt 0.521973 0.957977
vt 0.518555 0.990608
vt 0.088013 0.861816
vt 0.072815 0.882812
vt 0.088013 0.882812
vt 0.069885 0.861084
vt 0.055695 0.882812
vt 0.088013 0.837158
vt 0.053070 0.860962
vt 0.037811 0.882812
vt 0.070618 0.838623
vt 0.022842 0.862793
vt 0.022842 0.882812
vt 0.071838 0.817871
vt 0.037170 0.861206
vt 0.022842 0.841919
vt 0.088013 0.815918
vt 0.037903 0.838867
vt 0.022842 0.818726
vt 0.053680 0.839111
vt 0.038757 0.817017
vt 0.022842 0.792480
vt 0.055206 0.818115
vt 0.073486 0.798950
vt 0.088013 0.796143
vt 0.056824 0.799316
vt 0.039093 0.788696
vt 0.058075 0.786133
vt 0.074402 0.783325
vt 0.088013 0.781494
vt 0.088013 0.762939
vt 0.075806 0.766846
vt 0.059937 0.770630
vt 0.039520 0.761719
vt 0.022842 0.765869
vt 0.022842 0.738525
vt 0.059601 0.757324
vt 0.077637 0.752197
vt 0.088013 0.748779
vt 0.058990 0.743408
vt 0.079651 0.737793
vt 0.088013 0.736328
vt 0.039246 0.734131
vt 0.022842 0.708496
vt 0.076111 0.725830
vt 0.088013 0.722412
vt 0.058655 0.730225
vt 0.057526 0.718262
vt 0.074280 0.714111
vt 0.088013 0.710449
vt 0.088013 0.701660
vt 0.038879 0.706543
vt 0.057983 0.704834
vt 0.073608 0.702637
vt 0.088013 0.691650
vt 0.058167 0.693115
vt 0.073425 0.691162
vt 0.088013 0.677734
vt 0.039429 0.680176
vt 0.022842 0.680420
vt 0.022842 0.654785
vt 0.057526 0.678467
vt 0.039673 0.657715
vt 0.022842 0.632324
vt 0.073059 0.677734
vt 0.057190 0.659912
vt 0.038208 0.635742
vt 0.022842 0.612305
vt 0.072205 0.660645
vt 0.088013 0.663086
vt 0.054901 0.638672
vt 0.037628 0.614990
vt 0.022842 0.593750
vt 0.069946 0.640869
vt 0.088013 0.644043
vt 0.051880 0.617432
vt 0.067566 0.619141
vt 0.088013 0.620117
vt 0.067139 0.599121
vt 0.088013 0.599365
vt 0.051392 0.597900
vt 0.067322 0.580566
vt 0.088013 0.580811
vt 0.066895 0.563477
vt 0.088013 0.564453
vt 0.050507 0.562500
vt 0.050903 0.579834
vt 0.036804 0.595947
vt 0.022842 0.576416
vt 0.036438 0.578125
vt 0.036652 0.561279
vt 0.022842 0.560059
vt 0.122803 0.061523
vt 0.130981 0.064453
vt 0.130737 0.061523
vt 0.121399 0.075195
vt 0.105713 0.058594
vt 0.131836 0.077148
vt 0.106201 0.072754
vt 0.121094 0.088867
vt 0.131836 0.092285
vt 0.089722 0.056152
vt 0.120483 0.114258
vt 0.131836 0.115234
vt 0.105896 0.087402
vt 0.090576 0.071289
vt 0.079224 0.071289
vt 0.079651 0.056152
vt 0.079224 0.086426
vt 0.090759 0.085938
vt 0.105042 0.112793
vt 0.090027 0.111816
vt 0.079224 0.112793
vt 0.104858 0.128418
vt 0.089966 0.128418
vt 0.079224 0.129395
vt 0.079224 0.137207
vt 0.090759 0.136230
vt 0.120117 0.129883
vt 0.131836 0.131348
vt 0.131836 0.138672
vt 0.105347 0.135254
vt 0.120361 0.137207
vt 0.131836 0.149902
vt 0.091003 0.145508
vt 0.079224 0.149414
vt 0.105469 0.143066
vt 0.120483 0.145508
vt 0.120850 0.161621
vt 0.131836 0.168457
vt 0.105408 0.158203
vt 0.090271 0.161621
vt 0.079224 0.168945
vt 0.105896 0.173828
vt 0.122009 0.176758
vt 0.131836 0.184570
vt 0.089844 0.176758
vt 0.079834 0.188965
vt 0.121216 0.187988
vt 0.130737 0.194824
vt 0.105286 0.186035
vt 0.120850 0.202148
vt 0.124878 0.204590
vt 0.117798 0.211426
vt 0.114746 0.200684
vt 0.111755 0.208984
vt 0.109863 0.213867
vt 0.103455 0.200195
vt 0.101990 0.208984
vt 0.101257 0.213867
vt 0.093140 0.212402
vt 0.092590 0.207520
vt 0.086304 0.208496
vt 0.092712 0.198730
vt 0.086914 0.200195
vt 0.081421 0.201172
vt 0.089661 0.188477
vt 0.920410 0.959656
vt 0.932617 0.949554
vt 0.932617 0.957733
vt 0.917969 0.949463
vt 0.908203 0.964081
vt 0.932617 0.940887
vt 0.904297 0.953094
vt 0.894531 0.968628
vt 0.916504 0.940094
vt 0.889160 0.956879
vt 0.878418 0.972900
vt 0.901855 0.941284
vt 0.871582 0.960846
vt 0.866211 0.974136
vt 0.886230 0.943848
vt 0.853027 0.964233
vt 0.858398 0.977051
vt 0.842773 0.980377
vt 0.865723 0.951385
vt 0.833496 0.965637
vt 0.826660 0.983078
vt 0.848145 0.954773
vt 0.821289 0.968536
vt 0.812012 0.986313
vt 0.829102 0.956879
vt 0.805176 0.971771
vt 0.808105 0.987259
vt 0.825684 0.957611
vt 0.801270 0.973190
vt 0.804199 0.988945
vt 0.811523 0.960907
vt 0.797852 0.974731
vt 0.791504 0.991699
vt 0.800781 0.963501
vt 0.796875 0.963654
vt 0.799316 0.959930
vt 0.817871 0.959473
vt 0.811035 0.956787
vt 0.818359 0.954926
vt 0.824219 0.953522
vt 0.817383 0.952118
vt 0.822266 0.950653
vt 0.827637 0.949890
vt 0.809082 0.954376
vt 0.816406 0.943726
vt 0.806641 0.947998
vt 0.797852 0.957062
vt 0.795410 0.959961
vt 0.795410 0.950867
vt 0.792969 0.964661
vt 0.793945 0.957092
vt 0.790039 0.958618
vt 0.791504 0.951874
vt 0.785156 0.979691
vt 0.788574 0.993557
vt 0.782227 0.981491
vt 0.780762 0.972351
vt 0.778320 0.973831
vt 0.772949 0.963501
vt 0.775879 0.962158
vt 0.768555 0.951996
vt 0.787598 0.953247
vt 0.770996 0.950439
vt 0.764160 0.936401
vt 0.789062 0.944092
vt 0.784668 0.944946
vt 0.768555 0.935181
vt 0.766602 0.920715
vt 0.761719 0.921753
vt 0.781250 0.933594
vt 0.785156 0.931519
vt 0.792969 0.943542
vt 0.778809 0.919678
vt 0.765625 0.911438
vt 0.760254 0.913635
vt 0.803711 0.939880
vt 0.788574 0.930725
vt 0.814453 0.936279
vt 0.800293 0.926575
vt 0.786133 0.918396
vt 0.824707 0.933472
vt 0.812500 0.922058
vt 0.798828 0.914917
vt 0.782715 0.917969
vt 0.785156 0.901611
vt 0.813477 0.911987
vt 0.777832 0.902771
vt 0.780762 0.900757
vt 0.799805 0.899902
vt 0.787598 0.886475
vt 0.779297 0.886292
vt 0.783203 0.884888
vt 0.768555 0.890259
vt 0.783203 0.860840
vt 0.764648 0.890442
vt 0.772461 0.860718
vt 0.758789 0.911743
vt 0.751465 0.917603
vt 0.769043 0.860352
vt 0.751465 0.914185
vt 0.738770 0.923950
vt 0.760742 0.892029
vt 0.737305 0.920532
vt 0.719727 0.929749
vt 0.751953 0.895996
vt 0.738281 0.903442
vt 0.719238 0.925415
vt 0.708984 0.927307
vt 0.725098 0.904663
vt 0.709961 0.923950
vt 0.712891 0.902893
vt 0.698242 0.921509
vt 0.696777 0.924622
vt 0.685547 0.917725
vt 0.683594 0.921631
vt 0.700684 0.901123
vt 0.672363 0.914856
vt 0.670898 0.919434
vt 0.687500 0.897522
vt 0.672852 0.893799
vt 0.703613 0.877136
vt 0.689941 0.873413
vt 0.674805 0.866699
vt 0.716797 0.879272
vt 0.708008 0.853027
vt 0.695312 0.851196
vt 0.682129 0.848755
vt 0.699219 0.828491
vt 0.687012 0.829224
vt 0.689941 0.809448
vt 0.702637 0.806519
vt 0.690430 0.785522
vt 0.711914 0.827759
vt 0.703125 0.782837
vt 0.689453 0.762207
vt 0.715332 0.805054
vt 0.721191 0.855713
vt 0.703125 0.758423
vt 0.686523 0.741455
vt 0.729492 0.879883
vt 0.724609 0.828979
vt 0.734375 0.857056
vt 0.742188 0.879639
vt 0.753418 0.878113
vt 0.748535 0.857300
vt 0.765625 0.859985
vt 0.738770 0.831543
vt 0.753418 0.833862
vt 0.729492 0.805420
vt 0.743652 0.807129
vt 0.768066 0.836182
vt 0.758789 0.809692
vt 0.733398 0.779907
vt 0.717773 0.780273
vt 0.748047 0.780396
vt 0.719238 0.753662
vt 0.736328 0.755615
vt 0.764160 0.783203
vt 0.700195 0.738037
vt 0.684082 0.722656
vt 0.714844 0.735840
vt 0.697754 0.718750
vt 0.680664 0.704834
vt 0.695312 0.700195
vt 0.711914 0.716064
vt 0.710449 0.697754
vt 0.725098 0.734619
vt 0.729492 0.713867
vt 0.741699 0.735107
vt 0.751953 0.757690
vt 0.748047 0.711182
vt 0.757324 0.737305
vt 0.769531 0.762573
vt 0.736328 0.691650
vt 0.762207 0.714111
vt 0.718750 0.690918
vt 0.752930 0.689453
vt 0.735840 0.685547
vt 0.717773 0.685059
vt 0.708496 0.683105
vt 0.754395 0.682617
vt 0.734375 0.669678
vt 0.717285 0.681152
vt 0.767090 0.692383
vt 0.753418 0.669434
vt 0.769531 0.684082
vt 0.729980 0.662354
vt 0.753418 0.662598
vt 0.770020 0.670898
vt 0.781250 0.688965
vt 0.783691 0.674805
vt 0.770020 0.661865
vt 0.780273 0.697510
vt 0.785156 0.663574
vt 0.798828 0.682617
vt 0.799316 0.666504
vt 0.797363 0.700928
vt 0.777344 0.718750
vt 0.793945 0.707764
vt 0.772949 0.742188
vt 0.791016 0.747314
vt 0.794434 0.725098
vt 0.820312 0.727783
vt 0.821289 0.718750
vt 0.815430 0.694092
vt 0.814941 0.670166
vt 0.837402 0.692627
vt 0.833008 0.672852
vt 0.814453 0.656250
vt 0.832520 0.660645
vt 0.846191 0.666016
vt 0.798340 0.654541
vt 0.832520 0.656738
vt 0.812988 0.651367
vt 0.784668 0.654297
vt 0.796387 0.649902
vt 0.770020 0.653809
vt 0.783203 0.650146
vt 0.752930 0.655762
vt 0.768066 0.650146
vt 0.749512 0.652100
vt 0.726074 0.658447
vt 0.751953 0.644043
vt 0.710449 0.666260
vt 0.698242 0.677246
vt 0.703613 0.664795
vt 0.733398 0.646729
vt 0.754395 0.636963
vt 0.756348 0.629150
vt 0.768066 0.643066
vt 0.767090 0.636230
vt 0.766602 0.629639
vt 0.776855 0.629639
vt 0.781738 0.643555
vt 0.779297 0.637207
vt 0.787109 0.626709
vt 0.794922 0.643799
vt 0.793457 0.636719
vt 0.799316 0.625000
vt 0.790039 0.614990
vt 0.808594 0.639648
vt 0.808594 0.627930
vt 0.819336 0.629150
vt 0.810547 0.645996
vt 0.823730 0.639404
vt 0.828613 0.625488
vt 0.835449 0.635254
vt 0.827148 0.647949
vt 0.844727 0.639404
vt 0.838867 0.648438
vt 0.849121 0.662842
vt 0.852051 0.652344
vt 0.854980 0.642090
vt 0.867676 0.642578
vt 0.848633 0.676025
vt 0.869629 0.653809
vt 0.877441 0.639160
vt 0.852539 0.662598
vt 0.854004 0.677490
vt 0.854492 0.694336
vt 0.843262 0.713135
vt 0.859375 0.694580
vt 0.844727 0.720459
vt 0.858887 0.706299
vt 0.864746 0.712158
vt 0.856934 0.677002
vt 0.863770 0.694580
vt 0.854980 0.724365
vt 0.859375 0.667969
vt 0.840332 0.729492
vt 0.864258 0.677246
vt 0.824219 0.733887
vt 0.787598 0.769897
vt 0.826172 0.737061
vt 0.780762 0.785767
vt 0.792480 0.773438
vt 0.842773 0.732422
vt 0.794922 0.775635
vt 0.770996 0.815796
vt 0.785645 0.787720
vt 0.775879 0.814941
vt 0.772461 0.836182
vt 0.778809 0.816040
vt 0.775391 0.837524
vt 0.788574 0.789185
vt 0.787109 0.837036
vt 0.790039 0.817627
vt 0.787109 0.860840
vt 0.791992 0.837769
vt 0.791504 0.862061
vt 0.795410 0.838135
vt 0.795410 0.817993
vt 0.805664 0.883423
vt 0.799316 0.819702
vt 0.802246 0.801147
vt 0.798828 0.796631
vt 0.806641 0.802734
vt 0.806152 0.783081
vt 0.809082 0.787720
vt 0.813965 0.789795
vt 0.812012 0.819214
vt 0.833496 0.762085
vt 0.811523 0.841431
vt 0.829590 0.816895
vt 0.809570 0.863403
vt 0.830566 0.841187
vt 0.828613 0.862915
vt 0.826172 0.881592
vt 0.817871 0.895752
vt 0.846680 0.881226
vt 0.825195 0.914734
vt 0.833496 0.894165
vt 0.849609 0.862061
vt 0.830078 0.931274
vt 0.852539 0.841675
vt 0.831055 0.914001
vt 0.833984 0.949677
vt 0.848145 0.930359
vt 0.848633 0.947876
vt 0.866211 0.944092
vt 0.850098 0.912476
vt 0.882324 0.937378
vt 0.864746 0.928772
vt 0.886719 0.927917
vt 0.882324 0.924805
vt 0.899902 0.928955
vt 0.889160 0.915161
vt 0.867676 0.912476
vt 0.883301 0.913574
vt 0.916992 0.929749
vt 0.932129 0.930969
vt 0.901855 0.916443
vt 0.916992 0.918457
vt 0.932129 0.920288
vt 0.891602 0.903137
vt 0.904785 0.905823
vt 0.918945 0.907471
vt 0.932129 0.908813
vt 0.932129 0.898193
vt 0.919922 0.895630
vt 0.932617 0.889709
vt 0.907715 0.893860
vt 0.922363 0.885559
vt 0.934082 0.882263
vt 0.911133 0.880188
vt 0.895020 0.890015
vt 0.925293 0.875977
vt 0.915527 0.868286
vt 0.930176 0.869263
vt 0.936523 0.875000
vt 0.921387 0.860718
vt 0.898926 0.873657
vt 0.902344 0.858887
vt 0.937012 0.862915
vt 0.941406 0.868774
vt 0.947266 0.865112
vt 0.944336 0.853760
vt 0.928711 0.854004
vt 0.936035 0.840698
vt 0.907227 0.848755
vt 0.913086 0.841309
vt 0.926270 0.832886
vt 0.887207 0.850952
vt 0.921875 0.813721
vt 0.930664 0.821411
vt 0.931152 0.811157
vt 0.929688 0.797485
vt 0.893066 0.835571
vt 0.899902 0.820557
vt 0.907715 0.802612
vt 0.917480 0.779297
vt 0.929199 0.778687
vt 0.919434 0.775391
vt 0.930664 0.774536
vt 0.907227 0.773560
vt 0.909180 0.769897
vt 0.895508 0.790894
vt 0.897461 0.765137
vt 0.887695 0.807373
vt 0.885742 0.782104
vt 0.899902 0.760986
vt 0.913086 0.766357
vt 0.891113 0.759277
vt 0.902832 0.756836
vt 0.919922 0.750854
vt 0.892578 0.754150
vt 0.907715 0.744385
vt 0.894531 0.749268
vt 0.883301 0.752319
vt 0.883789 0.746338
vt 0.896484 0.738770
vt 0.876465 0.768555
vt 0.884277 0.739990
vt 0.908203 0.732910
vt 0.917969 0.734375
vt 0.929199 0.744629
vt 0.929199 0.735596
vt 0.891602 0.729492
vt 0.925781 0.731201
vt 0.928711 0.728516
vt 0.917969 0.730469
vt 0.906738 0.728516
vt 0.916504 0.726562
vt 0.890137 0.725098
vt 0.922852 0.718506
vt 0.905762 0.724365
vt 0.912109 0.717041
vt 0.922852 0.710205
vt 0.927734 0.699463
vt 0.900879 0.714355
vt 0.911621 0.704590
vt 0.923340 0.702148
vt 0.888672 0.720947
vt 0.898926 0.698730
vt 0.911621 0.694336
vt 0.922363 0.697510
vt 0.925781 0.695557
vt 0.936523 0.688721
vt 0.911621 0.685303
vt 0.914062 0.680908
vt 0.928223 0.674316
vt 0.896973 0.686035
vt 0.896484 0.674805
vt 0.910156 0.665771
vt 0.925293 0.666504
vt 0.920898 0.658936
vt 0.909668 0.654785
vt 0.895996 0.668701
vt 0.898926 0.660645
vt 0.901855 0.651367
vt 0.884766 0.653564
vt 0.893066 0.642822
vt 0.885742 0.629639
vt 0.875488 0.664551
vt 0.877441 0.669434
vt 0.881348 0.679932
vt 0.870117 0.693115
vt 0.884766 0.695068
vt 0.876465 0.707764
vt 0.889648 0.711182
vt 0.875000 0.717773
vt 0.877441 0.721680
vt 0.856934 0.727295
vt 0.879395 0.726562
vt 0.858887 0.732422
vt 0.864746 0.745361
vt 0.844238 0.736816
vt 0.865723 0.752197
vt 0.850098 0.748535
vt 0.828613 0.741943
vt 0.832031 0.753906
vt 0.851074 0.756104
vt 0.837402 0.765503
vt 0.854492 0.759277
vt 0.869141 0.756226
vt 0.861328 0.778564
vt 0.845215 0.784668
vt 0.872559 0.796265
vt 0.854004 0.813477
vt 0.876953 0.825684
vt 0.870605 0.845459
vt 0.882812 0.865234
vt 0.865723 0.862061
vt 0.876953 0.877808
vt 0.860840 0.879211
vt 0.874512 0.884460
vt 0.888672 0.893188
vt 0.858887 0.885559
vt 0.886230 0.901306
vt 0.871582 0.896179
vt 0.855469 0.895020
vt 0.849121 0.886353
vt 0.837891 0.895996
vt 0.870117 0.254883
vt 0.833008 0.258789
vt 0.833008 0.254883
vt 0.870117 0.258789
vt 0.903320 0.254883
vt 0.833008 0.270996
vt 0.903320 0.258789
vt 0.924805 0.254883
vt 0.924805 0.258789
vt 0.870117 0.270996
vt 0.870117 0.277344
vt 0.833008 0.277344
vt 0.903320 0.277344
vt 0.903320 0.270996
vt 0.924805 0.270996
vt 0.341553 0.536621
vt 0.352295 0.511719
vt 0.351807 0.536621
vt 0.361572 0.510986
vt 0.362549 0.491699
vt 0.363525 0.536621
vt 0.370850 0.488770
vt 0.372314 0.509766
vt 0.377686 0.536621
vt 0.380859 0.485840
vt 0.383789 0.509277
vt 0.391846 0.536621
vt 0.390137 0.483398
vt 0.395752 0.508057
vt 0.399414 0.481445
vt 0.409180 0.484375
vt 0.408203 0.509521
vt 0.406738 0.536621
vt 0.418213 0.487305
vt 0.420166 0.510742
vt 0.421875 0.536621
vt 0.427490 0.490234
vt 0.431152 0.512451
vt 0.436035 0.492676
vt 0.433594 0.536621
vt 0.440430 0.513672
vt 0.444824 0.536621
vt 0.797852 0.371582
vt 0.783203 0.372070
vt 0.790039 0.365723
vt 0.791016 0.380859
vt 0.774414 0.377930
vt 0.784180 0.386719
vt 0.764648 0.384277
vt 0.794434 0.395508
vt 0.772949 0.395508
vt 0.770508 0.413086
vt 0.756836 0.401367
vt 0.751465 0.390625
vt 0.738281 0.390625
vt 0.759766 0.412598
vt 0.750488 0.416504
vt 0.740234 0.403320
vt 0.726074 0.390625
vt 0.731934 0.419434
vt 0.724121 0.403809
vt 0.713867 0.388184
vt 0.721191 0.435059
vt 0.719727 0.415039
vt 0.709473 0.396973
vt 0.706543 0.378418
vt 0.708984 0.446777
vt 0.711426 0.428223
vt 0.705078 0.409668
vt 0.691895 0.449707
vt 0.688477 0.451660
vt 0.682617 0.441406
vt 0.702637 0.437500
vt 0.686035 0.438477
vt 0.676270 0.432617
vt 0.697266 0.424805
vt 0.679688 0.429199
vt 0.666016 0.425293
vt 0.668457 0.421875
vt 0.688965 0.416504
vt 0.679199 0.406738
vt 0.692383 0.404297
vt 0.682617 0.388672
vt 0.695801 0.389160
vt 0.696777 0.372559
vt 0.701172 0.367188
vt 0.684570 0.373535
vt 0.695801 0.361816
vt 0.685547 0.358398
vt 0.658203 0.373047
vt 0.656250 0.366211
vt 0.674316 0.359863
vt 0.672363 0.372559
vt 0.659668 0.382324
vt 0.669922 0.386230
vt 0.651367 0.390137
vt 0.664551 0.399902
vt 0.645508 0.407715
vt 0.657227 0.415527
vt 0.643555 0.412109
vt 0.654297 0.419922
vt 0.656738 0.916443
vt 0.656738 0.912781
vt 0.640137 0.916321
vt 0.641602 0.912170
vt 0.624023 0.914307
vt 0.657715 0.893250
vt 0.623535 0.910034
vt 0.618652 0.912903
vt 0.620605 0.896301
vt 0.642090 0.893616
vt 0.625000 0.895020
vt 0.621582 0.875366
vt 0.626953 0.874390
vt 0.624512 0.850342
vt 0.642578 0.871460
vt 0.629395 0.849243
vt 0.632324 0.831543
vt 0.627930 0.828979
vt 0.627930 0.825073
vt 0.643555 0.847412
vt 0.657227 0.869751
vt 0.634766 0.819458
vt 0.629883 0.820679
vt 0.633789 0.803833
vt 0.671387 0.848022
vt 0.656738 0.847900
vt 0.673340 0.828857
vt 0.645508 0.830566
vt 0.658691 0.829468
vt 0.647949 0.815918
vt 0.638184 0.803345
vt 0.636719 0.788086
vt 0.659668 0.813232
vt 0.651855 0.798828
vt 0.641602 0.787598
vt 0.639160 0.763672
vt 0.675293 0.810669
vt 0.663086 0.793091
vt 0.676758 0.788086
vt 0.677246 0.766113
vt 0.664062 0.772095
vt 0.653809 0.778809
vt 0.674805 0.745850
vt 0.643066 0.763428
vt 0.638184 0.747070
vt 0.653809 0.756836
vt 0.643066 0.746826
vt 0.638672 0.729492
vt 0.634277 0.730713
vt 0.651367 0.739502
vt 0.644043 0.726074
vt 0.663574 0.750854
vt 0.661133 0.732422
vt 0.652344 0.717041
vt 0.669922 0.724854
vt 0.657227 0.711914
vt 0.665527 0.708252
vt 0.986816 0.126953
vt 0.986816 0.138184
vt 0.980957 0.127441
vt 0.980957 0.138672
vt 0.986816 0.148438
vt 0.965820 0.127930
vt 0.962402 0.139648
vt 0.962402 0.127930
vt 0.980957 0.149902
vt 0.965820 0.139648
vt 0.962402 0.146973
vt 0.986816 0.157227
vt 0.963867 0.150391
vt 0.980957 0.162598
vt 0.986816 0.166016
vt 0.964844 0.162109
vt 0.947754 0.149414
vt 0.948242 0.144531
vt 0.950684 0.162598
vt 0.942383 0.143555
vt 0.942383 0.139160
vt 0.937012 0.146973
vt 0.936523 0.149902
vt 0.928223 0.146973
vt 0.939941 0.159180
vt 0.927246 0.150391
vt 0.915527 0.146973
vt 0.927246 0.159180
vt 0.914062 0.150879
vt 0.897461 0.146973
vt 0.932617 0.169434
vt 0.912109 0.160645
vt 0.950195 0.172363
vt 0.919922 0.166992
vt 0.930664 0.170410
vt 0.919434 0.169434
vt 0.912598 0.173340
vt 0.910645 0.171387
vt 0.903809 0.175293
vt 0.901855 0.173340
vt 0.894531 0.175781
vt 0.896973 0.160645
vt 0.891113 0.173340
vt 0.883789 0.175781
vt 0.882324 0.173340
vt 0.896484 0.150879
vt 0.886230 0.161133
vt 0.883789 0.150879
vt 0.884766 0.146973
vt 0.877930 0.164551
vt 0.874023 0.157715
vt 0.881348 0.146973
vt 0.871094 0.156250
vt 0.871094 0.170898
vt 0.864746 0.166992
vt 0.861328 0.165527
vt 0.878418 0.182129
vt 0.881348 0.183105
vt 0.879395 0.190918
vt 0.876953 0.191895
vt 0.866211 0.180664
vt 0.857422 0.178711
vt 0.853516 0.178223
vt 0.865723 0.192383
vt 0.856445 0.193848
vt 0.852051 0.194336
vt 0.855469 0.210449
vt 0.868164 0.201660
vt 0.859863 0.209961
vt 0.867188 0.225098
vt 0.870605 0.207520
vt 0.868652 0.219727
vt 0.875000 0.225098
vt 0.877441 0.210449
vt 0.875488 0.220703
vt 0.887207 0.222168
vt 0.888184 0.225098
vt 0.887695 0.213379
vt 0.884766 0.194336
vt 0.887207 0.192383
vt 0.899902 0.222656
vt 0.900879 0.225098
vt 0.895508 0.196777
vt 0.898438 0.194824
vt 0.900879 0.214355
vt 0.911621 0.222656
vt 0.913086 0.225098
vt 0.904785 0.200195
vt 0.906738 0.198730
vt 0.913574 0.203125
vt 0.914062 0.200684
vt 0.926758 0.196777
vt 0.928223 0.198730
vt 0.912109 0.214355
vt 0.925781 0.214844
vt 0.923828 0.222656
vt 0.923828 0.227051
vt 0.933594 0.229004
vt 0.934082 0.232422
vt 0.941406 0.227539
vt 0.940918 0.232422
vt 0.951172 0.225098
vt 0.935059 0.210449
vt 0.950195 0.222168
vt 0.960938 0.227539
vt 0.947754 0.208984
vt 0.947266 0.196289
vt 0.964844 0.209473
vt 0.964844 0.222656
vt 0.962891 0.237305
vt 0.965820 0.240234
vt 0.932617 0.183105
vt 0.980469 0.223145
vt 0.934570 0.182617
vt 0.980957 0.240234
vt 0.986816 0.229004
vt 0.986816 0.236328
vt 0.986816 0.220215
vt 0.986816 0.209961
vt 0.980469 0.208496
vt 0.986816 0.201172
vt 0.981445 0.197266
vt 0.986816 0.193359
vt 0.965820 0.196777
vt 0.981445 0.184570
vt 0.986816 0.185059
vt 0.986816 0.175293
vt 0.966309 0.184570
vt 0.980469 0.173340
vt 0.949707 0.183594
vt 0.966309 0.173340
vt 0.986816 0.244141
vt 0.980469 0.254395
vt 0.986816 0.251953
vt 0.986816 0.262207
vt 0.962891 0.254883
vt 0.966309 0.254883
vt 0.962891 0.268555
vt 0.979980 0.268555
vt 0.986816 0.272949
vt 0.966309 0.269043
vt 0.962891 0.281738
vt 0.966309 0.281738
vt 0.980469 0.281738
vt 0.986816 0.281738
vt 0.962402 0.112793
vt 0.965332 0.112305
vt 0.962402 0.098633
vt 0.965820 0.098633
vt 0.986816 0.117676
vt 0.981445 0.112793
vt 0.980469 0.098633
vt 0.986816 0.108887
vt 0.986816 0.098633
vt 0.759277 0.135254
vt 0.767090 0.128906
vt 0.771484 0.135254
vt 0.752930 0.128906
vt 0.748535 0.135254
vt 0.768066 0.118652
vt 0.742188 0.128906
vt 0.739746 0.135254
vt 0.755859 0.114746
vt 0.769043 0.114746
vt 0.730469 0.128418
vt 0.731445 0.135254
vt 0.721680 0.135254
vt 0.753418 0.117676
vt 0.715332 0.127930
vt 0.711914 0.135254
vt 0.742676 0.117676
vt 0.754883 0.104980
vt 0.757324 0.105469
vt 0.744629 0.103027
vt 0.730469 0.117188
vt 0.758301 0.100098
vt 0.760742 0.101074
vt 0.760742 0.096680
vt 0.756836 0.095703
vt 0.760742 0.090820
vt 0.757324 0.089844
vt 0.760742 0.082031
vt 0.747559 0.091797
vt 0.756348 0.081543
vt 0.760742 0.071777
vt 0.733398 0.095215
vt 0.756836 0.071777
vt 0.730957 0.106445
vt 0.756836 0.062012
vt 0.760742 0.061035
vt 0.715332 0.107422
vt 0.756836 0.049316
vt 0.760742 0.048828
vt 0.715332 0.117188
vt 0.756836 0.030762
vt 0.760742 0.027832
vt 0.700195 0.117188
vt 0.751465 0.018555
vt 0.760742 0.023926
vt 0.700195 0.127930
vt 0.703125 0.135254
vt 0.694824 0.135254
vt 0.687012 0.126953
vt 0.686035 0.135254
vt 0.675293 0.135254
vt 0.750488 0.022461
vt 0.740234 0.018066
vt 0.741211 0.013672
vt 0.744141 0.033203
vt 0.727539 0.013672
vt 0.728027 0.008789
vt 0.736328 0.028809
vt 0.726074 0.023926
vt 0.712891 0.011230
vt 0.713379 0.006348
vt 0.694336 0.010254
vt 0.712891 0.021484
vt 0.694824 0.014648
vt 0.682129 0.015137
vt 0.723633 0.032227
vt 0.682617 0.020020
vt 0.669434 0.018555
vt 0.669434 0.022949
vt 0.726562 0.043945
vt 0.673340 0.025391
vt 0.669434 0.038574
vt 0.689453 0.028809
vt 0.672852 0.040039
vt 0.669434 0.060059
vt 0.685547 0.036133
vt 0.700195 0.025391
vt 0.701172 0.034668
vt 0.712402 0.032715
vt 0.703613 0.036621
vt 0.712402 0.035645
vt 0.721680 0.035156
vt 0.724609 0.045898
vt 0.702148 0.048340
vt 0.729492 0.055176
vt 0.727539 0.057129
vt 0.699707 0.050781
vt 0.700195 0.058105
vt 0.683105 0.046387
vt 0.696777 0.063477
vt 0.697754 0.067383
vt 0.672852 0.059570
vt 0.669434 0.076660
vt 0.682129 0.060547
vt 0.673340 0.076172
vt 0.669434 0.088379
vt 0.692871 0.075684
vt 0.694824 0.075195
vt 0.698730 0.084961
vt 0.697266 0.086914
vt 0.683594 0.077637
vt 0.673828 0.087891
vt 0.684570 0.089844
vt 0.672363 0.097168
vt 0.669434 0.100098
vt 0.675781 0.101074
vt 0.677246 0.098145
vt 0.681641 0.102539
vt 0.679688 0.104004
vt 0.682617 0.109375
vt 0.694824 0.097168
vt 0.685059 0.107910
vt 0.684082 0.113281
vt 0.715332 0.097656
vt 0.699219 0.106934
vt 0.686523 0.114746
vt 0.670410 0.116211
vt 0.669922 0.113281
vt 0.669922 0.127930
vt 0.664551 0.135254
vt 0.654785 0.128418
vt 0.655273 0.135254
vt 0.655762 0.116211
vt 0.655762 0.113281
vt 0.714844 0.087891
vt 0.714355 0.085449
vt 0.731934 0.083008
vt 0.732910 0.084473
vt 0.746582 0.082520
vt 0.737793 0.072266
vt 0.748535 0.073242
vt 0.734863 0.072266
vt 0.748047 0.063965
vt 0.732910 0.064453
vt 0.729492 0.062012
vt 0.748535 0.050781
vt 0.748047 0.043457
vt 0.627441 0.135254
vt 0.627441 0.127441
vt 0.637207 0.135254
vt 0.640625 0.127441
vt 0.646484 0.135254
vt 0.627441 0.116211
vt 0.639648 0.116211
vt 0.627441 0.113281
vt 0.640137 0.113281
vt 0.794434 0.150391
vt 0.793457 0.157715
vt 0.787598 0.150391
vt 0.782715 0.157227
vt 0.780273 0.150391
vt 0.792480 0.170898
vt 0.772461 0.150391
vt 0.779297 0.168945
vt 0.768555 0.155762
vt 0.764648 0.150391
vt 0.790527 0.189941
vt 0.753418 0.155762
vt 0.758301 0.150391
vt 0.750977 0.150391
vt 0.743164 0.150391
vt 0.764160 0.166992
vt 0.740234 0.154785
vt 0.734863 0.150391
vt 0.750000 0.166016
vt 0.772461 0.186523
vt 0.756836 0.180664
vt 0.729004 0.154785
vt 0.727051 0.150391
vt 0.737793 0.164062
vt 0.744629 0.178223
vt 0.717773 0.154785
vt 0.718750 0.150391
vt 0.709961 0.150391
vt 0.726074 0.162598
vt 0.714844 0.162598
vt 0.706055 0.169922
vt 0.716309 0.167969
vt 0.707520 0.172363
vt 0.731934 0.176758
vt 0.723633 0.173828
vt 0.712891 0.175781
vt 0.706055 0.176758
vt 0.709473 0.180664
vt 0.704102 0.182129
vt 0.706055 0.188477
vt 0.719238 0.187988
vt 0.712402 0.188477
vt 0.708008 0.195801
vt 0.709473 0.198242
vt 0.703613 0.206055
vt 0.728027 0.186523
vt 0.705078 0.208008
vt 0.700195 0.218262
vt 0.713867 0.201172
vt 0.702148 0.219727
vt 0.701660 0.233398
vt 0.709961 0.210449
vt 0.705078 0.239258
vt 0.702637 0.244141
vt 0.706543 0.223145
vt 0.708008 0.240234
vt 0.710449 0.244141
vt 0.712891 0.240723
vt 0.714844 0.244141
vt 0.710938 0.229980
vt 0.719238 0.240234
vt 0.721191 0.244141
vt 0.716797 0.232910
vt 0.714844 0.227539
vt 0.729004 0.240234
vt 0.730469 0.244141
vt 0.727539 0.233398
vt 0.725098 0.227539
vt 0.716797 0.226074
vt 0.725098 0.225098
vt 0.733398 0.225098
vt 0.734863 0.227051
vt 0.714844 0.219727
vt 0.717773 0.219238
vt 0.717285 0.212402
vt 0.720215 0.211426
vt 0.718750 0.205566
vt 0.721680 0.204590
vt 0.719727 0.197266
vt 0.722168 0.198242
vt 0.728516 0.189453
vt 0.740234 0.186523
vt 0.741211 0.185059
vt 0.752441 0.188477
vt 0.754395 0.187012
vt 0.752930 0.198730
vt 0.750488 0.197266
vt 0.747070 0.201660
vt 0.771484 0.201172
vt 0.791992 0.202637
vt 0.748047 0.203613
vt 0.742676 0.206543
vt 0.761230 0.208496
vt 0.743652 0.209473
vt 0.738281 0.213867
vt 0.777832 0.207520
vt 0.791504 0.206543
vt 0.781250 0.209473
vt 0.770996 0.211426
vt 0.773926 0.213867
vt 0.769043 0.218262
vt 0.771484 0.221191
vt 0.757324 0.214844
vt 0.740234 0.216797
vt 0.754395 0.223633
vt 0.764160 0.229980
vt 0.766602 0.234375
vt 0.763184 0.239746
vt 0.749512 0.232422
vt 0.754883 0.238281
vt 0.759277 0.244141
vt 0.754395 0.244141
vt 0.736328 0.233398
vt 0.740723 0.239746
vt 0.744141 0.244141
vt 0.839355 0.157227
vt 0.832520 0.150391
vt 0.839355 0.150391
vt 0.822754 0.159668
vt 0.823730 0.150391
vt 0.839355 0.168945
vt 0.814941 0.150391
vt 0.839355 0.172363
vt 0.825195 0.178223
vt 0.808594 0.159180
vt 0.807617 0.150391
vt 0.800781 0.150391
vt 0.807617 0.174316
vt 0.822266 0.176758
vt 0.806152 0.189453
vt 0.823242 0.191406
vt 0.827148 0.192871
vt 0.817383 0.203613
vt 0.819336 0.206543
vt 0.805176 0.206543
vt 0.805664 0.203613
vt 0.835938 0.014160
vt 0.825195 0.010742
vt 0.834473 0.010742
vt 0.817871 0.014648
vt 0.815918 0.010742
vt 0.835449 0.023926
vt 0.804199 0.015625
vt 0.805664 0.010742
vt 0.793945 0.010742
vt 0.818359 0.023926
vt 0.834473 0.042969
vt 0.804199 0.023438
vt 0.790527 0.014648
vt 0.782715 0.010742
vt 0.776855 0.013184
vt 0.777832 0.019531
vt 0.790527 0.020996
vt 0.778320 0.028320
vt 0.787598 0.030762
vt 0.786133 0.035156
vt 0.777344 0.031250
vt 0.805176 0.039551
vt 0.802734 0.041016
vt 0.818359 0.042480
vt 0.801758 0.052246
vt 0.798340 0.053223
vt 0.819824 0.060059
vt 0.835449 0.064453
vt 0.807129 0.078125
vt 0.803711 0.082520
vt 0.823730 0.081055
vt 0.823242 0.077148
vt 0.834961 0.079102
vt 0.834473 0.082031
vt 0.923828 0.645996
vt 0.912598 0.642578
vt 0.915527 0.635498
vt 0.905273 0.638184
vt 0.908691 0.628906
vt 0.898438 0.630127
vt 0.901367 0.623047
vt 0.890625 0.617188
vt 0.988770 0.319336
vt 0.980469 0.319336
vt 0.988770 0.317383
vt 0.980469 0.317383
vt 0.988770 0.313477
vt 0.972656 0.319336
vt 0.980469 0.313477
vt 0.988770 0.307617
vt 0.972656 0.317383
vt 0.964844 0.319336
vt 0.980469 0.307617
vt 0.988770 0.303711
vt 0.964844 0.317383
vt 0.956543 0.319336
vt 0.972656 0.313477
vt 0.972656 0.307617
vt 0.980469 0.303711
vt 0.980469 0.298340
vt 0.988770 0.298340
vt 0.980469 0.289551
vt 0.988770 0.289551
vt 0.972656 0.289551
vt 0.972656 0.298340
vt 0.972656 0.303711
vt 0.964844 0.298340
vt 0.964844 0.289551
vt 0.964844 0.307617
vt 0.964844 0.303711
vt 0.956543 0.298340
vt 0.956543 0.289551
vt 0.956543 0.303711
vt 0.956543 0.307617
vt 0.964844 0.313477
vt 0.947754 0.307617
vt 0.956543 0.317383
vt 0.947754 0.319336
vt 0.956543 0.313477
vt 0.947754 0.317383
vt 0.938965 0.319336
vt 0.947754 0.313477
vt 0.938965 0.317383
vt 0.930664 0.319336
vt 0.938965 0.307617
vt 0.930664 0.317383
vt 0.938965 0.313477
vt 0.922852 0.317383
vt 0.922852 0.319336
vt 0.930664 0.313477
vt 0.930664 0.307617
vt 0.915039 0.317383
vt 0.915039 0.319336
vt 0.907227 0.317383
vt 0.907227 0.319336
vt 0.907227 0.313477
vt 0.922852 0.313477
vt 0.915039 0.313477
vt 0.922852 0.307617
vt 0.915039 0.307617
vt 0.907227 0.307617
vt 0.907227 0.303711
vt 0.915039 0.303711
vt 0.922852 0.303711
vt 0.915039 0.298340
vt 0.907227 0.298340
vt 0.907227 0.289551
vt 0.915039 0.289551
vt 0.922852 0.298340
vt 0.922852 0.289551
vt 0.930664 0.289551
vt 0.930664 0.298340
vt 0.938965 0.289551
vt 0.930664 0.303711
vt 0.938965 0.298340
vt 0.947754 0.289551
vt 0.938965 0.303711
vt 0.947754 0.298340
vt 0.947754 0.303711
vt 0.728027 0.340332
vt 0.736328 0.345215
vt 0.728027 0.345215
vt 0.736328 0.340332
vt 0.745117 0.345215
vt 0.728027 0.334961
vt 0.745117 0.340332
vt 0.753418 0.345215
vt 0.736328 0.334961
vt 0.753418 0.340332
vt 0.761719 0.345215
vt 0.745117 0.334961
vt 0.736328 0.331543
vt 0.728027 0.331543
vt 0.736328 0.329590
vt 0.728027 0.329590
vt 0.745117 0.329590
vt 0.745117 0.331543
vt 0.753418 0.329590
vt 0.753418 0.334961
vt 0.753418 0.331543
vt 0.761719 0.329590
vt 0.761719 0.340332
vt 0.761719 0.334961
vt 0.761719 0.331543
vt 0.770508 0.329590
vt 0.770508 0.340332
vt 0.770508 0.345215
vt 0.770508 0.334961
vt 0.770508 0.331543
vt 0.779297 0.329590
vt 0.779297 0.340332
vt 0.779297 0.345215
vt 0.779297 0.334961
vt 0.779297 0.331543
vt 0.788574 0.329590
vt 0.788574 0.340332
vt 0.788574 0.345215
vt 0.788574 0.334961
vt 0.788574 0.331543
vt 0.797852 0.329590
vt 0.797852 0.340332
vt 0.797852 0.345215
vt 0.797852 0.334961
vt 0.797852 0.331543
vt 0.806641 0.329590
vt 0.806641 0.340332
vt 0.806641 0.345215
vt 0.806641 0.334961
vt 0.814941 0.340332
vt 0.814941 0.345215
vt 0.822754 0.345215
vt 0.806641 0.331543
vt 0.814941 0.334961
vt 0.822754 0.340332
vt 0.831055 0.345215
vt 0.814941 0.331543
vt 0.814941 0.329590
vt 0.822754 0.334961
vt 0.831055 0.340332
vt 0.839844 0.345215
vt 0.822754 0.331543
vt 0.822754 0.329590
vt 0.831055 0.334961
vt 0.831055 0.331543
vt 0.831055 0.329590
vt 0.839844 0.334961
vt 0.839844 0.340332
vt 0.849121 0.345215
vt 0.839844 0.331543
vt 0.839844 0.329590
vt 0.849121 0.334961
vt 0.849121 0.340332
vt 0.857910 0.345215
vt 0.849121 0.331543
vt 0.849121 0.329590
vt 0.857910 0.334961
vt 0.857910 0.340332
vt 0.866699 0.345215
vt 0.857910 0.331543
vt 0.857910 0.329590
vt 0.866699 0.334961
vt 0.866699 0.340332
vt 0.875488 0.345215
vt 0.866699 0.331543
vt 0.866699 0.329590
vt 0.875488 0.334961
vt 0.875488 0.340332
vt 0.884277 0.345215
vt 0.875488 0.331543
vt 0.875488 0.329590
vt 0.884277 0.340332
vt 0.892578 0.345215
vt 0.884277 0.334961
vt 0.884277 0.331543
vt 0.884277 0.329590
vt 0.892578 0.340332
vt 0.899902 0.345215
vt 0.892578 0.331543
vt 0.892578 0.329590
vt 0.892578 0.334961
vt 0.899902 0.331543
vt 0.899902 0.329590
vt 0.899902 0.340332
vt 0.899902 0.334961
vt 0.907227 0.331543
vt 0.907227 0.329590
vt 0.915039 0.329590
vt 0.907227 0.340332
vt 0.907227 0.345215
vt 0.907227 0.334961
vt 0.915039 0.331543
vt 0.923340 0.329590
vt 0.915039 0.340332
vt 0.915039 0.345215
vt 0.919434 0.345215
vt 0.915039 0.334961
vt 0.923340 0.340332
vt 0.923340 0.345215
vt 0.923340 0.331543
vt 0.923340 0.334961
vt 0.932129 0.331543
vt 0.932129 0.329590
vt 0.932129 0.334961
vt 0.932129 0.340332
vt 0.932129 0.345215
vt 0.941406 0.331543
vt 0.950684 0.329590
vt 0.941406 0.334961
vt 0.941406 0.340332
vt 0.941406 0.345215
vt 0.950684 0.334961
vt 0.950684 0.331543
vt 0.960938 0.329590
vt 0.950684 0.340332
vt 0.950684 0.345215
vt 0.960938 0.334961
vt 0.960938 0.331543
vt 0.970703 0.329590
vt 0.960938 0.340332
vt 0.960938 0.345215
vt 0.970703 0.334961
vt 0.970703 0.331543
vt 0.979492 0.329590
vt 0.970703 0.340332
vt 0.970703 0.345215
vt 0.979492 0.331543
vt 0.987793 0.329590
vt 0.987793 0.331543
vt 0.979492 0.334961
vt 0.987793 0.334961
vt 0.979492 0.340332
vt 0.987793 0.340332
vt 0.979492 0.345215
vt 0.987793 0.345215
vt 0.637695 0.329590
vt 0.646484 0.329590
vt 0.637695 0.331543
vt 0.646484 0.331543
vt 0.647949 0.329102
vt 0.637695 0.334961
vt 0.654297 0.331543
vt 0.657715 0.329590
vt 0.662598 0.329590
vt 0.646484 0.334961
vt 0.637695 0.340332
vt 0.662598 0.331543
vt 0.671387 0.329590
vt 0.654297 0.334961
vt 0.646484 0.340332
vt 0.637695 0.345215
vt 0.646484 0.345215
vt 0.654297 0.345215
vt 0.654297 0.340332
vt 0.662598 0.345215
vt 0.662598 0.334961
vt 0.662598 0.340332
vt 0.671387 0.340332
vt 0.671387 0.345215
vt 0.671387 0.331543
vt 0.671387 0.334961
vt 0.680176 0.340332
vt 0.680176 0.345215
vt 0.680176 0.331543
vt 0.680176 0.329590
vt 0.680176 0.334961
vt 0.689941 0.340332
vt 0.689941 0.345215
vt 0.689941 0.331543
vt 0.689941 0.329590
vt 0.689941 0.334961
vt 0.699707 0.340332
vt 0.699707 0.345215
vt 0.709473 0.345215
vt 0.699707 0.331543
vt 0.699707 0.329590
vt 0.699707 0.334961
vt 0.709473 0.340332
vt 0.718750 0.345215
vt 0.709473 0.331543
vt 0.709473 0.329590
vt 0.709473 0.334961
vt 0.718750 0.331543
vt 0.718750 0.329590
vt 0.718750 0.334961
vt 0.718750 0.340332
vt 0.732910 0.981491
vt 0.732910 0.990608
vt 0.723633 0.990608
vt 0.720703 0.967560
vt 0.732910 0.967560
vt 0.711426 0.990608
vt 0.708984 0.967560
vt 0.699219 0.990608
vt 0.696777 0.967560
vt 0.687012 0.990608
vt 0.684570 0.967560
vt 0.674316 0.990608
vt 0.671875 0.967560
vt 0.660156 0.990608
vt 0.659180 0.967560
vt 0.648438 0.990608
vt 0.646484 0.958862
vt 0.652344 0.959198
vt 0.637207 0.990608
vt 0.645996 0.948822
vt 0.635254 0.958679
vt 0.625977 0.990608
vt 0.634766 0.928894
vt 0.624512 0.958435
vt 0.624512 0.928894
vt 0.613770 0.958130
vt 0.613770 0.928894
vt 0.614746 0.990608
vt 0.603027 0.928894
vt 0.602539 0.958038
vt 0.603516 0.990608
vt 0.591309 0.928894
vt 0.591309 0.957977
vt 0.592285 0.990608
vt 0.579590 0.928894
vt 0.579590 0.957916
vt 0.580566 0.990608
vt 0.568359 0.928894
vt 0.567871 0.957886
vt 0.568359 0.990608
vt 0.557129 0.928894
vt 0.556152 0.957855
vt 0.555664 0.990608
vt 0.546875 0.928894
vt 0.544434 0.957855
vt 0.542480 0.990608
vt 0.536621 0.928894
vt 0.533203 0.957916
vt 0.530273 0.990608
vt 0.500488 0.582031
vt 0.507324 0.582275
vt 0.500488 0.569824
vt 0.508301 0.569336
vt 0.500488 0.557617
vt 0.515137 0.582275
vt 0.521973 0.582520
vt 0.522461 0.567627
vt 0.515625 0.568359
vt 0.508789 0.556396
vt 0.517578 0.554199
vt 0.524414 0.552734
vt 0.525391 0.548096
vt 0.509766 0.544922
vt 0.500488 0.545410
vt 0.518555 0.544189
vt 0.526367 0.543701
vt 0.511230 0.533936
vt 0.500488 0.533691
vt 0.500488 0.522461
vt 0.521484 0.533691
vt 0.530762 0.532471
vt 0.513184 0.519043
vt 0.500488 0.511963
vt 0.525391 0.520752
vt 0.535645 0.522705
vt 0.515625 0.505371
vt 0.500488 0.501221
vt 0.530273 0.508789
vt 0.543457 0.511475
vt 0.517090 0.496094
vt 0.500488 0.491699
vt 0.515625 0.491699
vt 0.532715 0.491699
vt 0.534180 0.498535
vt 0.549316 0.501465
vt 0.555176 0.491699
vt 0.637695 0.644043
vt 0.638672 0.656494
vt 0.639160 0.666748
vt 0.639160 0.675049
vt 0.639160 0.680420
vt 0.639160 0.686279
vt 0.639160 0.694092
vt 0.639160 0.702637
vt 0.573242 0.591797
vt 0.572266 0.604248
vt 0.571289 0.615967
vt 0.571289 0.625977
vt 0.571289 0.632080
vt 0.571289 0.639160
vt 0.571777 0.645752
vt 0.572266 0.654541
vt 0.583008 0.746338
vt 0.582031 0.737793
vt 0.581543 0.729980
vt 0.581543 0.724365
vt 0.581055 0.719238
vt 0.580566 0.710938
vt 0.581055 0.701172
vt 0.582031 0.689209
vt 0.210083 0.484375
vt 0.185669 0.494141
vt 0.209106 0.488281
vt 0.188110 0.481934
vt 0.181885 0.495117
vt 0.180542 0.481934
vt 0.199097 0.469238
vt 0.213745 0.463379
vt 0.188965 0.471680
vt 0.172729 0.496094
vt 0.189697 0.467285
vt 0.173584 0.482422
vt 0.192383 0.458984
vt 0.181274 0.472656
vt 0.182007 0.467773
vt 0.183960 0.459473
vt 0.195190 0.443359
vt 0.214844 0.445312
vt 0.214844 0.416504
vt 0.181763 0.443359
vt 0.176147 0.459961
vt 0.194824 0.418945
vt 0.193115 0.403809
vt 0.214844 0.394531
vt 0.181396 0.417480
vt 0.167725 0.459961
vt 0.168579 0.443359
vt 0.174561 0.468262
vt 0.166870 0.468262
vt 0.173950 0.473633
vt 0.166504 0.473633
vt 0.166016 0.482910
vt 0.165527 0.497070
vt 0.159302 0.468750
vt 0.158813 0.474121
vt 0.158203 0.482910
vt 0.158203 0.497070
vt 0.159058 0.460449
vt 0.151367 0.483398
vt 0.149536 0.497070
vt 0.145752 0.496094
vt 0.151123 0.473633
vt 0.142578 0.482910
vt 0.122925 0.489746
vt 0.122925 0.468750
vt 0.143677 0.470215
vt 0.152222 0.469238
vt 0.142700 0.459961
vt 0.122925 0.449219
vt 0.151733 0.460938
vt 0.141846 0.445801
vt 0.122925 0.416016
vt 0.155518 0.444336
vt 0.143799 0.417480
vt 0.144653 0.402344
vt 0.122925 0.392578
vt 0.155396 0.416504
vt 0.168213 0.416504
vt 0.155518 0.402832
vt 0.181152 0.403320
vt 0.167603 0.403809
vt 0.184692 0.396973
vt 0.176880 0.396973
vt 0.192383 0.396973
vt 0.192505 0.392578
vt 0.184570 0.392090
vt 0.192993 0.384766
vt 0.214844 0.384277
vt 0.214844 0.370117
vt 0.176636 0.391602
vt 0.184692 0.383789
vt 0.192993 0.369141
vt 0.168091 0.396484
vt 0.176636 0.382812
vt 0.159424 0.396484
vt 0.168091 0.391113
vt 0.168213 0.382812
vt 0.180054 0.369629
vt 0.168335 0.369629
vt 0.159912 0.382324
vt 0.159790 0.391113
vt 0.152222 0.390625
vt 0.152100 0.395996
vt 0.145020 0.395508
vt 0.144775 0.391113
vt 0.152344 0.382812
vt 0.144897 0.382812
vt 0.122925 0.381348
vt 0.156738 0.369141
vt 0.146362 0.367676
vt 0.122925 0.366211
vt 0.168823 0.357422
vt 0.157104 0.355469
vt 0.146240 0.352539
vt 0.134766 0.347168
vt 0.122925 0.344238
vt 0.153564 0.345215
vt 0.135132 0.336914
vt 0.130859 0.323242
vt 0.145264 0.344727
vt 0.141602 0.323730
vt 0.142334 0.310547
vt 0.145630 0.332031
vt 0.149780 0.314453
vt 0.149414 0.331543
vt 0.151855 0.320801
vt 0.158447 0.332520
vt 0.157593 0.311035
vt 0.149658 0.305176
vt 0.158447 0.301270
vt 0.160645 0.348145
vt 0.164062 0.308105
vt 0.170776 0.299805
vt 0.156982 0.315430
vt 0.171387 0.307129
vt 0.183960 0.300781
vt 0.164917 0.312988
vt 0.171021 0.312012
vt 0.178467 0.308105
vt 0.184326 0.311035
vt 0.193604 0.306152
vt 0.176514 0.312988
vt 0.192871 0.314941
vt 0.201294 0.312012
vt 0.183472 0.316406
vt 0.197021 0.321777
vt 0.209106 0.320801
vt 0.187866 0.322266
vt 0.204468 0.335938
vt 0.212891 0.331543
vt 0.214844 0.349121
vt 0.194580 0.333984
vt 0.204224 0.351074
vt 0.192505 0.343750
vt 0.193237 0.353516
vt 0.190063 0.332520
vt 0.185425 0.345703
vt 0.180542 0.355957
vt 0.180420 0.332520
vt 0.177490 0.348145
vt 0.168945 0.349121
vt 0.169434 0.333008
vt 0.161499 0.319824
vt 0.170288 0.319336
vt 0.178345 0.320312
vt 0.157227 0.317383
vt 0.156494 0.316895
vt 0.160645 0.315918
vt 0.160034 0.315430
vt 0.166016 0.314453
vt 0.165649 0.313477
vt 0.171021 0.313477
vt 0.170898 0.313965
vt 0.175781 0.313965
vt 0.175293 0.314453
vt 0.180298 0.315918
vt 0.179321 0.316406
vt 0.182983 0.318359
vt 0.184204 0.318359
vt 0.069824 0.054199
vt 0.062408 0.060547
vt 0.071167 0.062988
vt 0.062805 0.063965
vt 0.049133 0.063477
vt 0.067322 0.067871
vt 0.071960 0.068359
vt 0.049164 0.065918
vt 0.033936 0.063965
vt 0.062622 0.073730
vt 0.073425 0.081055
vt 0.033722 0.067871
vt 0.024124 0.062988
vt 0.024124 0.068359
vt 0.049469 0.074219
vt 0.034607 0.076172
vt 0.024124 0.076660
vt 0.049500 0.085449
vt 0.034851 0.086426
vt 0.024124 0.089355
vt 0.063538 0.084961
vt 0.073975 0.099121
vt 0.049500 0.100098
vt 0.034637 0.100586
vt 0.024124 0.102539
vt 0.063843 0.098633
vt 0.063721 0.107910
vt 0.073975 0.107422
vt 0.049591 0.109863
vt 0.034637 0.110352
vt 0.024124 0.110352
vt 0.024124 0.116699
vt 0.064026 0.119141
vt 0.073975 0.119629
vt 0.049561 0.119629
vt 0.034637 0.120605
vt 0.024124 0.126465
vt 0.049072 0.131836
vt 0.063843 0.132324
vt 0.073975 0.136719
vt 0.034149 0.135254
vt 0.024124 0.141113
vt 0.049225 0.142578
vt 0.064148 0.143066
vt 0.073975 0.147949
vt 0.033600 0.145996
vt 0.024124 0.153809
vt 0.049500 0.157227
vt 0.063721 0.156250
vt 0.074158 0.160645
vt 0.034576 0.159180
vt 0.025864 0.167969
vt 0.062103 0.169434
vt 0.070984 0.172363
vt 0.062134 0.180176
vt 0.038696 0.172363
vt 0.030807 0.176758
vt 0.038605 0.181641
vt 0.050018 0.171387
vt 0.050018 0.183105
vt 0.325928 0.471191
vt 0.296631 0.481934
vt 0.323730 0.485352
vt 0.302002 0.459961
vt 0.329834 0.444824
vt 0.292725 0.458008
vt 0.282227 0.477051
vt 0.302490 0.447266
vt 0.283936 0.458008
vt 0.273193 0.476562
vt 0.293213 0.446777
vt 0.303711 0.436035
vt 0.331299 0.426270
vt 0.293701 0.439453
vt 0.284180 0.447266
vt 0.274414 0.457520
vt 0.264648 0.458008
vt 0.264160 0.476562
vt 0.274902 0.447266
vt 0.256592 0.457520
vt 0.252197 0.479004
vt 0.265869 0.446777
vt 0.257568 0.446289
vt 0.246094 0.458008
vt 0.225220 0.477051
vt 0.223633 0.460449
vt 0.246582 0.446289
vt 0.223511 0.444336
vt 0.246826 0.437012
vt 0.223389 0.429199
vt 0.257812 0.438965
vt 0.245483 0.424316
vt 0.257324 0.432129
vt 0.266113 0.438965
vt 0.244873 0.409180
vt 0.223389 0.410156
vt 0.256348 0.422363
vt 0.265625 0.431641
vt 0.245117 0.387207
vt 0.223389 0.387207
vt 0.260986 0.407227
vt 0.264893 0.421387
vt 0.245972 0.368164
vt 0.223389 0.367188
vt 0.261230 0.385742
vt 0.247559 0.357422
vt 0.223389 0.356934
vt 0.260986 0.367188
vt 0.276123 0.385742
vt 0.257568 0.358398
vt 0.276611 0.406738
vt 0.247070 0.352539
vt 0.276123 0.421387
vt 0.246826 0.345703
vt 0.223389 0.343750
vt 0.275635 0.431152
vt 0.237915 0.325684
vt 0.223389 0.326660
vt 0.223389 0.309082
vt 0.275391 0.438965
vt 0.234863 0.305664
vt 0.223389 0.292969
vt 0.284668 0.439453
vt 0.285645 0.431641
vt 0.295166 0.432129
vt 0.287354 0.421875
vt 0.307373 0.421875
vt 0.297119 0.422363
vt 0.308594 0.407715
vt 0.331299 0.407715
vt 0.331299 0.387207
vt 0.292236 0.407715
vt 0.307861 0.387207
vt 0.331299 0.367676
vt 0.291260 0.386230
vt 0.306396 0.368652
vt 0.290771 0.368164
vt 0.304688 0.357422
vt 0.331299 0.355957
vt 0.295166 0.358887
vt 0.275879 0.367676
vt 0.285889 0.358887
vt 0.294922 0.352539
vt 0.265869 0.358398
vt 0.275879 0.359375
vt 0.285645 0.353027
vt 0.276123 0.353027
vt 0.257812 0.352539
vt 0.266357 0.352539
vt 0.257568 0.345215
vt 0.265869 0.344727
vt 0.276123 0.344238
vt 0.261475 0.329102
vt 0.249390 0.328125
vt 0.286133 0.343750
vt 0.248535 0.311523
vt 0.261475 0.313965
vt 0.276367 0.329102
vt 0.254150 0.298340
vt 0.246094 0.300293
vt 0.233887 0.288086
vt 0.230957 0.270996
vt 0.245605 0.286621
vt 0.248413 0.269043
vt 0.239746 0.258789
vt 0.250244 0.286621
vt 0.254150 0.261719
vt 0.252197 0.250488
vt 0.253906 0.271973
vt 0.262207 0.261230
vt 0.265137 0.255859
vt 0.264648 0.244141
vt 0.270508 0.253906
vt 0.279785 0.242188
vt 0.271240 0.258301
vt 0.278076 0.252441
vt 0.277344 0.257324
vt 0.285156 0.252930
vt 0.293213 0.244629
vt 0.283203 0.257812
vt 0.291504 0.255371
vt 0.305664 0.247070
vt 0.301270 0.262207
vt 0.292969 0.261719
vt 0.307617 0.258789
vt 0.318359 0.256836
vt 0.303467 0.270020
vt 0.312012 0.269531
vt 0.327148 0.269531
vt 0.318848 0.287598
vt 0.331299 0.290527
vt 0.307617 0.285156
vt 0.320312 0.305664
vt 0.331299 0.309082
vt 0.306641 0.297363
vt 0.317383 0.325684
vt 0.331299 0.326660
vt 0.304932 0.312988
vt 0.297119 0.296387
vt 0.318115 0.344238
vt 0.331299 0.343262
vt 0.305420 0.343750
vt 0.304932 0.352051
vt 0.305176 0.328125
vt 0.295410 0.344238
vt 0.291016 0.329102
vt 0.290771 0.312012
vt 0.275879 0.312988
vt 0.286865 0.301758
vt 0.262207 0.303223
vt 0.274414 0.304199
vt 0.274658 0.292480
vt 0.260254 0.289551
vt 0.289062 0.289062
vt 0.261719 0.271973
vt 0.300293 0.287109
vt 0.299561 0.274902
vt 0.295654 0.274902
vt 0.290527 0.272949
vt 0.291992 0.266113
vt 0.292480 0.264648
vt 0.288574 0.261230
vt 0.287598 0.262207
vt 0.282471 0.258301
vt 0.283691 0.271484
vt 0.281982 0.259277
vt 0.276123 0.270996
vt 0.277100 0.258301
vt 0.276855 0.258789
vt 0.269043 0.270996
vt 0.271729 0.259766
vt 0.271484 0.259277
vt 0.267090 0.261719
vt 0.265869 0.261230
vt 0.262451 0.264160
vt 0.261963 0.263672
vt 0.342285 0.471191
vt 0.364502 0.471191
vt 0.341064 0.464355
vt 0.364014 0.464355
vt 0.369629 0.472168
vt 0.364746 0.452148
vt 0.339600 0.442871
vt 0.370850 0.465332
vt 0.378418 0.472168
vt 0.378906 0.466797
vt 0.371826 0.459473
vt 0.380371 0.458984
vt 0.372559 0.452148
vt 0.364990 0.442383
vt 0.364014 0.431641
vt 0.339600 0.431152
vt 0.372559 0.442383
vt 0.363525 0.414062
vt 0.339600 0.416016
vt 0.339600 0.396484
vt 0.375977 0.430664
vt 0.381104 0.442383
vt 0.364014 0.395996
vt 0.339600 0.374023
vt 0.377197 0.412598
vt 0.380859 0.451660
vt 0.390869 0.442383
vt 0.390381 0.451660
vt 0.391357 0.429688
vt 0.400879 0.442383
vt 0.389648 0.458496
vt 0.392090 0.411133
vt 0.388916 0.466309
vt 0.387939 0.472656
vt 0.399902 0.452148
vt 0.399414 0.458984
vt 0.399170 0.466797
vt 0.398193 0.471680
vt 0.409180 0.452148
vt 0.408691 0.465820
vt 0.408936 0.471191
vt 0.417236 0.469238
vt 0.408936 0.458984
vt 0.418945 0.463867
vt 0.432373 0.465820
vt 0.418701 0.451660
vt 0.432617 0.462891
vt 0.445557 0.460449
vt 0.445557 0.450195
vt 0.410156 0.442871
vt 0.418701 0.442871
vt 0.445557 0.439941
vt 0.407227 0.429688
vt 0.422852 0.429688
vt 0.445557 0.426758
vt 0.407715 0.411133
vt 0.424316 0.411621
vt 0.445557 0.412109
vt 0.423828 0.395020
vt 0.445557 0.395508
vt 0.406982 0.394043
vt 0.422119 0.376465
vt 0.445557 0.375000
vt 0.392334 0.394043
vt 0.406982 0.375488
vt 0.377930 0.394531
vt 0.392334 0.375977
vt 0.364990 0.376465
vt 0.377441 0.375977
vt 0.365967 0.366211
vt 0.374268 0.367676
vt 0.365967 0.359863
vt 0.339600 0.354004
vt 0.382812 0.367676
vt 0.374756 0.360352
vt 0.392334 0.367676
vt 0.366211 0.350586
vt 0.383301 0.360840
vt 0.375000 0.351074
vt 0.354004 0.338379
vt 0.339600 0.337402
vt 0.366699 0.335449
vt 0.352539 0.315918
vt 0.339600 0.312500
vt 0.366699 0.319336
vt 0.379883 0.337891
vt 0.352295 0.299316
vt 0.339600 0.299805
vt 0.343750 0.278809
vt 0.364258 0.306152
vt 0.354736 0.280762
vt 0.354004 0.263184
vt 0.364014 0.294922
vt 0.363770 0.267578
vt 0.364502 0.256348
vt 0.365723 0.281250
vt 0.371094 0.261719
vt 0.375244 0.252441
vt 0.371582 0.270996
vt 0.378174 0.257812
vt 0.387695 0.249512
vt 0.378418 0.267090
vt 0.388428 0.256348
vt 0.400146 0.250000
vt 0.382812 0.264648
vt 0.377441 0.271973
vt 0.384521 0.269043
vt 0.389648 0.263184
vt 0.398438 0.257324
vt 0.406982 0.260254
vt 0.414062 0.252930
vt 0.396729 0.264160
vt 0.417480 0.266602
vt 0.427002 0.262207
vt 0.401855 0.266602
vt 0.410156 0.271973
vt 0.428223 0.281250
vt 0.438477 0.277344
vt 0.417236 0.283203
vt 0.432617 0.300781
vt 0.445557 0.304199
vt 0.423096 0.299316
vt 0.433838 0.319824
vt 0.445557 0.317871
vt 0.445557 0.340332
vt 0.425049 0.317383
vt 0.432129 0.340332
vt 0.445557 0.355469
vt 0.416260 0.309570
vt 0.419922 0.351562
vt 0.419678 0.337402
vt 0.419678 0.359863
vt 0.410889 0.352051
vt 0.419922 0.365234
vt 0.410645 0.360352
vt 0.411133 0.366699
vt 0.402100 0.367188
vt 0.401855 0.360840
vt 0.402100 0.351074
vt 0.392578 0.360840
vt 0.393066 0.351074
vt 0.383789 0.351074
vt 0.393555 0.338867
vt 0.406738 0.338867
vt 0.392822 0.325195
vt 0.379639 0.323242
vt 0.405762 0.323242
vt 0.392578 0.315918
vt 0.380371 0.313477
vt 0.416992 0.321289
vt 0.405029 0.313477
vt 0.409912 0.303223
vt 0.400879 0.307617
vt 0.392578 0.308594
vt 0.402588 0.293457
vt 0.384277 0.307617
vt 0.392090 0.294922
vt 0.377686 0.304199
vt 0.384766 0.294434
vt 0.371582 0.300293
vt 0.376465 0.291992
vt 0.369873 0.291992
vt 0.371826 0.280762
vt 0.385254 0.280273
vt 0.377930 0.280762
vt 0.376953 0.273438
vt 0.378174 0.273926
vt 0.380615 0.270996
vt 0.381836 0.271973
vt 0.385254 0.269531
vt 0.385742 0.270508
vt 0.391357 0.279785
vt 0.390381 0.267578
vt 0.390625 0.268555
vt 0.396240 0.268066
vt 0.390381 0.269531
vt 0.395264 0.269531
vt 0.395752 0.268555
vt 0.404053 0.271484
vt 0.401123 0.270996
vt 0.399902 0.271484
vt 0.397705 0.279785
vt 0.403076 0.280762
vt 0.403564 0.274414
vt 0.405029 0.273926
vt 0.409424 0.279297
vt 0.411621 0.277832
vt 0.411621 0.292480
vt 0.414795 0.289551
vt 0.258057 0.063965
vt 0.251709 0.064941
vt 0.258057 0.071289
vt 0.251221 0.076660
vt 0.258057 0.078125
vt 0.243286 0.075195
vt 0.243896 0.061523
vt 0.250977 0.086914
vt 0.258057 0.087402
vt 0.230835 0.060547
vt 0.250000 0.099121
vt 0.258057 0.098633
vt 0.242920 0.088379
vt 0.230591 0.074707
vt 0.230713 0.087402
vt 0.242798 0.108398
vt 0.230469 0.107910
vt 0.250732 0.111816
vt 0.258057 0.112305
vt 0.241577 0.130371
vt 0.250244 0.129883
vt 0.258057 0.128418
vt 0.229858 0.130371
vt 0.250000 0.144043
vt 0.258057 0.143066
vt 0.258057 0.155273
vt 0.241333 0.144043
vt 0.229614 0.144043
vt 0.249634 0.157227
vt 0.258057 0.174316
vt 0.230103 0.154785
vt 0.241577 0.154785
vt 0.219238 0.168457
vt 0.241943 0.166016
vt 0.230225 0.166016
vt 0.219238 0.178223
vt 0.230957 0.176270
vt 0.242676 0.175781
vt 0.250000 0.170898
vt 0.250244 0.181641
vt 0.258057 0.187012
vt 0.243530 0.189453
vt 0.250732 0.194824
vt 0.257324 0.206543
vt 0.231445 0.188965
vt 0.243530 0.204590
vt 0.250000 0.206055
vt 0.249634 0.217773
vt 0.253906 0.218262
vt 0.249146 0.228027
vt 0.242554 0.216797
vt 0.242676 0.225586
vt 0.241943 0.231445
vt 0.232056 0.205078
vt 0.232910 0.218750
vt 0.233521 0.227051
vt 0.234375 0.232910
vt 0.225464 0.232422
vt 0.223511 0.226562
vt 0.222656 0.218262
vt 0.220947 0.206055
vt 0.219482 0.190918
vt 0.624512 0.339844
vt 0.627441 0.330078
vt 0.627441 0.339844
vt 0.624512 0.330078
vt 0.627441 0.319824
vt 0.609863 0.330078
vt 0.609863 0.339844
vt 0.624512 0.319824
vt 0.627441 0.307129
vt 0.609863 0.319824
vt 0.605469 0.330078
vt 0.605469 0.339844
vt 0.602051 0.361328
vt 0.602051 0.330078
vt 0.605469 0.319824
vt 0.602051 0.307129
vt 0.609863 0.307129
vt 0.605469 0.307129
vt 0.624512 0.307129
vt 0.609863 0.292969
vt 0.605469 0.292969
vt 0.624512 0.292969
vt 0.627441 0.292969
vt 0.627441 0.278320
vt 0.609863 0.278320
vt 0.624512 0.278320
vt 0.627441 0.267578
vt 0.624512 0.267578
vt 0.627441 0.257324
vt 0.605469 0.278320
vt 0.602051 0.278320
vt 0.609863 0.267578
vt 0.624512 0.257324
vt 0.624512 0.246094
vt 0.627441 0.246094
vt 0.609863 0.246094
vt 0.605469 0.267578
vt 0.609863 0.257324
vt 0.605469 0.257324
vt 0.602051 0.257324
vt 0.605469 0.246094
vt 0.569336 0.254395
vt 0.566406 0.274414
vt 0.566406 0.254395
vt 0.569336 0.264160
vt 0.573242 0.254395
vt 0.569336 0.274414
vt 0.566406 0.302734
vt 0.573242 0.264160
vt 0.573242 0.274414
vt 0.588379 0.264160
vt 0.588379 0.254395
vt 0.588379 0.274414
vt 0.591309 0.264160
vt 0.591309 0.254395
vt 0.591309 0.274414
vt 0.588379 0.289062
vt 0.591309 0.289062
vt 0.591309 0.302734
vt 0.573242 0.289062
vt 0.588379 0.302734
vt 0.591309 0.315918
vt 0.569336 0.289062
vt 0.569336 0.302734
vt 0.573242 0.302734
vt 0.569336 0.315918
vt 0.566406 0.325684
vt 0.573242 0.315918
vt 0.588379 0.315918
vt 0.591309 0.325684
vt 0.569336 0.325684
vt 0.573242 0.325684
vt 0.569336 0.335449
vt 0.566406 0.355957
vt 0.573242 0.335449
vt 0.588379 0.335449
vt 0.591309 0.335449
vt 0.588379 0.325684
vt 0.517578 0.332520
vt 0.520020 0.322754
vt 0.520020 0.332520
vt 0.517578 0.322754
vt 0.503906 0.332520
vt 0.517578 0.312500
vt 0.520020 0.312500
vt 0.503906 0.322754
vt 0.500488 0.332520
vt 0.517578 0.299805
vt 0.520020 0.299805
vt 0.503906 0.312500
vt 0.500488 0.322754
vt 0.498779 0.342285
vt 0.498779 0.322754
vt 0.500488 0.312500
vt 0.503906 0.299805
vt 0.500488 0.299805
vt 0.498779 0.299805
vt 0.500488 0.286133
vt 0.503906 0.286133
vt 0.500488 0.272461
vt 0.498779 0.272461
vt 0.517578 0.286133
vt 0.520020 0.286133
vt 0.520020 0.272461
vt 0.503906 0.272461
vt 0.517578 0.272461
vt 0.520020 0.262695
vt 0.500488 0.262695
vt 0.500488 0.252930
vt 0.498779 0.252930
vt 0.503906 0.252930
vt 0.503906 0.262695
vt 0.517578 0.262695
vt 0.517578 0.252930
vt 0.520020 0.252930
vt 0.531738 0.268066
vt 0.534668 0.268066
vt 0.531738 0.280762
vt 0.547363 0.268066
vt 0.534668 0.280762
vt 0.550293 0.268066
vt 0.531738 0.293945
vt 0.547363 0.280762
vt 0.550293 0.280762
vt 0.556152 0.280762
vt 0.547363 0.293945
vt 0.534668 0.293945
vt 0.550293 0.293945
vt 0.550293 0.307617
vt 0.547363 0.307617
vt 0.556152 0.307617
vt 0.534668 0.307617
vt 0.531738 0.307617
vt 0.531738 0.319824
vt 0.547363 0.319824
vt 0.534668 0.319824
vt 0.531738 0.330566
vt 0.534668 0.330566
vt 0.531738 0.340820
vt 0.534668 0.340820
vt 0.547363 0.330566
vt 0.547363 0.340820
vt 0.550293 0.340820
vt 0.556152 0.330566
vt 0.556152 0.340820
vt 0.550293 0.330566
vt 0.550293 0.319824
vt 0.465576 0.248047
vt 0.462646 0.259766
vt 0.462646 0.248047
vt 0.465576 0.259766
vt 0.462646 0.270020
vt 0.480713 0.259766
vt 0.480713 0.248047
vt 0.465576 0.270020
vt 0.462646 0.280762
vt 0.483398 0.248047
vt 0.465576 0.280762
vt 0.462646 0.292969
vt 0.480713 0.270020
vt 0.483398 0.259766
vt 0.489014 0.259766
vt 0.489014 0.248047
vt 0.483398 0.270020
vt 0.489014 0.270020
vt 0.480713 0.280762
vt 0.483398 0.280762
vt 0.489014 0.292969
vt 0.465576 0.292969
vt 0.462646 0.306152
vt 0.483398 0.292969
vt 0.480713 0.292969
vt 0.465576 0.306152
vt 0.462646 0.318359
vt 0.480713 0.306152
vt 0.483398 0.306152
vt 0.489014 0.306152
vt 0.480713 0.318359
vt 0.465576 0.318359
vt 0.462646 0.330078
vt 0.483398 0.318359
vt 0.489014 0.330078
vt 0.483398 0.330078
vt 0.480713 0.330078
vt 0.483398 0.340332
vt 0.489014 0.350586
vt 0.465576 0.330078
vt 0.480713 0.340332
vt 0.465576 0.340332
vt 0.462646 0.340332
vt 0.465576 0.350586
vt 0.462646 0.350586
vt 0.483398 0.350586
vt 0.480713 0.350586
vt 0.465576 0.362305
vt 0.462646 0.362305
vt 0.480713 0.362305
vt 0.483398 0.362305
vt 0.489014 0.362305
vt 0.465576 0.375488
vt 0.462646 0.375488
vt 0.462646 0.387695
vt 0.483398 0.375488
vt 0.489014 0.375488
vt 0.480713 0.375488
vt 0.465576 0.387695
vt 0.462646 0.397949
vt 0.483398 0.387695
vt 0.480713 0.387695
vt 0.465576 0.397949
vt 0.462646 0.410156
vt 0.480713 0.397949
vt 0.483398 0.397949
vt 0.489014 0.397949
vt 0.480713 0.410156
vt 0.483398 0.410156
vt 0.489014 0.410156
vt 0.465576 0.410156
vt 0.483398 0.424316
vt 0.489014 0.424316
vt 0.465576 0.424316
vt 0.462646 0.424316
vt 0.462891 0.430664
vt 0.480713 0.424316
vt 0.465576 0.437500
vt 0.462646 0.437500
vt 0.462646 0.449707
vt 0.483398 0.437500
vt 0.489014 0.449707
vt 0.480713 0.437500
vt 0.465576 0.449707
vt 0.462646 0.459473
vt 0.465576 0.459473
vt 0.480713 0.459473
vt 0.480713 0.449707
vt 0.483398 0.449707
vt 0.483398 0.459473
vt 0.489014 0.459473
vt 0.462646 0.470703
vt 0.465576 0.470703
vt 0.462646 0.482910
vt 0.465576 0.482910
vt 0.480713 0.482910
vt 0.480713 0.470703
vt 0.483398 0.470703
vt 0.483398 0.482910
vt 0.489014 0.470703
vt 0.673828 0.161621
vt 0.668945 0.149414
vt 0.673828 0.149414
vt 0.659668 0.149414
vt 0.659668 0.161621
vt 0.668945 0.161621
vt 0.673828 0.175293
vt 0.659668 0.175293
vt 0.668945 0.175293
vt 0.673828 0.192383
vt 0.659668 0.192383
vt 0.668945 0.192383
vt 0.673828 0.209961
vt 0.659668 0.209961
vt 0.668945 0.209961
vt 0.673828 0.229004
vt 0.659668 0.229004
vt 0.668945 0.229004
vt 0.673828 0.247070
vt 0.659668 0.247070
vt 0.668945 0.247070
vt 0.673828 0.260742
vt 0.659668 0.260742
vt 0.668945 0.260742
vt 0.673828 0.273926
vt 0.659668 0.273926
vt 0.668945 0.273926
vt 0.815918 0.275879
vt 0.773438 0.275879
vt 0.815918 0.270020
vt 0.773438 0.270020
vt 0.723633 0.275879
vt 0.723633 0.270020
vt 0.773438 0.259277
vt 0.815918 0.259277
vt 0.815918 0.256348
vt 0.773438 0.256348
vt 0.723633 0.256348
vt 0.723633 0.259277
vt 0.706543 0.270020
vt 0.706543 0.259277
vt 0.706543 0.256348
vt 0.650391 0.256836
vt 0.650391 0.270996
vt 0.642578 0.270996
vt 0.642578 0.256836
vt 0.650391 0.240723
vt 0.638184 0.256836
vt 0.638184 0.270996
vt 0.642578 0.240723
vt 0.638184 0.240723
vt 0.642578 0.225098
vt 0.650391 0.225098
vt 0.638184 0.225098
vt 0.642578 0.208496
vt 0.650391 0.208496
vt 0.638184 0.208496
vt 0.650391 0.193359
vt 0.642578 0.193359
vt 0.638184 0.193359
vt 0.650391 0.177734
vt 0.642578 0.177734
vt 0.638184 0.177734
vt 0.650391 0.161133
vt 0.642578 0.161133
vt 0.638184 0.161133
vt 0.642578 0.146973
vt 0.650391 0.146973
vt 0.638184 0.146973
vt 0.954590 0.864258
vt 0.955566 0.855835
vt 0.965820 0.866455
vt 0.947266 0.840942
vt 0.968262 0.859863
vt 0.969238 0.867188
vt 0.971191 0.859863
vt 0.972168 0.849487
vt 0.969238 0.848999
vt 0.973633 0.833130
vt 0.958008 0.843994
vt 0.971191 0.833008
vt 0.974609 0.814453
vt 0.978516 0.814209
vt 0.960938 0.828613
vt 0.979492 0.796753
vt 0.983887 0.795898
vt 0.964844 0.811279
vt 0.950684 0.825806
vt 0.979980 0.784668
vt 0.984863 0.784058
vt 0.985352 0.778809
vt 0.979980 0.779297
vt 0.968262 0.795532
vt 0.968750 0.783203
vt 0.969727 0.778442
vt 0.958984 0.794189
vt 0.959961 0.781860
vt 0.961914 0.777588
vt 0.951172 0.776123
vt 0.953125 0.807739
vt 0.950195 0.793579
vt 0.949707 0.780151
vt 0.941895 0.774048
vt 0.940430 0.824097
vt 0.940918 0.808716
vt 0.939453 0.794434
vt 0.940430 0.777832
vt 0.957520 0.031738
vt 0.954102 0.029297
vt 0.952148 0.043945
vt 0.951172 0.019043
vt 0.958496 0.010742
vt 0.950195 0.013672
vt 0.948242 0.010742
vt 0.936523 0.015137
vt 0.937012 0.010742
vt 0.926758 0.010742
vt 0.937988 0.023926
vt 0.926758 0.015137
vt 0.916992 0.010742
vt 0.927246 0.025391
vt 0.940430 0.035156
vt 0.914551 0.016602
vt 0.908203 0.010742
vt 0.949219 0.044434
vt 0.898926 0.016113
vt 0.897461 0.010742
vt 0.886230 0.010742
vt 0.953125 0.052734
vt 0.958496 0.054688
vt 0.955078 0.059570
vt 0.945312 0.051758
vt 0.951660 0.058594
vt 0.948730 0.063965
vt 0.952148 0.066406
vt 0.940430 0.056641
vt 0.944336 0.072266
vt 0.946777 0.073730
vt 0.942383 0.083008
vt 0.929199 0.041992
vt 0.938965 0.083008
vt 0.938477 0.092773
vt 0.936523 0.069824
vt 0.929688 0.060547
vt 0.914551 0.027344
vt 0.917480 0.047852
vt 0.898926 0.026367
vt 0.898926 0.044434
vt 0.917480 0.064453
vt 0.884766 0.024902
vt 0.897949 0.062500
vt 0.915039 0.065918
vt 0.884277 0.014648
vt 0.875977 0.010742
vt 0.874512 0.014160
vt 0.866699 0.010742
vt 0.864746 0.014160
vt 0.855957 0.010742
vt 0.874512 0.023438
vt 0.852539 0.015137
vt 0.844727 0.010742
vt 0.852051 0.024902
vt 0.864258 0.022949
vt 0.850098 0.045898
vt 0.862793 0.041504
vt 0.847168 0.069824
vt 0.859863 0.056152
vt 0.873535 0.042969
vt 0.842773 0.084473
vt 0.842285 0.087402
vt 0.857422 0.072754
vt 0.845215 0.090820
vt 0.843750 0.093750
vt 0.854492 0.083008
vt 0.845703 0.102539
vt 0.844238 0.105469
vt 0.852539 0.090820
vt 0.848145 0.113770
vt 0.847168 0.116699
vt 0.852539 0.101074
vt 0.866211 0.084473
vt 0.865723 0.093262
vt 0.855469 0.108398
vt 0.858398 0.121582
vt 0.856934 0.124512
vt 0.867676 0.129395
vt 0.866211 0.100098
vt 0.864746 0.114746
vt 0.869141 0.126953
vt 0.879395 0.134277
vt 0.873535 0.108398
vt 0.881348 0.131348
vt 0.893066 0.134277
vt 0.874512 0.121582
vt 0.895020 0.130859
vt 0.904785 0.131348
vt 0.884766 0.124023
vt 0.881348 0.110352
vt 0.882812 0.099121
vt 0.884277 0.108398
vt 0.885742 0.099609
vt 0.885254 0.089844
vt 0.881836 0.090332
vt 0.883301 0.082520
vt 0.879883 0.081543
vt 0.880859 0.074707
vt 0.869629 0.074219
vt 0.878418 0.075195
vt 0.881836 0.063477
vt 0.879395 0.062012
vt 0.873047 0.060547
vt 0.883301 0.043945
vt 0.896973 0.060547
vt 0.916992 0.077148
vt 0.915039 0.077148
vt 0.911133 0.082031
vt 0.931641 0.080078
vt 0.909180 0.087891
vt 0.905273 0.089844
vt 0.920410 0.084473
vt 0.935059 0.092285
vt 0.934570 0.104980
vt 0.927734 0.088379
vt 0.931152 0.104004
vt 0.923340 0.099609
vt 0.915039 0.093262
vt 0.904785 0.096680
vt 0.900391 0.103027
vt 0.909668 0.101074
vt 0.898926 0.112305
vt 0.897461 0.109863
vt 0.920410 0.108887
vt 0.923828 0.120117
vt 0.925293 0.124023
vt 0.912598 0.116211
vt 0.916504 0.124512
vt 0.924316 0.127930
vt 0.914551 0.129395
vt 0.905762 0.113770
vt 0.904297 0.123047
vt 0.906738 0.127930
vt 0.895020 0.125488
vt 0.890625 0.111816
vt 0.890625 0.109375
vt 0.598633 0.912109
vt 0.587891 0.912109
vt 0.592285 0.905457
vt 0.583008 0.904907
vt 0.575684 0.912109
vt 0.589844 0.901428
vt 0.601074 0.906311
vt 0.590332 0.885986
vt 0.575195 0.905151
vt 0.583496 0.887634
vt 0.584473 0.875061
vt 0.583496 0.901184
vt 0.576172 0.875000
vt 0.580566 0.864990
vt 0.573730 0.870239
vt 0.572754 0.874878
vt 0.562500 0.873413
vt 0.571289 0.876221
vt 0.562500 0.869141
vt 0.574707 0.861084
vt 0.561523 0.861084
vt 0.549316 0.869019
vt 0.548340 0.861084
vt 0.549805 0.873291
vt 0.536621 0.869019
vt 0.535645 0.861084
vt 0.537109 0.873169
vt 0.562500 0.875122
vt 0.524414 0.869019
vt 0.523438 0.861084
vt 0.524414 0.873169
vt 0.512207 0.868896
vt 0.512207 0.861084
vt 0.512207 0.872925
vt 0.537109 0.875000
vt 0.496582 0.868042
vt 0.502441 0.861084
vt 0.524902 0.875000
vt 0.549805 0.875000
vt 0.538086 0.899536
vt 0.550781 0.899719
vt 0.562988 0.900024
vt 0.525391 0.899536
vt 0.538086 0.901306
vt 0.525391 0.901306
vt 0.512695 0.899170
vt 0.550293 0.901489
vt 0.512207 0.874634
vt 0.512695 0.900940
vt 0.496582 0.873535
vt 0.500000 0.899109
vt 0.500000 0.900940
vt 0.496826 0.871582
vt 0.492676 0.871582
vt 0.492188 0.868652
vt 0.491699 0.872925
vt 0.490234 0.855835
vt 0.488525 0.899109
vt 0.493408 0.855103
vt 0.497314 0.851562
vt 0.494141 0.845337
vt 0.491455 0.845337
vt 0.489502 0.855957
vt 0.481445 0.845337
vt 0.490479 0.869141
vt 0.483398 0.856323
vt 0.471436 0.845337
vt 0.485107 0.869751
vt 0.472656 0.856567
vt 0.460938 0.845337
vt 0.474365 0.870117
vt 0.461670 0.856689
vt 0.449463 0.845337
vt 0.476807 0.899353
vt 0.462646 0.870483
vt 0.449463 0.856812
vt 0.437256 0.856445
vt 0.437256 0.845337
vt 0.450684 0.870850
vt 0.427002 0.856934
vt 0.425293 0.845337
vt 0.439941 0.871460
vt 0.431396 0.871948
vt 0.422363 0.857300
vt 0.412354 0.845337
vt 0.427734 0.872681
vt 0.418701 0.857666
vt 0.424316 0.880188
vt 0.424072 0.873291
vt 0.437744 0.904663
vt 0.440674 0.912109
vt 0.441406 0.903015
vt 0.445312 0.901672
vt 0.442627 0.903992
vt 0.440186 0.909119
vt 0.444580 0.907349
vt 0.453125 0.912109
vt 0.445801 0.903015
vt 0.447998 0.906006
vt 0.453613 0.905701
vt 0.464600 0.912109
vt 0.447510 0.902649
vt 0.465088 0.905396
vt 0.476074 0.912109
vt 0.453369 0.901978
vt 0.447266 0.901123
vt 0.453369 0.900330
vt 0.465088 0.901428
vt 0.465088 0.899719
vt 0.476807 0.905151
vt 0.487793 0.912109
vt 0.476807 0.901123
vt 0.488525 0.904968
vt 0.499756 0.912109
vt 0.488525 0.900940
vt 0.500488 0.904846
vt 0.511719 0.912109
vt 0.512695 0.904663
vt 0.524414 0.912109
vt 0.525391 0.904968
vt 0.537598 0.912109
vt 0.538086 0.904785
vt 0.550293 0.912109
vt 0.550293 0.904785
vt 0.562988 0.912109
vt 0.562988 0.901794
vt 0.562988 0.904968
vt 0.574219 0.900452
vt 0.574707 0.902039
vt 0.582031 0.900330
vt 0.586426 0.815186
vt 0.586914 0.810425
vt 0.586914 0.803711
vt 0.586914 0.798706
vt 0.587402 0.793945
vt 0.587402 0.786133
vt 0.587402 0.777100
vt 0.586914 0.764893
vt 0.862305 0.289551
vt 0.862305 0.298340
vt 0.872070 0.289551
vt 0.872070 0.298340
vt 0.881348 0.289551
vt 0.862305 0.303711
vt 0.881348 0.298340
vt 0.890625 0.289551
vt 0.872070 0.303711
vt 0.890625 0.298340
vt 0.898926 0.289551
vt 0.881348 0.303711
vt 0.898926 0.298340
vt 0.890625 0.303711
vt 0.898926 0.303711
vt 0.898926 0.307617
vt 0.890625 0.307617
vt 0.881348 0.307617
vt 0.898926 0.313477
vt 0.872070 0.307617
vt 0.898926 0.317383
vt 0.898926 0.319336
vt 0.890625 0.313477
vt 0.890625 0.317383
vt 0.890625 0.319336
vt 0.881348 0.313477
vt 0.881348 0.317383
vt 0.881348 0.319336
vt 0.872070 0.313477
vt 0.872070 0.317383
vt 0.872070 0.319336
vt 0.862305 0.319336
vt 0.862305 0.307617
vt 0.862305 0.313477
vt 0.862305 0.317383
vt 0.853027 0.319336
vt 0.853027 0.307617
vt 0.853027 0.313477
vt 0.853027 0.317383
vt 0.843750 0.319336
vt 0.853027 0.303711
vt 0.843750 0.307617
vt 0.843750 0.303711
vt 0.843750 0.313477
vt 0.834961 0.307617
vt 0.834961 0.303711
vt 0.843750 0.317383
vt 0.834961 0.319336
vt 0.834961 0.313477
vt 0.834961 0.317383
vt 0.826172 0.319336
vt 0.826172 0.313477
vt 0.826172 0.317383
vt 0.817871 0.319336
vt 0.826172 0.307617
vt 0.817871 0.313477
vt 0.817871 0.317383
vt 0.809570 0.317383
vt 0.809570 0.319336
vt 0.809570 0.313477
vt 0.801758 0.317383
vt 0.801758 0.319336
vt 0.817871 0.307617
vt 0.793457 0.317383
vt 0.793457 0.319336
vt 0.801758 0.313477
vt 0.809570 0.307617
vt 0.793457 0.313477
vt 0.801758 0.307617
vt 0.784668 0.317383
vt 0.784668 0.319336
vt 0.784668 0.313477
vt 0.775391 0.317383
vt 0.775391 0.319336
vt 0.775391 0.313477
vt 0.793457 0.307617
vt 0.784668 0.307617
vt 0.766113 0.313477
vt 0.766113 0.317383
vt 0.766113 0.319336
vt 0.775391 0.307617
vt 0.756836 0.317383
vt 0.756836 0.319336
vt 0.756836 0.313477
vt 0.748047 0.317383
vt 0.748047 0.319336
vt 0.739746 0.319336
vt 0.766113 0.307617
vt 0.739746 0.317383
vt 0.731445 0.319336
vt 0.748047 0.313477
vt 0.756836 0.307617
vt 0.731445 0.317383
vt 0.723145 0.319336
vt 0.739746 0.313477
vt 0.723145 0.317383
vt 0.714355 0.319336
vt 0.731445 0.313477
vt 0.739746 0.307617
vt 0.714355 0.317383
vt 0.705078 0.319336
vt 0.748047 0.307617
vt 0.731445 0.307617
vt 0.739746 0.303711
vt 0.748047 0.303711
vt 0.756836 0.303711
vt 0.748047 0.298340
vt 0.766113 0.303711
vt 0.756836 0.298340
vt 0.766113 0.298340
vt 0.775391 0.303711
vt 0.775391 0.298340
vt 0.756836 0.289551
vt 0.766113 0.289551
vt 0.748047 0.289551
vt 0.775391 0.289551
vt 0.739746 0.298340
vt 0.739746 0.289551
vt 0.784668 0.298340
vt 0.784668 0.289551
vt 0.784668 0.303711
vt 0.793457 0.298340
vt 0.793457 0.289551
vt 0.793457 0.303711
vt 0.801758 0.298340
vt 0.801758 0.289551
vt 0.801758 0.303711
vt 0.809570 0.298340
vt 0.809570 0.303711
vt 0.809570 0.289551
vt 0.817871 0.303711
vt 0.817871 0.298340
vt 0.817871 0.289551
vt 0.826172 0.303711
vt 0.826172 0.298340
vt 0.826172 0.289551
vt 0.731445 0.303711
vt 0.731445 0.298340
vt 0.731445 0.289551
vt 0.723145 0.307617
vt 0.723145 0.303711
vt 0.723145 0.298340
vt 0.723145 0.289551
vt 0.723145 0.313477
vt 0.714355 0.313477
vt 0.714355 0.307617
vt 0.705078 0.313477
vt 0.714355 0.303711
vt 0.705078 0.307617
vt 0.705078 0.317383
vt 0.695801 0.319336
vt 0.695801 0.313477
vt 0.695801 0.317383
vt 0.686523 0.319336
vt 0.695801 0.307617
vt 0.686523 0.317383
vt 0.676758 0.319336
vt 0.686523 0.313477
vt 0.676758 0.317383
vt 0.667480 0.319336
vt 0.676758 0.313477
vt 0.667480 0.317383
vt 0.658691 0.319336
vt 0.667480 0.313477
vt 0.686523 0.307617
vt 0.676758 0.307617
vt 0.658691 0.313477
vt 0.658691 0.317383
vt 0.649902 0.319336
vt 0.667480 0.307617
vt 0.649902 0.317383
vt 0.641602 0.319336
vt 0.641602 0.317383
vt 0.641602 0.313477
vt 0.649902 0.313477
vt 0.649902 0.307617
vt 0.641602 0.307617
vt 0.658691 0.307617
vt 0.649902 0.303711
vt 0.641602 0.303711
vt 0.641602 0.298340
vt 0.658691 0.303711
vt 0.649902 0.298340
vt 0.641602 0.289551
vt 0.649902 0.289551
vt 0.658691 0.298340
vt 0.658691 0.289551
vt 0.667480 0.303711
vt 0.667480 0.298340
vt 0.667480 0.289551
vt 0.676758 0.303711
vt 0.676758 0.298340
vt 0.676758 0.289551
vt 0.686523 0.303711
vt 0.686523 0.298340
vt 0.686523 0.289551
vt 0.695801 0.303711
vt 0.695801 0.298340
vt 0.695801 0.289551
vt 0.705078 0.303711
vt 0.705078 0.298340
vt 0.705078 0.289551
vt 0.714355 0.298340
vt 0.714355 0.289551
vt 0.088013 0.549316
vt 0.067810 0.546631
vt 0.051025 0.545166
vt 0.067566 0.528076
vt 0.088013 0.530273
vt 0.088013 0.508301
vt 0.070923 0.508301
vt 0.050415 0.508301
vt 0.050629 0.527344
vt 0.035980 0.527100
vt 0.034210 0.508301
vt 0.022842 0.508301
vt 0.022842 0.527344
vt 0.022842 0.543701
vt 0.036560 0.544434
vt 0.039093 0.496582
vt 0.027161 0.482422
vt 0.027161 0.492676
vt 0.047485 0.480957
vt 0.047638 0.492676
vt 0.048737 0.496094
vt 0.055542 0.497070
vt 0.055939 0.490234
vt 0.063049 0.489258
vt 0.063660 0.497559
vt 0.056335 0.480469
vt 0.071167 0.487793
vt 0.071655 0.497070
vt 0.063477 0.479980
vt 0.056244 0.477051
vt 0.079285 0.486328
vt 0.079407 0.495605
vt 0.071289 0.479004
vt 0.063293 0.475586
vt 0.055511 0.472656
vt 0.045380 0.472656
vt 0.027161 0.471191
vt 0.044617 0.461914
vt 0.027161 0.455078
vt 0.057770 0.460449
vt 0.044128 0.437500
vt 0.027161 0.439453
vt 0.027161 0.428711
vt 0.062866 0.470703
vt 0.044281 0.425781
vt 0.027161 0.419922
vt 0.057648 0.435059
vt 0.070496 0.458008
vt 0.071045 0.469727
vt 0.071228 0.474121
vt 0.079407 0.468262
vt 0.079346 0.473145
vt 0.079285 0.477539
vt 0.087585 0.467285
vt 0.087280 0.471680
vt 0.087036 0.476074
vt 0.083923 0.456055
vt 0.095886 0.468262
vt 0.097229 0.455078
vt 0.083862 0.431152
vt 0.095154 0.474121
vt 0.115112 0.467773
vt 0.115112 0.450195
vt 0.113953 0.475098
vt 0.097534 0.430664
vt 0.115112 0.427734
vt 0.115112 0.416504
vt 0.094360 0.483887
vt 0.111755 0.486328
vt 0.093018 0.491211
vt 0.086731 0.484863
vt 0.087708 0.493652
vt 0.097290 0.417969
vt 0.096802 0.407227
vt 0.115112 0.399902
vt 0.084351 0.419434
vt 0.096252 0.399902
vt 0.115112 0.378906
vt 0.088562 0.411621
vt 0.088501 0.405762
vt 0.069885 0.432617
vt 0.080261 0.412598
vt 0.070862 0.420898
vt 0.058472 0.422852
vt 0.071411 0.413574
vt 0.062805 0.414551
vt 0.055298 0.416016
vt 0.044983 0.417480
vt 0.045135 0.413086
vt 0.055756 0.410156
vt 0.045715 0.406738
vt 0.027161 0.407227
vt 0.063416 0.409180
vt 0.056244 0.404785
vt 0.042206 0.387207
vt 0.027161 0.389648
vt 0.051025 0.394043
vt 0.041016 0.375977
vt 0.029648 0.369141
vt 0.052795 0.374023
vt 0.042664 0.366211
vt 0.034485 0.354492
vt 0.048462 0.354980
vt 0.047699 0.340332
vt 0.052185 0.365234
vt 0.059021 0.344727
vt 0.056946 0.355469
vt 0.067078 0.340332
vt 0.064392 0.331055
vt 0.065186 0.347168
vt 0.062408 0.354492
vt 0.071899 0.338379
vt 0.079895 0.329590
vt 0.070129 0.344727
vt 0.069824 0.347656
vt 0.073425 0.343750
vt 0.078674 0.337891
vt 0.084290 0.339355
vt 0.093384 0.333008
vt 0.073669 0.346191
vt 0.077637 0.343262
vt 0.077209 0.345703
vt 0.081360 0.343750
vt 0.080627 0.345703
vt 0.084412 0.344727
vt 0.088318 0.340332
vt 0.103210 0.340820
vt 0.087097 0.346680
vt 0.093018 0.345215
vt 0.100281 0.353027
vt 0.110901 0.353027
vt 0.091675 0.354492
vt 0.084595 0.347168
vt 0.087891 0.354492
vt 0.095947 0.362305
vt 0.104675 0.366699
vt 0.115112 0.366211
vt 0.093079 0.372070
vt 0.094543 0.388184
vt 0.087891 0.368652
vt 0.088257 0.399902
vt 0.083313 0.377441
vt 0.083679 0.389648
vt 0.080322 0.400879
vt 0.080261 0.406738
vt 0.071716 0.407715
vt 0.071960 0.401855
vt 0.072388 0.391602
vt 0.063660 0.403320
vt 0.061432 0.393066
vt 0.063538 0.379395
vt 0.073303 0.379395
vt 0.080566 0.372559
vt 0.066345 0.373047
vt 0.082153 0.353516
vt 0.073547 0.373535
vt 0.061798 0.371582
vt 0.069458 0.354004
vt 0.057373 0.366699
vt 0.075562 0.353516
vt 0.069641 0.349121
vt 0.068970 0.348633
vt 0.072266 0.347656
vt 0.071716 0.347656
vt 0.074646 0.347168
vt 0.074280 0.346680
vt 0.076965 0.347168
vt 0.077087 0.346680
vt 0.079468 0.347168
vt 0.079895 0.346680
vt 0.081909 0.347656
vt 0.082397 0.347656
vt 0.083252 0.348145
vt 0.083984 0.348145
vt 0.566406 0.457031
vt 0.569336 0.457031
vt 0.569336 0.444336
vt 0.566406 0.434570
vt 0.569336 0.434570
vt 0.573242 0.457031
vt 0.573242 0.444336
vt 0.588379 0.457031
vt 0.591309 0.457031
vt 0.591309 0.444336
vt 0.588379 0.444336
vt 0.591309 0.434570
vt 0.588379 0.434570
vt 0.573242 0.434570
vt 0.588379 0.423828
vt 0.591309 0.423828
vt 0.573242 0.423828
vt 0.569336 0.423828
vt 0.566406 0.423828
vt 0.569336 0.412598
vt 0.566406 0.412598
vt 0.573242 0.412598
vt 0.569336 0.400879
vt 0.566406 0.400879
vt 0.588379 0.412598
vt 0.591309 0.412598
vt 0.573242 0.400879
vt 0.569336 0.390625
vt 0.566406 0.380371
vt 0.588379 0.400879
vt 0.591309 0.400879
vt 0.573242 0.390625
vt 0.588379 0.390625
vt 0.591309 0.390625
vt 0.588379 0.380371
vt 0.591309 0.380371
vt 0.569336 0.380371
vt 0.566406 0.369629
vt 0.573242 0.380371
vt 0.588379 0.369629
vt 0.591309 0.369629
vt 0.573242 0.369629
vt 0.569336 0.369629
vt 0.569336 0.355957
vt 0.588379 0.355957
vt 0.591309 0.355957
vt 0.591309 0.345215
vt 0.573242 0.355957
vt 0.569336 0.345215
vt 0.588379 0.345215
vt 0.573242 0.345215
vt 0.826660 0.117676
vt 0.812988 0.114746
vt 0.826172 0.114746
vt 0.813477 0.117676
vt 0.798828 0.118164
vt 0.797852 0.114746
vt 0.785156 0.114746
vt 0.813965 0.127441
vt 0.826660 0.127930
vt 0.826660 0.135254
vt 0.812988 0.135254
vt 0.798828 0.128906
vt 0.800293 0.135254
vt 0.790039 0.135254
vt 0.785156 0.118164
vt 0.783691 0.129395
vt 0.781250 0.135254
vt 0.304199 0.200684
vt 0.304932 0.207520
vt 0.320557 0.209473
vt 0.322510 0.199707
vt 0.319824 0.180176
vt 0.300293 0.183105
vt 0.338867 0.205566
vt 0.336670 0.214844
vt 0.334229 0.186035
vt 0.315674 0.167480
vt 0.298096 0.159180
vt 0.333252 0.172852
vt 0.317383 0.147949
vt 0.297363 0.139160
vt 0.344971 0.172852
vt 0.318848 0.128906
vt 0.299561 0.120605
vt 0.338379 0.152344
vt 0.338867 0.135254
vt 0.322266 0.113281
vt 0.302979 0.106445
vt 0.307861 0.090332
vt 0.343506 0.117188
vt 0.330078 0.094727
vt 0.319092 0.067871
vt 0.357666 0.118164
vt 0.339844 0.078613
vt 0.340332 0.059082
vt 0.352539 0.098145
vt 0.358887 0.065430
vt 0.362549 0.056641
vt 0.364014 0.081055
vt 0.377197 0.066406
vt 0.389648 0.057129
vt 0.365967 0.099121
vt 0.382568 0.084961
vt 0.390381 0.067871
vt 0.398926 0.057617
vt 0.404053 0.057617
vt 0.399170 0.071777
vt 0.378906 0.098633
vt 0.390381 0.092773
vt 0.378662 0.115234
vt 0.391846 0.109863
vt 0.405273 0.091797
vt 0.362061 0.136719
vt 0.390137 0.124023
vt 0.359375 0.156250
vt 0.385742 0.139648
vt 0.380615 0.161133
vt 0.356201 0.175293
vt 0.368164 0.176270
vt 0.359131 0.188965
vt 0.349365 0.191406
vt 0.363770 0.203125
vt 0.358398 0.214355
vt 0.356689 0.222168
vt 0.369141 0.190430
vt 0.371826 0.204102
vt 0.375000 0.217773
vt 0.374512 0.228516
vt 0.392578 0.231445
vt 0.378174 0.195312
vt 0.378174 0.205078
vt 0.391846 0.215820
vt 0.377441 0.186035
vt 0.386719 0.204590
vt 0.387939 0.195801
vt 0.378906 0.176758
vt 0.388428 0.185547
vt 0.389160 0.177246
vt 0.398438 0.206055
vt 0.399658 0.196289
vt 0.400391 0.186035
vt 0.412598 0.197266
vt 0.411621 0.216309
vt 0.411377 0.232910
vt 0.411865 0.207520
vt 0.430664 0.219238
vt 0.430176 0.233887
vt 0.425293 0.208984
vt 0.425293 0.198730
vt 0.446289 0.224609
vt 0.446777 0.232910
vt 0.466309 0.229980
vt 0.435791 0.209473
vt 0.435547 0.200195
vt 0.445312 0.208008
vt 0.465576 0.226074
vt 0.491943 0.226074
vt 0.451416 0.194336
vt 0.490723 0.219727
vt 0.466309 0.209473
vt 0.512207 0.215820
vt 0.513184 0.223633
vt 0.493896 0.202637
vt 0.470947 0.190918
vt 0.437256 0.190430
vt 0.452148 0.186523
vt 0.426270 0.188965
vt 0.438232 0.183105
vt 0.413574 0.187012
vt 0.427979 0.182129
vt 0.400391 0.178711
vt 0.414551 0.179688
vt 0.395264 0.166992
vt 0.416260 0.170898
vt 0.399658 0.147949
vt 0.436279 0.172852
vt 0.404297 0.134277
vt 0.418701 0.153320
vt 0.437744 0.154297
vt 0.456299 0.171387
vt 0.437988 0.139648
vt 0.475586 0.172852
vt 0.456055 0.148926
vt 0.477295 0.157227
vt 0.489014 0.172852
vt 0.494629 0.189453
vt 0.495605 0.160645
vt 0.513184 0.199707
vt 0.508789 0.174805
vt 0.513672 0.188477
vt 0.527344 0.189453
vt 0.528809 0.175293
vt 0.526855 0.200195
vt 0.546387 0.191406
vt 0.525391 0.215332
vt 0.525391 0.224609
vt 0.542480 0.224609
vt 0.543457 0.215820
vt 0.554688 0.225586
vt 0.556152 0.219727
vt 0.558594 0.208984
vt 0.544922 0.202148
vt 0.562012 0.198242
vt 0.549805 0.176758
vt 0.568359 0.179688
vt 0.531250 0.161133
vt 0.553711 0.161133
vt 0.575195 0.159668
vt 0.512207 0.160156
vt 0.533203 0.145996
vt 0.557129 0.145508
vt 0.580566 0.144043
vt 0.496094 0.145020
vt 0.559082 0.129395
vt 0.583008 0.125977
vt 0.534180 0.130371
vt 0.556152 0.104980
vt 0.583008 0.103027
vt 0.520508 0.129883
vt 0.559082 0.083008
vt 0.583008 0.083496
vt 0.534668 0.107422
vt 0.545410 0.084473
vt 0.562988 0.064941
vt 0.580078 0.068359
vt 0.550293 0.065430
vt 0.563477 0.053711
vt 0.574707 0.050293
vt 0.569336 0.041504
vt 0.555176 0.055664
vt 0.558105 0.041992
vt 0.566406 0.036133
vt 0.540039 0.035156
vt 0.548828 0.048340
vt 0.547363 0.041992
vt 0.536621 0.042969
vt 0.518555 0.033691
vt 0.543945 0.057129
vt 0.539551 0.050293
vt 0.523926 0.043945
vt 0.537109 0.066895
vt 0.532715 0.058594
vt 0.528809 0.051270
vt 0.520996 0.061035
vt 0.513184 0.047852
vt 0.500977 0.041504
vt 0.518066 0.054199
vt 0.502930 0.052246
vt 0.508301 0.056641
vt 0.476318 0.058105
vt 0.490479 0.062012
vt 0.511719 0.063965
vt 0.499512 0.069336
vt 0.524414 0.069336
vt 0.513184 0.075195
vt 0.531250 0.085449
vt 0.514648 0.089355
vt 0.519043 0.108887
vt 0.492432 0.082520
vt 0.498535 0.105469
vt 0.500000 0.125000
vt 0.482910 0.077148
vt 0.476807 0.099121
vt 0.480713 0.118164
vt 0.514160 0.145508
vt 0.479492 0.139160
vt 0.459717 0.132324
vt 0.472900 0.114258
vt 0.465332 0.104980
vt 0.450439 0.123535
vt 0.472412 0.079102
vt 0.449463 0.097656
vt 0.436768 0.128906
vt 0.472168 0.061523
vt 0.420898 0.139160
vt 0.437744 0.115234
vt 0.422607 0.128906
vt 0.425781 0.113281
vt 0.406006 0.122559
vt 0.409668 0.110352
vt 0.418457 0.092285
vt 0.431152 0.093750
vt 0.411621 0.070312
vt 0.439209 0.067383
vt 0.407715 0.060059
vt 0.426025 0.068359
vt 0.417236 0.060059
vt 0.417236 0.058105
vt 0.423096 0.055176
vt 0.429688 0.058594
vt 0.429688 0.057617
vt 0.443115 0.055176
vt 0.442627 0.057617
vt 0.442871 0.056641
vt 0.455811 0.057617
vt 0.461914 0.056152
vt 0.454834 0.058594
vt 0.465576 0.058594
vt 0.464844 0.060059
vt 0.451904 0.069336
vt 0.463135 0.073242
vt 0.602051 0.479004
vt 0.602051 0.463379
vt 0.605469 0.479004
vt 0.605469 0.463379
vt 0.609863 0.463379
vt 0.609863 0.479004
vt 0.624512 0.479004
vt 0.605469 0.450684
vt 0.624512 0.463379
vt 0.627441 0.479004
vt 0.627441 0.463379
vt 0.627441 0.450684
vt 0.609863 0.450684
vt 0.624512 0.450684
vt 0.624512 0.439941
vt 0.627441 0.439941
vt 0.605469 0.439941
vt 0.609863 0.439941
vt 0.624512 0.428711
vt 0.627441 0.428711
vt 0.605469 0.428711
vt 0.602051 0.428711
vt 0.609863 0.428711
vt 0.605469 0.416992
vt 0.602051 0.416992
vt 0.609863 0.416992
vt 0.605469 0.405273
vt 0.602051 0.405273
vt 0.624512 0.416992
vt 0.627441 0.416992
vt 0.609863 0.405273
vt 0.605469 0.395020
vt 0.602051 0.385254
vt 0.624512 0.405273
vt 0.627441 0.405273
vt 0.627441 0.395020
vt 0.609863 0.395020
vt 0.624512 0.395020
vt 0.627441 0.385254
vt 0.605469 0.385254
vt 0.609863 0.385254
vt 0.624512 0.385254
vt 0.624512 0.375488
vt 0.627441 0.375488
vt 0.609863 0.375488
vt 0.624512 0.361328
vt 0.627441 0.361328
vt 0.605469 0.375488
vt 0.609863 0.361328
vt 0.624512 0.350098
vt 0.627441 0.350098
vt 0.609863 0.350098
vt 0.605469 0.350098
vt 0.605469 0.361328
vt 0.327881 0.510010
vt 0.333496 0.510010
vt 0.333496 0.509277
vt 0.196777 0.064941
vt 0.189087 0.081543
vt 0.197998 0.078613
vt 0.186523 0.065430
vt 0.197998 0.092773
vt 0.167847 0.082031
vt 0.167725 0.068359
vt 0.186523 0.094727
vt 0.185913 0.105469
vt 0.197998 0.106934
vt 0.167847 0.093750
vt 0.185425 0.121094
vt 0.197998 0.123047
vt 0.168091 0.104980
vt 0.185303 0.141113
vt 0.197998 0.141602
vt 0.168091 0.121094
vt 0.185059 0.159180
vt 0.197998 0.158203
vt 0.167725 0.142578
vt 0.184692 0.168945
vt 0.197998 0.167480
vt 0.197998 0.177734
vt 0.167236 0.160645
vt 0.150635 0.122070
vt 0.149902 0.143555
vt 0.150269 0.106445
vt 0.137573 0.125000
vt 0.137573 0.145996
vt 0.137573 0.108887
vt 0.149536 0.161621
vt 0.137573 0.163574
vt 0.149536 0.096191
vt 0.137573 0.096680
vt 0.149170 0.083496
vt 0.137573 0.084961
vt 0.138672 0.071777
vt 0.150146 0.070312
vt 0.149292 0.170898
vt 0.137573 0.171875
vt 0.137573 0.182129
vt 0.166626 0.169922
vt 0.149902 0.181152
vt 0.166870 0.179199
vt 0.146118 0.194824
vt 0.137573 0.197754
vt 0.154419 0.191895
vt 0.184937 0.178711
vt 0.167236 0.189941
vt 0.189697 0.190918
vt 0.197998 0.192383
vt 0.181030 0.189453
vt 0.167480 0.201660
vt 0.181641 0.202148
vt 0.190186 0.205078
vt 0.197998 0.209473
vt 0.182251 0.212891
vt 0.190918 0.223145
vt 0.197998 0.229004
vt 0.194946 0.244629
vt 0.182983 0.225586
vt 0.182739 0.239258
vt 0.167847 0.212891
vt 0.168335 0.225098
vt 0.180786 0.253906
vt 0.190552 0.256348
vt 0.154175 0.204102
vt 0.153809 0.215332
vt 0.145996 0.208984
vt 0.137573 0.214844
vt 0.144775 0.226562
vt 0.137573 0.232422
vt 0.153320 0.227539
vt 0.168579 0.239746
vt 0.154663 0.240723
vt 0.148071 0.244629
vt 0.140747 0.250488
vt 0.169556 0.253906
vt 0.157104 0.252930
vt 0.150513 0.253418
vt 0.146973 0.260254
vt 0.152222 0.264648
vt 0.157837 0.259766
vt 0.158813 0.268066
vt 0.168457 0.261719
vt 0.166016 0.270020
vt 0.174561 0.269531
vt 0.178101 0.260254
vt 0.184326 0.263672
vt 0.534668 0.467773
vt 0.531738 0.479980
vt 0.531738 0.467773
vt 0.534668 0.479980
vt 0.531738 0.453125
vt 0.547363 0.467773
vt 0.547363 0.479980
vt 0.550293 0.479980
vt 0.534668 0.453125
vt 0.534668 0.441895
vt 0.531738 0.441895
vt 0.547363 0.453125
vt 0.550293 0.467773
vt 0.556152 0.467773
vt 0.550293 0.453125
vt 0.556152 0.441895
vt 0.547363 0.441895
vt 0.550293 0.441895
vt 0.556152 0.432129
vt 0.534668 0.432129
vt 0.531738 0.432129
vt 0.531738 0.421875
vt 0.547363 0.432129
vt 0.550293 0.432129
vt 0.556152 0.421875
vt 0.550293 0.421875
vt 0.534668 0.421875
vt 0.531738 0.410645
vt 0.547363 0.421875
vt 0.550293 0.410645
vt 0.556152 0.410645
vt 0.547363 0.410645
vt 0.534668 0.410645
vt 0.531738 0.398926
vt 0.550293 0.398926
vt 0.556152 0.398926
vt 0.547363 0.398926
vt 0.534668 0.398926
vt 0.531738 0.387695
vt 0.550293 0.387695
vt 0.556152 0.376953
vt 0.547363 0.387695
vt 0.534668 0.387695
vt 0.531738 0.376953
vt 0.550293 0.376953
vt 0.556152 0.365723
vt 0.547363 0.376953
vt 0.534668 0.376953
vt 0.534668 0.365723
vt 0.531738 0.365723
vt 0.547363 0.365723
vt 0.550293 0.365723
vt 0.556152 0.352539
vt 0.534668 0.352539
vt 0.531738 0.352539
vt 0.550293 0.352539
vt 0.547363 0.352539
vt 0.817871 0.614990
vt 0.827148 0.613770
vt 0.809082 0.613037
vt 0.819824 0.602051
vt 0.834961 0.600342
vt 0.829102 0.595459
vt 0.823730 0.591064
vt 0.818848 0.589600
vt 0.810547 0.600342
vt 0.811035 0.591797
vt 0.800293 0.610352
vt 0.790527 0.604004
vt 0.801270 0.598877
vt 0.802734 0.588623
vt 0.787598 0.594727
vt 0.517578 0.452637
vt 0.520020 0.452637
vt 0.520020 0.439941
vt 0.503906 0.452637
vt 0.517578 0.439941
vt 0.520020 0.430176
vt 0.503906 0.439941
vt 0.500488 0.452637
vt 0.498779 0.452637
vt 0.500488 0.439941
vt 0.498779 0.430176
vt 0.503906 0.430176
vt 0.500488 0.430176
vt 0.517578 0.430176
vt 0.520020 0.419434
vt 0.503906 0.419434
vt 0.500488 0.419434
vt 0.498779 0.419434
vt 0.517578 0.419434
vt 0.520020 0.407227
vt 0.503906 0.407227
vt 0.500488 0.407227
vt 0.498779 0.407227
vt 0.517578 0.407227
vt 0.520020 0.395508
vt 0.500488 0.395508
vt 0.498779 0.395508
vt 0.517578 0.395508
vt 0.520020 0.385254
vt 0.503906 0.395508
vt 0.517578 0.385254
vt 0.520020 0.375488
vt 0.500488 0.385254
vt 0.498779 0.375488
vt 0.503906 0.385254
vt 0.517578 0.375488
vt 0.520020 0.365234
vt 0.503906 0.375488
vt 0.500488 0.375488
vt 0.498779 0.365234
vt 0.517578 0.365234
vt 0.520020 0.353516
vt 0.503906 0.365234
vt 0.500488 0.365234
vt 0.498779 0.353516
vt 0.517578 0.353516
vt 0.520020 0.342285
vt 0.500488 0.353516
vt 0.503906 0.353516
vt 0.517578 0.342285
vt 0.500488 0.342285
vt 0.503906 0.342285
s 1
usemtl OverlayMaterialInstance_FP_Wushu_S0_MI
f 1/1/1 2/2/2 3/3/3
f 4/4/4 5/5/5 6/6/6
f 7/7/7 8/8/8 9/9/9
f 10/10/10 11/11/11 12/12/12
f 13/13/13 12/12/12 11/11/11
f 14/14/14 12/12/12 13/13/13
f 15/15/15 16/16/16 17/17/17
f 18/18/18 17/17/17 16/16/16
f 17/17/17 18/18/18 19/19/19
f 19/19/19 18/18/18 20/20/20
f 21/21/21 19/19/19 20/20/20
f 21/21/21 20/20/20 22/22/22
f 22/22/22 23/23/23 21/21/21
f 23/23/23 22/22/22 24/24/24
f 24/24/24 25/25/25 23/23/23
f 26/26/26 25/25/25 24/24/24
f 27/27/27 25/25/25 26/26/26
f 25/25/25 27/27/27 28/28/28
f 29/29/29 28/28/28 27/27/27
f 28/28/28 29/29/29 30/30/30
f 29/29/29 31/31/31 30/30/30
f 32/32/32 31/31/31 29/29/29
f 32/32/32 33/33/33 31/31/31
f 32/32/32 34/34/34 33/33/33
f 34/34/34 35/35/35 33/33/33
f 36/36/36 35/35/35 34/34/34
f 35/35/35 36/36/36 37/37/37
f 38/38/38 37/37/37 36/36/36
f 37/37/37 38/38/38 39/39/39
f 38/38/38 40/40/40 39/39/39
f 40/40/40 38/38/38 41/41/41
f 42/42/42 43/43/43 44/44/44
f 42/42/42 44/44/44 45/45/45
f 46/46/46 45/45/45 44/44/44
f 45/45/45 46/46/46 47/47/47
f 48/48/48 47/47/47 46/46/46
f 47/47/47 48/48/48 49/49/49
f 48/48/48 50/50/50 49/49/49
f 51/51/51 50/50/50 48/48/48
f 50/50/50 51/51/51 52/52/52
f 53/53/53 52/52/52 51/51/51
f 52/52/52 53/53/53 54/54/54
f 55/55/55 56/56/56 57/57/56
f 58/58/57 57/57/56 56/56/56
f 57/57/56 58/58/57 59/59/57
f 58/58/57 60/60/58 59/59/57
f 60/60/58 58/58/57 61/61/58
f 62/62/59 60/60/58 61/61/58
f 60/60/58 62/62/59 63/63/55
f 64/64/60 63/63/55 62/62/59
f 63/63/55 64/64/60 65/65/60
f 66/66/61 65/65/60 64/64/60
f 65/65/60 66/66/61 67/67/61
f 68/68/62 67/67/61 66/66/61
f 67/67/61 68/68/62 69/69/62
f 70/70/63 69/69/62 68/68/62
f 69/69/62 70/70/63 71/71/64
f 72/72/65 71/71/64 70/70/63
f 71/71/64 72/72/65 73/73/66
f 72/72/65 74/74/67 73/73/66
f 75/75/68 74/74/67 72/72/65
f 72/72/65 76/76/69 75/75/68
f 76/76/69 72/72/65 77/77/70
f 77/77/70 78/78/71 76/76/69
f 78/78/71 77/77/70 79/79/71
f 78/78/71 79/79/71 80/80/72
f 80/80/72 79/79/71 81/81/73
f 80/80/72 81/81/73 82/82/74
f 82/82/74 81/81/73 83/83/75
f 82/82/74 83/83/75 84/84/76
f 83/83/75 85/85/77 84/84/76
f 84/84/76 85/85/77 86/86/78
f 85/85/77 87/87/78 86/86/78
f 86/86/78 87/87/78 88/88/79
f 87/87/78 89/89/80 88/88/79
f 88/88/79 89/89/80 90/90/81
f 89/89/80 91/91/81 90/90/81
f 92/92/82 90/90/81 91/91/81
f 91/91/81 93/93/83 92/92/82
f 92/92/82 93/93/83 94/94/84
f 95/72/85 96/95/86 97/77/87
f 97/77/87 96/95/86 98/96/88
f 99/79/89 97/77/87 98/96/88
f 99/79/89 98/96/88 100/97/90
f 101/81/90 99/79/89 100/97/90
f 100/97/90 102/98/91 101/81/90
f 103/83/92 101/81/90 102/98/91
f 102/98/91 104/85/93 103/83/92
f 104/85/93 102/98/91 105/99/94
f 105/99/94 106/87/95 104/85/93
f 106/87/95 105/99/94 107/100/96
f 107/100/96 108/89/97 106/87/95
f 108/89/97 107/100/96 109/101/98
f 109/101/98 110/91/99 108/89/97
f 110/91/99 109/101/98 111/102/99
f 111/102/99 112/93/100 110/91/99
f 112/93/100 111/102/99 113/103/101
f 113/103/101 114/94/102 112/93/100
f 114/94/102 113/103/101 115/104/102
f 116/105/103 117/106/104 118/107/105
f 119/108/106 118/107/105 117/106/104
f 119/108/106 120/109/107 118/107/105
f 120/109/107 119/108/106 121/110/108
f 119/108/106 122/111/109 121/110/108
f 122/111/109 119/108/106 123/112/110
f 122/111/109 123/112/110 124/113/111
f 125/114/112 124/113/111 123/112/110
f 125/114/112 126/115/113 124/113/111
f 125/114/112 127/116/114 126/115/113
f 128/117/115 129/118/116 130/119/117
f 131/120/118 128/117/115 130/119/117
f 131/120/118 130/119/117 132/121/119
f 133/122/120 131/120/118 132/121/119
f 133/122/120 132/121/119 134/123/121
f 134/123/121 135/124/122 133/122/120
f 134/123/121 136/125/123 135/124/122
f 136/125/123 134/123/121 137/126/124
f 137/126/124 138/127/125 136/125/123
f 137/126/124 139/128/126 138/127/125
f 140/129/127 141/130/128 142/131/129
f 143/132/130 142/131/129 141/130/128
f 143/132/130 144/133/131 142/131/129
f 144/133/131 143/132/130 145/134/132
f 143/132/130 146/135/133 145/134/132
f 146/135/133 143/132/130 147/136/134
f 146/135/133 147/136/134 148/137/135
f 149/138/136 148/137/135 147/136/134
f 149/138/136 150/139/137 148/137/135
f 149/138/136 151/140/138 150/139/137
f 152/141/139 153/142/140 154/143/141
f 155/144/142 154/143/141 153/142/140
f 154/143/141 155/144/142 156/145/143
f 156/145/143 155/144/142 157/146/144
f 155/144/142 158/147/145 157/146/144
f 158/147/145 155/144/142 159/148/146
f 160/149/147 158/147/145 159/148/146
f 159/148/146 161/150/148 160/149/147
f 161/150/148 162/151/149 160/149/147
f 161/150/148 163/152/150 162/151/149
f 164/153/151 165/3/152 166/154/153
f 165/3/152 164/153/151 167/1/154
f 168/155/155 167/1/154 164/153/151
f 169/156/156 167/1/154 168/155/155
f 169/156/156 168/155/155 170/157/157
f 171/158/158 169/156/156 170/157/157
f 170/157/157 172/159/159 171/158/158
f 173/160/160 169/156/156 171/158/158
f 172/159/159 173/160/160 171/158/158
f 174/161/161 167/1/154 169/156/156
f 169/156/156 173/160/160 174/161/161
f 175/162/162 173/160/160 172/159/159
f 176/163/163 173/160/160 175/162/162
f 176/163/163 174/161/161 173/160/160
f 177/164/164 175/162/162 172/159/159
f 174/161/161 176/163/163 178/165/165
f 172/159/159 179/166/166 177/164/164
f 180/167/167 177/164/164 179/166/166
f 179/166/166 181/168/168 180/167/167
f 181/168/168 182/169/169 180/167/167
f 182/169/169 181/168/168 183/170/170
f 183/170/170 184/171/171 182/169/169
f 184/171/171 183/170/170 185/172/172
f 184/171/171 185/172/172 186/173/173
f 185/172/172 187/174/174 186/173/173
f 187/174/174 188/175/175 186/173/173
f 188/175/175 187/174/174 189/176/176
f 190/177/177 189/176/176 187/174/174
f 189/176/176 191/178/178 188/175/175
f 189/176/176 190/177/177 192/179/179
f 191/178/178 189/176/176 193/180/180
f 192/179/179 193/180/180 189/176/176
f 193/180/180 194/181/181 191/178/178
f 193/180/180 192/179/179 195/182/182
f 194/181/181 193/180/180 196/183/183
f 195/182/182 196/183/183 193/180/180
f 196/183/183 197/184/184 194/181/181
f 196/183/183 195/182/182 198/185/185
f 197/184/184 196/183/183 199/186/186
f 198/185/185 199/186/186 196/183/183
f 199/186/186 200/187/187 197/184/184
f 199/186/186 198/185/185 201/188/188
f 202/189/189 201/188/188 198/185/185
f 201/188/188 202/189/189 203/190/190
f 200/187/187 199/186/186 204/191/191
f 201/188/188 204/191/191 199/186/186
f 204/191/191 205/192/192 200/187/187
f 203/190/190 206/193/193 201/188/188
f 204/191/191 201/188/188 206/193/193
f 206/193/193 203/190/190 207/194/194
f 205/192/192 204/191/191 208/195/195
f 206/193/193 208/195/195 204/191/191
f 208/195/195 209/196/196 205/192/192
f 207/194/194 210/197/197 206/193/193
f 208/195/195 206/193/193 210/197/197
f 210/197/197 207/194/194 211/198/198
f 209/196/196 208/195/195 212/199/199
f 212/199/199 208/195/195 210/197/197
f 212/199/199 213/200/200 209/196/196
f 211/198/198 214/201/201 210/197/197
f 212/199/199 210/197/197 214/201/201
f 214/201/201 211/198/198 215/202/202
f 215/202/202 216/203/203 214/201/201
f 213/200/200 212/199/199 217/204/204
f 216/203/203 218/205/205 214/201/201
f 218/205/205 212/199/199 214/201/201
f 212/199/199 218/205/205 217/204/204
f 219/206/206 218/205/205 216/203/203
f 217/204/204 220/207/207 213/200/200
f 218/205/205 219/206/206 221/208/208
f 221/208/208 217/204/204 218/205/205
f 222/209/209 221/208/208 219/206/206
f 220/207/207 217/204/204 223/210/210
f 217/204/204 221/208/208 223/210/210
f 220/207/207 224/211/211 225/212/212
f 223/210/210 224/211/211 220/207/207
f 221/208/208 222/209/209 226/213/213
f 223/210/210 221/208/208 226/213/213
f 226/213/213 222/209/209 227/214/214
f 226/213/213 227/214/214 228/215/215
f 229/216/216 224/211/211 223/210/210
f 223/210/210 226/213/213 229/216/216
f 228/215/215 229/216/216 226/213/213
f 224/211/211 229/216/216 230/217/217
f 229/216/216 228/215/215 231/218/218
f 231/218/218 230/217/217 229/216/216
f 231/218/218 232/219/219 230/217/217
f 233/220/220 234/221/221 235/222/222
f 234/221/221 233/220/220 236/223/223
f 236/223/223 237/224/224 234/221/221
f 237/224/224 236/223/223 238/225/225
f 239/226/226 237/224/224 238/225/225
f 237/224/224 239/226/226 240/227/227
f 239/226/226 241/228/228 240/227/227
f 242/229/229 243/230/230 244/231/231
f 243/230/230 242/229/229 245/232/232
f 245/232/232 246/233/233 243/230/230
f 246/233/233 245/232/232 247/234/234
f 248/235/235 246/233/233 247/234/234
f 246/233/233 248/235/235 249/236/236
f 248/235/235 250/237/237 249/236/236
f 251/238/238 252/239/239 253/240/240
f 252/239/239 251/238/238 254/241/241
f 252/239/239 254/241/241 255/242/242
f 256/243/243 255/242/242 254/241/241
f 256/243/243 257/244/244 255/242/242
f 255/242/242 257/244/244 258/245/245
f 258/245/245 257/244/244 259/246/246
f 258/245/245 259/246/246 260/247/247
f 261/95/248 262/248/249 263/96/250
f 262/248/249 264/97/251 263/96/250
f 264/97/251 262/248/249 265/249/252
f 266/250/253 264/97/251 265/249/252
f 264/97/251 266/250/253 267/98/254
f 268/251/255 266/250/253 265/249/252
f 266/250/253 269/99/256 267/98/254
f 266/250/253 268/251/255 270/252/257
f 271/253/258 270/252/257 268/251/255
f 269/99/256 266/250/253 272/254/259
f 270/252/257 272/254/259 266/250/253
f 272/254/259 273/100/260 269/99/256
f 270/252/257 271/253/258 274/255/261
f 272/254/259 270/252/257 274/255/261
f 275/256/262 274/255/261 271/253/258
f 273/100/260 272/254/259 276/257/263
f 274/255/261 276/257/263 272/254/259
f 276/257/263 277/101/264 273/100/260
f 274/255/261 275/256/262 278/258/265
f 279/259/266 278/258/265 275/256/262
f 276/257/263 274/255/261 280/260/267
f 278/258/265 280/260/267 274/255/261
f 277/101/264 276/257/263 281/261/268
f 280/260/267 281/261/268 276/257/263
f 281/261/268 282/102/269 277/101/264
f 278/258/265 279/259/266 283/262/270
f 284/263/271 283/262/270 279/259/266
f 282/102/269 281/261/268 285/264/272
f 285/264/272 286/103/273 282/102/269
f 281/261/268 280/260/267 287/265/274
f 287/265/274 285/264/272 281/261/268
f 280/260/267 278/258/265 288/266/275
f 288/266/275 287/265/274 280/260/267
f 283/262/270 288/266/275 278/258/265
f 285/264/272 289/267/276 286/103/273
f 289/267/276 290/104/277 286/103/273
f 285/264/272 287/265/274 291/268/278
f 291/268/278 289/267/276 285/264/272
f 287/265/274 288/266/275 292/269/279
f 292/269/279 291/268/278 287/265/274
f 288/266/275 283/262/270 293/270/280
f 288/266/275 294/271/281 292/269/279
f 294/271/281 288/266/275 293/270/280
f 283/262/270 284/263/271 295/272/282
f 295/272/282 293/270/280 283/262/270
f 284/263/271 296/273/283 295/272/282
f 293/270/280 297/274/284 294/271/281
f 293/270/280 295/272/282 298/275/285
f 297/274/284 293/270/280 298/275/285
f 295/272/282 299/276/286 298/275/285
f 298/275/285 299/276/286 297/274/284
f 300/277/287 295/272/282 296/273/283
f 300/277/287 299/276/286 295/272/282
f 301/278/288 294/271/281 297/274/284
f 301/278/288 292/269/279 294/271/281
f 297/274/284 299/276/286 302/279/289
f 297/274/284 303/280/290 301/278/288
f 303/280/290 297/274/284 302/279/289
f 292/269/279 301/278/288 304/281/291
f 305/282/292 301/278/288 303/280/290
f 301/278/288 305/282/292 304/281/291
f 306/283/293 292/269/279 304/281/291
f 291/268/278 292/269/279 306/283/293
f 307/284/294 304/281/291 305/282/292
f 306/283/293 308/285/295 291/268/278
f 291/268/278 308/285/295 289/267/276
f 304/281/291 309/286/296 306/283/293
f 304/281/291 307/284/294 309/286/296
f 308/285/295 306/283/293 310/287/297
f 309/286/296 310/287/297 306/283/293
f 308/285/295 311/288/298 289/267/276
f 290/104/277 289/267/276 311/288/298
f 310/287/297 312/289/299 308/285/295
f 311/288/298 308/285/295 312/289/299
f 290/104/277 311/288/298 313/290/300
f 314/291/301 290/104/277 313/290/300
f 311/288/298 312/289/299 315/292/302
f 316/293/303 314/291/301 313/290/300
f 314/291/301 316/293/303 317/294/304
f 313/290/300 311/288/298 318/295/305
f 315/292/302 318/295/305 311/288/298
f 313/290/300 319/296/306 316/293/303
f 318/295/305 319/296/306 313/290/300
f 320/297/307 317/294/304 316/293/303
f 317/294/304 320/297/307 321/298/308
f 316/293/303 322/299/309 320/297/307
f 322/299/309 316/293/303 319/296/306
f 320/297/307 323/300/310 321/298/308
f 322/299/309 323/300/310 320/297/307
f 321/298/308 323/300/310 324/301/311
f 323/300/310 325/302/312 324/301/311
f 325/302/312 326/303/313 324/301/311
f 327/304/314 323/300/310 322/299/309
f 327/304/314 325/302/312 323/300/310
f 325/302/312 328/305/315 326/303/313
f 328/305/315 329/306/316 326/303/313
f 328/305/315 330/307/317 329/306/316
f 325/302/312 327/304/314 331/308/318
f 331/308/318 328/305/315 325/302/312
f 327/304/314 322/299/309 332/309/319
f 333/310/320 331/308/318 327/304/314
f 332/309/319 333/310/320 327/304/314
f 322/299/309 334/311/321 332/309/319
f 319/296/306 334/311/321 322/299/309
f 335/312/322 333/310/320 332/309/319
f 334/311/321 319/296/306 336/313/323
f 318/295/305 336/313/323 319/296/306
f 337/314/324 332/309/319 334/311/321
f 332/309/319 337/314/324 335/312/322
f 336/313/323 338/315/325 334/311/321
f 338/315/325 337/314/324 334/311/321
f 336/313/323 318/295/305 339/316/326
f 318/295/305 315/292/302 339/316/326
f 338/315/325 336/313/323 340/317/327
f 339/316/326 340/317/327 336/313/323
f 337/314/324 338/315/325 341/318/328
f 342/319/329 339/316/326 315/292/302
f 312/289/299 342/319/329 315/292/302
f 338/315/325 343/320/330 341/318/328
f 340/317/327 343/320/330 338/315/325
f 342/319/329 312/289/299 344/321/331
f 312/289/299 310/287/297 344/321/331
f 340/317/327 339/316/326 345/322/332
f 339/316/326 342/319/329 346/323/333
f 339/316/326 346/323/333 345/322/332
f 345/322/332 347/324/334 340/317/327
f 343/320/330 340/317/327 347/324/334
f 346/323/333 348/325/335 345/322/332
f 347/324/334 345/322/332 348/325/335
f 342/319/329 349/326/336 346/323/333
f 348/325/335 346/323/333 350/327/337
f 349/326/336 350/327/337 346/323/333
f 351/328/338 347/324/334 348/325/335
f 349/326/336 342/319/329 352/329/339
f 344/321/331 352/329/339 342/319/329
f 348/325/335 353/330/340 351/328/338
f 353/330/340 348/325/335 350/327/337
f 352/329/339 344/321/331 354/331/341
f 350/327/337 355/332/342 353/330/340
f 344/321/331 356/333/343 354/331/341
f 356/333/343 344/321/331 310/287/297
f 355/332/342 350/327/337 357/334/344
f 350/327/337 349/326/336 357/334/344
f 358/335/345 356/333/343 310/287/297
f 310/287/297 309/286/296 358/335/345
f 349/326/336 359/336/346 357/334/344
f 359/336/346 355/332/342 357/334/344
f 309/286/296 360/337/347 358/335/345
f 360/337/347 309/286/296 307/284/294
f 356/333/343 358/335/345 361/338/348
f 360/337/347 361/338/348 358/335/345
f 362/339/349 356/333/343 361/338/348
f 356/333/343 362/339/349 354/331/341
f 363/340/350 361/338/348 360/337/347
f 364/341/351 354/331/341 362/339/349
f 354/331/341 364/341/351 352/329/339
f 365/342/352 362/339/349 361/338/348
f 361/338/348 363/340/350 365/342/352
f 366/343/353 364/341/351 362/339/349
f 362/339/349 365/342/352 366/343/353
f 367/344/354 352/329/339 364/341/351
f 352/329/339 367/344/354 349/326/336
f 367/344/354 359/336/346 349/326/336
f 368/345/355 367/344/354 364/341/351
f 364/341/351 366/343/353 368/345/355
f 369/346/356 359/336/346 367/344/354
f 367/344/354 368/345/355 369/346/356
f 359/336/346 369/346/356 370/347/357
f 371/348/358 369/346/356 368/345/355
f 371/348/358 370/347/357 369/346/356
f 366/343/353 372/349/359 368/345/355
f 368/345/355 372/349/359 371/348/358
f 370/347/357 373/350/360 359/336/346
f 373/350/360 355/332/342 359/336/346
f 372/349/359 366/343/353 374/351/361
f 374/351/361 366/343/353 365/342/352
f 375/352/362 372/349/359 374/351/361
f 372/349/359 375/352/362 376/353/363
f 376/353/363 371/348/358 372/349/359
f 377/354/364 375/352/362 374/351/361
f 371/348/358 376/353/363 378/355/365
f 378/355/365 379/356/366 371/348/358
f 380/357/367 377/354/364 374/351/361
f 365/342/352 380/357/367 374/351/361
f 377/354/364 380/357/367 381/358/368
f 363/340/350 380/357/367 365/342/352
f 381/358/368 380/357/367 382/359/369
f 380/357/367 363/340/350 382/359/369
f 383/360/370 381/358/368 382/359/369
f 371/348/358 379/356/366 384/361/371
f 370/347/357 371/348/358 384/361/371
f 379/356/366 385/362/372 384/361/371
f 386/363/373 370/347/357 384/361/371
f 373/350/360 370/347/357 386/363/373
f 384/361/371 385/362/372 387/364/374
f 387/364/374 386/363/373 384/361/371
f 388/365/375 387/364/374 385/362/372
f 386/363/373 389/366/376 373/350/360
f 387/364/374 388/365/375 390/367/377
f 391/368/378 390/367/377 388/365/375
f 386/363/373 387/364/374 392/369/379
f 389/366/376 386/363/373 392/369/379
f 390/367/377 391/368/378 393/370/380
f 394/371/381 393/370/380 391/368/378
f 395/372/382 387/364/374 390/367/377
f 390/367/377 393/370/380 395/372/382
f 387/364/374 395/372/382 392/369/379
f 396/373/383 393/370/380 394/371/381
f 397/374/384 396/373/383 394/371/381
f 398/375/385 395/372/382 393/370/380
f 396/373/383 398/375/385 393/370/380
f 399/376/386 392/369/379 395/372/382
f 392/369/379 399/376/386 389/366/376
f 396/373/383 397/374/384 400/377/387
f 401/378/388 400/377/387 397/374/384
f 398/375/385 396/373/383 402/379/389
f 400/377/387 402/379/389 396/373/383
f 403/380/390 395/372/382 398/375/385
f 395/372/382 403/380/390 399/376/386
f 404/381/391 400/377/387 401/378/388
f 405/382/392 404/381/391 401/378/388
f 402/379/389 400/377/387 406/383/393
f 404/381/391 406/383/393 400/377/387
f 407/384/394 398/375/385 402/379/389
f 398/375/385 407/384/394 403/380/390
f 408/385/395 402/379/389 406/383/393
f 402/379/389 408/385/395 407/384/394
f 409/386/396 406/383/393 404/381/391
f 410/387/397 404/381/391 405/382/392
f 410/387/397 409/386/396 404/381/391
f 405/382/392 411/388/398 410/387/397
f 412/389/399 406/383/393 409/386/396
f 406/383/393 412/389/399 408/385/395
f 413/390/400 409/386/396 410/387/397
f 409/386/396 413/390/400 412/389/399
f 414/391/401 410/387/397 411/388/398
f 411/388/398 415/392/402 414/391/401
f 416/393/403 414/391/401 415/392/402
f 417/394/404 414/391/401 416/393/403
f 418/395/405 410/387/397 414/391/401
f 414/391/401 417/394/404 418/395/405
f 410/387/397 418/395/405 413/390/400
f 417/394/404 419/396/406 418/395/405
f 419/396/406 417/394/404 420/397/407
f 413/390/400 418/395/405 421/398/408
f 419/396/406 421/398/408 418/395/405
f 421/398/408 412/389/399 413/390/400
f 420/397/407 422/399/409 419/396/406
f 422/399/409 420/397/407 423/400/410
f 424/401/411 422/399/409 423/400/410
f 419/396/406 425/402/412 421/398/408
f 422/399/409 425/402/412 419/396/406
f 421/398/408 426/403/413 412/389/399
f 425/402/412 426/403/413 421/398/408
f 422/399/409 424/401/411 427/404/414
f 428/405/415 427/404/414 424/401/411
f 425/402/412 422/399/409 429/406/416
f 427/404/414 429/406/416 422/399/409
f 427/404/414 428/405/415 430/407/417
f 427/404/414 430/407/417 429/406/416
f 431/408/418 430/407/417 428/405/415
f 429/406/416 432/409/419 425/402/412
f 426/403/413 425/402/412 432/409/419
f 430/407/417 431/408/418 433/410/420
f 434/411/421 433/410/420 431/408/418
f 430/407/417 435/412/422 429/406/416
f 433/410/420 435/412/422 430/407/417
f 433/410/420 434/411/421 436/413/423
f 437/414/424 436/413/423 434/411/421
f 435/412/422 433/410/420 438/415/425
f 438/415/425 433/410/420 436/413/423
f 429/406/416 435/412/422 439/416/426
f 439/416/426 432/409/419 429/406/416
f 438/415/425 440/417/427 435/412/422
f 435/412/422 440/417/427 439/416/426
f 436/413/423 437/414/424 441/418/428
f 442/419/429 441/418/428 437/414/424
f 436/413/423 443/420/430 438/415/425
f 441/418/428 443/420/430 436/413/423
f 441/418/428 442/419/429 444/421/431
f 445/422/432 444/421/431 442/419/429
f 443/420/430 441/418/428 446/423/433
f 444/421/431 446/423/433 441/418/428
f 438/415/425 443/420/430 447/424/434
f 440/417/427 438/415/425 447/424/434
f 444/421/431 445/422/432 448/425/435
f 449/426/436 448/425/435 445/422/432
f 448/425/435 450/427/437 444/421/431
f 446/423/433 444/421/431 450/427/437
f 448/425/435 449/426/436 451/428/438
f 449/426/436 452/429/439 451/428/438
f 452/429/439 453/430/440 451/428/438
f 451/428/438 454/431/441 448/425/435
f 450/427/437 448/425/435 454/431/441
f 453/430/440 455/432/442 451/428/438
f 454/431/441 451/428/438 455/432/442
f 455/432/442 453/430/440 456/433/443
f 456/433/443 457/434/444 455/432/442
f 455/432/442 457/434/444 454/431/441
f 457/434/444 456/433/443 458/435/445
f 459/436/446 457/434/444 458/435/445
f 457/434/444 459/436/446 460/437/447
f 461/438/448 460/437/447 459/436/446
f 454/431/441 457/434/444 462/439/449
f 462/439/449 457/434/444 460/437/447
f 463/440/450 454/431/441 462/439/449
f 454/431/441 463/440/450 450/427/437
f 460/437/447 464/441/451 462/439/449
f 464/441/451 463/440/450 462/439/449
f 465/442/452 460/437/447 461/438/448
f 465/442/452 464/441/451 460/437/447
f 466/443/453 450/427/437 463/440/450
f 466/443/453 446/423/433 450/427/437
f 463/440/450 464/441/451 467/444/454
f 446/423/433 466/443/453 468/445/455
f 469/446/456 466/443/453 463/440/450
f 463/440/450 467/444/454 469/446/456
f 470/447/457 446/423/433 468/445/455
f 446/423/433 470/447/457 443/420/430
f 443/420/430 470/447/457 447/424/434
f 466/443/453 471/448/458 468/445/455
f 471/448/458 466/443/453 469/446/456
f 468/445/455 472/449/459 470/447/457
f 472/449/459 468/445/455 471/448/458
f 447/424/434 470/447/457 472/449/459
f 473/450/460 471/448/458 469/446/456
f 447/424/434 472/449/459 474/451/461
f 440/417/427 447/424/434 474/451/461
f 471/448/458 475/452/462 472/449/459
f 471/448/458 473/450/460 475/452/462
f 472/449/459 476/453/463 474/451/461
f 472/449/459 475/452/462 476/453/463
f 440/417/427 474/451/461 477/454/464
f 477/454/464 439/416/426 440/417/427
f 474/451/461 476/453/463 478/455/465
f 478/455/465 477/454/464 474/451/461
f 439/416/426 477/454/464 479/456/466
f 432/409/419 439/416/426 479/456/466
f 477/454/464 478/455/465 480/457/467
f 480/457/467 479/456/466 477/454/464
f 476/453/463 481/458/468 478/455/465
f 475/452/462 481/458/468 476/453/463
f 482/459/469 480/457/467 478/455/465
f 478/455/465 481/458/468 482/459/469
f 479/456/466 480/457/467 483/460/470
f 483/460/470 432/409/419 479/456/466
f 480/457/467 482/459/469 484/461/471
f 484/461/471 483/460/470 480/457/467
f 432/409/419 483/460/470 485/462/472
f 432/409/419 485/462/472 426/403/413
f 483/460/470 484/461/471 486/463/473
f 485/462/472 483/460/470 486/463/473
f 482/459/469 487/464/474 484/461/471
f 487/464/474 486/463/473 484/461/471
f 486/463/473 488/465/475 485/462/472
f 486/463/473 487/464/474 488/465/475
f 485/462/472 489/466/476 426/403/413
f 485/462/472 488/465/475 489/466/476
f 426/403/413 489/466/476 412/389/399
f 408/385/395 412/389/399 489/466/476
f 489/466/476 490/467/477 408/385/395
f 407/384/394 408/385/395 490/467/477
f 488/465/475 491/468/478 489/466/476
f 492/469/479 407/384/394 490/467/477
f 407/384/394 492/469/479 403/380/390
f 489/466/476 493/470/480 490/467/477
f 493/470/480 492/469/479 490/467/477
f 491/468/478 493/470/480 489/466/476
f 492/469/479 494/471/481 403/380/390
f 399/376/386 403/380/390 494/471/481
f 492/469/479 493/470/480 495/472/482
f 495/472/482 494/471/481 492/469/479
f 494/471/481 496/473/483 399/376/386
f 389/366/376 399/376/386 496/473/483
f 494/471/481 495/472/482 497/474/484
f 494/471/481 497/474/484 496/473/483
f 496/473/483 498/475/485 389/366/376
f 496/473/483 497/474/484 498/475/485
f 373/350/360 389/366/376 498/475/485
f 355/332/342 373/350/360 498/475/485
f 498/475/485 497/474/484 355/332/342
f 353/330/340 355/332/342 497/474/484
f 497/474/484 499/476/486 353/330/340
f 495/472/482 499/476/486 497/474/484
f 351/328/338 353/330/340 499/476/486
f 500/477/487 495/472/482 493/470/480
f 500/477/487 499/476/486 495/472/482
f 491/468/478 500/477/487 493/470/480
f 501/478/488 351/328/338 499/476/486
f 499/476/486 500/477/487 501/478/488
f 491/468/478 502/479/489 500/477/487
f 501/478/488 500/477/487 502/479/489
f 502/479/489 491/468/478 503/480/490
f 488/465/475 503/480/490 491/468/478
f 503/480/490 488/465/475 487/464/474
f 502/479/489 503/480/490 504/481/491
f 504/481/491 501/478/488 502/479/489
f 505/482/492 503/480/490 487/464/474
f 503/480/490 505/482/492 504/481/491
f 351/328/338 501/478/488 506/483/493
f 347/324/334 351/328/338 506/483/493
f 501/478/488 504/481/491 507/484/494
f 501/478/488 507/484/494 506/483/493
f 506/483/493 508/485/495 347/324/334
f 508/485/495 506/483/493 507/484/494
f 343/320/330 347/324/334 508/485/495
f 504/481/491 509/486/496 507/484/494
f 504/481/491 505/482/492 509/486/496
f 507/484/494 510/487/497 508/485/495
f 509/486/496 511/488/498 507/484/494
f 507/484/494 511/488/498 510/487/497
f 505/482/492 512/489/499 509/486/496
f 509/486/496 512/489/499 511/488/498
f 513/490/500 505/482/492 487/464/474
f 513/490/500 512/489/499 505/482/492
f 487/464/474 482/459/469 513/490/500
f 481/458/468 513/490/500 482/459/469
f 512/489/499 513/490/500 514/491/501
f 513/490/500 481/458/468 514/491/501
f 515/492/502 511/488/498 512/489/499
f 514/491/501 515/492/502 512/489/499
f 516/493/503 514/491/501 481/458/468
f 481/458/468 475/452/462 516/493/503
f 473/450/460 516/493/503 475/452/462
f 514/491/501 516/493/503 517/494/504
f 515/492/502 514/491/501 517/494/504
f 516/493/503 473/450/460 518/495/505
f 518/495/505 517/494/504 516/493/503
f 511/488/498 515/492/502 519/496/506
f 511/488/498 519/496/506 510/487/497
f 517/494/504 520/497/507 515/492/502
f 515/492/502 520/497/507 519/496/506
f 521/498/508 517/494/504 518/495/505
f 520/497/507 517/494/504 521/498/508
f 522/499/509 518/495/505 473/450/460
f 518/495/505 522/499/509 521/498/508
f 522/499/509 473/450/460 523/500/510
f 473/450/460 469/446/456 523/500/510
f 469/446/456 467/444/454 523/500/510
f 524/501/511 523/500/510 467/444/454
f 524/501/511 522/499/509 523/500/510
f 467/444/454 464/441/451 524/501/511
f 464/441/451 465/442/452 524/501/511
f 522/499/509 524/501/511 525/502/512
f 465/442/452 525/502/512 524/501/511
f 521/498/508 522/499/509 525/502/512
f 525/502/512 465/442/452 526/503/513
f 525/502/512 527/504/514 521/498/508
f 527/504/514 525/502/512 526/503/513
f 520/497/507 521/498/508 528/505/515
f 527/504/514 528/505/515 521/498/508
f 528/505/515 519/496/506 520/497/507
f 529/506/516 527/504/514 526/503/513
f 527/504/514 529/506/516 530/507/517
f 530/507/517 528/505/515 527/504/514
f 526/503/513 531/508/518 529/506/516
f 528/505/515 530/507/517 532/509/519
f 531/508/518 526/503/513 533/510/520
f 526/503/513 465/442/452 533/510/520
f 461/438/448 533/510/520 465/442/452
f 533/510/520 461/438/448 534/511/521
f 534/511/521 531/508/518 533/510/520
f 534/511/521 535/512/522 531/508/518
f 532/509/519 536/513/523 528/505/515
f 519/496/506 528/505/515 536/513/523
f 536/513/523 532/509/519 537/514/524
f 538/515/525 519/496/506 536/513/523
f 537/514/524 538/515/525 536/513/523
f 519/496/506 538/515/525 510/487/497
f 538/515/525 537/514/524 539/516/526
f 510/487/497 538/515/525 540/517/527
f 540/517/527 508/485/495 510/487/497
f 540/517/527 343/320/330 508/485/495
f 541/518/528 538/515/525 539/516/526
f 541/518/528 540/517/527 538/515/525
f 541/518/528 539/516/526 542/519/529
f 343/320/330 540/517/527 543/520/530
f 540/517/527 541/518/528 543/520/530
f 341/318/328 343/320/330 543/520/530
f 544/521/531 541/518/528 542/519/529
f 544/521/531 543/520/530 541/518/528
f 341/318/328 543/520/530 545/522/532
f 543/520/530 544/521/531 545/522/532
f 545/522/532 337/314/324 341/318/328
f 546/523/533 544/521/531 542/519/529
f 546/523/533 545/522/532 544/521/531
f 546/523/533 542/519/529 547/524/534
f 337/314/324 545/522/532 548/525/535
f 548/525/535 335/312/322 337/314/324
f 547/524/534 549/526/536 546/523/533
f 549/526/536 547/524/534 550/527/537
f 545/522/532 546/523/533 551/528/538
f 549/526/536 551/528/538 546/523/533
f 548/525/535 545/522/532 552/529/539
f 552/529/539 545/522/532 551/528/538
f 335/312/322 548/525/535 553/530/540
f 552/529/539 553/530/540 548/525/535
f 553/530/540 554/531/541 335/312/322
f 333/310/320 335/312/322 554/531/541
f 553/530/540 552/529/539 555/532/542
f 554/531/541 556/533/543 333/310/320
f 331/308/318 333/310/320 556/533/543
f 554/531/541 553/530/540 557/534/544
f 555/532/542 557/534/544 553/530/540
f 556/533/543 554/531/541 558/535/545
f 557/534/544 558/535/545 554/531/541
f 556/533/543 559/536/546 331/308/318
f 559/536/546 328/305/315 331/308/318
f 560/537/547 556/533/543 558/535/545
f 328/305/315 559/536/546 561/538/548
f 559/536/546 556/533/543 562/539/549
f 556/533/543 560/537/547 562/539/549
f 561/538/548 559/536/546 563/540/550
f 562/539/549 563/540/550 559/536/546
f 563/540/550 562/539/549 564/541/551
f 564/541/551 562/539/549 560/537/547
f 565/542/552 564/541/551 560/537/547
f 560/537/547 566/543/553 565/542/552
f 561/538/548 567/544/554 328/305/315
f 567/544/554 561/538/548 568/545/555
f 330/307/317 328/305/315 567/544/554
f 566/543/553 560/537/547 569/546/556
f 569/546/556 560/537/547 558/535/545
f 569/546/556 570/547/557 566/543/553
f 571/548/558 330/307/317 567/544/554
f 568/545/555 571/548/558 567/544/554
f 571/548/558 568/545/555 572/549/559
f 330/307/317 571/548/558 573/550/560
f 574/551/561 571/548/558 572/549/559
f 571/548/558 575/552/274 573/550/560
f 571/548/558 574/551/561 575/552/274
f 575/552/274 576/553/562 573/550/560
f 577/554/563 575/552/274 574/551/561
f 575/552/274 578/555/564 576/553/562
f 575/552/274 577/554/563 579/556/565
f 580/557/566 579/556/565 577/554/563
f 578/555/564 575/552/274 581/558/567
f 575/552/274 579/556/565 581/558/567
f 581/558/567 582/559/568 578/555/564
f 579/556/565 580/557/566 583/560/569
f 583/560/569 580/557/566 584/561/570
f 583/560/569 584/561/570 585/562/571
f 586/563/572 583/560/569 585/562/571
f 587/564/573 581/558/567 579/556/565
f 579/556/565 583/560/569 587/564/573
f 581/558/567 587/564/573 588/565/574
f 589/566/575 587/564/573 583/560/569
f 588/565/574 590/567/576 581/558/567
f 582/559/568 581/558/567 590/567/576
f 590/567/576 588/565/574 591/568/577
f 592/569/578 589/566/575 583/560/569
f 583/560/569 586/563/572 592/569/578
f 592/569/578 593/570/579 589/566/575
f 591/568/577 594/571/580 590/567/576
f 594/571/580 582/559/568 590/567/576
f 594/571/580 591/568/577 595/572/581
f 595/572/581 596/573/582 594/571/580
f 582/559/568 594/571/580 597/574/583
f 594/571/580 596/573/582 597/574/583
f 597/574/583 598/575/584 582/559/568
f 596/573/582 599/576/585 597/574/583
f 598/575/584 597/574/583 600/577/586
f 600/577/586 601/578/587 598/575/584
f 597/574/583 599/576/585 602/579/588
f 602/579/588 600/577/586 597/574/583
f 599/576/585 603/580/589 602/579/588
f 601/578/587 600/577/586 604/581/590
f 604/581/590 605/582/591 601/578/587
f 602/579/588 606/583/592 600/577/586
f 602/579/588 603/580/589 606/583/592
f 606/583/592 604/581/590 600/577/586
f 605/582/591 604/581/590 607/584/593
f 607/584/593 608/585/594 605/582/591
f 607/584/593 604/581/590 609/586/595
f 608/585/594 607/584/593 610/587/596
f 609/586/595 604/581/590 611/588/597
f 604/581/590 606/583/592 611/588/597
f 612/589/598 609/586/595 611/588/597
f 613/590/599 608/585/594 610/587/596
f 608/585/594 613/590/599 614/591/600
f 615/592/601 613/590/599 610/587/596
f 613/590/599 616/593/602 614/591/600
f 617/594/603 612/589/598 611/588/597
f 606/583/592 617/594/603 611/588/597
f 618/595/604 612/589/598 617/594/603
f 617/594/603 619/596/605 618/595/604
f 606/583/592 620/597/606 617/594/603
f 619/596/605 617/594/603 620/597/606
f 603/580/589 620/597/606 606/583/592
f 621/598/607 620/597/606 603/580/589
f 622/599/608 619/596/605 620/597/606
f 620/597/606 621/598/607 622/599/608
f 619/596/605 622/599/608 623/600/609
f 622/599/608 621/598/607 624/601/610
f 622/599/608 625/602/611 623/600/609
f 626/603/612 622/599/608 624/601/610
f 625/602/611 622/599/608 626/603/612
f 627/604/613 626/603/612 624/601/610
f 627/604/613 628/605/614 626/603/612
f 626/603/612 629/606/615 625/602/611
f 630/607/616 626/603/612 628/605/614
f 626/603/612 630/607/616 631/608/617
f 629/606/615 626/603/612 631/608/617
f 632/609/618 631/608/617 630/607/616
f 633/610/619 629/606/615 631/608/617
f 629/606/615 633/610/619 634/611/620
f 631/608/617 632/609/618 635/612/621
f 633/610/619 631/608/617 635/612/621
f 635/612/621 632/609/618 636/613/622
f 633/610/619 637/614/623 634/611/620
f 638/615/624 635/612/621 636/613/622
f 639/616/625 638/615/624 636/613/622
f 633/610/619 635/612/621 640/617/626
f 640/617/626 635/612/621 638/615/624
f 637/614/623 633/610/619 641/618/627
f 633/610/619 640/617/626 641/618/627
f 638/615/624 639/616/625 642/619/628
f 643/620/629 642/619/628 639/616/625
f 644/621/630 640/617/626 638/615/624
f 642/619/628 644/621/630 638/615/624
f 641/618/627 640/617/626 645/622/631
f 640/617/626 644/621/630 645/622/631
f 641/618/627 646/623/632 637/614/623
f 645/622/631 646/623/632 641/618/627
f 637/614/623 646/623/632 647/624/633
f 646/623/632 648/625/634 647/624/633
f 648/625/634 646/623/632 649/626/635
f 649/626/635 615/592/601 648/625/634
f 613/590/599 615/592/601 649/626/635
f 646/623/632 650/627/636 649/626/635
f 650/627/636 613/590/599 649/626/635
f 646/623/632 645/622/631 651/628/637
f 650/627/636 646/623/632 651/628/637
f 652/629/638 651/628/637 645/622/631
f 644/621/630 652/629/638 645/622/631
f 653/630/639 650/627/636 651/628/637
f 651/628/637 652/629/638 653/630/639
f 613/590/599 650/627/636 654/631/640
f 616/593/602 613/590/599 654/631/640
f 654/631/640 655/632/641 616/593/602
f 656/633/642 654/631/640 650/627/636
f 650/627/636 653/630/639 656/633/642
f 655/632/641 654/631/640 657/634/643
f 654/631/640 656/633/642 657/634/643
f 657/634/643 658/635/644 655/632/641
f 659/636/645 656/633/642 653/630/639
f 658/635/644 657/634/643 660/637/646
f 660/637/646 661/638/647 658/635/644
f 662/639/648 657/634/643 656/633/642
f 660/637/646 657/634/643 662/639/648
f 659/636/645 662/639/648 656/633/642
f 661/638/647 660/637/646 663/640/649
f 663/640/649 296/273/283 661/638/647
f 296/273/283 663/640/649 300/277/287
f 664/641/650 660/637/646 662/639/648
f 660/637/646 664/641/650 663/640/649
f 665/642/651 662/639/648 659/636/645
f 665/642/651 664/641/650 662/639/648
f 666/643/652 663/640/649 664/641/650
f 300/277/287 663/640/649 666/643/652
f 667/644/653 664/641/650 665/642/651
f 664/641/650 667/644/653 666/643/652
f 668/645/654 665/642/651 659/636/645
f 665/642/651 669/646/655 667/644/653
f 669/646/655 665/642/651 668/645/654
f 653/630/639 670/647/656 659/636/645
f 668/645/654 659/636/645 670/647/656
f 670/647/656 653/630/639 652/629/638
f 671/648/657 668/645/654 670/647/656
f 652/629/638 672/649/658 670/647/656
f 671/648/657 670/647/656 672/649/658
f 672/649/658 652/629/638 644/621/630
f 673/650/659 668/645/654 671/648/657
f 668/645/654 673/650/659 669/646/655
f 671/648/657 672/649/658 674/651/660
f 671/648/657 674/651/660 673/650/659
f 672/649/658 644/621/630 675/652/661
f 644/621/630 642/619/628 675/652/661
f 674/651/660 672/649/658 676/653/662
f 675/652/661 676/653/662 672/649/658
f 673/650/659 674/651/660 677/654/663
f 678/655/664 677/654/663 674/651/660
f 674/651/660 676/653/662 678/655/664
f 679/656/665 673/650/659 677/654/663
f 680/657/666 678/655/664 676/653/662
f 673/650/659 679/656/665 681/658/667
f 681/658/667 669/646/655 673/650/659
f 682/659/668 680/657/666 676/653/662
f 676/653/662 675/652/661 682/659/668
f 683/660/669 680/657/666 682/659/668
f 675/652/661 684/661/670 682/659/668
f 684/661/670 683/660/669 682/659/668
f 684/661/670 675/652/661 642/619/628
f 683/660/669 684/661/670 685/662/671
f 642/619/628 643/620/629 684/661/670
f 684/661/670 686/663/672 685/662/671
f 686/663/672 684/661/670 643/620/629
f 669/646/655 681/658/667 687/664/673
f 687/664/673 667/644/653 669/646/655
f 679/656/665 688/665/674 681/658/667
f 679/656/665 689/666/675 688/665/674
f 689/666/675 690/667/676 688/665/674
f 688/665/674 691/668/677 681/658/667
f 691/668/677 687/664/673 681/658/667
f 692/669/678 688/665/674 690/667/676
f 692/669/678 691/668/677 688/665/674
f 690/667/676 693/670/679 692/669/678
f 691/668/677 694/671/680 687/664/673
f 667/644/653 687/664/673 695/672/681
f 695/672/681 687/664/673 694/671/680
f 695/672/681 666/643/652 667/644/653
f 696/673/682 694/671/680 691/668/677
f 691/668/677 692/669/678 696/673/682
f 666/643/652 695/672/681 697/674/683
f 697/674/683 300/277/287 666/643/652
f 694/671/680 698/675/684 695/672/681
f 697/674/683 695/672/681 698/675/684
f 694/671/680 696/673/682 699/676/685
f 698/675/684 694/671/680 699/676/685
f 700/677/686 696/673/682 692/669/678
f 692/669/678 693/670/679 700/677/686
f 699/676/685 696/673/682 701/678/687
f 696/673/682 700/677/686 701/678/687
f 693/670/679 702/679/688 700/677/686
f 702/679/688 693/670/679 703/680/689
f 700/677/686 704/681/690 701/678/687
f 704/681/690 700/677/686 702/679/688
f 703/680/689 705/682/691 702/679/688
f 705/682/691 703/680/689 706/683/692
f 707/684/693 705/682/691 706/683/692
f 702/679/688 705/682/691 708/685/694
f 707/684/693 708/685/694 705/682/691
f 704/681/690 702/679/688 708/685/694
f 708/685/694 707/684/693 709/686/695
f 709/686/695 710/687/696 708/685/694
f 708/685/694 710/687/696 711/688/697
f 711/688/697 704/681/690 708/685/694
f 712/689/698 711/688/697 710/687/696
f 711/688/697 713/690/699 704/681/690
f 713/690/699 701/678/687 704/681/690
f 711/688/697 712/689/698 714/691/700
f 714/691/700 713/690/699 711/688/697
f 701/678/687 713/690/699 715/692/701
f 715/692/701 699/676/685 701/678/687
f 714/691/700 716/693/702 713/690/699
f 716/693/702 715/692/701 713/690/699
f 712/689/698 717/694/703 714/691/700
f 717/694/703 716/693/702 714/691/700
f 717/694/703 712/689/698 718/695/704
f 717/694/703 718/695/704 719/696/705
f 720/697/706 699/676/685 715/692/701
f 715/692/701 716/693/702 720/697/706
f 699/676/685 720/697/706 698/675/684
f 721/698/707 717/694/703 719/696/705
f 719/696/705 722/699/708 721/698/707
f 717/694/703 723/700/709 716/693/702
f 721/698/707 723/700/709 717/694/703
f 724/701/710 720/697/706 716/693/702
f 723/700/709 724/701/710 716/693/702
f 720/697/706 725/702/711 698/675/684
f 725/702/711 720/697/706 724/701/710
f 698/675/684 725/702/711 697/674/683
f 723/700/709 721/698/707 726/703/712
f 726/703/712 724/701/710 723/700/709
f 727/704/713 697/674/683 725/702/711
f 300/277/287 697/674/683 727/704/713
f 724/701/710 728/705/714 725/702/711
f 728/705/714 727/704/713 725/702/711
f 729/706/715 300/277/287 727/704/713
f 727/704/713 728/705/714 729/706/715
f 299/276/286 300/277/287 729/706/715
f 302/279/289 299/276/286 729/706/715
f 728/705/714 724/701/710 730/707/716
f 726/703/712 730/707/716 724/701/710
f 731/708/717 729/706/715 728/705/714
f 730/707/716 731/708/717 728/705/714
f 729/706/715 731/708/717 302/279/289
f 730/707/716 726/703/712 732/709/718
f 730/707/716 732/709/718 731/708/717
f 731/708/717 733/710/719 302/279/289
f 732/709/718 733/710/719 731/708/717
f 733/710/719 303/280/290 302/279/289
f 726/703/712 734/711/720 732/709/718
f 734/711/720 726/703/712 721/698/707
f 734/711/720 721/698/707 722/699/708
f 722/699/708 735/712/721 734/711/720
f 736/713/722 734/711/720 735/712/721
f 732/709/718 737/714/723 733/710/719
f 734/711/720 737/714/723 732/709/718
f 733/710/719 738/715/724 303/280/290
f 737/714/723 738/715/724 733/710/719
f 738/715/724 305/282/292 303/280/290
f 739/716/725 734/711/720 736/713/722
f 737/714/723 734/711/720 739/716/725
f 740/717/726 739/716/725 736/713/722
f 741/718/727 738/715/724 737/714/723
f 739/716/725 741/718/727 737/714/723
f 739/716/725 740/717/726 742/719/728
f 741/718/727 739/716/725 742/719/728
f 740/717/726 743/720/729 742/719/728
f 744/721/730 742/719/728 743/720/729
f 741/718/727 742/719/728 744/721/730
f 383/360/370 744/721/730 743/720/729
f 744/721/730 383/360/370 382/359/369
f 745/722/731 741/718/727 744/721/730
f 382/359/369 745/722/731 744/721/730
f 741/718/727 745/722/731 738/715/724
f 745/722/731 305/282/292 738/715/724
f 745/722/731 382/359/369 363/340/350
f 305/282/292 745/722/731 307/284/294
f 360/337/347 745/722/731 363/340/350
f 745/722/731 360/337/347 307/284/294
f 746/723/732 747/724/733 748/725/733
f 747/724/733 746/723/732 749/726/734
f 750/727/735 749/726/734 746/723/732
f 749/726/734 750/727/735 751/728/735
f 750/727/735 752/729/736 751/728/735
f 752/729/736 750/727/735 753/730/736
f 753/730/736 754/731/737 752/729/736
f 754/731/737 753/730/736 755/732/737
f 754/731/737 755/732/737 756/733/738
f 756/733/738 755/732/737 757/734/739
f 756/733/738 757/734/739 758/735/740
f 758/735/740 757/734/739 759/736/741
f 760/70/742 761/95/743 762/72/744
f 760/70/742 763/248/745 761/95/743
f 763/248/745 760/70/742 764/68/745
f 764/68/745 765/66/746 763/248/745
f 766/249/746 763/248/745 765/66/746
f 765/66/746 767/64/747 766/249/746
f 768/251/748 766/249/746 767/64/747
f 767/64/747 769/62/749 768/251/748
f 770/253/749 768/251/748 769/62/749
f 769/62/749 771/61/750 770/253/749
f 772/256/751 770/253/749 771/61/750
f 771/61/750 773/58/752 772/256/751
f 774/259/752 772/256/751 773/58/752
f 773/58/752 775/263/753 774/259/752
f 775/263/753 773/58/752 776/56/753
f 776/56/753 777/55/754 775/263/753
f 778/273/755 775/263/753 777/55/754
f 779/104/756 780/291/757 781/94/756
f 781/94/756 780/291/757 782/92/757
f 783/294/758 782/92/757 780/291/757
f 782/92/757 783/294/758 784/90/758
f 785/298/759 784/90/758 783/294/758
f 784/90/758 785/298/759 786/88/760
f 787/301/761 786/88/760 785/298/759
f 786/88/760 787/301/761 788/86/761
f 789/303/762 788/86/761 787/301/761
f 788/86/761 789/303/762 790/84/762
f 791/306/763 790/84/762 789/303/762
f 790/84/762 791/306/763 792/82/763
f 793/307/764 792/82/763 791/306/763
f 792/82/763 793/307/764 794/80/764
f 795/550/765 794/80/764 793/307/764
f 794/80/764 795/550/765 796/78/766
f 797/553/767 796/78/766 795/550/765
f 796/78/766 797/553/767 798/76/768
f 799/555/769 798/76/768 797/553/767
f 798/76/768 799/555/769 800/75/770
f 799/555/769 801/74/771 800/75/770
f 801/74/771 799/555/769 802/559/772
f 803/737/773 804/738/774 805/739/775
f 804/738/774 803/737/773 806/740/776
f 807/741/777 806/740/776 803/737/773
f 806/740/776 807/741/777 808/742/778
f 809/743/779 810/744/780 811/745/781
f 812/746/782 811/745/781 810/744/780
f 812/746/782 810/744/780 813/747/783
f 813/747/783 814/748/784 812/746/782
f 814/748/784 813/747/783 815/749/785
f 815/749/785 816/750/785 814/748/784
f 815/749/785 817/751/786 816/750/785
f 817/751/786 815/749/785 818/752/787
f 818/752/787 819/753/788 817/751/786
f 818/752/787 820/754/789 819/753/788
f 821/755/790 822/756/791 823/757/792
f 824/758/793 821/755/790 823/757/792
f 824/758/793 825/759/794 821/755/790
f 825/759/794 824/758/793 826/760/795
f 826/760/795 827/761/796 825/759/794
f 827/761/796 826/760/795 828/762/797
f 829/763/798 827/761/796 828/762/797
f 829/763/798 830/764/799 827/761/796
f 830/764/799 829/763/798 831/765/800
f 832/766/801 830/764/799 831/765/800
f 833/767/802 834/768/803 835/769/804
f 833/767/802 836/770/805 834/768/803
f 836/770/805 833/767/802 837/771/806
f 837/771/806 838/772/807 836/770/805
f 837/771/806 839/773/808 838/772/807
f 839/773/808 837/771/806 840/774/809
f 840/774/809 841/775/810 839/773/808
f 841/775/810 840/774/809 842/776/811
f 842/776/811 843/777/812 841/775/810
f 842/776/811 844/778/813 843/777/812
f 845/779/814 846/780/815 847/781/816
f 848/782/817 847/781/816 846/780/815
f 849/783/818 848/782/817 846/780/815
f 849/783/818 850/784/819 848/782/817
f 851/785/820 850/784/819 849/783/818
f 850/784/819 851/785/820 852/786/821
f 851/785/820 853/787/822 852/786/821
f 853/787/822 851/785/820 854/788/823
f 854/788/823 855/789/824 853/787/822
f 854/788/823 856/790/825 855/789/824
f 857/153/151 858/154/826 859/10/827
f 857/153/151 859/10/827 860/12/12
f 861/791/828 857/153/151 860/12/12
f 862/155/155 857/153/151 861/791/828
f 863/792/829 861/791/828 860/12/12
f 863/792/829 860/12/12 864/14/830
f 865/793/831 862/155/155 861/791/828
f 866/157/832 862/155/155 865/793/831
f 867/794/833 861/791/828 863/792/829
f 861/791/828 867/794/833 865/793/831
f 866/157/832 865/793/831 868/795/834
f 868/795/834 865/793/831 867/794/833
f 866/157/832 868/795/834 869/159/835
f 867/794/833 863/792/829 870/796/836
f 871/797/837 869/159/835 868/795/834
f 869/159/835 871/797/837 872/166/838
f 868/795/834 867/794/833 873/798/839
f 873/798/839 867/794/833 870/796/836
f 868/795/834 874/799/840 871/797/837
f 874/799/840 868/795/834 873/798/839
f 875/800/841 872/166/838 871/797/837
f 872/166/838 875/800/841 876/168/842
f 877/801/843 871/797/837 874/799/840
f 871/797/837 877/801/843 875/800/841
f 878/802/844 876/168/842 875/800/841
f 876/168/842 878/802/844 879/170/845
f 878/802/844 880/172/846 879/170/845
f 881/803/847 875/800/841 877/801/843
f 881/803/847 878/802/844 875/800/841
f 880/172/846 878/802/844 882/804/828
f 880/172/846 882/804/828 883/174/848
f 882/804/828 884/177/849 883/174/848
f 882/804/828 878/802/844 885/805/850
f 885/805/850 884/177/849 882/804/828
f 885/805/850 878/802/844 881/803/847
f 884/177/849 885/805/850 886/806/851
f 884/177/849 886/806/851 887/179/852
f 886/806/851 888/182/182 887/179/852
f 889/189/853 890/185/854 888/182/182
f 886/806/851 889/189/853 888/182/182
f 891/807/855 885/805/850 881/803/847
f 886/806/851 885/805/850 892/808/856
f 885/805/850 891/807/855 892/808/856
f 893/809/857 889/189/853 886/806/851
f 893/809/857 886/806/851 892/808/856
f 889/189/853 893/809/857 894/810/858
f 894/810/858 895/190/859 889/189/853
f 896/811/860 893/809/857 892/808/856
f 895/190/859 894/810/858 897/812/861
f 897/812/861 898/194/862 895/190/859
f 899/813/863 894/810/858 893/809/857
f 893/809/857 896/811/860 899/813/863
f 900/814/864 897/812/861 894/810/858
f 894/810/858 899/813/863 900/814/864
f 898/194/862 897/812/861 901/815/865
f 901/815/865 902/198/866 898/194/862
f 902/198/866 901/815/865 903/816/867
f 903/816/867 904/202/868 902/198/866
f 897/812/861 905/817/869 901/815/865
f 904/202/868 903/816/867 906/818/870
f 906/818/870 907/203/871 904/202/868
f 901/815/865 908/819/872 903/816/867
f 908/819/872 906/818/870 903/816/867
f 908/819/872 901/815/865 905/817/869
f 909/820/873 907/203/871 906/818/870
f 909/820/873 910/206/874 907/203/871
f 906/818/870 908/819/872 911/821/875
f 911/821/875 909/820/873 906/818/870
f 910/206/874 909/820/873 912/822/876
f 912/822/876 913/209/877 910/206/874
f 914/823/878 909/820/873 911/821/875
f 914/823/878 912/822/876 909/820/873
f 913/209/877 912/822/876 915/824/879
f 915/824/879 916/214/880 913/209/877
f 916/214/880 915/824/879 917/825/881
f 912/822/876 914/823/878 918/826/882
f 918/826/882 915/824/879 912/822/876
f 919/827/883 917/825/881 915/824/879
f 915/824/879 918/826/882 919/827/883
f 917/825/881 919/827/883 920/828/884
f 921/829/885 918/826/882 914/823/878
f 911/821/875 921/829/885 914/823/878
f 918/826/882 922/830/886 919/827/883
f 918/826/882 921/829/885 922/830/886
f 923/831/887 920/828/884 919/827/883
f 922/830/886 923/831/887 919/827/883
f 920/828/884 923/831/887 924/832/888
f 923/831/887 925/833/889 924/832/888
f 925/833/889 923/831/887 926/834/890
f 922/830/886 926/834/890 923/831/887
f 926/834/890 927/835/891 925/833/889
f 926/834/890 922/830/886 928/836/892
f 927/835/891 926/834/890 929/837/893
f 929/837/893 926/834/890 928/836/892
f 930/838/894 927/835/891 929/837/893
f 927/835/891 930/838/894 931/839/895
f 932/840/896 931/839/895 930/838/894
f 931/839/895 932/840/896 933/841/897
f 929/837/893 934/842/898 930/838/894
f 934/842/898 932/840/896 930/838/894
f 934/842/898 929/837/893 935/843/899
f 928/836/892 935/843/899 929/837/893
f 932/840/896 934/842/898 936/844/551
f 937/845/900 933/841/897 932/840/896
f 937/845/900 932/840/896 936/844/551
f 933/841/897 937/845/900 938/846/901
f 937/845/900 939/847/902 938/846/901
f 935/843/899 940/848/903 934/842/898
f 940/848/903 936/844/551 934/842/898
f 939/847/902 937/845/900 941/849/904
f 936/844/551 942/850/905 937/845/900
f 937/845/900 942/850/905 941/849/904
f 936/844/551 940/848/903 943/851/906
f 942/850/905 936/844/551 943/851/906
f 940/848/903 935/843/899 944/852/907
f 928/836/892 944/852/907 935/843/899
f 945/853/908 943/851/906 940/848/903
f 940/848/903 944/852/907 945/853/908
f 943/851/906 946/854/909 942/850/905
f 944/852/907 928/836/892 947/855/910
f 948/856/911 946/854/909 943/851/906
f 943/851/906 945/853/908 948/856/911
f 945/853/908 944/852/907 949/857/912
f 944/852/907 947/855/910 949/857/912
f 950/858/913 948/856/911 945/853/908
f 949/857/912 950/858/913 945/853/908
f 946/854/909 948/856/911 951/859/914
f 948/856/911 950/858/913 951/859/914
f 946/854/909 952/860/915 942/850/905
f 942/850/905 952/860/915 941/849/904
f 951/859/914 953/861/916 946/854/909
f 952/860/915 946/854/909 953/861/916
f 952/860/915 954/862/917 941/849/904
f 954/862/917 939/847/902 941/849/904
f 939/847/902 954/862/917 955/863/918
f 956/864/919 955/863/918 954/862/917
f 954/862/917 952/860/915 957/865/920
f 953/861/916 957/865/920 952/860/915
f 956/864/919 954/862/917 958/866/921
f 957/865/920 958/866/921 954/862/917
f 959/867/922 956/864/919 958/866/921
f 957/865/920 953/861/916 960/868/923
f 959/867/922 958/866/921 961/869/924
f 961/869/924 962/870/925 959/867/922
f 958/866/921 957/865/920 963/871/926
f 961/869/924 958/866/921 963/871/926
f 957/865/920 960/868/923 963/871/926
f 962/870/925 961/869/924 964/872/927
f 964/872/927 965/873/928 962/870/925
f 965/873/928 964/872/927 966/874/929
f 961/869/924 963/871/926 967/875/930
f 967/875/930 964/872/927 961/869/924
f 966/874/929 964/872/927 968/876/931
f 964/872/927 967/875/930 968/876/931
f 966/874/929 968/876/931 969/877/932
f 970/878/933 969/877/932 968/876/931
f 971/879/934 967/875/930 963/871/926
f 960/868/923 971/879/934 963/871/926
f 968/876/931 967/875/930 972/880/935
f 967/875/930 971/879/934 972/880/935
f 970/878/933 968/876/931 973/881/936
f 968/876/931 972/880/935 973/881/936
f 974/882/937 970/878/933 973/881/936
f 974/882/937 975/883/938 970/878/933
f 976/884/939 973/881/936 972/880/935
f 975/883/938 974/882/937 977/885/940
f 977/885/940 978/886/941 975/883/938
f 974/882/937 973/881/936 979/887/942
f 973/881/936 976/884/939 979/887/942
f 980/888/764 977/885/940 974/882/937
f 979/887/942 980/888/764 974/882/937
f 978/886/941 977/885/940 981/889/943
f 981/889/943 982/890/944 978/886/941
f 983/891/945 979/887/942 976/884/939
f 980/888/764 979/887/942 983/891/945
f 972/880/935 984/892/946 976/884/939
f 983/891/945 976/884/939 984/892/946
f 972/880/935 971/879/934 984/892/946
f 971/879/934 985/893/947 984/892/946
f 983/891/945 984/892/946 985/893/947
f 985/893/947 971/879/934 960/868/923
f 960/868/923 986/894/948 985/893/947
f 986/894/948 960/868/923 953/861/916
f 953/861/916 951/859/914 986/894/948
f 987/895/949 985/893/947 986/894/948
f 951/859/914 987/895/949 986/894/948
f 985/893/947 987/895/949 983/891/945
f 950/858/913 987/895/949 951/859/914
f 988/896/950 983/891/945 987/895/949
f 983/891/945 988/896/950 980/888/764
f 989/897/951 987/895/949 950/858/913
f 987/895/949 989/897/951 988/896/950
f 949/857/912 989/897/951 950/858/913
f 990/898/952 980/888/764 988/896/950
f 989/897/951 949/857/912 991/899/953
f 947/855/910 991/899/953 949/857/912
f 992/900/954 988/896/950 989/897/951
f 988/896/950 992/900/954 990/898/952
f 993/901/955 989/897/951 991/899/953
f 989/897/951 993/901/955 992/900/954
f 947/855/910 994/902/956 991/899/953
f 994/902/956 993/901/955 991/899/953
f 928/836/892 994/902/956 947/855/910
f 994/902/956 928/836/892 922/830/886
f 921/829/885 994/902/956 922/830/886
f 995/903/957 993/901/955 994/902/956
f 994/902/956 921/829/885 995/903/957
f 996/904/958 992/900/954 993/901/955
f 993/901/955 995/903/957 996/904/958
f 921/829/885 997/905/885 995/903/957
f 921/829/885 911/821/875 997/905/885
f 908/819/872 997/905/885 911/821/875
f 997/905/885 998/906/959 995/903/957
f 995/903/957 998/906/959 996/904/958
f 997/905/885 908/819/872 999/907/960
f 999/907/960 998/906/959 997/905/885
f 905/817/869 999/907/960 908/819/872
f 1000/908/961 996/904/958 998/906/959
f 999/907/960 905/817/869 1001/909/962
f 1000/908/961 1002/910/963 996/904/958
f 992/900/954 996/904/958 1002/910/963
f 1002/910/963 990/898/952 992/900/954
f 998/906/959 999/907/960 1003/911/964
f 1001/909/962 1003/911/964 999/907/960
f 998/906/959 1004/912/965 1000/908/961
f 1004/912/965 998/906/959 1003/911/964
f 1002/910/963 1000/908/961 1005/913/966
f 1004/912/965 1005/913/966 1000/908/961
f 990/898/952 1002/910/963 1006/914/967
f 1005/913/966 1006/914/967 1002/910/963
f 1006/914/967 1007/915/968 990/898/952
f 980/888/764 990/898/952 1007/915/968
f 977/885/940 980/888/764 1007/915/968
f 1007/915/968 981/889/943 977/885/940
f 1007/915/968 1006/914/967 1008/916/969
f 981/889/943 1007/915/968 1008/916/969
f 1006/914/967 1005/913/966 1009/917/970
f 1009/917/970 1008/916/969 1006/914/967
f 1010/918/971 981/889/943 1008/916/969
f 982/890/944 981/889/943 1010/918/971
f 1010/918/971 1011/919/972 982/890/944
f 1008/916/969 1012/920/973 1010/918/971
f 1008/916/969 1009/917/970 1012/920/973
f 1011/919/972 1010/918/971 1013/921/974
f 1012/920/973 1013/921/974 1010/918/971
f 1013/921/974 1014/922/975 1011/919/972
f 1015/923/976 1012/920/973 1009/917/970
f 1014/922/975 1013/921/974 1016/924/977
f 1016/924/977 1017/925/978 1014/922/975
f 1013/921/974 1012/920/973 1018/926/979
f 1018/926/979 1016/924/977 1013/921/974
f 1012/920/973 1015/923/976 1018/926/979
f 1017/925/978 1016/924/977 1019/927/980
f 1019/927/980 1020/928/981 1017/925/978
f 1016/924/977 1018/926/979 1021/929/982
f 1020/928/981 1019/927/980 1022/930/983
f 1022/930/983 1023/931/984 1020/928/981
f 1016/924/977 1024/932/985 1019/927/980
f 1024/932/985 1016/924/977 1021/929/982
f 1019/927/980 1025/933/986 1022/930/983
f 1025/933/986 1019/927/980 1024/932/985
f 1023/931/984 1022/930/983 1026/934/987
f 1027/935/988 1022/930/983 1025/933/986
f 1022/930/983 1027/935/988 1026/934/987
f 1028/936/989 1023/931/984 1026/934/987
f 1023/931/984 1028/936/989 1029/937/990
f 1030/938/991 1026/934/987 1027/935/988
f 1026/934/987 1030/938/991 1028/936/989
f 1029/937/990 1028/936/989 1031/939/992
f 1031/939/992 1032/940/993 1029/937/990
f 1028/936/989 1030/938/991 1033/941/994
f 1028/936/989 1033/941/994 1031/939/992
f 1034/942/995 1032/940/993 1031/939/992
f 1032/940/993 1034/942/995 1035/943/996
f 1036/944/997 1031/939/992 1033/941/994
f 1031/939/992 1036/944/997 1034/942/995
f 1037/945/998 1035/943/996 1034/942/995
f 1035/943/996 1037/945/998 1038/946/999
f 1036/944/997 1039/947/1000 1034/942/995
f 1034/942/995 1039/947/1000 1037/945/998
f 1040/948/1001 1038/946/999 1037/945/998
f 1038/946/999 1040/948/1001 1041/949/1002
f 1042/950/1003 1037/945/998 1039/947/1000
f 1037/945/998 1042/950/1003 1040/948/1001
f 1036/944/997 1043/951/1004 1039/947/1000
f 1044/952/1005 1041/949/1002 1040/948/1001
f 1041/949/1002 1044/952/1005 1045/953/1006
f 1044/952/1005 1046/954/1007 1045/953/1006
f 1047/955/1008 1043/951/1004 1036/944/997
f 1033/941/994 1047/955/1008 1036/944/997
f 1043/951/1004 1048/956/1009 1039/947/1000
f 1039/947/1000 1048/956/1009 1042/950/1003
f 1047/955/1008 1033/941/994 1049/957/1010
f 1030/938/991 1049/957/1010 1033/941/994
f 1047/955/1008 1050/958/1011 1043/951/1004
f 1050/958/1011 1048/956/1009 1043/951/1004
f 1030/938/991 1051/959/1012 1049/957/1010
f 1027/935/988 1051/959/1012 1030/938/991
f 1049/957/1010 1052/960/1013 1047/955/1008
f 1050/958/1011 1047/955/1008 1052/960/1013
f 1051/959/1012 1027/935/988 1053/961/1014
f 1025/933/986 1053/961/1014 1027/935/988
f 1054/962/1015 1049/957/1010 1051/959/1012
f 1053/961/1014 1054/962/1015 1051/959/1012
f 1052/960/1013 1049/957/1010 1054/962/1015
f 1053/961/1014 1025/933/986 1055/963/1016
f 1055/963/1016 1054/962/1015 1053/961/1014
f 1024/932/985 1055/963/1016 1025/933/986
f 1055/963/1016 1024/932/985 1056/964/1017
f 1021/929/982 1056/964/1017 1024/932/985
f 1054/962/1015 1055/963/1016 1057/965/1018
f 1056/964/1017 1057/965/1018 1055/963/1016
f 1056/964/1017 1021/929/982 1058/966/1019
f 1018/926/979 1058/966/1019 1021/929/982
f 1058/966/1019 1018/926/979 1015/923/976
f 1057/965/1018 1056/964/1017 1059/967/1020
f 1058/966/1019 1059/967/1020 1056/964/1017
f 1015/923/976 1060/968/1021 1058/966/1019
f 1059/967/1020 1058/966/1019 1060/968/1021
f 1060/968/1021 1015/923/976 1061/969/1022
f 1009/917/970 1061/969/1022 1015/923/976
f 1061/969/1022 1009/917/970 1005/913/966
f 1005/913/966 1004/912/965 1061/969/1022
f 1062/970/1023 1061/969/1022 1004/912/965
f 1061/969/1022 1062/970/1023 1060/968/1021
f 1003/911/964 1062/970/1023 1004/912/965
f 1060/968/1021 1063/971/1024 1059/967/1020
f 1063/971/1024 1060/968/1021 1062/970/1023
f 1062/970/1023 1003/911/964 1064/972/1025
f 1064/972/1025 1063/971/1024 1062/970/1023
f 1003/911/964 1001/909/962 1064/972/1025
f 1065/973/1026 1059/967/1020 1063/971/1024
f 1059/967/1020 1065/973/1026 1057/965/1018
f 1065/973/1026 1054/962/1015 1057/965/1018
f 1063/971/1024 1064/972/1025 1066/974/1027
f 1066/974/1027 1065/973/1026 1063/971/1024
f 1067/975/1028 1064/972/1025 1001/909/962
f 1064/972/1025 1067/975/1028 1066/974/1027
f 1001/909/962 1068/976/1029 1067/975/1028
f 1068/976/1029 1001/909/962 905/817/869
f 905/817/869 897/812/861 1068/976/1029
f 897/812/861 900/814/864 1068/976/1029
f 900/814/864 1067/975/1028 1068/976/1029
f 1069/977/1030 1066/974/1027 1067/975/1028
f 1067/975/1028 900/814/864 1069/977/1030
f 1066/974/1027 1069/977/1030 1070/978/1031
f 1065/973/1026 1066/974/1027 1070/978/1031
f 900/814/864 1071/979/1032 1069/977/1030
f 1071/979/1032 1070/978/1031 1069/977/1030
f 1071/979/1032 900/814/864 899/813/863
f 1065/973/1026 1070/978/1031 1072/980/1033
f 1070/978/1031 1071/979/1032 1072/980/1033
f 1065/973/1026 1072/980/1033 1073/981/1034
f 1054/962/1015 1065/973/1026 1073/981/1034
f 1073/981/1034 1052/960/1013 1054/962/1015
f 1071/979/1032 1074/982/1035 1072/980/1033
f 1072/980/1033 1074/982/1035 1073/981/1034
f 899/813/863 1075/983/1036 1071/979/1032
f 1074/982/1035 1071/979/1032 1075/983/1036
f 1075/983/1036 899/813/863 896/811/860
f 1052/960/1013 1073/981/1034 1076/984/1037
f 1073/981/1034 1074/982/1035 1076/984/1037
f 1076/984/1037 1050/958/1011 1052/960/1013
f 1077/985/1038 1074/982/1035 1075/983/1036
f 896/811/860 1077/985/1038 1075/983/1036
f 1074/982/1035 1078/986/1039 1076/984/1037
f 1074/982/1035 1077/985/1038 1078/986/1039
f 1050/958/1011 1076/984/1037 1079/987/1040
f 1076/984/1037 1078/986/1039 1079/987/1040
f 1077/985/1038 896/811/860 1080/988/1041
f 892/808/856 1080/988/1041 896/811/860
f 1080/988/1041 892/808/856 891/807/855
f 1081/989/1042 1078/986/1039 1077/985/1038
f 1080/988/1041 1081/989/1042 1077/985/1038
f 891/807/855 1082/990/1043 1080/988/1041
f 1080/988/1041 1082/990/1043 1081/989/1042
f 1078/986/1039 1081/989/1042 1083/991/1044
f 1078/986/1039 1083/991/1044 1079/987/1040
f 1082/990/1043 1084/992/1045 1081/989/1042
f 1081/989/1042 1084/992/1045 1083/991/1044
f 1085/993/1046 1082/990/1043 891/807/855
f 881/803/847 1085/993/1046 891/807/855
f 1085/993/1046 881/803/847 877/801/843
f 1085/993/1046 1086/994/1047 1082/990/1043
f 1082/990/1043 1086/994/1047 1084/992/1045
f 1085/993/1046 877/801/843 1087/995/1048
f 1087/995/1048 1086/994/1047 1085/993/1046
f 877/801/843 874/799/840 1087/995/1048
f 1086/994/1047 1088/996/1049 1084/992/1045
f 1087/995/1048 874/799/840 1089/997/1050
f 874/799/840 873/798/839 1089/997/1050
f 1087/995/1048 1090/998/1051 1086/994/1047
f 1087/995/1048 1089/997/1050 1090/998/1051
f 1086/994/1047 1090/998/1051 1088/996/1049
f 873/798/839 1091/999/1052 1089/997/1050
f 873/798/839 870/796/836 1091/999/1052
f 1089/997/1050 1092/1000/1053 1090/998/1051
f 870/796/836 1093/1001/1054 1091/999/1052
f 870/796/836 863/792/829 1093/1001/1054
f 1093/1001/1054 863/792/829 864/14/830
f 1089/997/1050 1091/999/1052 1094/1002/1055
f 1089/997/1050 1094/1002/1055 1092/1000/1053
f 1095/13/13 1096/1003/1056 864/14/830
f 1096/1003/1056 1097/8/1057 864/14/830
f 1097/8/1057 1096/1003/1056 1098/9/1058
f 1093/1001/1054 864/14/830 1097/8/1057
f 1099/1004/1059 1093/1001/1054 1097/8/1057
f 1100/7/1060 1099/1004/1059 1097/8/1057
f 1101/1005/1061 1099/1004/1059 1100/7/1060
f 1099/1004/1059 1101/1005/1061 1102/1006/1062
f 1093/1001/1054 1099/1004/1059 1103/1007/1063
f 1091/999/1052 1093/1001/1054 1103/1007/1063
f 1104/1008/1064 1099/1004/1059 1102/1006/1062
f 1104/1008/1064 1103/1007/1063 1099/1004/1059
f 1105/1009/1065 1104/1008/1064 1102/1006/1062
f 1104/1008/1064 1105/1009/1065 1106/5/1066
f 1104/1008/1064 1106/5/1066 1107/4/1067
f 1091/999/1052 1103/1007/1063 1108/1010/1068
f 1103/1007/1063 1104/1008/1064 1108/1010/1068
f 1107/4/1067 1108/1010/1068 1104/1008/1064
f 1108/1010/1068 1094/1002/1055 1091/999/1052
f 1109/1011/1069 1094/1002/1055 1108/1010/1068
f 1108/1010/1068 1107/4/1067 1109/1011/1069
f 1094/1002/1055 1109/1011/1069 1092/1000/1053
f 1110/1012/1070 1109/1011/1069 1107/4/1067
f 1111/6/1071 1110/1012/1070 1107/4/1067
f 1112/1013/1072 1110/1012/1070 1111/6/1071
f 1113/1014/1073 1110/1012/1070 1112/1013/1072
f 1114/1015/1074 1092/1000/1053 1109/1011/1069
f 1109/1011/1069 1110/1012/1070 1114/1015/1074
f 1110/1012/1070 1113/1014/1073 1115/1016/1075
f 1115/1016/1075 1114/1015/1074 1110/1012/1070
f 1116/1017/1076 1115/1016/1075 1113/1014/1073
f 1092/1000/1053 1114/1015/1074 1117/1018/1077
f 1090/998/1051 1092/1000/1053 1117/1018/1077
f 1114/1015/1074 1115/1016/1075 1118/1019/1078
f 1118/1019/1078 1117/1018/1077 1114/1015/1074
f 1115/1016/1075 1116/1017/1076 1119/1020/1079
f 1119/1020/1079 1118/1019/1078 1115/1016/1075
f 1119/1020/1079 1116/1017/1076 1120/1021/1080
f 1121/1022/1081 1090/998/1051 1117/1018/1077
f 1117/1018/1077 1118/1019/1078 1121/1022/1081
f 1121/1022/1081 1088/996/1049 1090/998/1051
f 1121/1022/1081 1118/1019/1078 1122/1023/1082
f 1118/1019/1078 1119/1020/1079 1122/1023/1082
f 1121/1022/1081 1123/1024/1083 1088/996/1049
f 1121/1022/1081 1122/1023/1082 1123/1024/1083
f 1124/1025/1084 1088/996/1049 1123/1024/1083
f 1123/1024/1083 1122/1023/1082 1124/1025/1084
f 1119/1020/1079 1125/1026/1085 1122/1023/1082
f 1122/1023/1082 1125/1026/1085 1124/1025/1084
f 1119/1020/1079 1120/1021/1080 1126/1027/1086
f 1125/1026/1085 1119/1020/1079 1126/1027/1086
f 1126/1027/1086 1120/1021/1080 1127/1028/1087
f 1126/1027/1086 1127/1028/1087 1128/1029/1088
f 1125/1026/1085 1129/1030/1089 1124/1025/1084
f 1126/1027/1086 1128/1029/1088 1130/1031/1090
f 1130/1031/1090 1128/1029/1088 1131/1032/1091
f 1125/1026/1085 1126/1027/1086 1132/1033/1092
f 1132/1033/1092 1126/1027/1086 1130/1031/1090
f 1129/1030/1089 1125/1026/1085 1132/1033/1092
f 1133/1034/1093 1130/1031/1090 1131/1032/1091
f 1124/1025/1084 1129/1030/1089 1134/1035/1094
f 1124/1025/1084 1134/1035/1094 1088/996/1049
f 1135/1036/1095 1130/1031/1090 1133/1034/1093
f 1136/1037/1096 1135/1036/1095 1133/1034/1093
f 1137/1038/1097 1135/1036/1095 1136/1037/1096
f 1138/1039/1098 1130/1031/1090 1135/1036/1095
f 1138/1039/1098 1132/1033/1092 1130/1031/1090
f 1139/1040/1099 1135/1036/1095 1137/1038/1097
f 1139/1040/1099 1138/1039/1098 1135/1036/1095
f 1137/1038/1097 1140/1041/1100 1139/1040/1099
f 1132/1033/1092 1138/1039/1098 1141/1042/1101
f 1129/1030/1089 1132/1033/1092 1141/1042/1101
f 1141/1042/1101 1134/1035/1094 1129/1030/1089
f 1138/1039/1098 1139/1040/1099 1142/1043/1102
f 1142/1043/1102 1141/1042/1101 1138/1039/1098
f 1140/1041/1100 1143/1044/1103 1139/1040/1099
f 1143/1044/1103 1142/1043/1102 1139/1040/1099
f 1144/1045/1104 1143/1044/1103 1140/1041/1100
f 1143/1044/1103 1144/1045/1104 1145/1046/1105
f 1141/1042/1101 1142/1043/1102 1146/1047/1106
f 1143/1044/1103 1145/1046/1105 1147/1048/1107
f 1147/1048/1107 1145/1046/1105 1148/1049/1108
f 1149/1050/1109 1147/1048/1107 1148/1049/1108
f 1142/1043/1102 1143/1044/1103 1150/1051/1110
f 1147/1048/1107 1150/1051/1110 1143/1044/1103
f 1150/1051/1110 1146/1047/1106 1142/1043/1102
f 1147/1048/1107 1149/1050/1109 1151/1052/1111
f 1152/1053/1112 1151/1052/1111 1149/1050/1109
f 1150/1051/1110 1147/1048/1107 1153/1054/1113
f 1151/1052/1111 1153/1054/1113 1147/1048/1107
f 1146/1047/1106 1150/1051/1110 1154/1055/1114
f 1154/1055/1114 1150/1051/1110 1153/1054/1113
f 1141/1042/1101 1146/1047/1106 1155/1056/1115
f 1154/1055/1114 1155/1056/1115 1146/1047/1106
f 1141/1042/1101 1155/1056/1115 1134/1035/1094
f 1153/1054/1113 1156/1057/1116 1154/1055/1114
f 1154/1055/1114 1157/1058/1117 1155/1056/1115
f 1154/1055/1114 1156/1057/1116 1157/1058/1117
f 1158/1059/1118 1134/1035/1094 1155/1056/1115
f 1157/1058/1117 1158/1059/1118 1155/1056/1115
f 1159/1060/1119 1156/1057/1116 1153/1054/1113
f 1153/1054/1113 1151/1052/1111 1159/1060/1119
f 1160/1061/1120 1157/1058/1117 1156/1057/1116
f 1156/1057/1116 1159/1060/1119 1160/1061/1120
f 1134/1035/1094 1158/1059/1118 1161/1062/1121
f 1161/1062/1121 1088/996/1049 1134/1035/1094
f 1088/996/1049 1161/1062/1121 1084/992/1045
f 1084/992/1045 1161/1062/1121 1083/991/1044
f 1161/1062/1121 1162/1063/1122 1083/991/1044
f 1162/1063/1122 1161/1062/1121 1158/1059/1118
f 1079/987/1040 1083/991/1044 1162/1063/1122
f 1163/1064/1123 1162/1063/1122 1158/1059/1118
f 1158/1059/1118 1157/1058/1117 1163/1064/1123
f 1164/1065/1124 1079/987/1040 1162/1063/1122
f 1162/1063/1122 1163/1064/1123 1164/1065/1124
f 1079/987/1040 1164/1065/1124 1050/958/1011
f 1048/956/1009 1050/958/1011 1164/1065/1124
f 1165/1066/1125 1164/1065/1124 1163/1064/1123
f 1164/1065/1124 1165/1066/1125 1048/956/1009
f 1157/1058/1117 1165/1066/1125 1163/1064/1123
f 1048/956/1009 1165/1066/1125 1042/950/1003
f 1165/1066/1125 1157/1058/1117 1166/1067/1126
f 1160/1061/1120 1166/1067/1126 1157/1058/1117
f 1042/950/1003 1165/1066/1125 1167/1068/1127
f 1165/1066/1125 1166/1067/1126 1167/1068/1127
f 1167/1068/1127 1040/948/1001 1042/950/1003
f 1040/948/1001 1167/1068/1127 1044/952/1005
f 1160/1061/1120 1168/1069/1128 1166/1067/1126
f 1159/1060/1119 1168/1069/1128 1160/1061/1120
f 1167/1068/1127 1166/1067/1126 1169/1070/1129
f 1169/1070/1129 1044/952/1005 1167/1068/1127
f 1170/1071/1130 1166/1067/1126 1168/1069/1128
f 1170/1071/1130 1169/1070/1129 1166/1067/1126
f 1168/1069/1128 1159/1060/1119 1171/1072/1131
f 1171/1072/1131 1170/1071/1130 1168/1069/1128
f 1151/1052/1111 1171/1072/1131 1159/1060/1119
f 1172/1073/1132 1169/1070/1129 1170/1071/1130
f 1171/1072/1131 1151/1052/1111 1173/1074/1133
f 1152/1053/1112 1173/1074/1133 1151/1052/1111
f 1173/1074/1133 1152/1053/1112 1174/1075/1134
f 1175/1076/1135 1173/1074/1133 1174/1075/1134
f 1170/1071/1130 1171/1072/1131 1176/1077/1136
f 1173/1074/1133 1176/1077/1136 1171/1072/1131
f 1170/1071/1130 1176/1077/1136 1172/1073/1132
f 1175/1076/1135 1177/1078/1137 1173/1074/1133
f 1176/1077/1136 1173/1074/1133 1177/1078/1137
f 1178/1079/1138 1177/1078/1137 1175/1076/1135
f 1172/1073/1132 1176/1077/1136 1179/1080/1139
f 1176/1077/1136 1177/1078/1137 1179/1080/1139
f 1180/1081/1140 1177/1078/1137 1178/1079/1138
f 1179/1080/1139 1177/1078/1137 1180/1081/1140
f 1180/1081/1140 1178/1079/1138 1181/1082/1141
f 1179/1080/1139 1182/1083/1142 1172/1073/1132
f 1182/1083/1142 1169/1070/1129 1172/1073/1132
f 1180/1081/1140 1183/1084/1143 1179/1080/1139
f 1182/1083/1142 1179/1080/1139 1183/1084/1143
f 1181/1082/1141 1184/1085/1144 1180/1081/1140
f 1183/1084/1143 1180/1081/1140 1184/1085/1144
f 1184/1085/1144 1181/1082/1141 1185/1086/1145
f 1186/1087/1146 1184/1085/1144 1185/1086/1145
f 1183/1084/1143 1187/1088/1147 1182/1083/1142
f 1186/1087/1146 1188/1089/1148 1184/1085/1144
f 1188/1089/1148 1186/1087/1146 1189/1090/1149
f 1184/1085/1144 1190/1091/1150 1183/1084/1143
f 1190/1091/1150 1184/1085/1144 1188/1089/1148
f 1187/1088/1147 1183/1084/1143 1190/1091/1150
f 1189/1090/1149 1191/1092/1151 1188/1089/1148
f 1191/1092/1151 1189/1090/1149 1192/1093/1152
f 1193/1094/1153 1191/1092/1151 1192/1093/1152
f 1194/1095/1154 1193/1094/1153 1195/1096/1155
f 1193/1094/1153 1194/1095/1154 1191/1092/1151
f 1196/1097/1156 1188/1089/1148 1191/1092/1151
f 1194/1095/1154 1196/1097/1156 1191/1092/1151
f 1188/1089/1148 1196/1097/1156 1190/1091/1150
f 1196/1097/1156 1194/1095/1154 1197/1098/1157
f 1196/1097/1156 1198/1099/1158 1190/1091/1150
f 1197/1098/1157 1198/1099/1158 1196/1097/1156
f 1190/1091/1150 1198/1099/1158 1187/1088/1147
f 1198/1099/1158 1197/1098/1157 1199/1100/1159
f 1046/954/1007 1198/1099/1158 1199/1100/1159
f 1200/1101/1160 1187/1088/1147 1198/1099/1158
f 1200/1101/1160 1198/1099/1158 1046/954/1007
f 1187/1088/1147 1200/1101/1160 1182/1083/1142
f 1046/954/1007 1044/952/1005 1200/1101/1160
f 1182/1083/1142 1200/1101/1160 1169/1070/1129
f 1044/952/1005 1169/1070/1129 1200/1101/1160
f 1201/1102/1161 1202/1103/1162 1203/1104/1163
f 1204/1105/1164 1201/1102/1161 1203/1104/1163
f 1203/1104/1163 1205/1106/1165 1204/1105/1164
f 1205/1106/1165 1206/1107/539 1204/1105/1164
f 1205/1106/1165 1203/1104/1163 1207/1108/1166
f 1206/1107/539 1205/1106/1165 1208/1109/1167
f 1207/1108/1166 1208/1109/1167 1205/1106/1165
f 1208/1109/1167 1209/1110/1168 1206/1107/539
f 1208/1109/1167 1207/1108/1166 1210/1111/1169
f 1211/1112/1170 1210/1111/1169 1207/1108/1166
f 1210/1111/1169 1211/1112/1170 1212/1113/1171
f 1209/1110/1168 1208/1109/1167 1213/1114/1172
f 1210/1111/1169 1213/1114/1172 1208/1109/1167
f 1213/1114/1172 1214/1115/1173 1209/1110/1168
f 1212/1113/1171 1215/1116/1174 1210/1111/1169
f 1213/1114/1172 1210/1111/1169 1215/1116/1174
f 1215/1116/1174 1212/1113/1171 1216/1117/1175
f 1214/1115/1173 1213/1114/1172 1217/1118/1176
f 1215/1116/1174 1217/1118/1176 1213/1114/1172
f 1218/1119/1177 1214/1115/1173 1217/1118/1176
f 1219/1120/1178 1215/1116/1174 1216/1117/1175
f 1217/1118/1176 1220/1121/1179 1218/1119/1177
f 1220/1121/1179 1221/1122/1180 1218/1119/1177
f 1217/1118/1176 1215/1116/1174 1222/1123/1181
f 1215/1116/1174 1219/1120/1178 1222/1123/1181
f 1220/1121/1179 1217/1118/1176 1222/1123/1181
f 1219/1120/1178 1223/1124/1182 1222/1123/1181
f 1220/1121/1179 1222/1123/1181 1223/1124/1182
f 1223/1124/1182 1219/1120/1178 1224/1125/1183
f 1221/1122/1180 1220/1121/1179 1225/1126/1184
f 1225/1126/1184 1220/1121/1179 1223/1124/1182
f 1225/1126/1184 1226/1127/1185 1221/1122/1180
f 1224/1125/1183 1227/1128/1186 1223/1124/1182
f 1226/1127/1185 1225/1126/1184 1228/1129/1187
f 1223/1124/1182 1228/1129/1187 1225/1126/1184
f 1228/1129/1187 1223/1124/1182 1227/1128/1186
f 1228/1129/1187 1229/1130/1188 1226/1127/1185
f 1227/1128/1186 1224/1125/1183 1230/1131/1189
f 1229/1130/1188 1228/1129/1187 1231/1132/1190
f 1227/1128/1186 1231/1132/1190 1228/1129/1187
f 1231/1132/1190 1232/1133/1191 1229/1130/1188
f 1230/1131/1189 1233/1134/1192 1227/1128/1186
f 1231/1132/1190 1227/1128/1186 1233/1134/1192
f 1233/1134/1192 1230/1131/1189 1234/1135/1193
f 1232/1133/1191 1231/1132/1190 1235/1136/1194
f 1233/1134/1192 1235/1136/1194 1231/1132/1190
f 1235/1136/1194 1236/1137/1195 1232/1133/1191
f 1234/1135/1193 1237/1138/1196 1233/1134/1192
f 1237/1138/1196 1235/1136/1194 1233/1134/1192
f 1237/1138/1196 1234/1135/1193 1238/1139/1197
f 1236/1137/1195 1235/1136/1194 1239/1140/1198
f 1235/1136/1194 1237/1138/1196 1239/1140/1198
f 1238/1139/1197 1240/1141/1199 1237/1138/1196
f 1240/1141/1199 1239/1140/1198 1237/1138/1196
f 1240/1141/1199 1238/1139/1197 1241/1142/1200
f 1242/1143/1201 1236/1137/1195 1239/1140/1198
f 1239/1140/1198 1240/1141/1199 1242/1143/1201
f 1236/1137/1195 1242/1143/1201 1243/1144/1202
f 1241/1142/1200 1244/1145/1203 1240/1141/1199
f 1244/1145/1203 1242/1143/1201 1240/1141/1199
f 1244/1145/1203 1241/1142/1200 1245/1146/1204
f 1246/1147/1205 1243/1144/1202 1242/1143/1201
f 1242/1143/1201 1244/1145/1203 1246/1147/1205
f 1243/1144/1202 1246/1147/1205 1247/1148/1206
f 1245/1146/1204 1248/1149/1207 1244/1145/1203
f 1248/1149/1207 1246/1147/1205 1244/1145/1203
f 1248/1149/1207 1245/1146/1204 1249/1150/1208
f 1250/1151/1209 1248/1149/1207 1249/1150/1208
f 1251/1152/1210 1247/1148/1206 1246/1147/1205
f 1246/1147/1205 1248/1149/1207 1251/1152/1210
f 1247/1148/1206 1251/1152/1210 1252/1153/1211
f 1248/1149/1207 1250/1151/1209 1253/1154/1212
f 1253/1154/1212 1251/1152/1210 1248/1149/1207
f 1254/1155/1213 1253/1154/1212 1250/1151/1209
f 1255/1156/1214 1252/1153/1211 1251/1152/1210
f 1251/1152/1210 1253/1154/1212 1255/1156/1214
f 1252/1153/1211 1255/1156/1214 1256/1157/1215
f 1253/1154/1212 1254/1155/1213 1257/1158/1216
f 1257/1158/1216 1255/1156/1214 1253/1154/1212
f 1258/1159/1217 1257/1158/1216 1254/1155/1213
f 1259/1160/1218 1256/1157/1215 1255/1156/1214
f 1255/1156/1214 1257/1158/1216 1259/1160/1218
f 1259/1160/1218 1260/1161/1219 1256/1157/1215
f 1257/1158/1216 1258/1159/1217 1261/1162/1220
f 1261/1162/1220 1259/1160/1218 1257/1158/1216
f 1262/1163/1221 1260/1161/1219 1259/1160/1218
f 1259/1160/1218 1261/1162/1220 1262/1163/1221
f 1260/1161/1219 1262/1163/1221 1263/1164/1222
f 1263/1164/1222 1264/1165/1223 1260/1161/1219
f 1261/1162/1220 1265/1166/1224 1262/1163/1221
f 1265/1166/1224 1263/1164/1222 1262/1163/1221
f 1258/1159/1217 1266/1167/1225 1261/1162/1220
f 1265/1166/1224 1261/1162/1220 1266/1167/1225
f 1266/1167/1225 1258/1159/1217 1267/1168/1226
f 1264/1165/1223 1263/1164/1222 1268/1169/1227
f 1269/1170/1228 1264/1165/1223 1268/1169/1227
f 1269/1170/1228 1268/1169/1227 1270/1171/1229
f 1263/1164/1222 1270/1171/1229 1268/1169/1227
f 1263/1164/1222 1271/1172/1230 1270/1171/1229
f 1263/1164/1222 1265/1166/1224 1271/1172/1230
f 1265/1166/1224 1272/1173/1231 1271/1172/1230
f 1266/1167/1225 1273/1174/1232 1265/1166/1224
f 1272/1173/1231 1265/1166/1224 1273/1174/1232
f 1267/1168/1226 1274/1175/1233 1266/1167/1225
f 1273/1174/1232 1266/1167/1225 1274/1175/1233
f 1274/1175/1233 1267/1168/1226 1275/1176/1234
f 1272/1173/1231 1273/1174/1232 1276/1177/1235
f 1273/1174/1232 1274/1175/1233 1276/1177/1235
f 1276/1177/1235 1277/1178/1236 1272/1173/1231
f 1275/1176/1234 1278/1179/1237 1274/1175/1233
f 1278/1179/1237 1276/1177/1235 1274/1175/1233
f 1278/1179/1237 1275/1176/1234 1279/1180/1238
f 1277/1178/1236 1276/1177/1235 1280/1181/1239
f 1278/1179/1237 1280/1181/1239 1276/1177/1235
f 1279/1180/1238 1281/1182/1240 1278/1179/1237
f 1280/1181/1239 1278/1179/1237 1281/1182/1240
f 1281/1182/1240 1279/1180/1238 1282/1183/1241
f 1282/1183/1241 1283/1184/1242 1281/1182/1240
f 1284/1185/1243 1281/1182/1240 1283/1184/1242
f 1281/1182/1240 1284/1185/1243 1280/1181/1239
f 1283/1184/1242 1285/1186/1244 1284/1185/1243
f 1280/1181/1239 1286/1187/1245 1277/1178/1236
f 1286/1187/1245 1280/1181/1239 1284/1185/1243
f 1287/1188/1246 1277/1178/1236 1286/1187/1245
f 1288/1189/1247 1284/1185/1243 1285/1186/1244
f 1284/1185/1243 1288/1189/1247 1286/1187/1245
f 1285/1186/1244 1289/1190/1248 1288/1189/1247
f 1290/1191/1249 1288/1189/1247 1289/1190/1248
f 1286/1187/1245 1291/1192/1250 1287/1188/1246
f 1291/1192/1250 1286/1187/1245 1288/1189/1247
f 1291/1192/1250 1288/1189/1247 1290/1191/1249
f 1292/1193/1251 1287/1188/1246 1291/1192/1250
f 1293/1194/1252 1291/1192/1250 1290/1191/1249
f 1292/1193/1251 1291/1192/1250 1293/1194/1252
f 1294/1195/1253 1292/1193/1251 1293/1194/1252
f 1295/1196/1254 1296/1197/1255 1297/1198/1256
f 1298/1199/1257 1297/1198/1256 1296/1197/1255
f 1298/1199/1257 1299/1200/1258 1297/1198/1256
f 1297/1198/1256 1299/1200/1258 1300/1201/1259
f 1301/1202/1260 1300/1201/1259 1299/1200/1258
f 1300/1201/1259 1301/1202/1260 1302/1203/1261
f 1299/1200/1258 1303/1204/1262 1301/1202/1260
f 1304/1205/1263 1305/1206/1264 1306/1207/1265
f 1305/1206/1264 1304/1205/1263 1307/1208/1266
f 1307/1208/1266 1304/1205/1263 1308/1209/1267
f 1309/1210/1268 1308/1209/1267 1304/1205/1263
f 1308/1209/1267 1309/1210/1268 1310/1211/1269
f 1311/1212/1270 1310/1211/1269 1309/1210/1268
f 1310/1211/1269 1311/1212/1270 1312/1213/1271
f 1312/1213/1271 1313/1214/1272 1310/1211/1269
f 1314/1215/1273 1312/1213/1271 1311/1212/1270
f 1315/1216/1274 1316/1217/1275 1317/1218/1276
f 1318/1219/1275 1316/1217/1275 1315/1216/1274
f 1319/1220/1277 1316/1217/1275 1318/1219/1275
f 1316/1217/1275 1319/1220/1277 1320/1221/1277
f 1321/1222/1278 1320/1221/1277 1319/1220/1277
f 1320/1221/1277 1321/1222/1278 1322/1223/1278
f 1323/1224/1279 1322/1223/1278 1321/1222/1278
f 1322/1223/1278 1323/1224/1279 1324/1225/1279
f 1323/1224/1279 1325/1226/1280 1324/1225/1279
f 1325/1226/1280 1323/1224/1279 1326/1227/1280
f 1327/1228/313 1325/1226/1280 1326/1227/1280
f 1325/1226/1280 1327/1228/313 1328/1229/313
f 1329/559/1281 1330/575/1282 1331/74/1281
f 1331/74/1281 1330/575/1282 1332/73/1282
f 1330/575/1282 1333/71/1283 1332/73/1282
f 1333/71/1283 1330/575/1282 1334/578/1284
f 1334/578/1284 1335/69/1285 1333/71/1283
f 1335/69/1285 1334/578/1284 1336/582/1286
f 1336/582/1286 1337/67/1287 1335/69/1285
f 1337/67/1287 1336/582/1286 1338/585/1287
f 1338/585/1287 1339/65/1288 1337/67/1287
f 1339/65/1288 1338/585/1287 1340/591/1289
f 1340/591/1289 1341/63/1290 1339/65/1288
f 1341/63/1290 1340/591/1289 1342/593/1290
f 1341/63/1290 1342/593/1290 1343/632/1291
f 1344/60/1292 1341/63/1290 1343/632/1291
f 1344/60/1292 1343/632/1291 1345/635/1293
f 1346/59/1294 1344/60/1292 1345/635/1293
f 1346/59/1294 1345/635/1293 1347/638/1295
f 1348/57/1295 1346/59/1294 1347/638/1295
f 1347/638/1295 1349/55/1296 1348/57/1295
f 1349/55/1296 1347/638/1295 1350/273/1296
f 1351/1230/1297 1352/1231/1298 1353/1232/1299
f 1354/1233/1300 1352/1231/1298 1351/1230/1297
f 1354/1233/1300 1355/1234/1301 1352/1231/1298
f 1356/1235/1302 1355/1234/1301 1354/1233/1300
f 1355/1234/1301 1357/1236/1303 1352/1231/1298
f 1356/1235/1302 1358/1237/1304 1355/1234/1301
f 1357/1236/1303 1355/1234/1301 1358/1237/1304
f 1358/1237/1304 1356/1235/1302 1359/1238/1305
f 1358/1237/1304 1360/1239/1306 1357/1236/1303
f 1359/1238/1305 1361/1240/1307 1358/1237/1304
f 1360/1239/1306 1358/1237/1304 1361/1240/1307
f 1361/1240/1307 1359/1238/1305 1362/1241/1308
f 1361/1240/1307 1363/1242/1309 1360/1239/1306
f 1362/1241/1308 1364/1243/1310 1361/1240/1307
f 1363/1242/1309 1361/1240/1307 1364/1243/1310
f 1364/1243/1310 1362/1241/1308 1365/1244/1311
f 1364/1243/1310 1366/1245/1312 1363/1242/1309
f 1365/1244/1311 1367/1246/1313 1364/1243/1310
f 1366/1245/1312 1364/1243/1310 1367/1246/1313
f 1367/1246/1313 1368/1247/1314 1366/1245/1312
f 1367/1246/1313 1365/1244/1311 1369/1248/1315
f 1367/1246/1313 1370/1249/1316 1368/1247/1314
f 1369/1248/1315 1371/1250/1317 1367/1246/1313
f 1370/1249/1316 1367/1246/1313 1371/1250/1317
f 1371/1250/1317 1369/1248/1315 1372/1251/1318
f 1370/1249/1316 1371/1250/1317 1373/1252/1319
f 1372/1251/1318 1373/1252/1319 1371/1250/1317
f 1373/1252/1319 1374/1253/1320 1370/1249/1316
f 1373/1252/1319 1372/1251/1318 1375/1254/1321
f 1374/1253/1320 1373/1252/1319 1376/1255/1322
f 1375/1254/1321 1376/1255/1322 1373/1252/1319
f 1376/1255/1322 1377/1256/1323 1374/1253/1320
f 1375/1254/1321 1378/1257/1324 1376/1255/1322
f 1377/1256/1323 1376/1255/1322 1378/1257/1324
f 1378/1257/1324 1379/1258/1325 1377/1256/1323
f 1378/1257/1324 1375/1254/1321 1380/1259/1326
f 1378/1257/1324 1381/1260/1327 1379/1258/1325
f 1380/1259/1326 1382/1261/1328 1378/1257/1324
f 1381/1260/1327 1378/1257/1324 1382/1261/1328
f 1382/1261/1328 1380/1259/1326 1383/1262/1329
f 1382/1261/1328 1384/1263/1330 1381/1260/1327
f 1383/1262/1329 1385/1264/1331 1382/1261/1328
f 1384/1263/1330 1382/1261/1328 1385/1264/1331
f 1385/1264/1331 1383/1262/1329 1386/1265/1332
f 1385/1264/1331 1387/1266/1333 1384/1263/1330
f 1386/1265/1332 1388/1267/1334 1385/1264/1331
f 1387/1266/1333 1385/1264/1331 1388/1267/1334
f 1388/1267/1334 1386/1265/1332 1389/1268/1335
f 1388/1267/1334 1390/1269/1336 1387/1266/1333
f 1389/1268/1335 1391/1270/1337 1388/1267/1334
f 1390/1269/1336 1388/1267/1334 1391/1270/1337
f 1391/1270/1337 1389/1268/1335 1392/1271/1338
f 1393/1272/1339 1391/1270/1337 1392/1271/1338
f 1394/1273/1340 1390/1269/1336 1391/1270/1337
f 1391/1270/1337 1393/1272/1339 1394/1273/1340
f 1390/1269/1336 1394/1273/1340 1395/1274/1341
f 1396/1275/1342 1394/1273/1340 1393/1272/1339
f 1397/1276/1343 1395/1274/1341 1394/1273/1340
f 1394/1273/1340 1396/1275/1342 1397/1276/1343
f 1398/1277/1344 1397/1276/1343 1396/1275/1342
f 1395/1274/1341 1397/1276/1343 1399/1278/1345
f 1397/1276/1343 1398/1277/1344 1400/1279/1346
f 1400/1279/1346 1399/1278/1345 1397/1276/1343
f 1399/1278/1345 1400/1279/1346 1401/1280/1347
f 1402/1281/1348 1403/1282/1349 1404/1283/1350
f 1403/1282/1349 1402/1281/1348 1405/1284/1351
f 1403/1282/1349 1405/1284/1351 1406/1285/1352
f 1407/1286/1353 1405/1284/1351 1402/1281/1348
f 1406/1285/1352 1405/1284/1351 1408/1287/1351
f 1408/1287/1351 1409/1288/1354 1406/1285/1352
f 1405/1284/1351 1407/1286/1353 1410/1289/1355
f 1410/1289/1355 1408/1287/1351 1405/1284/1351
f 1409/1288/1354 1411/1290/925 1412/1291/1356
f 1407/1286/1353 1413/1292/1357 1410/1289/1355
f 1409/1288/1354 1414/1293/1358 1411/1290/925
f 1409/1288/1354 1408/1287/1351 1414/1293/1358
f 1414/1293/1358 1415/1294/922 1411/1290/925
f 1413/1292/1357 1407/1286/1353 1416/1295/1359
f 1415/1294/922 1414/1293/1358 1417/1296/1360
f 1417/1296/1360 1418/1297/1361 1415/1294/922
f 1419/1298/1362 1414/1293/1358 1408/1287/1351
f 1408/1287/1351 1410/1289/1355 1419/1298/1362
f 1414/1293/1358 1419/1298/1362 1417/1296/1360
f 1413/1292/1357 1419/1298/1362 1410/1289/1355
f 1417/1296/1360 1420/1299/1363 1418/1297/1361
f 1420/1299/1363 1421/1300/918 1418/1297/1361
f 1422/1301/1364 1417/1296/1360 1419/1298/1362
f 1419/1298/1362 1413/1292/1357 1422/1301/1364
f 1417/1296/1360 1422/1301/1364 1420/1299/1363
f 1416/1295/1359 1423/1302/1365 1413/1292/1357
f 1422/1301/1364 1413/1292/1357 1423/1302/1365
f 1423/1302/1365 1416/1295/1359 1424/1303/1366
f 1425/1304/1367 1420/1299/1363 1422/1301/1364
f 1423/1302/1365 1425/1304/1367 1422/1301/1364
f 1426/1305/1368 1420/1299/1363 1425/1304/1367
f 1421/1300/918 1420/1299/1363 1426/1305/1368
f 1423/1302/1365 1427/1306/1369 1425/1304/1367
f 1426/1305/1368 1425/1304/1367 1427/1306/1369
f 1424/1303/1366 1428/1307/1370 1423/1302/1365
f 1427/1306/1369 1423/1302/1365 1428/1307/1370
f 1428/1307/1370 1424/1303/1366 1429/1308/1371
f 1430/1309/1372 1428/1307/1370 1429/1308/1371
f 1431/1310/1373 1427/1306/1369 1428/1307/1370
f 1428/1307/1370 1430/1309/1372 1431/1310/1373
f 1427/1306/1369 1432/1311/1374 1426/1305/1368
f 1427/1306/1369 1431/1310/1373 1432/1311/1374
f 1433/1312/1375 1421/1300/918 1426/1305/1368
f 1426/1305/1368 1432/1311/1374 1433/1312/1375
f 1421/1300/918 1433/1312/1375 1434/1313/1376
f 1435/1314/1377 1434/1313/1376 1433/1312/1375
f 1431/1310/1373 1436/1315/1378 1432/1311/1374
f 1433/1312/1375 1432/1311/1374 1436/1315/1378
f 1437/1316/1379 1431/1310/1373 1430/1309/1372
f 1436/1315/1378 1431/1310/1373 1437/1316/1379
f 1438/1317/1380 1437/1316/1379 1430/1309/1372
f 1439/1318/1381 1433/1312/1375 1436/1315/1378
f 1437/1316/1379 1439/1318/1381 1436/1315/1378
f 1440/1319/1382 1437/1316/1379 1438/1317/1380
f 1439/1318/1381 1437/1316/1379 1440/1319/1382
f 1438/1317/1380 1441/1320/1383 1440/1319/1382
f 1442/1321/1384 1435/1314/1377 1433/1312/1375
f 1442/1321/1384 1433/1312/1375 1439/1318/1381
f 1443/1322/1385 1435/1314/1377 1442/1321/1384
f 1444/1323/1386 1440/1319/1382 1441/1320/1383
f 1444/1323/1386 1439/1318/1381 1440/1319/1382
f 1445/1324/1387 1444/1323/1386 1441/1320/1383
f 1442/1321/1384 1439/1318/1381 1446/1325/1388
f 1439/1318/1381 1444/1323/1386 1446/1325/1388
f 1447/1326/1389 1442/1321/1384 1446/1325/1388
f 1444/1323/1386 1447/1326/1389 1446/1325/1388
f 1448/1327/1390 1444/1323/1386 1445/1324/1387
f 1447/1326/1389 1444/1323/1386 1448/1327/1390
f 1449/1328/1391 1448/1327/1390 1445/1324/1387
f 1450/1329/1392 1448/1327/1390 1449/1328/1391
f 1451/1330/1393 1442/1321/1384 1447/1326/1389
f 1451/1330/1393 1443/1322/1385 1442/1321/1384
f 1448/1327/1390 1452/1331/1394 1447/1326/1389
f 1451/1330/1393 1447/1326/1389 1452/1331/1394
f 1448/1327/1390 1450/1329/1392 1453/1332/1395
f 1452/1331/1394 1448/1327/1390 1453/1332/1395
f 1454/1333/1396 1453/1332/1395 1450/1329/1392
f 1452/1331/1394 1455/1334/1397 1451/1330/1393
f 1452/1331/1394 1453/1332/1395 1455/1334/1397
f 1453/1332/1395 1454/1333/1396 1456/1335/1398
f 1453/1332/1395 1456/1335/1398 1455/1334/1397
f 1457/1336/1399 1456/1335/1398 1454/1333/1396
f 1451/1330/1393 1455/1334/1397 1458/1337/1400
f 1458/1337/1400 1443/1322/1385 1451/1330/1393
f 1443/1322/1385 1458/1337/1400 1459/1338/1401
f 1460/1339/1402 1459/1338/1401 1458/1337/1400
f 1456/1335/1398 1461/1340/1403 1455/1334/1397
f 1458/1337/1400 1455/1334/1397 1461/1340/1403
f 1458/1337/1400 1462/1341/1404 1460/1339/1402
f 1458/1337/1400 1461/1340/1403 1462/1341/1404
f 1462/1341/1404 1463/1342/889 1460/1339/1402
f 1461/1340/1403 1456/1335/1398 1464/1343/1405
f 1456/1335/1398 1457/1336/1399 1464/1343/1405
f 1461/1340/1403 1465/1344/1406 1462/1341/1404
f 1464/1343/1405 1465/1344/1406 1461/1340/1403
f 1463/1342/889 1462/1341/1404 1466/1345/1407
f 1465/1344/1406 1466/1345/1407 1462/1341/1404
f 1467/1346/888 1463/1342/889 1466/1345/1407
f 1457/1336/1399 1468/1347/1408 1464/1343/1405
f 1465/1344/1406 1464/1343/1405 1468/1347/1408
f 1468/1347/1408 1457/1336/1399 1469/1348/1409
f 1466/1345/1407 1465/1344/1406 1470/1349/1410
f 1468/1347/1408 1470/1349/1410 1465/1344/1406
f 1466/1345/1407 1471/1350/1411 1467/1346/888
f 1471/1350/1411 1466/1345/1407 1470/1349/1410
f 1471/1350/1411 1472/1351/1412 1467/1346/888
f 1469/1348/1409 1473/1352/1413 1468/1347/1408
f 1470/1349/1410 1468/1347/1408 1473/1352/1413
f 1473/1352/1413 1469/1348/1409 1474/1353/1414
f 1473/1352/1413 1475/1354/1415 1470/1349/1410
f 1470/1349/1410 1475/1354/1415 1471/1350/1411
f 1474/1353/1414 1476/1355/1416 1473/1352/1413
f 1475/1354/1415 1473/1352/1413 1476/1355/1416
f 1474/1353/1414 1477/1356/1417 1476/1355/1416
f 1477/1356/1417 1478/1357/1418 1476/1355/1416
f 1478/1357/1418 1475/1354/1415 1476/1355/1416
f 1478/1357/1418 1477/1356/1417 1479/1358/1419
f 1480/1359/1420 1471/1350/1411 1475/1354/1415
f 1475/1354/1415 1478/1357/1418 1480/1359/1420
f 1479/1358/1419 1481/1360/1421 1478/1357/1418
f 1481/1360/1421 1480/1359/1420 1478/1357/1418
f 1481/1360/1421 1479/1358/1419 1482/1361/1422
f 1483/1362/1423 1482/1361/1422 1484/1363/1424
f 1482/1361/1422 1483/1362/1423 1481/1360/1421
f 1481/1360/1421 1483/1362/1423 1485/1364/1425
f 1480/1359/1420 1481/1360/1421 1486/1365/1426
f 1485/1364/1425 1486/1365/1426 1481/1360/1421
f 1471/1350/1411 1480/1359/1420 1487/1366/1427
f 1486/1365/1426 1487/1366/1427 1480/1359/1420
f 1472/1351/1412 1471/1350/1411 1487/1366/1427
f 1488/1367/1428 1472/1351/1412 1487/1366/1427
f 1485/1364/1425 1489/1368/1429 1486/1365/1426
f 1487/1366/1427 1486/1365/1426 1489/1368/1429
f 1487/1366/1427 1489/1368/1429 1488/1367/1428
f 1489/1368/1429 1485/1364/1425 1490/1369/1430
f 1490/1369/1430 1488/1367/1428 1489/1368/1429
f 1488/1367/1428 1490/1369/1430 1491/1370/1431
f 1492/1371/1432 1493/1372/1433 1494/1373/1434
f 1492/1371/1432 1495/1374/1435 1493/1372/1433
f 1496/1375/1436 1495/1374/1435 1492/1371/1432
f 1497/1376/1437 1493/1372/1433 1495/1374/1435
f 1495/1374/1435 1496/1375/1436 1498/1377/1438
f 1499/1378/1439 1497/1376/1437 1495/1374/1435
f 1499/1378/1439 1495/1374/1435 1498/1377/1438
f 1497/1376/1437 1499/1378/1439 1500/1379/1440
f 1501/1380/1441 1498/1377/1438 1502/1375/1442
f 1499/1378/1439 1503/1381/1443 1500/1379/1440
f 1504/1382/1444 1500/1379/1440 1503/1381/1443
f 1499/1378/1439 1498/1377/1438 1505/1383/1445
f 1505/1383/1445 1503/1381/1443 1499/1378/1439
f 1498/1377/1438 1501/1380/1441 1506/1384/1446
f 1506/1384/1446 1505/1383/1445 1498/1377/1438
f 1507/1385/1447 1501/1380/1441 1508/1386/1448
f 1501/1380/1441 1507/1385/1447 1506/1384/1446
f 1509/1387/1449 1506/1384/1446 1507/1385/1447
f 1505/1383/1445 1506/1384/1446 1510/1388/1450
f 1506/1384/1446 1509/1387/1449 1510/1388/1450
f 1510/1388/1450 1511/1389/1451 1505/1383/1445
f 1503/1381/1443 1505/1383/1445 1511/1389/1451
f 1512/1390/1452 1510/1388/1450 1509/1387/1449
f 1511/1389/1451 1510/1388/1450 1512/1390/1452
f 1512/1390/1452 1509/1387/1449 1513/1391/1453
f 1503/1381/1443 1511/1389/1451 1514/1392/1454
f 1512/1390/1452 1514/1392/1454 1511/1389/1451
f 1512/1390/1452 1513/1391/1453 1515/1393/1455
f 1514/1392/1454 1512/1390/1452 1515/1393/1455
f 1515/1393/1455 1513/1391/1453 1516/1394/1456
f 1517/1395/1457 1515/1393/1455 1516/1394/1456
f 1518/1396/1458 1514/1392/1454 1515/1393/1455
f 1515/1393/1455 1517/1395/1457 1518/1396/1458
f 1519/1397/1459 1503/1381/1443 1514/1392/1454
f 1504/1382/1444 1503/1381/1443 1519/1397/1459
f 1520/1398/1460 1504/1382/1444 1519/1397/1459
f 1519/1397/1459 1521/1399/1461 1520/1398/1460
f 1514/1392/1454 1518/1396/1458 1522/1400/1462
f 1519/1397/1459 1514/1392/1454 1522/1400/1462
f 1521/1399/1461 1519/1397/1459 1523/1401/1463
f 1522/1400/1462 1523/1401/1463 1519/1397/1459
f 1523/1401/1463 1524/1402/1464 1521/1399/1461
f 1525/1403/1465 1522/1400/1462 1518/1396/1458
f 1517/1395/1457 1525/1403/1465 1518/1396/1458
f 1525/1403/1465 1517/1395/1457 1526/1404/1466
f 1523/1401/1463 1522/1400/1462 1527/1405/1467
f 1522/1400/1462 1525/1403/1465 1527/1405/1467
f 1524/1402/1464 1523/1401/1463 1528/1406/1468
f 1527/1405/1467 1528/1406/1468 1523/1401/1463
f 1524/1402/1464 1528/1406/1468 1529/1407/1469
f 1530/1408/1470 1524/1402/1464 1529/1407/1469
f 1528/1406/1468 1527/1405/1467 1531/1409/1471
f 1527/1405/1467 1525/1403/1465 1531/1409/1471
f 1529/1407/1469 1528/1406/1468 1531/1409/1471
f 1526/1404/1466 1532/1410/1472 1525/1403/1465
f 1531/1409/1471 1525/1403/1465 1532/1410/1472
f 1532/1410/1472 1526/1404/1466 1533/1411/1473
f 1529/1407/1469 1531/1409/1471 1534/1412/1474
f 1532/1410/1472 1534/1412/1474 1531/1409/1471
f 1530/1408/1470 1529/1407/1469 1535/1413/1475
f 1535/1413/1475 1529/1407/1469 1534/1412/1474
f 1536/1414/1476 1530/1408/1470 1535/1413/1475
f 1532/1410/1472 1533/1411/1473 1537/1415/1477
f 1534/1412/1474 1532/1410/1472 1537/1415/1477
f 1533/1411/1473 1538/1416/1478 1537/1415/1477
f 1539/1417/1479 1536/1414/1476 1535/1413/1475
f 1536/1414/1476 1539/1417/1479 1540/1418/1480
f 1541/1419/1481 1535/1413/1475 1534/1412/1474
f 1535/1413/1475 1541/1419/1481 1539/1417/1479
f 1537/1415/1477 1541/1419/1481 1534/1412/1474
f 1539/1417/1479 1542/1420/1482 1540/1418/1480
f 1543/1421/1483 1540/1418/1480 1542/1420/1482
f 1542/1420/1482 1544/1422/1484 1543/1421/1483
f 1542/1420/1482 1539/1417/1479 1545/1423/1485
f 1545/1423/1485 1544/1422/1484 1542/1420/1482
f 1541/1419/1481 1545/1423/1485 1539/1417/1479
f 1544/1422/1484 1545/1423/1485 1546/1424/1486
f 1544/1422/1484 1546/1424/1486 1547/1425/1487
f 1545/1423/1485 1541/1419/1481 1548/1426/1488
f 1545/1423/1485 1548/1426/1488 1546/1424/1486
f 1546/1424/1486 1549/1427/1489 1547/1425/1487
f 1548/1426/1488 1549/1427/1489 1546/1424/1486
f 1549/1427/1489 1550/1428/1490 1547/1425/1487
f 1549/1427/1489 1551/1429/1491 1550/1428/1490
f 1551/1429/1491 1549/1427/1489 1552/1430/1492
f 1548/1426/1488 1552/1430/1492 1549/1427/1489
f 1552/1430/1492 1553/1431/1493 1551/1429/1491
f 1552/1430/1492 1548/1426/1488 1554/1432/1494
f 1541/1419/1481 1554/1432/1494 1548/1426/1488
f 1555/1433/1495 1553/1431/1493 1552/1430/1492
f 1552/1430/1492 1554/1432/1494 1555/1433/1495
f 1553/1431/1493 1555/1433/1495 1556/1434/1496
f 1555/1433/1495 1538/1416/1478 1556/1434/1496
f 1554/1432/1494 1541/1419/1481 1557/1435/1497
f 1557/1435/1497 1555/1433/1495 1554/1432/1494
f 1555/1433/1495 1557/1435/1497 1538/1416/1478
f 1541/1419/1481 1537/1415/1477 1557/1435/1497
f 1538/1416/1478 1557/1435/1497 1537/1415/1477
f 1558/1436/1498 1559/1437/1499 1560/1438/1500
f 1559/1437/1499 1558/1436/1498 1561/1439/1501
f 1562/1440/1502 1561/1439/1501 1558/1436/1498
f 1561/1439/1501 1563/1441/1503 1559/1437/1499
f 1561/1439/1501 1562/1440/1502 1564/1442/1504
f 1564/1442/1504 1562/1440/1502 1565/1443/1505
f 1563/1441/1503 1561/1439/1501 1566/1444/1506
f 1567/1445/1507 1564/1442/1504 1565/1443/1505
f 1568/1446/1508 1567/1445/1507 1565/1443/1505
f 1569/1447/1509 1561/1439/1501 1564/1442/1504
f 1561/1439/1501 1569/1447/1509 1566/1444/1506
f 1567/1445/1507 1568/1446/1508 1570/1448/1510
f 1571/1449/1511 1570/1448/1510 1568/1446/1508
f 1572/1450/1512 1564/1442/1504 1567/1445/1507
f 1572/1450/1512 1567/1445/1507 1570/1448/1510
f 1564/1442/1504 1572/1450/1512 1569/1447/1509
f 1573/1451/1513 1570/1448/1510 1571/1449/1511
f 1573/1451/1513 1571/1449/1511 1574/1452/1514
f 1573/1451/1513 1574/1452/1514 1575/1453/1515
f 1576/1454/1516 1570/1448/1510 1573/1451/1513
f 1576/1454/1516 1572/1450/1512 1570/1448/1510
f 1577/1455/1517 1573/1451/1513 1575/1453/1515
f 1578/1456/1518 1577/1455/1517 1575/1453/1515
f 1579/1457/1519 1576/1454/1516 1573/1451/1513
f 1577/1455/1517 1579/1457/1519 1573/1451/1513
f 1577/1455/1517 1578/1456/1518 1580/1458/1520
f 1581/1459/1521 1580/1458/1520 1578/1456/1518
f 1579/1457/1519 1577/1455/1517 1582/1460/1522
f 1580/1458/1520 1581/1459/1521 1583/1461/1523
f 1584/1462/1524 1583/1461/1523 1581/1459/1521
f 1580/1458/1520 1585/1463/1525 1577/1455/1517
f 1577/1455/1517 1585/1463/1525 1582/1460/1522
f 1583/1461/1523 1584/1462/1524 1586/1464/1526
f 1587/1465/1527 1586/1464/1526 1584/1462/1524
f 1588/1466/1528 1580/1458/1520 1583/1461/1523
f 1586/1464/1526 1587/1465/1527 1589/1467/1529
f 1590/1468/1530 1589/1467/1529 1587/1465/1527
f 1586/1464/1526 1591/1469/1531 1583/1461/1523
f 1588/1466/1528 1583/1461/1523 1591/1469/1531
f 1591/1469/1531 1586/1464/1526 1592/1470/1532
f 1589/1467/1529 1592/1470/1532 1586/1464/1526
f 1593/1471/1533 1588/1466/1528 1591/1469/1531
f 1593/1471/1533 1591/1469/1531 1592/1470/1532
f 1580/1458/1520 1588/1466/1528 1594/1472/1534
f 1585/1463/1525 1580/1458/1520 1594/1472/1534
f 1594/1472/1534 1588/1466/1528 1595/1473/1535
f 1588/1466/1528 1593/1471/1533 1595/1473/1535
f 1596/1474/1536 1585/1463/1525 1594/1472/1534
f 1595/1473/1535 1596/1474/1536 1594/1472/1534
f 1585/1463/1525 1596/1474/1536 1597/1475/1537
f 1582/1460/1522 1585/1463/1525 1597/1475/1537
f 1595/1473/1535 1598/1476/1538 1596/1474/1536
f 1596/1474/1536 1599/1477/1539 1597/1475/1537
f 1599/1477/1539 1596/1474/1536 1598/1476/1538
f 1600/1478/1540 1582/1460/1522 1597/1475/1537
f 1599/1477/1539 1600/1478/1540 1597/1475/1537
f 1601/1479/1541 1598/1476/1538 1595/1473/1535
f 1595/1473/1535 1593/1471/1533 1601/1479/1541
f 1602/1480/1542 1599/1477/1539 1598/1476/1538
f 1602/1480/1542 1600/1478/1540 1599/1477/1539
f 1603/1481/1543 1598/1476/1538 1601/1479/1541
f 1602/1480/1542 1598/1476/1538 1603/1481/1543
f 1604/1482/1544 1601/1479/1541 1593/1471/1533
f 1603/1481/1543 1601/1479/1541 1604/1482/1544
f 1604/1482/1544 1593/1471/1533 1605/1483/1545
f 1605/1483/1545 1593/1471/1533 1592/1470/1532
f 1606/1484/1546 1603/1481/1543 1604/1482/1544
f 1607/1485/1547 1605/1483/1545 1592/1470/1532
f 1592/1470/1532 1589/1467/1529 1607/1485/1547
f 1605/1483/1545 1608/1486/1548 1604/1482/1544
f 1608/1486/1548 1606/1484/1546 1604/1482/1544
f 1605/1483/1545 1609/1487/1549 1608/1486/1548
f 1605/1483/1545 1607/1485/1547 1609/1487/1549
f 1606/1484/1546 1608/1486/1548 1610/1488/1550
f 1609/1487/1549 1610/1488/1550 1608/1486/1548
f 1607/1485/1547 1589/1467/1529 1611/1489/1551
f 1589/1467/1529 1590/1468/1530 1611/1489/1551
f 1612/1490/1552 1613/1491/1553 1590/1468/1530
f 1590/1468/1530 1613/1491/1553 1611/1489/1551
f 1611/1489/1551 1614/1492/1554 1607/1485/1547
f 1613/1491/1553 1614/1492/1554 1611/1489/1551
f 1607/1485/1547 1614/1492/1554 1609/1487/1549
f 1614/1492/1554 1613/1491/1553 1615/1493/1555
f 1615/1493/1555 1616/1494/1556 1614/1492/1554
f 1616/1494/1556 1617/1495/1557 1614/1492/1554
f 1617/1495/1557 1609/1487/1549 1614/1492/1554
f 1616/1494/1556 1618/1496/1558 1617/1495/1557
f 1609/1487/1549 1617/1495/1557 1619/1497/1559
f 1610/1488/1550 1609/1487/1549 1619/1497/1559
f 1617/1495/1557 1618/1496/1558 1620/1498/1560
f 1620/1498/1560 1619/1497/1559 1617/1495/1557
f 1618/1496/1558 1621/1499/1561 1620/1498/1560
f 1619/1497/1559 1622/1500/1562 1610/1488/1550
f 1622/1500/1562 1606/1484/1546 1610/1488/1550
f 1619/1497/1559 1620/1498/1560 1623/1501/1563
f 1622/1500/1562 1619/1497/1559 1623/1501/1563
f 1624/1502/1564 1620/1498/1560 1621/1499/1561
f 1624/1502/1564 1623/1501/1563 1620/1498/1560
f 1621/1499/1561 1625/1503/1565 1624/1502/1564
f 1625/1503/1565 1621/1499/1561 1626/1504/1566
f 1623/1501/1563 1624/1502/1564 1627/1505/1567
f 1624/1502/1564 1625/1503/1565 1627/1505/1567
f 1623/1501/1563 1628/1506/1568 1622/1500/1562
f 1628/1506/1568 1623/1501/1563 1627/1505/1567
f 1629/1507/1569 1606/1484/1546 1622/1500/1562
f 1628/1506/1568 1629/1507/1569 1622/1500/1562
f 1630/1508/1570 1627/1505/1567 1625/1503/1565
f 1630/1508/1570 1628/1506/1568 1627/1505/1567
f 1626/1504/1566 1631/1509/1571 1625/1503/1565
f 1625/1503/1565 1631/1509/1571 1630/1508/1570
f 1631/1509/1571 1626/1504/1566 1632/1510/1572
f 1633/1511/1573 1606/1484/1546 1629/1507/1569
f 1606/1484/1546 1633/1511/1573 1603/1481/1543
f 1633/1511/1573 1602/1480/1542 1603/1481/1543
f 1634/1512/1574 1633/1511/1573 1629/1507/1569
f 1634/1512/1574 1629/1507/1569 1628/1506/1568
f 1602/1480/1542 1633/1511/1573 1635/1513/1575
f 1636/1514/1576 1633/1511/1573 1634/1512/1574
f 1636/1514/1576 1635/1513/1575 1633/1511/1573
f 1628/1506/1568 1637/1515/1577 1634/1512/1574
f 1637/1515/1577 1636/1514/1576 1634/1512/1574
f 1635/1513/1575 1638/1516/1578 1602/1480/1542
f 1638/1516/1578 1600/1478/1540 1602/1480/1542
f 1636/1514/1576 1639/1517/1579 1635/1513/1575
f 1638/1516/1578 1635/1513/1575 1639/1517/1579
f 1636/1514/1576 1637/1515/1577 1640/1518/1580
f 1640/1518/1580 1639/1517/1579 1636/1514/1576
f 1637/1515/1577 1628/1506/1568 1641/1519/1581
f 1628/1506/1568 1630/1508/1570 1641/1519/1581
f 1642/1520/1582 1640/1518/1580 1637/1515/1577
f 1641/1519/1581 1642/1520/1582 1637/1515/1577
f 1639/1517/1579 1640/1518/1580 1643/1521/1583
f 1644/1522/1584 1641/1519/1581 1630/1508/1570
f 1631/1509/1571 1644/1522/1584 1630/1508/1570
f 1642/1520/1582 1641/1519/1581 1645/1523/1585
f 1645/1523/1585 1641/1519/1581 1644/1522/1584
f 1640/1518/1580 1642/1520/1582 1646/1524/1586
f 1643/1521/1583 1640/1518/1580 1646/1524/1586
f 1645/1523/1585 1647/1525/1587 1642/1520/1582
f 1647/1525/1587 1646/1524/1586 1642/1520/1582
f 1644/1522/1584 1648/1526/1588 1645/1523/1585
f 1647/1525/1587 1645/1523/1585 1649/1527/1589
f 1649/1527/1589 1645/1523/1585 1648/1526/1588
f 1644/1522/1584 1650/1528/1590 1648/1526/1588
f 1631/1509/1571 1650/1528/1590 1644/1522/1584
f 1648/1526/1588 1651/1529/1591 1649/1527/1589
f 1650/1528/1590 1651/1529/1591 1648/1526/1588
f 1631/1509/1571 1652/1530/1592 1650/1528/1590
f 1652/1530/1592 1631/1509/1571 1632/1510/1572
f 1651/1529/1591 1650/1528/1590 1653/1531/1593
f 1652/1530/1592 1653/1531/1593 1650/1528/1590
f 1654/1532/1594 1652/1530/1592 1632/1510/1572
f 1632/1510/1572 1655/1533/407 1654/1532/1594
f 1653/1531/1593 1652/1530/1592 1656/1534/1595
f 1657/1535/1596 1654/1532/1594 1655/1533/407
f 1658/1536/1597 1657/1535/1596 1655/1533/407
f 1652/1530/1592 1654/1532/1594 1659/1537/1598
f 1657/1535/1596 1658/1536/1597 1660/1538/1599
f 1658/1536/1597 1661/1539/1600 1660/1538/1599
f 1657/1535/1596 1662/1540/1601 1654/1532/1594
f 1659/1537/1598 1654/1532/1594 1662/1540/1601
f 1663/1541/1602 1657/1535/1596 1660/1538/1599
f 1657/1535/1596 1663/1541/1602 1662/1540/1601
f 1660/1538/1599 1661/1539/1600 1664/1542/1603
f 1665/1543/1604 1664/1542/1603 1661/1539/1600
f 1660/1538/1599 1666/1544/1605 1663/1541/1602
f 1666/1544/1605 1660/1538/1599 1664/1542/1603
f 1664/1542/1603 1665/1543/1604 1667/1545/1606
f 1664/1542/1603 1668/1546/1580 1666/1544/1605
f 1668/1546/1580 1664/1542/1603 1667/1545/1606
f 1665/1543/1604 1669/1547/1607 1667/1545/1606
f 1669/1547/1607 1668/1546/1580 1667/1545/1606
f 1669/1547/1607 1665/1543/1604 1670/1548/1608
f 1670/1548/1608 1671/1549/1609 1669/1547/1607
f 1671/1549/1609 1670/1548/1608 1672/1550/1610
f 1668/1546/1580 1669/1547/1607 1673/1551/1611
f 1671/1549/1609 1673/1551/1611 1669/1547/1607
f 1674/1552/1612 1672/1550/1610 1675/1553/1613
f 1672/1550/1610 1674/1552/1612 1671/1549/1609
f 1676/1554/1614 1671/1549/1609 1674/1552/1612
f 1673/1551/1611 1671/1549/1609 1676/1554/1614
f 1674/1552/1612 1677/1555/1615 1676/1554/1614
f 1678/1556/1616 1668/1546/1580 1673/1551/1611
f 1676/1554/1614 1678/1556/1616 1673/1551/1611
f 1677/1555/1615 1679/1557/1617 1676/1554/1614
f 1678/1556/1616 1676/1554/1614 1679/1557/1617
f 1679/1557/1617 1677/1555/1615 1680/1558/1618
f 1668/1546/1580 1678/1556/1616 1681/1559/1619
f 1681/1559/1619 1666/1544/1605 1668/1546/1580
f 1679/1557/1617 1682/1560/1620 1678/1556/1616
f 1678/1556/1616 1682/1560/1620 1681/1559/1619
f 1680/1558/1618 1683/1561/1621 1679/1557/1617
f 1682/1560/1620 1679/1557/1617 1683/1561/1621
f 1683/1561/1621 1680/1558/1618 1684/1562/1622
f 1684/1562/1622 1685/1563/1623 1683/1561/1621
f 1683/1561/1621 1685/1563/1623 1682/1560/1620
f 1685/1563/1623 1684/1562/1622 1686/1564/1624
f 1685/1563/1623 1686/1564/1624 1687/1565/1625
f 1685/1563/1623 1687/1565/1625 1688/1566/1626
f 1689/1567/1627 1688/1566/1626 1687/1565/1625
f 1682/1560/1620 1685/1563/1623 1690/1568/1628
f 1690/1568/1628 1685/1563/1623 1688/1566/1626
f 1688/1566/1626 1689/1567/1627 1691/1569/1629
f 1692/1570/1630 1691/1569/1629 1689/1567/1627
f 1690/1568/1628 1688/1566/1626 1693/1571/1631
f 1688/1566/1626 1691/1569/1629 1693/1571/1631
f 1682/1560/1620 1690/1568/1628 1694/1572/1632
f 1681/1559/1619 1682/1560/1620 1694/1572/1632
f 1691/1569/1629 1692/1570/1630 1695/1573/1633
f 1696/1574/1634 1695/1573/1633 1692/1570/1630
f 1681/1559/1619 1694/1572/1632 1697/1575/1635
f 1666/1544/1605 1681/1559/1619 1697/1575/1635
f 1666/1544/1605 1697/1575/1635 1663/1541/1602
f 1694/1572/1632 1690/1568/1628 1698/1576/1636
f 1698/1576/1636 1690/1568/1628 1693/1571/1631
f 1699/1577/1637 1697/1575/1635 1694/1572/1632
f 1699/1577/1637 1694/1572/1632 1698/1576/1636
f 1700/1578/1638 1663/1541/1602 1697/1575/1635
f 1697/1575/1635 1699/1577/1637 1700/1578/1638
f 1663/1541/1602 1700/1578/1638 1662/1540/1601
f 1701/1579/1639 1662/1540/1601 1700/1578/1638
f 1701/1579/1639 1659/1537/1598 1662/1540/1601
f 1702/1580/1640 1700/1578/1638 1699/1577/1637
f 1701/1579/1639 1700/1578/1638 1702/1580/1640
f 1703/1581/1641 1659/1537/1598 1701/1579/1639
f 1702/1580/1640 1703/1581/1641 1701/1579/1639
f 1659/1537/1598 1703/1581/1641 1652/1530/1592
f 1652/1530/1592 1703/1581/1641 1656/1534/1595
f 1702/1580/1640 1699/1577/1637 1704/1582/1642
f 1699/1577/1637 1698/1576/1636 1704/1582/1642
f 1703/1581/1641 1702/1580/1640 1705/1583/1643
f 1702/1580/1640 1704/1582/1642 1705/1583/1643
f 1704/1582/1642 1698/1576/1636 1706/1584/1644
f 1698/1576/1636 1693/1571/1631 1706/1584/1644
f 1705/1583/1643 1704/1582/1642 1707/1585/1645
f 1704/1582/1642 1706/1584/1644 1707/1585/1645
f 1703/1581/1641 1705/1583/1643 1708/1586/1646
f 1703/1581/1641 1708/1586/1646 1656/1534/1595
f 1705/1583/1643 1707/1585/1645 1709/1587/1647
f 1705/1583/1643 1709/1587/1647 1708/1586/1646
f 1706/1584/1644 1710/1588/1648 1707/1585/1645
f 1693/1571/1631 1711/1589/1649 1706/1584/1644
f 1706/1584/1644 1711/1589/1649 1710/1588/1648
f 1711/1589/1649 1693/1571/1631 1691/1569/1629
f 1695/1573/1633 1711/1589/1649 1691/1569/1629
f 1707/1585/1645 1710/1588/1648 1712/1590/1650
f 1707/1585/1645 1712/1590/1650 1709/1587/1647
f 1713/1591/1651 1710/1588/1648 1711/1589/1649
f 1711/1589/1649 1695/1573/1633 1713/1591/1651
f 1714/1592/1652 1712/1590/1650 1710/1588/1648
f 1710/1588/1648 1713/1591/1651 1714/1592/1652
f 1709/1587/1647 1712/1590/1650 1715/1593/1653
f 1713/1591/1651 1695/1573/1633 1716/1594/1654
f 1695/1573/1633 1696/1574/1634 1716/1594/1654
f 1717/1595/1655 1716/1594/1654 1696/1574/1634
f 1718/1596/1656 1713/1591/1651 1716/1594/1654
f 1716/1594/1654 1717/1595/1655 1719/1597/1657
f 1716/1594/1654 1719/1597/1657 1718/1596/1656
f 1720/1598/1658 1719/1597/1657 1717/1595/1655
f 1719/1597/1657 1720/1598/1658 1721/1599/1659
f 1721/1599/1659 1722/1600/1660 1719/1597/1657
f 1722/1600/1660 1718/1596/1656 1719/1597/1657
f 1722/1600/1660 1721/1599/1659 1723/1601/1661
f 1718/1596/1656 1724/1602/1662 1713/1591/1651
f 1722/1600/1660 1724/1602/1662 1718/1596/1656
f 1714/1592/1652 1713/1591/1651 1724/1602/1662
f 1724/1602/1662 1722/1600/1660 1725/1603/1663
f 1723/1601/1661 1725/1603/1663 1722/1600/1660
f 1714/1592/1652 1724/1602/1662 1726/1604/1664
f 1726/1604/1664 1724/1602/1662 1725/1603/1663
f 1712/1590/1650 1714/1592/1652 1727/1605/1665
f 1714/1592/1652 1726/1604/1664 1727/1605/1665
f 1727/1605/1665 1715/1593/1653 1712/1590/1650
f 1726/1604/1664 1725/1603/1663 1728/1606/1666
f 1727/1605/1665 1726/1604/1664 1729/1607/1667
f 1726/1604/1664 1728/1606/1666 1729/1607/1667
f 1715/1593/1653 1727/1605/1665 1730/1608/1668
f 1727/1605/1665 1729/1607/1667 1730/1608/1668
f 1731/1609/1669 1728/1606/1666 1725/1603/1663
f 1725/1603/1663 1723/1601/1661 1731/1609/1669
f 1729/1607/1667 1728/1606/1666 1732/1610/1670
f 1733/1611/1671 1731/1609/1669 1723/1601/1661
f 1728/1606/1666 1731/1609/1669 1734/1612/1672
f 1728/1606/1666 1734/1612/1672 1732/1610/1670
f 1731/1609/1669 1733/1611/1671 1735/1613/1673
f 1735/1613/1673 1734/1612/1672 1731/1609/1669
f 1723/1601/1661 1736/1614/1674 1733/1611/1671
f 1736/1614/1674 1735/1613/1673 1733/1611/1671
f 1736/1614/1674 1723/1601/1661 1737/1615/1675
f 1734/1612/1672 1735/1613/1673 1738/1616/1676
f 1735/1613/1673 1736/1614/1674 1739/1617/1677
f 1739/1617/1677 1738/1616/1676 1735/1613/1673
f 1736/1614/1674 1737/1615/1675 1740/1618/1678
f 1740/1618/1678 1739/1617/1677 1736/1614/1674
f 1738/1616/1676 1741/1619/1679 1734/1612/1672
f 1732/1610/1670 1734/1612/1672 1741/1619/1679
f 1738/1616/1676 1739/1617/1677 1742/1620/1680
f 1741/1619/1679 1738/1616/1676 1743/1621/1681
f 1742/1620/1680 1743/1621/1681 1738/1616/1676
f 1739/1617/1677 1740/1618/1678 1744/1622/1682
f 1745/1623/1683 1742/1620/1680 1739/1617/1677
f 1744/1622/1682 1745/1623/1683 1739/1617/1677
f 1743/1621/1681 1742/1620/1680 1746/1624/1684
f 1745/1623/1683 1746/1624/1684 1742/1620/1680
f 1747/1625/1685 1741/1619/1679 1743/1621/1681
f 1743/1621/1681 1746/1624/1684 1748/1626/1686
f 1747/1625/1685 1743/1621/1681 1748/1626/1686
f 1746/1624/1684 1745/1623/1683 1749/1627/1687
f 1741/1619/1679 1747/1625/1685 1750/1628/1688
f 1750/1628/1688 1732/1610/1670 1741/1619/1679
f 1746/1624/1684 1751/1629/1689 1748/1626/1686
f 1751/1629/1689 1746/1624/1684 1749/1627/1687
f 1747/1625/1685 1748/1626/1686 1752/1630/1690
f 1753/1631/1691 1748/1626/1686 1751/1629/1689
f 1748/1626/1686 1753/1631/1691 1752/1630/1690
f 1754/1632/1692 1750/1628/1688 1747/1625/1685
f 1754/1632/1692 1747/1625/1685 1752/1630/1690
f 1732/1610/1670 1750/1628/1688 1755/1633/1693
f 1750/1628/1688 1754/1632/1692 1756/1634/1694
f 1756/1634/1694 1755/1633/1693 1750/1628/1688
f 1757/1635/1695 1732/1610/1670 1755/1633/1693
f 1757/1635/1695 1729/1607/1667 1732/1610/1670
f 1730/1608/1668 1729/1607/1667 1757/1635/1695
f 1757/1635/1695 1755/1633/1693 1758/1636/1696
f 1758/1636/1696 1730/1608/1668 1757/1635/1695
f 1755/1633/1693 1756/1634/1694 1759/1637/1697
f 1758/1636/1696 1755/1633/1693 1759/1637/1697
f 1759/1637/1697 1756/1634/1694 1760/1638/1698
f 1760/1638/1698 1758/1636/1696 1759/1637/1697
f 1754/1632/1692 1761/1639/1699 1756/1634/1694
f 1760/1638/1698 1756/1634/1694 1761/1639/1699
f 1754/1632/1692 1752/1630/1690 1762/1640/1700
f 1761/1639/1699 1754/1632/1692 1762/1640/1700
f 1752/1630/1690 1763/1641/1701 1762/1640/1700
f 1763/1641/1701 1752/1630/1690 1753/1631/1691
f 1764/1642/1702 1761/1639/1699 1762/1640/1700
f 1765/1643/1703 1762/1640/1700 1763/1641/1701
f 1762/1640/1700 1765/1643/1703 1764/1642/1702
f 1753/1631/1691 1766/1644/1704 1763/1641/1701
f 1763/1641/1701 1767/1645/1705 1765/1643/1703
f 1767/1645/1705 1763/1641/1701 1766/1644/1704
f 1765/1643/1703 1767/1645/1705 1768/1646/1706
f 1766/1644/1704 1753/1631/1691 1769/1647/1707
f 1751/1629/1689 1769/1647/1707 1753/1631/1691
f 1766/1644/1704 1770/1648/1708 1767/1645/1705
f 1770/1648/1708 1768/1646/1706 1767/1645/1705
f 1766/1644/1704 1769/1647/1707 1771/1649/1709
f 1770/1648/1708 1766/1644/1704 1771/1649/1709
f 1769/1647/1707 1751/1629/1689 1772/1650/1710
f 1751/1629/1689 1749/1627/1687 1772/1650/1710
f 1773/1651/1711 1771/1649/1709 1769/1647/1707
f 1769/1647/1707 1772/1650/1710 1773/1651/1711
f 1749/1627/1687 1774/1652/1712 1772/1650/1710
f 1773/1651/1711 1772/1650/1710 1775/1653/1713
f 1772/1650/1710 1774/1652/1712 1775/1653/1713
f 1749/1627/1687 1776/1654/1714 1774/1652/1712
f 1776/1654/1714 1749/1627/1687 1745/1623/1683
f 1745/1623/1683 1744/1622/1682 1776/1654/1714
f 1774/1652/1712 1776/1654/1714 1777/1655/1715
f 1774/1652/1712 1777/1655/1715 1775/1653/1713
f 1776/1654/1714 1744/1622/1682 1778/1656/1716
f 1777/1655/1715 1776/1654/1714 1778/1656/1716
f 1778/1656/1716 1744/1622/1682 1779/1657/1717
f 1740/1618/1678 1779/1657/1717 1744/1622/1682
f 1779/1657/1717 1740/1618/1678 1737/1615/1675
f 1780/1658/1718 1777/1655/1715 1778/1656/1716
f 1781/1659/1719 1779/1657/1717 1737/1615/1675
f 1782/1660/1720 1781/1659/1719 1737/1615/1675
f 1781/1659/1719 1782/1660/1720 1783/1661/1721
f 1783/1661/1721 1784/51/1722 1781/1659/1719
f 1784/51/1722 1783/1661/1721 1785/53/1723
f 1784/51/1722 1779/1657/1717 1781/1659/1719
f 1779/1657/1717 1784/51/1722 1786/48/1724
f 1787/46/1725 1779/1657/1717 1786/48/1724
f 1779/1657/1717 1787/46/1725 1788/1662/1726
f 1788/1662/1726 1778/1656/1716 1779/1657/1717
f 1778/1656/1716 1788/1662/1726 1780/1658/1718
f 1789/44/1727 1788/1662/1726 1787/46/1725
f 1789/44/1727 1780/1658/1718 1788/1662/1726
f 1780/1658/1718 1789/44/1727 1790/1663/1728
f 1791/43/1729 1790/1663/1728 1789/44/1727
f 1790/1663/1728 1791/43/1729 1792/1664/1730
f 1790/1663/1728 1793/1665/1731 1780/1658/1718
f 1777/1655/1715 1780/1658/1718 1793/1665/1731
f 1792/1664/1730 1794/1666/1732 1790/1663/1728
f 1793/1665/1731 1790/1663/1728 1794/1666/1732
f 1794/1666/1732 1792/1664/1730 1795/1667/1733
f 1796/1668/1734 1794/1666/1732 1795/1667/1733
f 1777/1655/1715 1793/1665/1731 1797/1669/1735
f 1775/1653/1713 1777/1655/1715 1797/1669/1735
f 1798/1670/1736 1793/1665/1731 1794/1666/1732
f 1794/1666/1732 1796/1668/1734 1798/1670/1736
f 1793/1665/1731 1798/1670/1736 1797/1669/1735
f 1799/1671/1737 1798/1670/1736 1796/1668/1734
f 1775/1653/1713 1797/1669/1735 1800/1672/1738
f 1773/1651/1711 1775/1653/1713 1800/1672/1738
f 1801/1673/1739 1797/1669/1735 1798/1670/1736
f 1798/1670/1736 1799/1671/1737 1801/1673/1739
f 1797/1669/1735 1801/1673/1739 1800/1672/1738
f 1802/1674/1740 1799/1671/1737 1803/1675/1741
f 1799/1671/1737 1802/1674/1740 1801/1673/1739
f 1801/1673/1739 1802/1674/1740 1804/1676/1742
f 1800/1672/1738 1801/1673/1739 1804/1676/1742
f 1804/1676/1742 1802/1674/1740 1805/1677/1743
f 1806/1678/1744 1804/1676/1742 1805/1677/1743
f 1807/1679/1745 1773/1651/1711 1800/1672/1738
f 1807/1679/1745 1800/1672/1738 1804/1676/1742
f 1773/1651/1711 1807/1679/1745 1771/1649/1709
f 1804/1676/1742 1806/1678/1744 1808/1680/1746
f 1808/1680/1746 1807/1679/1745 1804/1676/1742
f 1809/1681/1747 1808/1680/1746 1806/1678/1744
f 1808/1680/1746 1809/1681/1747 1810/1682/1748
f 1811/1683/1626 1771/1649/1709 1807/1679/1745
f 1811/1683/1626 1807/1679/1745 1808/1680/1746
f 1810/1682/1748 1811/1683/1626 1808/1680/1746
f 1770/1648/1708 1771/1649/1709 1811/1683/1626
f 1811/1683/1626 1810/1682/1748 1812/1684/1749
f 1811/1683/1626 1813/1685/1750 1770/1648/1708
f 1811/1683/1626 1812/1684/1749 1813/1685/1750
f 1813/1685/1750 1814/1686/1751 1770/1648/1708
f 1768/1646/1706 1770/1648/1708 1814/1686/1751
f 1812/1684/1749 1815/1687/1752 1813/1685/1750
f 1814/1686/1751 1813/1685/1750 1815/1687/1752
f 1815/1687/1752 1812/1684/1749 1816/1688/1753
f 1817/1689/1754 1815/1687/1752 1816/1688/1753
f 1814/1686/1751 1818/1690/1755 1768/1646/1706
f 1818/1690/1755 1765/1643/1703 1768/1646/1706
f 1818/1690/1755 1764/1642/1702 1765/1643/1703
f 1815/1687/1752 1817/1689/1754 1819/1691/1756
f 1819/1691/1756 1817/1689/1754 1820/1692/1757
f 1821/1693/1758 1814/1686/1751 1815/1687/1752
f 1819/1691/1756 1821/1693/1758 1815/1687/1752
f 1818/1690/1755 1814/1686/1751 1822/1694/1759
f 1821/1693/1758 1822/1694/1759 1814/1686/1751
f 1764/1642/1702 1818/1690/1755 1823/1695/1760
f 1822/1694/1759 1823/1695/1760 1818/1690/1755
f 1823/1695/1760 1824/1696/1761 1764/1642/1702
f 1761/1639/1699 1764/1642/1702 1824/1696/1761
f 1823/1695/1760 1822/1694/1759 1825/1697/1762
f 1826/1698/1763 1761/1639/1699 1824/1696/1761
f 1827/1699/1764 1824/1696/1761 1823/1695/1760
f 1827/1699/1764 1826/1698/1763 1824/1696/1761
f 1825/1697/1762 1827/1699/1764 1823/1695/1760
f 1761/1639/1699 1826/1698/1763 1760/1638/1698
f 1827/1699/1764 1825/1697/1762 1828/1700/1765
f 1828/1700/1765 1826/1698/1763 1827/1699/1764
f 1829/1701/1766 1825/1697/1762 1822/1694/1759
f 1822/1694/1759 1821/1693/1758 1829/1701/1766
f 1830/1702/1767 1828/1700/1765 1825/1697/1762
f 1825/1697/1762 1829/1701/1766 1830/1702/1767
f 1826/1698/1763 1828/1700/1765 1831/1703/1768
f 1832/1704/1769 1829/1701/1766 1821/1693/1758
f 1831/1703/1768 1833/1705/1770 1826/1698/1763
f 1833/1705/1770 1760/1638/1698 1826/1698/1763
f 1829/1701/1766 1832/1704/1769 1834/1706/1771
f 1834/1706/1771 1830/1702/1767 1829/1701/1766
f 1760/1638/1698 1833/1705/1770 1835/1707/1772
f 1835/1707/1772 1758/1636/1696 1760/1638/1698
f 1758/1636/1696 1835/1707/1772 1836/1708/1773
f 1730/1608/1668 1758/1636/1696 1836/1708/1773
f 1833/1705/1770 1837/1709/1774 1835/1707/1772
f 1837/1709/1774 1836/1708/1773 1835/1707/1772
f 1838/1710/1775 1730/1608/1668 1836/1708/1773
f 1715/1593/1653 1730/1608/1668 1838/1710/1775
f 1836/1708/1773 1837/1709/1774 1839/1711/1776
f 1839/1711/1776 1838/1710/1775 1836/1708/1773
f 1840/1712/1777 1837/1709/1774 1833/1705/1770
f 1833/1705/1770 1831/1703/1768 1840/1712/1777
f 1839/1711/1776 1837/1709/1774 1841/1713/1778
f 1715/1593/1653 1838/1710/1775 1842/1714/1779
f 1709/1587/1647 1715/1593/1653 1842/1714/1779
f 1708/1586/1646 1709/1587/1647 1842/1714/1779
f 1838/1710/1775 1839/1711/1776 1843/1715/1780
f 1841/1713/1778 1843/1715/1780 1839/1711/1776
f 1842/1714/1779 1838/1710/1775 1844/1716/1781
f 1844/1716/1781 1838/1710/1775 1843/1715/1780
f 1708/1586/1646 1842/1714/1779 1845/1717/1782
f 1845/1717/1782 1842/1714/1779 1844/1716/1781
f 1656/1534/1595 1708/1586/1646 1845/1717/1782
f 1843/1715/1780 1846/1718/1783 1844/1716/1781
f 1846/1718/1783 1845/1717/1782 1844/1716/1781
f 1847/1719/1784 1656/1534/1595 1845/1717/1782
f 1845/1717/1782 1846/1718/1783 1847/1719/1784
f 1656/1534/1595 1847/1719/1784 1653/1531/1593
f 1847/1719/1784 1651/1529/1591 1653/1531/1593
f 1846/1718/1783 1843/1715/1780 1848/1720/1785
f 1843/1715/1780 1841/1713/1778 1848/1720/1785
f 1847/1719/1784 1846/1718/1783 1849/1721/1786
f 1651/1529/1591 1847/1719/1784 1849/1721/1786
f 1846/1718/1783 1848/1720/1785 1850/1722/1787
f 1849/1721/1786 1846/1718/1783 1850/1722/1787
f 1651/1529/1591 1849/1721/1786 1851/1723/1788
f 1649/1527/1589 1651/1529/1591 1851/1723/1788
f 1849/1721/1786 1850/1722/1787 1852/1724/1789
f 1851/1723/1788 1849/1721/1786 1852/1724/1789
f 1853/1725/1790 1649/1527/1589 1851/1723/1788
f 1649/1527/1589 1853/1725/1790 1647/1525/1587
f 1854/1726/1791 1851/1723/1788 1852/1724/1789
f 1851/1723/1788 1854/1726/1791 1853/1725/1790
f 1852/1724/1789 1850/1722/1787 1855/1727/1792
f 1647/1525/1587 1853/1725/1790 1856/1728/1793
f 1646/1524/1586 1647/1525/1587 1856/1728/1793
f 1857/1729/1794 1852/1724/1789 1855/1727/1792
f 1852/1724/1789 1857/1729/1794 1854/1726/1791
f 1850/1722/1787 1858/1730/1795 1855/1727/1792
f 1855/1727/1792 1858/1730/1795 1857/1729/1794
f 1858/1730/1795 1850/1722/1787 1859/1731/1796
f 1848/1720/1785 1859/1731/1796 1850/1722/1787
f 1860/1732/1797 1857/1729/1794 1858/1730/1795
f 1848/1720/1785 1861/1733/1798 1859/1731/1796
f 1861/1733/1798 1848/1720/1785 1841/1713/1778
f 1859/1731/1796 1862/1734/1799 1858/1730/1795
f 1862/1734/1799 1859/1731/1796 1861/1733/1798
f 1858/1730/1795 1863/1735/1800 1860/1732/1797
f 1863/1735/1800 1858/1730/1795 1862/1734/1799
f 1864/1736/1801 1857/1729/1794 1860/1732/1797
f 1863/1735/1800 1864/1736/1801 1860/1732/1797
f 1864/1736/1801 1854/1726/1791 1857/1729/1794
f 1861/1733/1798 1865/1737/1802 1862/1734/1799
f 1865/1737/1802 1863/1735/1800 1862/1734/1799
f 1854/1726/1791 1864/1736/1801 1866/1738/1803
f 1866/1738/1803 1853/1725/1790 1854/1726/1791
f 1867/1739/1804 1864/1736/1801 1863/1735/1800
f 1867/1739/1804 1866/1738/1803 1864/1736/1801
f 1853/1725/1790 1866/1738/1803 1868/1740/1805
f 1856/1728/1793 1853/1725/1790 1868/1740/1805
f 1866/1738/1803 1867/1739/1804 1869/1741/1806
f 1870/1742/1807 1868/1740/1805 1866/1738/1803
f 1870/1742/1807 1866/1738/1803 1869/1741/1806
f 1871/1743/1808 1856/1728/1793 1868/1740/1805
f 1871/1743/1808 1868/1740/1805 1870/1742/1807
f 1872/1744/1809 1856/1728/1793 1871/1743/1808
f 1856/1728/1793 1872/1744/1809 1646/1524/1586
f 1872/1744/1809 1643/1521/1583 1646/1524/1586
f 1873/1745/1810 1871/1743/1808 1870/1742/1807
f 1872/1744/1809 1874/1746/1811 1643/1521/1583
f 1643/1521/1583 1874/1746/1811 1639/1517/1579
f 1875/1747/1812 1872/1744/1809 1871/1743/1808
f 1874/1746/1811 1872/1744/1809 1875/1747/1812
f 1871/1743/1808 1873/1745/1810 1875/1747/1812
f 1874/1746/1811 1638/1516/1578 1639/1517/1579
f 1873/1745/1810 1870/1742/1807 1876/1748/1813
f 1876/1748/1813 1870/1742/1807 1869/1741/1806
f 1874/1746/1811 1877/1749/1814 1638/1516/1578
f 1876/1748/1813 1869/1741/1806 1878/1750/1815
f 1869/1741/1806 1867/1739/1804 1878/1750/1815
f 1879/1751/1811 1877/1749/1814 1874/1746/1811
f 1875/1747/1812 1879/1751/1811 1874/1746/1811
f 1877/1749/1814 1880/1752/1816 1638/1516/1578
f 1638/1516/1578 1880/1752/1816 1600/1478/1540
f 1880/1752/1816 1582/1460/1522 1600/1478/1540
f 1880/1752/1816 1579/1457/1519 1582/1460/1522
f 1881/1753/1817 1880/1752/1816 1877/1749/1814
f 1879/1751/1811 1881/1753/1817 1877/1749/1814
f 1579/1457/1519 1880/1752/1816 1882/1754/1818
f 1880/1752/1816 1881/1753/1817 1882/1754/1818
f 1882/1754/1818 1576/1454/1516 1579/1457/1519
f 1576/1454/1516 1882/1754/1818 1883/1755/1819
f 1881/1753/1817 1883/1755/1819 1882/1754/1818
f 1883/1755/1819 1572/1450/1512 1576/1454/1516
f 1881/1753/1817 1879/1751/1811 1884/1756/1820
f 1572/1450/1512 1883/1755/1819 1885/1757/1821
f 1883/1755/1819 1881/1753/1817 1886/1758/1822
f 1886/1758/1822 1885/1757/1821 1883/1755/1819
f 1886/1758/1822 1881/1753/1817 1884/1756/1820
f 1885/1757/1821 1887/1759/1823 1572/1450/1512
f 1887/1759/1823 1569/1447/1509 1572/1450/1512
f 1888/1760/1824 1885/1757/1821 1886/1758/1822
f 1887/1759/1823 1885/1757/1821 1888/1760/1824
f 1569/1447/1509 1887/1759/1823 1889/1761/1825
f 1889/1761/1825 1566/1444/1506 1569/1447/1509
f 1888/1760/1824 1890/1762/1826 1887/1759/1823
f 1890/1762/1826 1889/1761/1825 1887/1759/1823
f 1891/1763/1827 1888/1760/1824 1886/1758/1822
f 1891/1763/1827 1886/1758/1822 1884/1756/1820
f 1890/1762/1826 1888/1760/1824 1892/1764/1828
f 1888/1760/1824 1891/1763/1827 1892/1764/1828
f 1566/1444/1506 1889/1761/1825 1893/1765/1829
f 1893/1765/1829 1563/1441/1503 1566/1444/1506
f 1563/1441/1503 1893/1765/1829 1894/1766/1830
f 1889/1761/1825 1890/1762/1826 1895/1767/1831
f 1895/1767/1831 1893/1765/1829 1889/1761/1825
f 1896/1768/1832 1894/1766/1830 1893/1765/1829
f 1893/1765/1829 1895/1767/1831 1896/1768/1832
f 1894/1766/1830 1896/1768/1832 1897/1769/1833
f 1898/1770/1834 1895/1767/1831 1890/1762/1826
f 1892/1764/1828 1898/1770/1834 1890/1762/1826
f 1899/1771/1835 1896/1768/1832 1895/1767/1831
f 1895/1767/1831 1898/1770/1834 1899/1771/1835
f 1900/1772/1836 1897/1769/1833 1896/1768/1832
f 1896/1768/1832 1899/1771/1835 1900/1772/1836
f 1897/1769/1833 1900/1772/1836 1901/1773/1837
f 1900/1772/1836 1902/1774/1838 1901/1773/1837
f 1902/1774/1838 1900/1772/1836 1903/1775/1839
f 1903/1775/1839 1904/1776/1840 1902/1774/1838
f 1900/1772/1836 1899/1771/1835 1905/1777/1841
f 1900/1772/1836 1905/1777/1841 1903/1775/1839
f 1904/1776/1840 1903/1775/1839 1906/1778/1842
f 1906/1778/1842 1907/1779/1843 1904/1776/1840
f 1903/1775/1839 1905/1777/1841 1908/1780/1844
f 1903/1775/1839 1908/1780/1844 1906/1778/1842
f 1899/1771/1835 1909/1781/1845 1905/1777/1841
f 1909/1781/1845 1908/1780/1844 1905/1777/1841
f 1899/1771/1835 1898/1770/1834 1909/1781/1845
f 1908/1780/1844 1910/1782/1846 1906/1778/1842
f 1907/1779/1843 1906/1778/1842 1910/1782/1846
f 1910/1782/1846 1908/1780/1844 1911/1783/1847
f 1907/1779/1843 1910/1782/1846 1912/1784/1848
f 1907/1779/1843 1912/1784/1848 1913/1785/1849
f 1914/1786/1850 1910/1782/1846 1911/1783/1847
f 1910/1782/1846 1914/1786/1850 1912/1784/1848
f 1915/1787/1851 1911/1783/1847 1908/1780/1844
f 1908/1780/1844 1909/1781/1845 1915/1787/1851
f 1916/1788/1852 1914/1786/1850 1911/1783/1847
f 1911/1783/1847 1915/1787/1851 1916/1788/1852
f 1917/1789/1853 1913/1785/1849 1912/1784/1848
f 1913/1785/1849 1917/1789/1853 1918/1790/1854
f 1917/1789/1853 1919/1791/1855 1918/1790/1854
f 1919/1791/1855 1917/1789/1853 1920/1792/1856
f 1921/1793/1857 1917/1789/1853 1912/1784/1848
f 1921/1793/1857 1920/1792/1856 1917/1789/1853
f 1912/1784/1848 1914/1786/1850 1921/1793/1857
f 1920/1792/1856 1921/1793/1857 1922/1794/1858
f 1923/1795/1859 1921/1793/1857 1914/1786/1850
f 1914/1786/1850 1916/1788/1852 1923/1795/1859
f 1921/1793/1857 1924/1796/1860 1922/1794/1858
f 1921/1793/1857 1923/1795/1859 1924/1796/1860
f 1924/1796/1860 1925/1797/1861 1922/1794/1858
f 1926/1798/1862 1923/1795/1859 1916/1788/1852
f 1924/1796/1860 1927/1799/1863 1925/1797/1861
f 1925/1797/1861 1927/1799/1863 1928/1800/1864
f 1927/1799/1863 1929/1801/1865 1928/1800/1864
f 1929/1801/1865 1927/1799/1863 1930/1802/1866
f 1931/1803/1867 1924/1796/1860 1923/1795/1859
f 1926/1798/1862 1931/1803/1867 1923/1795/1859
f 1924/1796/1860 1932/1804/1868 1927/1799/1863
f 1931/1803/1867 1932/1804/1868 1924/1796/1860
f 1933/1805/1869 1930/1802/1866 1927/1799/1863
f 1932/1804/1868 1933/1805/1869 1927/1799/1863
f 1930/1802/1866 1933/1805/1869 1934/1806/1870
f 1930/1802/1866 1934/1806/1870 1935/1807/1871
f 1935/1807/1871 1936/1808/1872 1937/1809/1873
f 1936/1808/1872 1935/1807/1871 1934/1806/1870
f 1934/1806/1870 1938/1810/1874 1936/1808/1872
f 1934/1806/1870 1933/1805/1869 1938/1810/1874
f 1936/1808/1872 1938/1810/1874 1939/1811/1875
f 1932/1804/1868 1940/1812/1876 1933/1805/1869
f 1938/1810/1874 1933/1805/1869 1940/1812/1876
f 1938/1810/1874 1941/1813/1877 1939/1811/1875
f 1938/1810/1874 1940/1812/1876 1941/1813/1877
f 1940/1812/1876 1932/1804/1868 1942/1814/1878
f 1931/1803/1867 1942/1814/1878 1932/1804/1868
f 1943/1815/1879 1941/1813/1877 1940/1812/1876
f 1943/1815/1879 1940/1812/1876 1942/1814/1878
f 1941/1813/1877 1944/1816/1880 1939/1811/1875
f 1944/1816/1880 1945/1817/1881 1939/1811/1875
f 1941/1813/1877 1943/1815/1879 1946/1818/1882
f 1941/1813/1877 1946/1818/1882 1944/1816/1880
f 1947/1819/1883 1945/1817/1881 1944/1816/1880
f 1947/1819/1883 1948/1820/1884 1945/1817/1881
f 1944/1816/1880 1946/1818/1882 1949/1821/1885
f 1949/1821/1885 1947/1819/1883 1944/1816/1880
f 1948/1820/1884 1947/1819/1883 1950/1822/1886
f 1951/1823/1887 1947/1819/1883 1949/1821/1885
f 1951/1823/1887 1950/1822/1886 1947/1819/1883
f 1952/1824/1888 1949/1821/1885 1946/1818/1882
f 1953/1825/1889 1951/1823/1887 1949/1821/1885
f 1949/1821/1885 1952/1824/1888 1953/1825/1889
f 1950/1822/1886 1951/1823/1887 1954/1826/1890
f 1946/1818/1882 1955/1827/1891 1952/1824/1888
f 1946/1818/1882 1943/1815/1879 1955/1827/1891
f 1954/1826/1890 1951/1823/1887 1956/1828/1892
f 1951/1823/1887 1953/1825/1889 1956/1828/1892
f 1954/1826/1890 1957/1829/1893 1950/1822/1886
f 1948/1820/1884 1950/1822/1886 1958/1830/1894
f 1950/1822/1886 1957/1829/1893 1958/1830/1894
f 1958/1830/1894 1959/1831/1895 1948/1820/1884
f 1959/1831/1895 1958/1830/1894 1960/1832/1896
f 1957/1829/1893 1954/1826/1890 1961/1833/1897
f 1956/1828/1892 1961/1833/1897 1954/1826/1890
f 1960/1832/1896 1958/1830/1894 1962/1834/1898
f 1963/1835/1899 1960/1832/1896 1962/1834/1898
f 1957/1829/1893 1964/1836/1900 1958/1830/1894
f 1962/1834/1898 1958/1830/1894 1964/1836/1900
f 1964/1836/1900 1957/1829/1893 1965/1837/1901
f 1957/1829/1893 1961/1833/1897 1965/1837/1901
f 1966/1838/1902 1962/1834/1898 1964/1836/1900
f 1965/1837/1901 1966/1838/1902 1964/1836/1900
f 1962/1834/1898 1966/1838/1902 1963/1835/1899
f 1965/1837/1901 1961/1833/1897 1967/1839/1903
f 1968/1840/1904 1963/1835/1899 1966/1838/1902
f 1966/1838/1902 1965/1837/1901 1969/1841/1905
f 1967/1839/1903 1969/1841/1905 1965/1837/1901
f 1966/1838/1902 1970/1842/1906 1968/1840/1904
f 1970/1842/1906 1966/1838/1902 1969/1841/1905
f 1971/1843/1907 1963/1835/1899 1968/1840/1904
f 1970/1842/1906 1971/1843/1907 1968/1840/1904
f 1971/1843/1907 1972/1844/1908 1963/1835/1899
f 1969/1841/1905 1973/1845/1909 1970/1842/1906
f 1971/1843/1907 1970/1842/1906 1974/1846/1910
f 1973/1845/1909 1974/1846/1910 1970/1842/1906
f 1975/1847/1911 1972/1844/1908 1971/1843/1907
f 1971/1843/1907 1974/1846/1910 1975/1847/1911
f 1969/1841/1905 1976/1848/1912 1973/1845/1909
f 1969/1841/1905 1967/1839/1903 1976/1848/1912
f 1974/1846/1910 1973/1845/1909 1977/1849/1913
f 1975/1847/1911 1974/1846/1910 1978/1850/1914
f 1977/1849/1913 1978/1850/1914 1974/1846/1910
f 1975/1847/1911 1979/1851/1915 1972/1844/1908
f 1978/1850/1914 1979/1851/1915 1975/1847/1911
f 1979/1851/1915 1980/1852/1916 1972/1844/1908
f 1981/1853/1917 1972/1844/1908 1980/1852/1916
f 1979/1851/1915 1978/1850/1914 1982/1854/1918
f 1979/1851/1915 1982/1854/1918 1980/1852/1916
f 1983/1855/1919 1981/1853/1917 1980/1852/1916
f 1983/1855/1919 1980/1852/1916 1982/1854/1918
f 1983/1855/1919 1984/1856/1920 1981/1853/1917
f 1985/1857/1921 1982/1854/1918 1978/1850/1914
f 1978/1850/1914 1977/1849/1913 1985/1857/1921
f 1982/1854/1918 1986/1858/1922 1983/1855/1919
f 1982/1854/1918 1985/1857/1921 1986/1858/1922
f 1987/1859/1923 1984/1856/1920 1983/1855/1919
f 1984/1856/1920 1987/1859/1923 1988/1860/1924
f 1987/1859/1923 1989/1861/1925 1988/1860/1924
f 1989/1861/1925 1987/1859/1923 1990/1862/1926
f 1983/1855/1919 1991/1863/1927 1987/1859/1923
f 1991/1863/1927 1983/1855/1919 1986/1858/1922
f 1992/1864/1928 1990/1862/1926 1987/1859/1923
f 1991/1863/1927 1992/1864/1928 1987/1859/1923
f 1990/1862/1926 1992/1864/1928 1993/1865/1929
f 1994/1866/1930 1993/1865/1929 1992/1864/1928
f 1992/1864/1928 1991/1863/1927 1994/1866/1930
f 1993/1865/1929 1994/1866/1930 1995/1867/1931
f 1995/1867/1931 1820/1692/1757 1996/1868/1932
f 1820/1692/1757 1995/1867/1931 1994/1866/1930
f 1820/1692/1757 1994/1866/1930 1819/1691/1756
f 1994/1866/1930 1997/1869/1933 1819/1691/1756
f 1991/1863/1927 1997/1869/1933 1994/1866/1930
f 1997/1869/1933 1821/1693/1758 1819/1691/1756
f 1832/1704/1769 1821/1693/1758 1997/1869/1933
f 1998/1870/1934 1997/1869/1933 1991/1863/1927
f 1998/1870/1934 1832/1704/1769 1997/1869/1933
f 1986/1858/1922 1998/1870/1934 1991/1863/1927
f 1998/1870/1934 1834/1706/1771 1832/1704/1769
f 1986/1858/1922 1999/1871/1935 1998/1870/1934
f 1834/1706/1771 1998/1870/1934 1999/1871/1935
f 1999/1871/1935 1986/1858/1922 1985/1857/1921
f 1999/1871/1935 2000/1872/1936 1834/1706/1771
f 1830/1702/1767 1834/1706/1771 2000/1872/1936
f 1985/1857/1921 2001/1873/1937 1999/1871/1935
f 2001/1873/1937 2000/1872/1936 1999/1871/1935
f 1977/1849/1913 2001/1873/1937 1985/1857/1921
f 2002/1874/1938 1830/1702/1767 2000/1872/1936
f 2001/1873/1937 2002/1874/1938 2000/1872/1936
f 1977/1849/1913 2003/1875/1939 2001/1873/1937
f 2002/1874/1938 2001/1873/1937 2003/1875/1939
f 2003/1875/1939 1977/1849/1913 1973/1845/1909
f 1976/1848/1912 2003/1875/1939 1973/1845/1909
f 2004/1876/1940 1830/1702/1767 2002/1874/1938
f 2003/1875/1939 2004/1876/1940 2002/1874/1938
f 2004/1876/1940 2003/1875/1939 1976/1848/1912
f 1828/1700/1765 1830/1702/1767 2004/1876/1940
f 1831/1703/1768 1828/1700/1765 2004/1876/1940
f 1976/1848/1912 2005/1877/1941 2004/1876/1940
f 2005/1877/1941 1976/1848/1912 1967/1839/1903
f 2004/1876/1940 2006/1878/1942 1831/1703/1768
f 2005/1877/1941 2006/1878/1942 2004/1876/1940
f 2006/1878/1942 1840/1712/1777 1831/1703/1768
f 1967/1839/1903 2007/1879/1943 2005/1877/1941
f 2007/1879/1943 1967/1839/1903 1961/1833/1897
f 1961/1833/1897 1956/1828/1892 2007/1879/1943
f 2008/1880/1944 2006/1878/1942 2005/1877/1941
f 2007/1879/1943 2008/1880/1944 2005/1877/1941
f 2008/1880/1944 1840/1712/1777 2006/1878/1942
f 1956/1828/1892 2009/1881/1945 2007/1879/1943
f 2007/1879/1943 2009/1881/1945 2008/1880/1944
f 1953/1825/1889 2009/1881/1945 1956/1828/1892
f 1840/1712/1777 2008/1880/1944 2010/1882/1946
f 2009/1881/1945 1953/1825/1889 2011/1883/1947
f 1952/1824/1888 2011/1883/1947 1953/1825/1889
f 2009/1881/1945 2012/1884/1948 2008/1880/1944
f 2008/1880/1944 2012/1884/1948 2010/1882/1946
f 2011/1883/1947 2012/1884/1948 2009/1881/1945
f 2013/1885/1949 1840/1712/1777 2010/1882/1946
f 2012/1884/1948 2013/1885/1949 2010/1882/1946
f 1840/1712/1777 2013/1885/1949 1837/1709/1774
f 1841/1713/1778 1837/1709/1774 2013/1885/1949
f 2014/1886/1950 1841/1713/1778 2013/1885/1949
f 2013/1885/1949 2012/1884/1948 2014/1886/1950
f 1841/1713/1778 2014/1886/1950 1861/1733/1798
f 1865/1737/1802 1861/1733/1798 2014/1886/1950
f 2015/1887/1951 2014/1886/1950 2012/1884/1948
f 2014/1886/1950 2015/1887/1951 1865/1737/1802
f 2012/1884/1948 2011/1883/1947 2015/1887/1951
f 2016/1888/1952 1865/1737/1802 2015/1887/1951
f 2016/1888/1952 1863/1735/1800 1865/1737/1802
f 2017/1889/1953 2015/1887/1951 2011/1883/1947
f 2017/1889/1953 2016/1888/1952 2015/1887/1951
f 2011/1883/1947 1952/1824/1888 2018/1890/1954
f 2018/1890/1954 2017/1889/1953 2011/1883/1947
f 1952/1824/1888 1955/1827/1891 2018/1890/1954
f 1955/1827/1891 2017/1889/1953 2018/1890/1954
f 2017/1889/1953 1955/1827/1891 2019/1891/1955
f 2019/1891/1955 2016/1888/1952 2017/1889/1953
f 1943/1815/1879 2019/1891/1955 1955/1827/1891
f 2016/1888/1952 2020/1892/1956 1863/1735/1800
f 2016/1888/1952 2019/1891/1955 2020/1892/1956
f 1867/1739/1804 1863/1735/1800 2020/1892/1956
f 2019/1891/1955 1943/1815/1879 2021/1893/1957
f 2021/1893/1957 2020/1892/1956 2019/1891/1955
f 2021/1893/1957 1943/1815/1879 1942/1814/1878
f 2022/1894/1958 1867/1739/1804 2020/1892/1956
f 2020/1892/1956 2021/1893/1957 2022/1894/1958
f 1878/1750/1815 1867/1739/1804 2022/1894/1958
f 2023/1895/1959 2021/1893/1957 1942/1814/1878
f 2021/1893/1957 2023/1895/1959 2022/1894/1958
f 1942/1814/1878 1931/1803/1867 2023/1895/1959
f 1926/1798/1862 2023/1895/1959 1931/1803/1867
f 2022/1894/1958 2023/1895/1959 2024/1896/1960
f 2023/1895/1959 1926/1798/1862 2024/1896/1960
f 2024/1896/1960 1878/1750/1815 2022/1894/1958
f 2024/1896/1960 1926/1798/1862 2025/1897/1961
f 1916/1788/1852 2025/1897/1961 1926/1798/1862
f 2025/1897/1961 1916/1788/1852 1915/1787/1851
f 2026/1898/1962 1878/1750/1815 2024/1896/1960
f 2025/1897/1961 2026/1898/1962 2024/1896/1960
f 1876/1748/1813 1878/1750/1815 2026/1898/1962
f 2025/1897/1961 1915/1787/1851 2027/1899/1963
f 2027/1899/1963 2026/1898/1962 2025/1897/1961
f 1909/1781/1845 2027/1899/1963 1915/1787/1851
f 2028/1900/1964 1876/1748/1813 2026/1898/1962
f 2027/1899/1963 2028/1900/1964 2026/1898/1962
f 1876/1748/1813 2028/1900/1964 1873/1745/1810
f 2027/1899/1963 1909/1781/1845 2029/1901/1965
f 2029/1901/1965 2028/1900/1964 2027/1899/1963
f 2029/1901/1965 1909/1781/1845 2030/1902/1966
f 1898/1770/1834 2030/1902/1966 1909/1781/1845
f 2028/1900/1964 2029/1901/1965 2031/1903/1967
f 2031/1903/1967 1873/1745/1810 2028/1900/1964
f 1898/1770/1834 2032/1904/1968 2030/1902/1966
f 1898/1770/1834 1892/1764/1828 2032/1904/1968
f 1891/1763/1827 2032/1904/1968 1892/1764/1828
f 2030/1902/1966 2033/1905/1969 2029/1901/1965
f 2033/1905/1969 2030/1902/1966 2032/1904/1968
f 2032/1904/1968 1891/1763/1827 2033/1905/1969
f 2033/1905/1969 2031/1903/1967 2029/1901/1965
f 2033/1905/1969 1891/1763/1827 2034/1906/1970
f 2031/1903/1967 2033/1905/1969 2034/1906/1970
f 1891/1763/1827 1884/1756/1820 2034/1906/1970
f 1873/1745/1810 2031/1903/1967 2035/1907/1971
f 2034/1906/1970 2035/1907/1971 2031/1903/1967
f 2035/1907/1971 1875/1747/1812 1873/1745/1810
f 2034/1906/1970 1884/1756/1820 2036/1908/1972
f 2035/1907/1971 2034/1906/1970 2036/1908/1972
f 1875/1747/1812 2035/1907/1971 2036/1908/1972
f 1884/1756/1820 1879/1751/1811 2036/1908/1972
f 1879/1751/1811 1875/1747/1812 2036/1908/1972
f 2037/1909/1973 2038/1910/1974 2039/1911/1975
f 2040/1912/1976 2038/1910/1974 2037/1909/1973
f 2037/1909/1973 2041/1913/1977 2040/1912/1976
f 2040/1912/1976 2042/1914/1978 2038/1910/1974
f 2043/1915/1979 2040/1912/1976 2041/1913/1977
f 2041/1913/1977 2044/1916/1980 2043/1915/1979
f 2045/1917/1981 2043/1915/1979 2044/1916/1980
f 2046/1918/1982 2042/1914/1978 2040/1912/1976
f 2043/1915/1979 2046/1918/1982 2040/1912/1976
f 2042/1914/1978 2047/1919/1983 2048/1920/1984
f 2047/1919/1983 2042/1914/1978 2046/1918/1982
f 2046/1918/1982 2049/1921/1985 2047/1919/1983
f 2049/1921/1985 2046/1918/1982 2050/1922/1986
f 2046/1918/1982 2043/1915/1979 2050/1922/1986
f 2045/1917/1981 2050/1922/1986 2043/1915/1979
f 2050/1922/1986 2045/1917/1981 2051/1923/1987
f 2052/1924/1988 2053/1925/1989 2054/1926/1990
f 2054/1926/1990 2053/1925/1989 2055/1927/1991
f 2056/1928/1992 2055/1927/1991 2053/1925/1989
f 2055/1927/1991 2057/1929/1993 2054/1926/1990
f 2055/1927/1991 2056/1928/1992 2058/1930/1994
f 2057/1929/1993 2055/1927/1991 2059/1931/1995
f 2058/1930/1994 2059/1931/1995 2055/1927/1991
f 2059/1931/1995 2060/1932/1996 2057/1929/1993
f 2059/1931/1995 2058/1930/1994 2061/1933/1997
f 2060/1932/1996 2059/1931/1995 2062/1934/1998
f 2061/1933/1997 2062/1934/1998 2059/1931/1995
f 2060/1932/1996 2062/1934/1998 2063/1935/1999
f 2062/1934/1998 2061/1933/1997 2064/1936/2000
f 2062/1934/1998 2064/1936/2000 2065/1937/2001
f 2062/1934/1998 2065/1937/2001 2063/1935/1999
f 2064/1936/2000 2066/1938/2002 2065/1937/2001
f 2067/1939/2003 2065/1937/2001 2066/1938/2002
f 2068/1940/2004 2063/1935/1999 2065/1937/2001
f 2065/1937/2001 2067/1939/2003 2068/1940/2004
f 2063/1935/1999 2068/1940/2004 2069/1941/2005
f 2068/1940/2004 2067/1939/2003 2070/1942/2006
f 2071/1943/2007 2069/1941/2005 2068/1940/2004
f 2068/1940/2004 2070/1942/2006 2071/1943/2007
f 2069/1941/2005 2071/1943/2007 2072/1944/2008
f 2071/1943/2007 2070/1942/2006 2073/1945/2009
f 2072/1944/2008 2071/1943/2007 2074/1946/2010
f 2073/1945/2009 2074/1946/2010 2071/1943/2007
f 2075/1947/2011 2074/1946/2010 2073/1945/2009
f 2074/1946/2010 2076/1948/2012 2072/1944/2008
f 2074/1946/2010 2075/1947/2011 2077/1949/2013
f 2077/1949/2013 2076/1948/2012 2074/1946/2010
f 2076/1948/2012 2077/1949/2013 2078/1950/2014
f 2079/1951/2015 2080/1952/2016 2081/1953/2017
f 2080/1952/2016 2079/1951/2015 2082/1954/2018
f 2082/1954/2018 2079/1951/2015 593/570/579
f 2082/1954/2018 2083/1955/2019 2080/1952/2016
f 593/570/579 592/569/578 2082/1954/2018
f 2083/1955/2019 2082/1954/2018 2084/1956/2020
f 2084/1956/2020 2085/1957/2021 2083/1955/2019
f 2086/1958/2022 2082/1954/2018 592/569/578
f 2082/1954/2018 2086/1958/2022 2084/1956/2020
f 592/569/578 586/563/572 2086/1958/2022
f 586/563/572 570/547/557 2086/1958/2022
f 569/546/556 2086/1958/2022 570/547/557
f 2086/1958/2022 2087/1959/2023 2084/1956/2020
f 2087/1959/2023 2086/1958/2022 569/546/556
f 2085/1957/2021 2084/1956/2020 2087/1959/2023
f 2087/1959/2023 569/546/556 2088/1960/2024
f 2088/1960/2024 569/546/556 558/535/545
f 558/535/545 557/534/544 2088/1960/2024
f 2085/1957/2021 2087/1959/2023 2089/1961/2025
f 2088/1960/2024 2089/1961/2025 2087/1959/2023
f 2085/1957/2021 2089/1961/2025 2090/1962/2026
f 2089/1961/2025 2091/1963/2027 2090/1962/2026
f 2092/1964/2028 2088/1960/2024 557/534/544
f 2089/1961/2025 2088/1960/2024 2092/1964/2028
f 2093/1965/2029 2092/1964/2028 557/534/544
f 2093/1965/2029 2089/1961/2025 2092/1964/2028
f 557/534/544 555/532/542 2093/1965/2029
f 2091/1963/2027 2089/1961/2025 2094/1966/2030
f 2089/1961/2025 2093/1965/2029 2094/1966/2030
f 2094/1966/2030 2095/1967/2031 2091/1963/2027
f 2096/1968/2032 2093/1965/2029 555/532/542
f 2093/1965/2029 2096/1968/2032 2094/1966/2030
f 552/529/539 2096/1968/2032 555/532/542
f 2095/1967/2031 2094/1966/2030 2097/1969/2033
f 2096/1968/2032 2097/1969/2033 2094/1966/2030
f 2097/1969/2033 2098/1970/2034 2095/1967/2031
f 2096/1968/2032 552/529/539 2099/1971/2035
f 2099/1971/2035 552/529/539 551/528/538
f 2097/1969/2033 2096/1968/2032 2100/1972/2036
f 2096/1968/2032 2099/1971/2035 2100/1972/2036
f 2098/1970/2034 2097/1969/2033 2101/1973/2037
f 2100/1972/2036 2101/1973/2037 2097/1969/2033
f 2101/1973/2037 2102/1974/2038 2098/1970/2034
f 2099/1971/2035 551/528/538 2103/1975/2039
f 551/528/538 549/526/536 2103/1975/2039
f 2104/1976/2040 2100/1972/2036 2099/1971/2035
f 2099/1971/2035 2103/1975/2039 2104/1976/2040
f 2101/1973/2037 2100/1972/2036 2105/1977/2041
f 2104/1976/2040 2105/1977/2041 2100/1972/2036
f 2106/1978/2042 2103/1975/2039 549/526/536
f 550/527/537 2106/1978/2042 549/526/536
f 2106/1978/2042 550/527/537 2107/1979/2043
f 2107/1979/2043 2108/1980/2044 2106/1978/2042
f 2104/1976/2040 2103/1975/2039 2109/1981/2045
f 2103/1975/2039 2106/1978/2042 2109/1981/2045
f 2110/1982/2046 2106/1978/2042 2108/1980/2044
f 2110/1982/2046 2109/1981/2045 2106/1978/2042
f 2111/1983/2047 2110/1982/2046 2108/1980/2044
f 2112/1984/2048 2104/1976/2040 2109/1981/2045
f 2109/1981/2045 2110/1982/2046 2112/1984/2048
f 2105/1977/2041 2104/1976/2040 2112/1984/2048
f 2110/1982/2046 2111/1983/2047 2113/1985/2049
f 2113/1985/2049 2112/1984/2048 2110/1982/2046
f 2114/1986/2050 2113/1985/2049 2111/1983/2047
f 2113/1985/2049 2114/1986/2050 2115/1987/2051
f 2112/1984/2048 2113/1985/2049 2116/1988/2052
f 2115/1987/2051 2116/1988/2052 2113/1985/2049
f 2116/1988/2052 2105/1977/2041 2112/1984/2048
f 2116/1988/2052 2115/1987/2051 2117/1989/2053
f 2105/1977/2041 2116/1988/2052 2118/1990/2054
f 2116/1988/2052 2117/1989/2053 2118/1990/2054
f 2118/1990/2054 2101/1973/2037 2105/1977/2041
f 2119/1991/2055 2118/1990/2054 2117/1989/2053
f 2120/1992/2056 2101/1973/2037 2118/1990/2054
f 2118/1990/2054 2119/1991/2055 2120/1992/2056
f 2102/1974/2038 2101/1973/2037 2120/1992/2056
f 2119/1991/2055 2121/1993/2057 2120/1992/2056
f 2102/1974/2038 2120/1992/2056 2121/1993/2057
f 2102/1974/2038 2121/1993/2057 2122/1994/2058
f 2121/1993/2057 2119/1991/2055 2123/1995/2059
f 2121/1993/2057 2124/1996/2060 2122/1994/2058
f 2123/1995/2059 2124/1996/2060 2121/1993/2057
f 2124/1996/2060 2123/1995/2059 2125/1997/2061
f 2126/1998/2062 2127/1999/2063 2128/2000/2064
f 2126/1998/2062 2128/2000/2064 2129/2001/2065
f 2130/1997/2066 2129/2001/2065 2128/2000/2064
f 2129/2001/2065 2131/2002/2067 2126/1998/2062
f 2129/2001/2065 2130/1997/2066 2132/1995/2068
f 2131/2002/2067 2129/2001/2065 2133/2003/2069
f 2132/1995/2068 2133/2003/2069 2129/2001/2065
f 2133/2003/2069 2134/2004/2070 2131/2002/2067
f 2133/2003/2069 2132/1995/2068 2135/1991/2071
f 2134/2004/2070 2133/2003/2069 2136/2005/2072
f 2135/1991/2071 2136/2005/2072 2133/2003/2069
f 2136/2005/2072 2137/2006/2073 2134/2004/2070
f 2136/2005/2072 2135/1991/2071 2138/1989/2074
f 2137/2006/2073 2136/2005/2072 2139/2007/2075
f 2138/1989/2074 2139/2007/2075 2136/2005/2072
f 2137/2006/2073 2139/2007/2075 2140/2008/2076
f 2139/2007/2075 2138/1989/2074 2141/1987/2077
f 2139/2007/2075 2142/2009/2078 2140/2008/2076
f 2143/1986/2079 2139/2007/2075 2141/1987/2077
f 2139/2007/2075 2143/1986/2079 2142/2009/2078
f 2144/2010/2080 2145/1552/1612 2146/1553/1613
f 2147/2011/2081 2145/1552/1612 2144/2010/2080
f 2144/2010/2080 2148/2012/2082 2147/2011/2081
f 2149/1555/2083 2145/1552/1612 2147/2011/2081
f 2150/2013/2084 2147/2011/2081 2148/2012/2082
f 2148/2012/2082 2151/2014/2085 2150/2013/2084
f 2147/2011/2081 2152/2015/2086 2149/1555/2083
f 2153/2016/2087 2150/2013/2084 2151/2014/2085
f 2154/2017/2088 2153/2016/2087 2151/2014/2085
f 2154/2017/2088 2155/2018/2089 2153/2016/2087
f 2156/2019/2090 2147/2011/2081 2150/2013/2084
f 2147/2011/2081 2156/2019/2090 2152/2015/2086
f 2157/2020/2091 2150/2013/2084 2153/2016/2087
f 2153/2016/2087 2155/2018/2089 2157/2020/2091
f 2150/2013/2084 2157/2020/2091 2156/2019/2090
f 2155/2018/2089 2158/2021/2092 2157/2020/2091
f 2157/2020/2091 2158/2021/2092 2159/2022/2093
f 2157/2020/2091 2159/2022/2093 2156/2019/2090
f 2158/2021/2092 2160/2023/2094 2159/2022/2093
f 2161/2024/2095 2156/2019/2090 2159/2022/2093
f 2161/2024/2095 2152/2015/2086 2156/2019/2090
f 2162/2025/2096 2159/2022/2093 2160/2023/2094
f 2159/2022/2093 2162/2025/2096 2161/2024/2095
f 2160/2023/2094 2163/2026/2097 2162/2025/2096
f 2163/2026/2097 2160/2023/2094 2164/2027/2098
f 2165/2028/2099 2163/2026/2097 2164/2027/2098
f 2166/2029/2100 2161/2024/2095 2162/2025/2096
f 2163/2026/2097 2166/2029/2100 2162/2025/2096
f 2152/2015/2086 2161/2024/2095 2167/2030/2101
f 2161/2024/2095 2166/2029/2100 2167/2030/2101
f 2167/2030/2101 2149/1555/2083 2152/2015/2086
f 2168/1558/2102 2149/1555/2083 2167/2030/2101
f 2163/2026/2097 2165/2028/2099 2169/2031/2103
f 2169/2031/2103 2165/2028/2099 2170/2032/2104
f 2170/2032/2104 2171/2033/2105 2169/2031/2103
f 2167/2030/2101 2172/2034/2106 2168/1558/2102
f 2168/1558/2102 2172/2034/2106 2173/1562/1622
f 2172/2034/2106 2174/1564/2107 2173/1562/1622
f 2172/2034/2106 2167/2030/2101 2175/2035/2108
f 2175/2035/2108 2167/2030/2101 2166/2029/2100
f 2174/1564/2107 2172/2034/2106 2176/2036/2109
f 2175/2035/2108 2176/2036/2109 2172/2034/2106
f 2176/2036/2109 2177/1565/2110 2174/1564/2107
f 2178/2037/2111 2175/2035/2108 2166/2029/2100
f 2166/2029/2100 2163/2026/2097 2178/2037/2111
f 2169/2031/2103 2178/2037/2111 2163/2026/2097
f 2179/2038/2112 2175/2035/2108 2178/2037/2111
f 2176/2036/2109 2175/2035/2108 2179/2038/2112
f 2178/2037/2111 2169/2031/2103 2180/2039/2113
f 2178/2037/2111 2180/2039/2113 2179/2038/2112
f 2169/2031/2103 2171/2033/2105 2181/2040/2114
f 2169/2031/2103 2181/2040/2114 2180/2039/2113
f 2171/2033/2105 2182/2041/2115 2181/2040/2114
f 2180/2039/2113 2183/2042/2116 2179/2038/2112
f 2183/2042/2116 2176/2036/2109 2179/2038/2112
f 2184/2043/2117 2180/2039/2113 2181/2040/2114
f 2180/2039/2113 2184/2043/2117 2183/2042/2116
f 2182/2041/2115 2185/2044/2118 2181/2040/2114
f 2181/2040/2114 2185/2044/2118 2184/2043/2117
f 2182/2041/2115 2186/2045/2119 2185/2044/2118
f 2183/2042/2116 2187/2046/2120 2176/2036/2109
f 2177/1565/2110 2176/2036/2109 2187/2046/2120
f 2187/2046/2120 2188/1567/2121 2177/1565/2110
f 2189/2047/2122 2187/2046/2120 2183/2042/2116
f 2189/2047/2122 2183/2042/2116 2184/2043/2117
f 2188/1567/2121 2187/2046/2120 2190/2048/2123
f 2187/2046/2120 2189/2047/2122 2190/2048/2123
f 2190/2048/2123 2191/2049/2124 2188/1567/2121
f 2192/1570/2125 2188/1567/2121 2191/2049/2124
f 2193/2050/2126 2190/2048/2123 2189/2047/2122
f 2190/2048/2123 2193/2050/2126 2191/2049/2124
f 2194/2051/2127 2189/2047/2122 2184/2043/2117
f 2189/2047/2122 2194/2051/2127 2193/2050/2126
f 2185/2044/2118 2194/2051/2127 2184/2043/2117
f 2191/2049/2124 2195/2052/2128 2192/1570/2125
f 2196/1574/2129 2192/1570/2125 2195/2052/2128
f 2185/2044/2118 2197/2053/2130 2194/2051/2127
f 2186/2045/2119 2197/2053/2130 2185/2044/2118
f 2198/2054/2131 2197/2053/2130 2186/2045/2119
f 2194/2051/2127 2197/2053/2130 2199/2055/2132
f 2194/2051/2127 2199/2055/2132 2193/2050/2126
f 2197/2053/2130 2198/2054/2131 2200/2056/2133
f 2200/2056/2133 2199/2055/2132 2197/2053/2130
f 2201/2057/2134 2198/2054/2131 2202/2058/2135
f 2198/2054/2131 2201/2057/2134 2200/2056/2133
f 2200/2056/2133 2201/2057/2134 2203/2059/2136
f 2199/2055/2132 2200/2056/2133 2203/2059/2136
f 2201/2057/2134 2204/2060/2137 2203/2059/2136
f 2205/2061/2138 2193/2050/2126 2199/2055/2132
f 2203/2059/2136 2205/2061/2138 2199/2055/2132
f 2193/2050/2126 2205/2061/2138 2191/2049/2124
f 2195/2052/2128 2191/2049/2124 2205/2061/2138
f 2204/2060/2137 2206/2062/2139 2203/2059/2136
f 2205/2061/2138 2203/2059/2136 2206/2062/2139
f 2205/2061/2138 2206/2062/2139 2195/2052/2128
f 2206/2062/2139 2204/2060/2137 2207/2063/2140
f 2208/2064/2141 2195/2052/2128 2206/2062/2139
f 2206/2062/2139 2207/2063/2140 2208/2064/2141
f 2208/2064/2141 2196/1574/2129 2195/2052/2128
f 2208/2064/2141 2207/2063/2140 2209/2065/2142
f 2196/1574/2129 2208/2064/2141 2210/1595/2143
f 2209/2065/2142 2211/2066/2144 2208/2064/2141
f 2208/2064/2141 2212/1598/2145 2210/1595/2143
f 2212/1598/2145 2208/2064/2141 2211/2066/2144
f 2213/2067/2146 2214/2068/2147 2215/2069/2148
f 2216/2070/2149 2215/2069/2148 2214/2068/2147
f 2216/2070/2149 2214/2068/2147 2217/2071/2150
f 2216/2070/2149 2218/2072/2151 2215/2069/2148
f 2218/2072/2151 2219/2073/2152 2220/2074/2153
f 2221/2075/2154 2216/2070/2149 2217/2071/2150
f 2219/2073/2152 2218/2072/2151 2222/2076/2155
f 2218/2072/2151 2216/2070/2149 2222/2076/2155
f 2221/2075/2154 2222/2076/2155 2216/2070/2149
f 2222/2076/2155 2223/2077/2156 2219/2073/2152
f 2221/2075/2154 2217/2071/2150 2224/2078/2157
f 2223/2077/2156 2222/2076/2155 2225/2079/2158
f 2222/2076/2155 2221/2075/2154 2225/2079/2158
f 2226/2080/2159 2221/2075/2154 2224/2078/2157
f 2224/2078/2157 2227/2081/2160 2226/2080/2159
f 2221/2075/2154 2228/2082/2161 2225/2079/2158
f 2228/2082/2161 2221/2075/2154 2226/2080/2159
f 2229/2083/2162 2223/2077/2156 2225/2079/2158
f 2223/2077/2156 2229/2083/2162 2230/2084/2163
f 2231/2085/2164 2225/2079/2158 2228/2082/2161
f 2225/2079/2158 2231/2085/2164 2229/2083/2162
f 2229/2083/2162 2232/2086/2165 2230/2084/2163
f 2233/2087/2166 2230/2084/2163 2232/2086/2165
f 2232/2086/2165 2234/2088/2167 2233/2087/2166
f 2234/2088/2167 2232/2086/2165 2235/2089/2168
f 2229/2083/2162 2235/2089/2168 2232/2086/2165
f 2235/2089/2168 2236/2090/2169 2234/2088/2167
f 2229/2083/2162 2231/2085/2164 2237/2091/2170
f 2235/2089/2168 2229/2083/2162 2237/2091/2170
f 2236/2090/2169 2235/2089/2168 2238/2092/2171
f 2238/2092/2171 2239/2093/2172 2236/2090/2169
f 2235/2089/2168 2237/2091/2170 2240/2094/2173
f 2238/2092/2171 2235/2089/2168 2240/2094/2173
f 2239/2093/2172 2238/2092/2171 2241/2095/2174
f 2240/2094/2173 2241/2095/2174 2238/2092/2171
f 2241/2095/2174 2242/2096/2175 2239/2093/2172
f 2243/2097/2176 2240/2094/2173 2237/2091/2170
f 2231/2085/2164 2243/2097/2176 2237/2091/2170
f 2241/2095/2174 2240/2094/2173 2244/2098/2177
f 2245/2099/2178 2243/2097/2176 2231/2085/2164
f 2228/2082/2161 2245/2099/2178 2231/2085/2164
f 2240/2094/2173 2243/2097/2176 2246/2100/2179
f 2244/2098/2177 2240/2094/2173 2246/2100/2179
f 2247/2101/2180 2246/2100/2179 2243/2097/2176
f 2246/2100/2179 2247/2101/2180 2248/2102/2181
f 2249/2103/2182 2246/2100/2179 2248/2102/2181
f 2250/2104/2183 2246/2100/2179 2249/2103/2182
f 2244/2098/2177 2246/2100/2179 2250/2104/2183
f 2249/2103/2182 2251/2105/2184 2250/2104/2183
f 2252/2106/2185 2250/2104/2183 2251/2105/2184
f 2252/2106/2185 2244/2098/2177 2250/2104/2183
f 2251/2105/2184 2253/2107/2186 2252/2106/2185
f 2254/2108/2187 2244/2098/2177 2252/2106/2185
f 2241/2095/2174 2244/2098/2177 2254/2108/2187
f 2255/2109/2188 2252/2106/2185 2253/2107/2186
f 2255/2109/2188 2254/2108/2187 2252/2106/2185
f 2253/2107/2186 2256/2110/2189 2255/2109/2188
f 2255/2109/2188 2256/2110/2189 2257/2111/2190
f 2258/2112/2191 2241/2095/2174 2254/2108/2187
f 2242/2096/2175 2241/2095/2174 2258/2112/2191
f 2254/2108/2187 2255/2109/2188 2259/2113/2192
f 2258/2112/2191 2254/2108/2187 2259/2113/2192
f 2257/2111/2190 2259/2113/2192 2255/2109/2188
f 2260/2114/2193 2242/2096/2175 2258/2112/2191
f 2259/2113/2192 2260/2114/2193 2258/2112/2191
f 2261/2115/2194 2242/2096/2175 2260/2114/2193
f 2262/2116/2195 2260/2114/2193 2259/2113/2192
f 2259/2113/2192 2257/2111/2190 2262/2116/2195
f 2263/2117/2196 2261/2115/2194 2260/2114/2193
f 2262/2116/2195 2263/2117/2196 2260/2114/2193
f 2261/2115/2194 2263/2117/2196 2264/2118/2197
f 2265/2119/2198 2264/2118/2197 2263/2117/2196
f 2257/2111/2190 2266/2120/2199 2262/2116/2195
f 2262/2116/2195 2266/2120/2199 2263/2117/2196
f 2263/2117/2196 2267/2121/2200 2265/2119/2198
f 2266/2120/2199 2267/2121/2200 2263/2117/2196
f 2268/2122/2201 2265/2119/2198 2267/2121/2200
f 2269/2123/2202 2266/2120/2199 2257/2111/2190
f 2270/2110/2203 2269/2123/2202 2257/2111/2190
f 2269/2123/2202 2270/2110/2203 2271/2124/2204
f 2271/2124/2204 2272/2125/2205 2269/2123/2202
f 2269/2123/2202 2272/2125/2205 2273/2126/2206
f 2266/2120/2199 2269/2123/2202 2274/2127/2207
f 2266/2120/2199 2274/2127/2207 2267/2121/2200
f 2273/2126/2206 2274/2127/2207 2269/2123/2202
f 2267/2121/2200 2275/2128/707 2268/2122/2201
f 2275/2128/707 2267/2121/2200 2274/2127/2207
f 2276/2129/2208 2268/2122/2201 2275/2128/707
f 2275/2128/707 2274/2127/2207 2277/2130/2209
f 2274/2127/2207 2273/2126/2206 2277/2130/2209
f 2275/2128/707 2278/2131/2210 2276/2129/2208
f 2278/2131/2210 2275/2128/707 2277/2130/2209
f 2279/2132/2211 2276/2129/2208 2278/2131/2210
f 2278/2131/2210 2280/2133/2212 2279/2132/2211
f 2281/2134/2213 2278/2131/2210 2277/2130/2209
f 2273/2126/2206 2281/2134/2213 2277/2130/2209
f 2280/2133/2212 2278/2131/2210 2282/2135/2214
f 2282/2135/2214 2278/2131/2210 2281/2134/2213
f 2282/2135/2214 2283/2136/2215 2280/2133/2212
f 2282/2135/2214 2281/2134/2213 2284/2137/2216
f 2284/2137/2216 2281/2134/2213 2273/2126/2206
f 2283/2136/2215 2282/2135/2214 2285/2138/2217
f 2284/2137/2216 2285/2138/2217 2282/2135/2214
f 2286/2139/2218 2283/2136/2215 2285/2138/2217
f 2273/2126/2206 2287/2140/2219 2284/2137/2216
f 2287/2140/2219 2285/2138/2217 2284/2137/2216
f 2286/2139/2218 2285/2138/2217 2288/2141/2220
f 2285/2138/2217 2287/2140/2219 2288/2141/2220
f 2289/2142/2221 2286/2139/2218 2288/2141/2220
f 2290/2143/2222 2286/2139/2218 2289/2142/2221
f 2287/2140/2219 2291/2144/2223 2288/2141/2220
f 2291/2144/2223 2289/2142/2221 2288/2141/2220
f 2292/2145/2224 2287/2140/2219 2273/2126/2206
f 2292/2145/2224 2291/2144/2223 2287/2140/2219
f 2293/2125/2225 2292/2145/2224 2273/2126/2206
f 2292/2145/2224 2293/2125/2225 2294/2146/2226
f 2290/2143/2222 2289/2142/2221 2295/2147/2227
f 2291/2144/2223 2295/2147/2227 2289/2142/2221
f 2296/2148/2228 2290/2143/2222 2295/2147/2227
f 2294/2146/2226 2297/2149/2229 2292/2145/2224
f 2297/2149/2229 2291/2144/2223 2292/2145/2224
f 2297/2149/2229 2294/2146/2226 2298/2150/2230
f 2295/2147/2227 2291/2144/2223 2299/2151/2231
f 2299/2151/2231 2291/2144/2223 2297/2149/2229
f 2300/2152/2232 2296/2148/2228 2295/2147/2227
f 2299/2151/2231 2300/2152/2232 2295/2147/2227
f 2301/2153/2233 2296/2148/2228 2300/2152/2232
f 2298/2150/2230 2302/2154/2234 2297/2149/2229
f 2302/2154/2234 2299/2151/2231 2297/2149/2229
f 2302/2154/2234 2298/2150/2230 2303/2155/2235
f 2303/2155/2235 2304/2156/2236 2302/2154/2234
f 2304/2156/2236 2299/2151/2231 2302/2154/2234
f 2304/2156/2236 2303/2155/2235 2305/2157/2237
f 2305/2157/2237 2306/2158/2238 2304/2156/2236
f 2304/2156/2236 2306/2158/2238 2307/2159/2239
f 2299/2151/2231 2304/2156/2236 2308/2160/744
f 2300/2152/2232 2299/2151/2231 2308/2160/744
f 2304/2156/2236 2309/2161/2240 2308/2160/744
f 2304/2156/2236 2307/2159/2239 2309/2161/2240
f 2308/2160/744 2310/2162/2241 2300/2152/2232
f 2300/2152/2232 2310/2162/2241 2301/2153/2233
f 2310/2162/2241 2308/2160/744 2309/2161/2240
f 2311/2163/2242 2301/2153/2233 2310/2162/2241
f 2310/2162/2241 2312/2164/2243 2311/2163/2242
f 2313/2165/2244 2311/2163/2242 2312/2164/2243
f 2310/2162/2241 2314/2166/2245 2312/2164/2243
f 2314/2166/2245 2313/2165/2244 2312/2164/2243
f 2314/2166/2245 2310/2162/2241 2309/2161/2240
f 2313/2165/2244 2314/2166/2245 2315/2167/2246
f 2314/2166/2245 2316/2168/2247 2315/2167/2246
f 2317/2169/2248 2314/2166/2245 2309/2161/2240
f 2309/2161/2240 2307/2159/2239 2317/2169/2248
f 2316/2168/2247 2314/2166/2245 2318/2170/2249
f 2318/2170/2249 2319/2171/2250 2316/2168/2247
f 2314/2166/2245 2317/2169/2248 2320/2172/2251
f 2320/2172/2251 2318/2170/2249 2314/2166/2245
f 2317/2169/2248 2321/2173/2252 2320/2172/2251
f 2307/2159/2239 2321/2173/2252 2317/2169/2248
f 2322/2174/2253 2318/2170/2249 2320/2172/2251
f 2321/2173/2252 2322/2174/2253 2320/2172/2251
f 2319/2171/2250 2318/2170/2249 2323/2175/2254
f 2323/2175/2254 2318/2170/2249 2322/2174/2253
f 2323/2175/2254 2324/2176/2255 2319/2171/2250
f 2324/2176/2255 2323/2175/2254 2325/2177/2256
f 2326/2178/2257 2307/2159/2239 2327/2158/2258
f 2328/2179/2259 2325/2177/2256 2323/2175/2254
f 2329/2180/2260 2307/2159/2239 2326/2178/2257
f 2328/2179/2259 2330/2181/2261 2325/2177/2256
f 2329/2180/2260 2321/2173/2252 2307/2159/2239
f 2326/2178/2257 2331/2101/2262 2329/2180/2260
f 2243/2097/2176 2329/2180/2260 2331/2101/2262
f 2245/2099/2178 2329/2180/2260 2243/2097/2176
f 2330/2181/2261 2332/2182/2263 2333/2183/2264
f 2332/2182/2263 2330/2181/2261 2328/2179/2259
f 2334/2184/2265 2332/2182/2263 2328/2179/2259
f 2335/2185/2266 2334/2184/2265 2328/2179/2259
f 2335/2185/2266 2328/2179/2259 2336/2186/2267
f 2323/2175/2254 2336/2186/2267 2328/2179/2259
f 2336/2186/2267 2337/2187/2268 2335/2185/2266
f 2336/2186/2267 2323/2175/2254 2322/2174/2253
f 2336/2186/2267 2338/2188/2269 2337/2187/2268
f 2322/2174/2253 2338/2188/2269 2336/2186/2267
f 2339/2189/2270 2337/2187/2268 2338/2188/2269
f 2338/2188/2269 2322/2174/2253 2340/2190/2271
f 2322/2174/2253 2321/2173/2252 2340/2190/2271
f 2338/2188/2269 2341/2191/2272 2339/2189/2270
f 2340/2190/2271 2341/2191/2272 2338/2188/2269
f 2342/2192/2273 2339/2189/2270 2341/2191/2272
f 2341/2191/2272 2343/2193/2274 2342/2192/2273
f 2321/2173/2252 2344/2194/2275 2340/2190/2271
f 2341/2191/2272 2340/2190/2271 2344/2194/2275
f 2343/2193/2274 2341/2191/2272 2345/2195/2276
f 2344/2194/2275 2345/2195/2276 2341/2191/2272
f 2345/2195/2276 2227/2081/2160 2343/2193/2274
f 2227/2081/2160 2345/2195/2276 2226/2080/2159
f 2344/2194/2275 2321/2173/2252 2346/2196/2277
f 2321/2173/2252 2329/2180/2260 2346/2196/2277
f 2329/2180/2260 2245/2099/2178 2346/2196/2277
f 2345/2195/2276 2344/2194/2275 2347/2197/2278
f 2347/2197/2278 2344/2194/2275 2346/2196/2277
f 2347/2197/2278 2226/2080/2159 2345/2195/2276
f 2245/2099/2178 2347/2197/2278 2346/2196/2277
f 2226/2080/2159 2347/2197/2278 2228/2082/2161
f 2245/2099/2178 2228/2082/2161 2347/2197/2278
f 2348/2183/2279 2349/2198/2280 2350/2181/2281
f 2351/2199/2282 2350/2181/2281 2349/2198/2280
f 2351/2199/2282 2349/2198/2280 2352/2200/2283
f 2350/2181/2281 2351/2199/2282 2353/2177/2284
f 2351/2199/2282 2352/2200/2283 2354/2201/2285
f 2353/2177/2284 2355/2202/2286 2356/2176/2287
f 2355/2202/2286 2353/2177/2284 2357/2203/2288
f 2351/2199/2282 2357/2203/2288 2353/2177/2284
f 2357/2203/2288 2358/2204/2289 2355/2202/2286
f 2354/2201/2285 2359/2205/2290 2351/2199/2282
f 2359/2205/2290 2354/2201/2285 2360/2206/2291
f 2357/2203/2288 2351/2199/2282 2361/2207/2292
f 2358/2204/2289 2357/2203/2288 2361/2207/2292
f 2361/2207/2292 2351/2199/2282 2359/2205/2290
f 2361/2207/2292 2362/2208/2293 2358/2204/2289
f 2362/2208/2293 2361/2207/2292 2363/2209/2294
f 2361/2207/2292 2364/2210/2295 2363/2209/2294
f 2364/2210/2295 2361/2207/2292 2359/2205/2290
f 2360/2206/2291 2364/2210/2295 2359/2205/2290
f 2364/2210/2295 2360/2206/2291 2365/2211/2296
f 2366/2212/2297 2367/2072/2298 2368/2074/2153
f 2369/2213/2299 2367/2072/2298 2366/2212/2297
f 2370/2214/2300 2369/2213/2299 2366/2212/2297
f 2369/2213/2299 2371/2069/2301 2367/2072/2298
f 2372/2215/2302 2369/2213/2299 2370/2214/2300
f 2371/2069/2301 2373/2216/2303 2374/2067/2304
f 2372/2215/2302 2375/2217/2305 2369/2213/2299
f 2371/2069/2301 2369/2213/2299 2375/2217/2305
f 2373/2216/2303 2371/2069/2301 2375/2217/2305
f 2375/2217/2305 2372/2215/2302 2376/2218/2306
f 2375/2217/2305 2377/2219/2307 2373/2216/2303
f 2375/2217/2305 2376/2218/2306 2377/2219/2307
f 2376/2218/2306 2378/2220/2308 2377/2219/2307
f 2379/2221/2309 2380/2222/2310 2381/2223/2311
f 2380/2222/2310 2379/2221/2309 2382/2224/2312
f 2379/2221/2309 2383/2225/2313 2382/2224/2312
f 2382/2224/2312 2384/2226/2314 2380/2222/2310
f 2385/2227/2315 2382/2224/2312 2383/2225/2313
f 2383/2225/2313 2386/2228/118 2385/2227/2315
f 2384/2226/2314 2387/2229/2316 2388/2230/2317
f 2389/2231/2318 2385/2227/2315 2386/2228/118
f 2389/2231/2318 2386/2228/118 2390/2232/2319
f 2391/2233/2320 2389/2231/2318 2390/2232/2319
f 2387/2229/2316 2384/2226/2314 2392/2234/2321
f 2384/2226/2314 2382/2224/2312 2392/2234/2321
f 2389/2231/2318 2391/2233/2320 2393/2235/2322
f 2394/2236/2323 2393/2235/2322 2391/2233/2320
f 2382/2224/2312 2395/2237/2324 2392/2234/2321
f 2395/2237/2324 2382/2224/2312 2385/2227/2315
f 2396/2238/2325 2387/2229/2316 2392/2234/2321
f 2397/2239/2326 2387/2229/2316 2396/2238/2325
f 2398/2240/2327 2392/2234/2321 2395/2237/2324
f 2396/2238/2325 2392/2234/2321 2398/2240/2327
f 2385/2227/2315 2399/2241/2328 2395/2237/2324
f 2399/2241/2328 2385/2227/2315 2389/2231/2318
f 2397/2239/2326 2396/2238/2325 2400/2242/2329
f 2401/2243/2330 2397/2239/2326 2400/2242/2329
f 2400/2242/2329 2402/2244/2331 2401/2243/2330
f 2396/2238/2325 2403/2245/2332 2400/2242/2329
f 2400/2242/2329 2403/2245/2332 2402/2244/2331
f 2403/2245/2332 2396/2238/2325 2398/2240/2327
f 2403/2245/2332 2404/2246/2333 2402/2244/2331
f 2404/2246/2333 2403/2245/2332 2405/2247/2334
f 2405/2247/2334 2406/2248/2335 2404/2246/2333
f 2403/2245/2332 2407/2249/2336 2405/2247/2334
f 2407/2249/2336 2403/2245/2332 2398/2240/2327
f 2406/2248/2335 2405/2247/2334 2408/2250/2337
f 2407/2249/2336 2408/2250/2337 2405/2247/2334
f 2408/2250/2337 2409/2251/2338 2406/2248/2335
f 2398/2240/2327 2410/2252/2339 2407/2249/2336
f 2409/2251/2338 2408/2250/2337 2411/2253/2340
f 2410/2252/2339 2398/2240/2327 2412/2254/2341
f 2412/2254/2341 2398/2240/2327 2395/2237/2324
f 2412/2254/2341 2395/2237/2324 2399/2241/2328
f 2411/2253/2340 2413/2255/2342 2409/2251/2338
f 2414/2256/2343 2409/2251/2338 2413/2255/2342
f 2399/2241/2328 2415/2257/2344 2412/2254/2341
f 2416/2258/2345 2414/2256/2343 2413/2255/2342
f 2414/2256/2343 2416/2258/2345 2417/2259/2346
f 2415/2257/2344 2399/2241/2328 2418/2260/2347
f 2389/2231/2318 2418/2260/2347 2399/2241/2328
f 2418/2260/2347 2389/2231/2318 2393/2235/2322
f 2416/2258/2345 2419/2261/2348 2417/2259/2346
f 2420/2262/2349 2417/2259/2346 2419/2261/2348
f 2393/2235/2322 2421/2263/2350 2418/2260/2347
f 2418/2260/2347 2421/2263/2350 2415/2257/2344
f 2420/2262/2349 2422/2264/2351 2423/2265/2352
f 2421/2263/2350 2393/2235/2322 2424/2266/2353
f 2394/2236/2323 2424/2266/2353 2393/2235/2322
f 2424/2266/2353 2394/2236/2323 2425/2267/2354
f 2426/2268/2355 2424/2266/2353 2425/2267/2354
f 2424/2266/2353 2426/2268/2355 2427/2269/2356
f 2427/2269/2356 2421/2263/2350 2424/2266/2353
f 2428/2270/2357 2427/2269/2356 2426/2268/2355
f 2428/2270/2357 2429/2271/2358 2427/2269/2356
f 2422/2264/2351 2420/2262/2349 2430/2272/2359
f 2430/2272/2359 2420/2262/2349 2419/2261/2348
f 2430/2272/2359 2431/2273/2360 2422/2264/2351
f 2432/2274/2361 2422/2264/2351 2431/2273/2360
f 2419/2261/2348 2433/2275/2362 2430/2272/2359
f 2431/2273/2360 2434/2276/2363 2432/2274/2361
f 2435/2277/2364 2432/2274/2361 2434/2276/2363
f 2430/2272/2359 2436/2278/2365 2431/2273/2360
f 2436/2278/2365 2430/2272/2359 2433/2275/2362
f 2431/2273/2360 2437/2279/2366 2434/2276/2363
f 2436/2278/2365 2437/2279/2366 2431/2273/2360
f 2434/2276/2363 2438/2280/2367 2435/2277/2364
f 2439/2281/2368 2435/2277/2364 2438/2280/2367
f 2438/2280/2367 2440/2282/2369 2439/2281/2368
f 2441/2283/2370 2434/2276/2363 2437/2279/2366
f 2434/2276/2363 2441/2283/2370 2438/2280/2367
f 2440/2282/2369 2438/2280/2367 2442/2284/2371
f 2441/2283/2370 2442/2284/2371 2438/2280/2367
f 2442/2284/2371 2443/2285/2372 2440/2282/2369
f 2441/2283/2370 2437/2279/2366 2444/2286/2373
f 2436/2278/2365 2444/2286/2373 2437/2279/2366
f 2443/2285/2372 2442/2284/2371 2445/2287/2374
f 2445/2287/2374 2446/2288/2375 2443/2285/2372
f 2446/2288/2375 2445/2287/2374 2447/2289/2376
f 2436/2278/2365 2448/2290/2377 2444/2286/2373
f 2433/2275/2362 2448/2290/2377 2436/2278/2365
f 2447/2289/2376 2445/2287/2374 2449/2291/2378
f 2450/2292/2379 2447/2289/2376 2449/2291/2378
f 2442/2284/2371 2451/2293/2380 2445/2287/2374
f 2451/2293/2380 2449/2291/2378 2445/2287/2374
f 2449/2291/2378 2452/2294/2381 2450/2292/2379
f 2452/2294/2381 2453/2295/2382 2450/2292/2379
f 2449/2291/2378 2451/2293/2380 2454/2296/2383
f 2454/2296/2383 2452/2294/2381 2449/2291/2378
f 2451/2293/2380 2442/2284/2371 2455/2297/2384
f 2442/2284/2371 2441/2283/2370 2455/2297/2384
f 2456/2298/2385 2454/2296/2383 2451/2293/2380
f 2451/2293/2380 2455/2297/2384 2456/2298/2385
f 2455/2297/2384 2441/2283/2370 2457/2299/2386
f 2455/2297/2384 2457/2299/2386 2456/2298/2385
f 2441/2283/2370 2444/2286/2373 2457/2299/2386
f 2456/2298/2385 2457/2299/2386 2458/2300/2387
f 2459/2301/2388 2458/2300/2387 2457/2299/2386
f 2457/2299/2386 2460/2302/2389 2459/2301/2388
f 2460/2302/2389 2457/2299/2386 2444/2286/2373
f 2444/2286/2373 2448/2290/2377 2460/2302/2389
f 2461/2303/2390 2460/2302/2389 2448/2290/2377
f 2462/2300/2391 2463/2304/2392 2456/2298/2385
f 2448/2290/2377 2464/2305/2393 2461/2303/2390
f 2448/2290/2377 2433/2275/2362 2464/2305/2393
f 2465/2306/2394 2461/2303/2390 2464/2305/2393
f 2466/2307/2395 2456/2298/2385 2463/2304/2392
f 2466/2307/2395 2454/2296/2383 2456/2298/2385
f 2467/2308/2396 2466/2307/2395 2463/2304/2392
f 2454/2296/2383 2466/2307/2395 2468/2309/2397
f 2452/2294/2381 2454/2296/2383 2468/2309/2397
f 2466/2307/2395 2467/2308/2396 2469/2310/2398
f 2470/2311/2399 2469/2310/2398 2467/2308/2396
f 2468/2309/2397 2471/2312/2400 2452/2294/2381
f 2453/2295/2382 2452/2294/2381 2471/2312/2400
f 2471/2312/2400 2472/2313/2401 2453/2295/2382
f 2466/2307/2395 2473/2314/2402 2468/2309/2397
f 2471/2312/2400 2468/2309/2397 2473/2314/2402
f 2473/2314/2402 2466/2307/2395 2469/2310/2398
f 2472/2313/2401 2471/2312/2400 2474/2315/2403
f 2473/2314/2402 2474/2315/2403 2471/2312/2400
f 2474/2315/2403 2475/2316/2404 2472/2313/2401
f 2469/2310/2398 2476/2317/2405 2473/2314/2402
f 2470/2311/2399 2476/2317/2405 2469/2310/2398
f 2476/2317/2405 2470/2311/2399 2477/2318/2406
f 2477/2318/2406 2478/2319/2407 2476/2317/2405
f 2476/2317/2405 2478/2319/2407 2479/2320/2408
f 2474/2315/2403 2473/2314/2402 2480/2321/2409
f 2476/2317/2405 2480/2321/2409 2473/2314/2402
f 2480/2321/2409 2481/2322/2410 2474/2315/2403
f 2475/2316/2404 2474/2315/2403 2481/2322/2410
f 2476/2317/2405 2482/2323/2411 2480/2321/2409
f 2481/2322/2410 2480/2321/2409 2482/2323/2411
f 2482/2323/2411 2476/2317/2405 2479/2320/2408
f 2481/2322/2410 2483/2324/2412 2475/2316/2404
f 2484/2325/2413 2475/2316/2404 2483/2324/2412
f 2485/2326/2414 2484/2325/2413 2483/2324/2412
f 2481/2322/2410 2486/2327/2415 2483/2324/2412
f 2485/2326/2414 2483/2324/2412 2486/2327/2415
f 2481/2322/2410 2482/2323/2411 2486/2327/2415
f 2485/2326/2414 2486/2327/2415 2487/2328/2416
f 2486/2327/2415 2482/2323/2411 2487/2328/2416
f 2488/2329/2417 2485/2326/2414 2487/2328/2416
f 2487/2328/2416 2489/2330/2418 2488/2329/2417
f 2482/2323/2411 2490/2331/2419 2487/2328/2416
f 2479/2320/2408 2490/2331/2419 2482/2323/2411
f 2489/2330/2418 2487/2328/2416 2491/2332/2420
f 2487/2328/2416 2490/2331/2419 2491/2332/2420
f 2491/2332/2420 2492/2333/2421 2489/2330/2418
f 2479/2320/2408 2493/2334/2422 2490/2331/2419
f 2494/2335/2423 2491/2332/2420 2490/2331/2419
f 2493/2334/2422 2494/2335/2423 2490/2331/2419
f 2492/2333/2421 2491/2332/2420 2495/2336/2424
f 2494/2335/2423 2495/2336/2424 2491/2332/2420
f 2495/2336/2424 2496/2337/2425 2492/2333/2421
f 2492/2333/2421 2496/2337/2425 2497/2338/2426
f 2495/2336/2424 2494/2335/2423 2421/2263/2350
f 2494/2335/2423 2415/2257/2344 2421/2263/2350
f 2494/2335/2423 2493/2334/2422 2415/2257/2344
f 2421/2263/2350 2427/2269/2356 2495/2336/2424
f 2427/2269/2356 2496/2337/2425 2495/2336/2424
f 2493/2334/2422 2412/2254/2341 2415/2257/2344
f 2412/2254/2341 2493/2334/2422 2410/2252/2339
f 2496/2337/2425 2427/2269/2356 2498/2339/2427
f 2429/2271/2358 2498/2339/2427 2427/2269/2356
f 2429/2271/2358 2499/2340/2428 2498/2339/2427
f 2500/2341/2429 2499/2340/2428 2501/2342/2430
f 2499/2340/2428 2500/2341/2429 2498/2339/2427
f 2502/2343/2431 2498/2339/2427 2500/2341/2429
f 2498/2339/2427 2502/2343/2431 2496/2337/2425
f 2502/2343/2431 2497/2338/2426 2496/2337/2425
f 2497/2338/2426 2502/2343/2431 2503/2344/2432
f 2504/2345/2433 2410/2252/2339 2493/2334/2422
f 2493/2334/2422 2479/2320/2408 2504/2345/2433
f 2505/2319/2434 2504/2345/2433 2479/2320/2408
f 2504/2345/2433 2505/2319/2434 2506/2346/2435
f 2506/2346/2435 2507/2347/2436 2504/2345/2433
f 2508/2348/2437 2504/2345/2433 2507/2347/2436
f 2410/2252/2339 2504/2345/2433 2508/2348/2437
f 2508/2348/2437 2407/2249/2336 2410/2252/2339
f 2407/2249/2336 2508/2348/2437 2509/2349/2438
f 2509/2349/2438 2408/2250/2337 2407/2249/2336
f 2508/2348/2437 2510/2350/2439 2509/2349/2438
f 2511/2347/2440 2510/2350/2439 2508/2348/2437
f 2512/2351/2441 2408/2250/2337 2509/2349/2438
f 2510/2350/2439 2512/2351/2441 2509/2349/2438
f 2408/2250/2337 2512/2351/2441 2411/2253/2340
f 2510/2350/2439 2511/2347/2440 2513/2352/2442
f 2512/2351/2441 2514/2353/2443 2411/2253/2340
f 2510/2350/2439 2514/2353/2443 2512/2351/2441
f 2514/2353/2443 2413/2255/2342 2411/2253/2340
f 2513/2352/2442 2515/2354/2444 2510/2350/2439
f 2515/2354/2444 2514/2353/2443 2510/2350/2439
f 2515/2354/2444 2513/2352/2442 2516/2355/2445
f 2465/2306/2394 2515/2354/2444 2516/2355/2445
f 2464/2305/2393 2515/2354/2444 2465/2306/2394
f 2464/2305/2393 2514/2353/2443 2515/2354/2444
f 2413/2255/2342 2514/2353/2443 2517/2356/2446
f 2514/2353/2443 2464/2305/2393 2517/2356/2446
f 2416/2258/2345 2413/2255/2342 2517/2356/2446
f 2464/2305/2393 2518/2357/2447 2517/2356/2446
f 2518/2357/2447 2416/2258/2345 2517/2356/2446
f 2464/2305/2393 2433/2275/2362 2518/2357/2447
f 2419/2261/2348 2416/2258/2345 2518/2357/2447
f 2433/2275/2362 2419/2261/2348 2518/2357/2447
f 2519/2358/2448 2520/2359/2449 2521/2360/2450
f 2522/2361/2451 2521/2360/2450 2520/2359/2449
f 2521/2360/2450 2522/2361/2451 2523/2362/2452
f 2524/2363/2453 2522/2361/2451 2520/2359/2449
f 2523/2362/2452 2525/2341/2454 2526/2342/2455
f 2525/2341/2454 2523/2362/2452 2522/2361/2451
f 2522/2361/2451 2527/2343/2431 2525/2341/2454
f 2522/2361/2451 2524/2363/2453 2528/2364/2456
f 2527/2343/2431 2522/2361/2451 2528/2364/2456
f 2529/2365/2457 2528/2364/2456 2524/2363/2453
f 2528/2364/2456 2529/2365/2457 2530/2366/2458
f 2530/2366/2458 2527/2343/2431 2528/2364/2456
f 2527/2343/2431 2530/2366/2458 2531/2344/2432
f 2532/2367/2459 2533/2368/2460 2534/2369/2461
f 2534/2369/2461 2533/2368/2460 2535/2370/2462
f 2536/2371/2463 2534/2369/2461 2535/2370/2462
f 2537/2372/2464 2535/2370/2462 2533/2368/2460
f 2535/2370/2462 2538/2373/2465 2536/2371/2463
f 2535/2370/2462 2537/2372/2464 2539/2374/2466
f 2538/2373/2465 2535/2370/2462 2540/2375/2467
f 2540/2375/2467 2535/2370/2462 2539/2374/2466
f 2540/2375/2467 2541/2376/2468 2538/2373/2465
f 2539/2374/2466 2537/2372/2464 2542/2377/2469
f 2541/2376/2468 2540/2375/2467 2543/2378/2470
f 2541/2376/2468 2543/2378/2470 2544/2379/2471
f 2543/2378/2470 2545/2380/2472 2544/2379/2471
f 2543/2378/2470 2546/2381/2473 2545/2380/2472
f 2539/2374/2466 2547/2382/2474 2540/2375/2467
f 2547/2382/2474 2543/2378/2470 2540/2375/2467
f 2546/2381/2473 2543/2378/2470 2548/2383/2475
f 2549/2384/2476 2546/2381/2473 2548/2383/2475
f 2543/2378/2470 2547/2382/2474 2550/2385/2477
f 2550/2385/2477 2548/2383/2475 2543/2378/2470
f 2551/2386/2478 2547/2382/2474 2539/2374/2466
f 2542/2377/2469 2551/2386/2478 2539/2374/2466
f 2552/2387/2479 2550/2385/2477 2547/2382/2474
f 2547/2382/2474 2551/2386/2478 2552/2387/2479
f 2553/2388/2480 2549/2384/2476 2548/2383/2475
f 2549/2384/2476 2553/2388/2480 2554/2389/2481
f 2548/2383/2475 2550/2385/2477 2555/2390/2482
f 2555/2390/2482 2553/2388/2480 2548/2383/2475
f 2550/2385/2477 2552/2387/2479 2556/2391/2483
f 2556/2391/2483 2555/2390/2482 2550/2385/2477
f 2553/2388/2480 2557/2392/2484 2554/2389/2481
f 2554/2389/2481 2557/2392/2484 2558/2393/2485
f 2559/2394/2486 2558/2393/2485 2557/2392/2484
f 2560/1201/2487 2561/1203/2488 2559/2394/2486
f 2557/2392/2484 2560/1201/2487 2559/2394/2486
f 2553/2388/2480 2555/2390/2482 2562/2395/2489
f 2562/2395/2489 2557/2392/2484 2553/2388/2480
f 2563/2396/2490 2560/1201/2487 2557/2392/2484
f 2557/2392/2484 2562/2395/2489 2563/2396/2490
f 2560/1201/2487 2563/2396/2490 2564/1198/2491
f 2564/1198/2491 2565/2397/2492 2566/1196/2493
f 2565/2397/2492 2564/1198/2491 2563/2396/2490
f 2563/2396/2490 2567/2398/2494 2565/2397/2492
f 2562/2395/2489 2567/2398/2494 2563/2396/2490
f 2565/2397/2492 2567/2398/2494 2568/2399/2495
f 2569/2400/2496 2562/2395/2489 2555/2390/2482
f 2555/2390/2482 2556/2391/2483 2569/2400/2496
f 2567/2398/2494 2562/2395/2489 2570/2401/2497
f 2562/2395/2489 2569/2400/2496 2570/2401/2497
f 2567/2398/2494 2571/2402/2498 2568/2399/2495
f 2571/2402/2498 2567/2398/2494 2570/2401/2497
f 2572/2403/2499 2568/2399/2495 2571/2402/2498
f 2572/2403/2499 2571/2402/2498 2573/2404/2500
f 2574/2405/2501 2572/2403/2499 2573/2404/2500
f 2573/2404/2500 2575/2406/2502 2574/2405/2501
f 2576/2407/2503 2571/2402/2498 2570/2401/2497
f 2576/2407/2503 2573/2404/2500 2571/2402/2498
f 2575/2406/2502 2573/2404/2500 2577/2408/2504
f 2573/2404/2500 2576/2407/2503 2577/2408/2504
f 2577/2408/2504 2578/2409/2505 2575/2406/2502
f 2578/2409/2505 2577/2408/2504 2579/2410/2506
f 2576/2407/2503 2579/2410/2506 2577/2408/2504
f 2579/2410/2506 2580/2411/2507 2578/2409/2505
f 2570/2401/2497 2581/2412/2508 2576/2407/2503
f 2581/2412/2508 2570/2401/2497 2569/2400/2496
f 2580/2411/2507 2579/2410/2506 2582/2413/2509
f 2582/2413/2509 2583/2414/2510 2580/2411/2507
f 2579/2410/2506 2576/2407/2503 2584/2415/2511
f 2582/2413/2509 2579/2410/2506 2584/2415/2511
f 2583/2414/2510 2582/2413/2509 2585/2416/2512
f 2586/2417/2513 2583/2414/2510 2585/2416/2512
f 2582/2413/2509 2584/2415/2511 2587/2418/2514
f 2585/2416/2512 2582/2413/2509 2587/2418/2514
f 2585/2416/2512 2588/2419/2515 2586/2417/2513
f 2589/2420/2516 2586/2417/2513 2588/2419/2515
f 2590/2421/2517 2588/2419/2515 2585/2416/2512
f 2587/2418/2514 2590/2421/2517 2585/2416/2512
f 2591/2422/2518 2589/2420/2516 2588/2419/2515
f 2588/2419/2515 2590/2421/2517 2591/2422/2518
f 2589/2420/2516 2591/2422/2518 2592/2423/2519
f 2591/2422/2518 2593/2424/2520 2592/2423/2519
f 2592/2423/2519 2593/2424/2520 2594/2425/2521
f 2591/2422/2518 2590/2421/2517 2595/2426/2522
f 2595/2426/2522 2593/2424/2520 2591/2422/2518
f 2593/2424/2520 2596/2427/2523 2594/2425/2521
f 2594/2425/2521 2596/2427/2523 2597/2428/2524
f 2595/2426/2522 2598/2429/2525 2593/2424/2520
f 2593/2424/2520 2598/2429/2525 2596/2427/2523
f 2590/2421/2517 2599/2430/2526 2595/2426/2522
f 2599/2430/2526 2598/2429/2525 2595/2426/2522
f 2596/2427/2523 2600/2431/2527 2597/2428/2524
f 2597/2428/2524 2600/2431/2527 2601/2432/2528
f 2598/2429/2525 2602/2433/2529 2596/2427/2523
f 2596/2427/2523 2602/2433/2529 2600/2431/2527
f 2599/2430/2526 2603/2434/2530 2598/2429/2525
f 2598/2429/2525 2603/2434/2530 2602/2433/2529
f 2604/2435/2531 2603/2434/2530 2599/2430/2526
f 2603/2434/2530 2604/2435/2531 2605/2436/2532
f 2605/2436/2532 2606/2437/2533 2603/2434/2530
f 2603/2434/2530 2606/2437/2533 2607/2438/2534
f 2607/2438/2534 2602/2433/2529 2603/2434/2530
f 2599/2430/2526 2590/2421/2517 2608/2439/2535
f 2608/2439/2535 2609/2435/2536 2599/2430/2526
f 2587/2418/2514 2608/2439/2535 2590/2421/2517
f 2610/2440/2537 2609/2435/2536 2608/2439/2535
f 2610/2440/2537 2608/2439/2535 2611/2441/2538
f 2608/2439/2535 2587/2418/2514 2611/2441/2538
f 2612/2442/2539 2610/2440/2537 2611/2441/2538
f 2587/2418/2514 2613/2443/2540 2611/2441/2538
f 2612/2442/2539 2611/2441/2538 2613/2443/2540
f 2613/2443/2540 2587/2418/2514 2584/2415/2511
f 2614/2444/2541 2612/2442/2539 2613/2443/2540
f 2615/2445/2542 2613/2443/2540 2584/2415/2511
f 2614/2444/2541 2613/2443/2540 2615/2445/2542
f 2584/2415/2511 2576/2407/2503 2615/2445/2542
f 2616/2446/2543 2614/2444/2541 2615/2445/2542
f 2615/2445/2542 2617/2447/2544 2616/2446/2543
f 2615/2445/2542 2576/2407/2503 2581/2412/2508
f 2617/2447/2544 2615/2445/2542 2581/2412/2508
f 2581/2412/2508 2618/2448/2545 2619/2447/2546
f 2618/2448/2545 2581/2412/2508 2620/2449/2547
f 2620/2449/2547 2621/2450/2548 2618/2448/2545
f 2569/2400/2496 2620/2449/2547 2581/2412/2508
f 2620/2449/2547 2569/2400/2496 2556/2391/2483
f 2621/2450/2548 2620/2449/2547 2622/2451/2549
f 2556/2391/2483 2622/2451/2549 2620/2449/2547
f 2622/2451/2549 2556/2391/2483 2552/2387/2479
f 2622/2451/2549 2552/2387/2479 2551/2386/2478
f 2622/2451/2549 2551/2386/2478 2623/2452/2550
f 2622/2451/2549 2623/2452/2550 2624/2450/2551
f 2625/2453/2552 2624/2450/2551 2623/2452/2550
f 2623/2452/2550 2626/2454/2553 2625/2453/2552
f 2551/2386/2478 2627/2455/2554 2623/2452/2550
f 2551/2386/2478 2542/2377/2469 2627/2455/2554
f 2542/2377/2469 2628/2456/2555 2627/2455/2554
f 2626/2454/2553 2623/2452/2550 2629/2457/2556
f 2629/2457/2556 2630/2458/2557 2626/2454/2553
f 2623/2452/2550 2631/2459/2558 2629/2457/2556
f 2631/2459/2558 2623/2452/2550 2627/2455/2554
f 2630/2458/2557 2629/2457/2556 2632/2460/2559
f 2631/2459/2558 2632/2460/2559 2629/2457/2556
f 2632/2460/2559 2633/2461/2560 2630/2458/2557
f 2634/2462/2561 2627/2455/2554 2628/2456/2555
f 2635/2463/2562 2634/2462/2561 2628/2456/2555
f 2634/2462/2561 2635/2463/2562 2636/2464/2563
f 2637/2465/2564 2627/2455/2554 2634/2462/2561
f 2636/2464/2563 2637/2465/2564 2634/2462/2561
f 2627/2455/2554 2637/2465/2564 2631/2459/2558
f 2637/2465/2564 2636/2464/2563 2638/2466/2565
f 2638/2466/2565 2639/2467/2566 2637/2465/2564
f 2639/2467/2566 2631/2459/2558 2637/2465/2564
f 2639/2467/2566 2638/2466/2565 2640/2468/2567
f 2641/2469/2568 2632/2460/2559 2631/2459/2558
f 2631/2459/2558 2639/2467/2566 2641/2469/2568
f 2633/2461/2560 2632/2460/2559 2642/2470/2569
f 2641/2469/2568 2642/2470/2569 2632/2460/2559
f 2642/2470/2569 2643/2437/2570 2633/2461/2560
f 2643/2437/2570 2642/2470/2569 2607/2438/2534
f 2642/2470/2569 2641/2469/2568 2644/2471/2479
f 2642/2470/2569 2644/2471/2479 2607/2438/2534
f 2639/2467/2566 2644/2471/2479 2641/2469/2568
f 2640/2468/2567 2645/2472/2571 2639/2467/2566
f 2639/2467/2566 2645/2472/2571 2644/2471/2479
f 2645/2472/2571 2640/2468/2567 2646/2473/2572
f 2647/2474/2573 2645/2472/2571 2646/2473/2572
f 2644/2471/2479 2648/2475/2574 2607/2438/2534
f 2645/2472/2571 2648/2475/2574 2644/2471/2479
f 2649/2476/2575 2645/2472/2571 2647/2474/2573
f 2648/2475/2574 2645/2472/2571 2649/2476/2575
f 2649/2476/2575 2647/2474/2573 2650/2477/2576
f 2649/2476/2575 2650/2477/2576 2651/2478/2577
f 2607/2438/2534 2648/2475/2574 2652/2479/2578
f 2602/2433/2529 2607/2438/2534 2652/2479/2578
f 2602/2433/2529 2652/2479/2578 2600/2431/2527
f 2649/2476/2575 2653/2480/2579 2648/2475/2574
f 2652/2479/2578 2648/2475/2574 2653/2480/2579
f 2651/2478/2577 2653/2480/2579 2649/2476/2575
f 2653/2480/2579 2600/2431/2527 2652/2479/2578
f 2653/2480/2579 2651/2478/2577 2654/2481/2580
f 2600/2431/2527 2653/2480/2579 2601/2432/2528
f 2654/2481/2580 2601/2432/2528 2653/2480/2579
f 2655/2482/2581 2656/2483/2582 2657/2484/2583
f 2655/2482/2581 2658/2485/2584 2656/2483/2582
f 2659/2486/2585 2656/2483/2582 2658/2485/2584
f 2660/2487/2586 2658/2485/2584 2655/2482/2581
f 2658/2485/2584 2661/2488/2587 2659/2486/2585
f 2662/2489/2588 2663/2490/2589 2660/2487/2586
f 2658/2485/2584 2664/2491/2590 2661/2488/2587
f 2665/2492/2591 2661/2488/2587 2664/2491/2590
f 2666/2493/2592 2665/2492/2591 2664/2491/2590
f 2666/2493/2592 2667/2368/2593 2668/2367/2594
f 2666/2493/2592 2664/2491/2590 2667/2368/2593
f 2664/2491/2590 2669/2372/2595 2667/2368/2593
f 2658/2485/2584 2670/2494/2596 2664/2491/2590
f 2669/2372/2595 2664/2491/2590 2670/2494/2596
f 2658/2485/2584 2660/2487/2586 2671/2495/2597
f 2671/2495/2597 2670/2494/2596 2658/2485/2584
f 2663/2490/2589 2671/2495/2597 2660/2487/2586
f 2672/2496/2598 2669/2372/2595 2670/2494/2596
f 2671/2495/2597 2672/2496/2598 2670/2494/2596
f 2669/2372/2595 2672/2496/2598 2673/2377/2599
f 2663/2490/2589 2674/2497/2600 2671/2495/2597
f 2672/2496/2598 2671/2495/2597 2674/2497/2600
f 2674/2497/2600 2663/2490/2589 2675/2498/2601
f 2672/2496/2598 2676/2456/2602 2673/2377/2599
f 2675/2498/2601 2677/2499/2603 2674/2497/2600
f 2677/2499/2603 2672/2496/2598 2674/2497/2600
f 2677/2499/2603 2675/2498/2601 2678/2500/2604
f 2679/2501/2605 2677/2499/2603 2678/2500/2604
f 2676/2456/2602 2672/2496/2598 2680/2502/2606
f 2672/2496/2598 2677/2499/2603 2680/2502/2606
f 2677/2499/2603 2679/2501/2605 2680/2502/2606
f 2680/2502/2606 2681/2463/2607 2676/2456/2602
f 2681/2463/2607 2680/2502/2606 2679/2501/2605
f 2682/2503/2608 2683/2504/2609 2684/2505/2610
f 2683/2504/2609 2682/2503/2608 2685/2506/2611
f 2685/2506/2611 2686/2507/2612 2683/2504/2609
f 2687/2508/2613 2685/2506/2611 2682/2503/2608
f 2688/2509/2614 2686/2507/2612 2685/2506/2611
f 2686/2507/2612 2688/2509/2614 2689/2510/2615
f 2690/2511/2616 2689/2510/2615 2688/2509/2614
f 2685/2506/2611 2687/2508/2613 2691/2512/2617
f 2692/2513/2618 2691/2512/2617 2687/2508/2613
f 2685/2506/2611 2693/2514/2619 2688/2509/2614
f 2693/2514/2619 2685/2506/2611 2691/2512/2617
f 2688/2509/2614 2694/2515/2620 2690/2511/2616
f 2695/2516/2621 2690/2511/2616 2694/2515/2620
f 2694/2515/2620 2696/2517/2622 2695/2516/2621
f 2694/2515/2620 2697/2518/2623 2696/2517/2622
f 2688/2509/2614 2698/2519/2624 2694/2515/2620
f 2698/2519/2624 2697/2518/2623 2694/2515/2620
f 2698/2519/2624 2688/2509/2614 2693/2514/2619
f 2697/2518/2623 2698/2519/2624 2699/2520/2625
f 2693/2514/2619 2700/2521/2626 2698/2519/2624
f 2700/2521/2626 2699/2520/2625 2698/2519/2624
f 2699/2520/2625 2701/2522/2627 2702/2523/2628
f 2701/2522/2627 2699/2520/2625 2700/2521/2626
f 2700/2521/2626 2693/2514/2619 2703/2524/2629
f 2700/2521/2626 2703/2524/2629 2701/2522/2627
f 2691/2512/2617 2703/2524/2629 2693/2514/2619
f 2701/2522/2627 2703/2524/2629 2704/2525/2630
f 2703/2524/2629 2691/2512/2617 2705/2526/2631
f 2705/2526/2631 2691/2512/2617 2692/2513/2618
f 2703/2524/2629 2706/2527/2632 2704/2525/2630
f 2705/2526/2631 2706/2527/2632 2703/2524/2629
f 2707/2528/2633 2704/2525/2630 2706/2527/2632
f 2692/2513/2618 2708/2529/2634 2705/2526/2631
f 2706/2527/2632 2705/2526/2631 2708/2529/2634
f 2708/2529/2634 2692/2513/2618 2709/2530/2635
f 2710/2531/2636 2707/2528/2633 2706/2527/2632
f 2708/2529/2634 2710/2531/2636 2706/2527/2632
f 2711/2532/2637 2707/2528/2633 2710/2531/2636
f 2710/2531/2636 2712/2533/2638 2711/2532/2637
f 2713/2534/2639 2708/2529/2634 2709/2530/2635
f 2710/2531/2636 2708/2529/2634 2713/2534/2639
f 2712/2533/2638 2710/2531/2636 2713/2534/2639
f 2713/2534/2639 2709/2530/2635 2714/2535/2640
f 2713/2534/2639 2714/2535/2640 2712/2533/2638
f 2712/2533/2638 2714/2535/2640 2715/2536/2641
f 2716/1862/2642 2717/2537/2643 2718/1861/2644
f 2717/2537/2643 2716/1862/2642 2719/2538/2645
f 2720/2539/2646 2717/2537/2643 2719/2538/2645
f 2721/1865/2647 2719/2538/2645 2716/1862/2642
f 2722/2540/2648 2720/2539/2646 2719/2538/2645
f 2719/2538/2645 2721/1865/2647 2722/2540/2648
f 2720/2539/2646 2722/2540/2648 2723/2541/2649
f 2724/1867/2650 2722/2540/2648 2721/1865/2647
f 2725/2542/2651 2723/2541/2649 2722/2540/2648
f 2722/2540/2648 2724/1867/2650 2725/2542/2651
f 2723/2541/2649 2725/2542/2651 2726/2543/2652
f 2724/1867/2650 2727/1868/2653 2725/2542/2651
f 2726/2543/2652 2725/2542/2651 2728/2544/2654
f 2727/1868/2653 2728/2544/2654 2725/2542/2651
f 2729/2545/2655 2730/2546/2656 2731/2547/2657
f 2732/2548/2658 2731/2547/2657 2730/2546/2656
f 2731/2547/2657 2732/2548/2658 2733/2549/2659
f 2730/2546/2656 2734/2550/2660 2732/2548/2658
f 2735/2551/2661 2733/2549/2659 2732/2548/2658
f 2733/2549/2659 2735/2551/2661 2736/2552/2662
f 2737/2553/2663 2732/2548/2658 2734/2550/2660
f 2732/2548/2658 2737/2553/2663 2735/2551/2661
f 2734/2550/2660 2738/2554/2664 2737/2553/2663
f 2739/2555/2665 2736/2552/2662 2735/2551/2661
f 2736/2552/2662 2739/2555/2665 2740/2556/2666
f 2741/2557/2667 2737/2553/2663 2738/2554/2664
f 2738/2554/2664 2742/2558/2668 2741/2557/2667
f 2743/2559/2669 2735/2551/2661 2737/2553/2663
f 2737/2553/2663 2741/2557/2667 2743/2559/2669
f 2735/2551/2661 2744/2560/2670 2739/2555/2665
f 2744/2560/2670 2735/2551/2661 2743/2559/2669
f 2740/2556/2666 2739/2555/2665 2745/2561/2671
f 2739/2555/2665 2744/2560/2670 2745/2561/2671
f 2746/2562/2672 2740/2556/2666 2745/2561/2671
f 2740/2556/2666 2746/2562/2672 2747/2563/2673
f 2747/2563/2673 2748/2564/2674 2749/2565/2675
f 2746/2562/2672 2748/2564/2674 2747/2563/2673
f 2746/2562/2672 2750/2566/2676 2748/2564/2674
f 2745/2561/2671 2751/2567/2677 2746/2562/2672
f 2750/2566/2676 2746/2562/2672 2751/2567/2677
f 2751/2567/2677 2745/2561/2671 2752/2568/2678
f 2745/2561/2671 2744/2560/2670 2752/2568/2678
f 2753/2569/2679 2750/2566/2676 2751/2567/2677
f 2752/2568/2678 2753/2569/2679 2751/2567/2677
f 2750/2566/2676 2753/2569/2679 2754/2570/2680
f 2744/2560/2670 2755/2571/2681 2752/2568/2678
f 2743/2559/2669 2755/2571/2681 2744/2560/2670
f 2753/2569/2679 2752/2568/2678 2756/2572/2682
f 2752/2568/2678 2755/2571/2681 2756/2572/2682
f 2757/2573/2683 2754/2570/2680 2753/2569/2679
f 2754/2570/2680 2757/2573/2683 2758/2574/2684
f 2759/2575/2685 2753/2569/2679 2756/2572/2682
f 2753/2569/2679 2759/2575/2685 2757/2573/2683
f 2755/2571/2681 2760/2576/2686 2756/2572/2682
f 2756/2572/2682 2760/2576/2686 2759/2575/2685
f 2755/2571/2681 2743/2559/2669 2761/2577/2687
f 2761/2577/2687 2760/2576/2686 2755/2571/2681
f 2761/2577/2687 2743/2559/2669 2741/2557/2667
f 2760/2576/2686 2762/2578/2688 2759/2575/2685
f 2761/2577/2687 2741/2557/2667 2763/2579/2689
f 2763/2579/2689 2741/2557/2667 2742/2558/2668
f 2763/2579/2689 2742/2558/2668 2764/2580/2690
f 2760/2576/2686 2761/2577/2687 2765/2581/2691
f 2765/2581/2691 2761/2577/2687 2763/2579/2689
f 2765/2581/2691 2762/2578/2688 2760/2576/2686
f 2766/2582/2692 2763/2579/2689 2764/2580/2690
f 2765/2581/2691 2763/2579/2689 2766/2582/2692
f 2767/2583/2693 2766/2582/2692 2764/2580/2690
f 2768/2584/2694 2765/2581/2691 2766/2582/2692
f 2762/2578/2688 2765/2581/2691 2768/2584/2694
f 2769/2585/2695 2766/2582/2692 2767/2583/2693
f 2769/2585/2695 2768/2584/2694 2766/2582/2692
f 2770/2586/2696 2769/2585/2695 2767/2583/2693
f 2768/2584/2694 2771/2587/2697 2762/2578/2688
f 2772/2588/2698 2769/2585/2695 2770/2586/2696
f 2773/2589/2699 2768/2584/2694 2769/2585/2695
f 2772/2588/2698 2773/2589/2699 2769/2585/2695
f 2771/2587/2697 2768/2584/2694 2773/2589/2699
f 2770/2586/2696 2774/2590/2700 2772/2588/2698
f 2774/2590/2700 2770/2586/2696 2775/2591/2701
f 2773/2589/2699 2772/2588/2698 2776/2592/2702
f 2774/2590/2700 2776/2592/2702 2772/2588/2698
f 2773/2589/2699 2777/2593/2703 2771/2587/2697
f 2777/2593/2703 2773/2589/2699 2776/2592/2702
f 2775/2591/2701 2778/2594/2704 2774/2590/2700
f 2778/2594/2704 2775/2591/2701 2779/2595/2705
f 2780/2596/2706 2779/2595/2705 2781/2597/2707
f 2779/2595/2705 2780/2596/2706 2778/2594/2704
f 2782/2598/2708 2778/2594/2704 2780/2596/2706
f 2778/2594/2704 2783/2599/2709 2774/2590/2700
f 2776/2592/2702 2774/2590/2700 2783/2599/2709
f 2778/2594/2704 2782/2598/2708 2784/2600/2710
f 2783/2599/2709 2778/2594/2704 2784/2600/2710
f 2785/2601/2711 2776/2592/2702 2783/2599/2709
f 2784/2600/2710 2785/2601/2711 2783/2599/2709
f 2776/2592/2702 2785/2601/2711 2777/2593/2703
f 2782/2598/2708 2786/2602/2712 2784/2600/2710
f 2785/2601/2711 2784/2600/2710 2786/2602/2712
f 2786/2602/2712 2782/2598/2708 2787/2603/2713
f 2788/2604/2714 2786/2602/2712 2787/2603/2713
f 2789/2605/2715 2785/2601/2711 2786/2602/2712
f 2786/2602/2712 2788/2604/2714 2789/2605/2715
f 2790/2606/2716 2777/2593/2703 2785/2601/2711
f 2785/2601/2711 2789/2605/2715 2790/2606/2716
f 2789/2605/2715 2788/2604/2714 2791/2607/2717
f 2791/2607/2717 2788/2604/2714 2792/2608/2718
f 2793/2609/2719 2791/2607/2717 2792/2608/2718
f 2791/2607/2717 2793/2609/2719 2794/2610/2720
f 2791/2607/2717 2795/2611/2721 2789/2605/2715
f 2794/2610/2720 2795/2611/2721 2791/2607/2717
f 2790/2606/2716 2789/2605/2715 2795/2611/2721
f 2795/2611/2721 2794/2610/2720 2796/2612/2722
f 2797/2613/2723 2795/2611/2721 2796/2612/2722
f 2795/2611/2721 2797/2613/2723 2798/2614/2724
f 2795/2611/2721 2798/2614/2724 2790/2606/2716
f 2799/2615/2725 2798/2614/2724 2797/2613/2723
f 2798/2614/2724 2800/2616/2726 2790/2606/2716
f 2777/2593/2703 2790/2606/2716 2800/2616/2726
f 2798/2614/2724 2799/2615/2725 2801/2617/2727
f 2798/2614/2724 2801/2617/2727 2800/2616/2726
f 2802/2618/2728 2801/2617/2727 2799/2615/2725
f 2803/2619/2729 2777/2593/2703 2800/2616/2726
f 2801/2617/2727 2803/2619/2729 2800/2616/2726
f 2771/2587/2697 2777/2593/2703 2803/2619/2729
f 2801/2617/2727 2802/2618/2728 2804/2620/2730
f 2801/2617/2727 2804/2620/2730 2803/2619/2729
f 2758/2574/2684 2804/2620/2730 2802/2618/2728
f 2804/2620/2730 2758/2574/2684 2757/2573/2683
f 2805/2621/2731 2771/2587/2697 2803/2619/2729
f 2804/2620/2730 2805/2621/2731 2803/2619/2729
f 2805/2621/2731 2804/2620/2730 2757/2573/2683
f 2762/2578/2688 2771/2587/2697 2805/2621/2731
f 2805/2621/2731 2757/2573/2683 2759/2575/2685
f 2759/2575/2685 2762/2578/2688 2805/2621/2731
f 2806/2622/2732 2807/2623/2733 2808/2624/2734
f 2807/2623/2733 2806/2622/2732 2809/2625/2735
f 2809/2625/2735 2810/2626/2736 2807/2623/2733
f 2811/2627/2737 2809/2625/2735 2806/2622/2732
f 2810/2626/2736 2809/2625/2735 2812/2628/2738
f 2812/2628/2738 2813/2629/2739 2810/2626/2736
f 2809/2625/2735 2811/2627/2737 2814/2630/2740
f 2814/2630/2740 2812/2628/2738 2809/2625/2735
f 2813/2629/2739 2812/2628/2738 2815/2631/1336
f 2815/2631/1336 2816/2632/2741 2813/2629/2739
f 2812/2628/2738 2814/2630/2740 2817/2633/2742
f 2817/2633/2742 2815/2631/1336 2812/2628/2738
f 2811/2627/2737 2818/2634/2743 2814/2630/2740
f 2818/2634/2743 2817/2633/2742 2814/2630/2740
f 2818/2634/2743 2811/2627/2737 2819/2635/2744
f 2820/2636/2745 2819/2635/2744 2821/2637/2746
f 2819/2635/2744 2820/2636/2745 2818/2634/2743
f 2822/2638/2747 2818/2634/2743 2820/2636/2745
f 2818/2634/2743 2822/2638/2747 2823/2639/2748
f 2817/2633/2742 2818/2634/2743 2823/2639/2748
f 2822/2638/2747 2824/2640/2749 2823/2639/2748
f 2823/2639/2748 2825/2641/2750 2817/2633/2742
f 2815/2631/1336 2817/2633/2742 2825/2641/2750
f 2823/2639/2748 2824/2640/2749 2826/2642/2751
f 2825/2641/2750 2823/2639/2748 2826/2642/2751
f 2824/2640/2749 2827/2643/2752 2826/2642/2751
f 2825/2641/2750 2828/2644/2753 2815/2631/1336
f 2816/2632/2741 2815/2631/1336 2828/2644/2753
f 2826/2642/2751 2829/2645/2754 2825/2641/2750
f 2828/2644/2753 2825/2641/2750 2829/2645/2754
f 2830/2646/2755 2826/2642/2751 2827/2643/2752
f 2829/2645/2754 2826/2642/2751 2830/2646/2755
f 2827/2643/2752 2831/2647/2756 2830/2646/2755
f 2816/2632/2741 2828/2644/2753 2832/2648/2757
f 2829/2645/2754 2832/2648/2757 2828/2644/2753
f 2833/2649/2758 2816/2632/2741 2832/2648/2757
f 2830/2646/2755 2834/2650/2759 2829/2645/2754
f 2832/2648/2757 2829/2645/2754 2834/2650/2759
f 2835/2651/2760 2830/2646/2755 2831/2647/2756
f 2834/2650/2759 2830/2646/2755 2835/2651/2760
f 2831/2647/2756 2836/2652/2761 2835/2651/2760
f 2833/2649/2758 2832/2648/2757 2837/2653/2762
f 2834/2650/2759 2837/2653/2762 2832/2648/2757
f 2838/2654/2763 2833/2649/2758 2837/2653/2762
f 2835/2651/2760 2839/2655/2764 2834/2650/2759
f 2837/2653/2762 2834/2650/2759 2839/2655/2764
f 2840/2656/2765 2835/2651/2760 2836/2652/2761
f 2839/2655/2764 2835/2651/2760 2840/2656/2765
f 2836/2652/2761 2841/2657/2766 2840/2656/2765
f 2837/2653/2762 2842/2658/2767 2838/2654/2763
f 2839/2655/2764 2842/2658/2767 2837/2653/2762
f 2843/2659/2768 2838/2654/2763 2842/2658/2767
f 2840/2656/2765 2844/2660/2769 2839/2655/2764
f 2842/2658/2767 2839/2655/2764 2844/2660/2769
f 2845/2661/2770 2840/2656/2765 2841/2657/2766
f 2844/2660/2769 2840/2656/2765 2845/2661/2770
f 2841/2657/2766 2846/2662/2771 2845/2661/2770
f 2842/2658/2767 2847/2663/2772 2843/2659/2768
f 2844/2660/2769 2847/2663/2772 2842/2658/2767
f 2848/2664/2773 2843/2659/2768 2847/2663/2772
f 2845/2661/2770 2849/2665/2774 2844/2660/2769
f 2847/2663/2772 2844/2660/2769 2849/2665/2774
f 2850/2666/2775 2845/2661/2770 2846/2662/2771
f 2849/2665/2774 2845/2661/2770 2850/2666/2775
f 2850/2666/2775 2846/2662/2771 2851/2667/2776
f 2847/2663/2772 2852/2668/2777 2848/2664/2773
f 2849/2665/2774 2852/2668/2777 2847/2663/2772
f 2853/2669/2778 2848/2664/2773 2852/2668/2777
f 2850/2666/2775 2854/2670/2779 2849/2665/2774
f 2852/2668/2777 2849/2665/2774 2854/2670/2779
f 2852/2668/2777 2855/2671/2780 2853/2669/2778
f 2854/2670/2779 2855/2671/2780 2852/2668/2777
f 2856/2672/2781 2853/2669/2778 2855/2671/2780
f 2855/2671/2780 2857/2673/2782 2856/2672/2781
f 2854/2670/2779 2850/2666/2775 2858/2674/2783
f 2858/2674/2783 2850/2666/2775 2851/2667/2776
f 2855/2671/2780 2854/2670/2779 2859/2675/2784
f 2858/2674/2783 2859/2675/2784 2854/2670/2779
f 2857/2673/2782 2855/2671/2780 2860/2676/2785
f 2859/2675/2784 2860/2676/2785 2855/2671/2780
f 2860/2676/2785 2861/2677/2786 2857/2673/2782
f 2851/2667/2776 2862/2678/2787 2858/2674/2783
f 2859/2675/2784 2858/2674/2783 2862/2678/2787
f 2862/2678/2787 2851/2667/2776 2863/2679/2788
f 2860/2676/2785 2859/2675/2784 2864/2680/2789
f 2862/2678/2787 2864/2680/2789 2859/2675/2784
f 2861/2677/2786 2860/2676/2785 2865/2681/2790
f 2864/2680/2789 2865/2681/2790 2860/2676/2785
f 2865/2681/2790 2866/2682/2791 2861/2677/2786
f 2863/2679/2788 2867/2683/2792 2862/2678/2787
f 2864/2680/2789 2862/2678/2787 2867/2683/2792
f 2867/2683/2792 2863/2679/2788 2868/2684/2788
f 2867/2683/2792 2869/2685/2793 2864/2680/2789
f 2865/2681/2790 2864/2680/2789 2869/2685/2793
f 2868/2684/2788 2870/2686/2794 2867/2683/2792
f 2869/2685/2793 2867/2683/2792 2870/2686/2794
f 2870/2686/2794 2868/2684/2788 2871/2687/2795
f 2869/2685/2793 2872/2688/2796 2865/2681/2790
f 2870/2686/2794 2872/2688/2796 2869/2685/2793
f 2866/2682/2791 2865/2681/2790 2873/2689/2797
f 2873/2689/2797 2865/2681/2790 2872/2688/2796
f 2873/2689/2797 2874/2690/2798 2866/2682/2791
f 2871/2687/2795 2875/2691/2799 2870/2686/2794
f 2872/2688/2796 2870/2686/2794 2875/2691/2799
f 2875/2691/2799 2871/2687/2795 2876/2692/2800
f 2872/2688/2796 2877/2693/2801 2873/2689/2797
f 2875/2691/2799 2877/2693/2801 2872/2688/2796
f 2874/2690/2798 2873/2689/2797 2878/2694/2802
f 2878/2694/2802 2873/2689/2797 2877/2693/2801
f 2878/2694/2802 2879/2695/2803 2874/2690/2798
f 2876/2692/2800 2880/2696/2804 2875/2691/2799
f 2877/2693/2801 2875/2691/2799 2880/2696/2804
f 2880/2696/2804 2876/2692/2800 2881/2697/2805
f 2877/2693/2801 2882/2698/2806 2878/2694/2802
f 2880/2696/2804 2882/2698/2806 2877/2693/2801
f 2879/2695/2803 2878/2694/2802 2883/2699/2807
f 2878/2694/2802 2882/2698/2806 2883/2699/2807
f 2883/2699/2807 2884/2700/2808 2879/2695/2803
f 2881/2697/2805 2885/2701/2809 2880/2696/2804
f 2882/2698/2806 2880/2696/2804 2885/2701/2809
f 2885/2701/2809 2881/2697/2805 2886/2702/2810
f 2882/2698/2806 2887/2703/2811 2883/2699/2807
f 2885/2701/2809 2887/2703/2811 2882/2698/2806
f 2884/2700/2808 2883/2699/2807 2888/2704/2812
f 2883/2699/2807 2887/2703/2811 2888/2704/2812
f 2888/2704/2812 2889/2705/2813 2884/2700/2808
f 2886/2702/2810 2890/2706/2814 2885/2701/2809
f 2887/2703/2811 2885/2701/2809 2890/2706/2814
f 2890/2706/2814 2886/2702/2810 2891/2707/2815
f 2887/2703/2811 2892/2708/2816 2888/2704/2812
f 2890/2706/2814 2892/2708/2816 2887/2703/2811
f 2889/2705/2813 2888/2704/2812 2893/2709/2817
f 2888/2704/2812 2892/2708/2816 2893/2709/2817
f 2893/2709/2817 2894/2710/2818 2889/2705/2813
f 2891/2707/2815 2895/2711/2819 2890/2706/2814
f 2892/2708/2816 2890/2706/2814 2895/2711/2819
f 2895/2711/2819 2891/2707/2815 2896/2712/2820
f 2894/2710/2818 2893/2709/2817 2897/2713/2821
f 2892/2708/2816 2897/2713/2821 2893/2709/2817
f 2897/2713/2821 2898/2714/2822 2894/2710/2818
f 2895/2711/2819 2899/2715/2823 2892/2708/2816
f 2897/2713/2821 2892/2708/2816 2899/2715/2823
f 2896/2712/2820 2900/2716/2824 2895/2711/2819
f 2899/2715/2823 2895/2711/2819 2900/2716/2824
f 2900/2716/2824 2896/2712/2820 2901/2717/2825
f 2898/2714/2822 2897/2713/2821 2902/2718/2826
f 2899/2715/2823 2902/2718/2826 2897/2713/2821
f 2902/2718/2826 2903/2719/2827 2898/2714/2822
f 2901/2717/2825 2904/2720/2828 2900/2716/2824
f 2900/2716/2824 2904/2720/2828 2899/2715/2823
f 2904/2720/2828 2901/2717/2825 2905/2721/2829
f 2904/2720/2828 2905/2721/2829 2906/2721/2830
f 2902/2718/2826 2899/2715/2823 2907/2722/2831
f 2907/2722/2831 2899/2715/2823 2904/2720/2828
f 2906/2721/2830 2908/2723/2832 2904/2720/2828
f 2904/2720/2828 2908/2723/2832 2907/2722/2831
f 2908/2723/2832 2906/2721/2830 2909/2724/2833
f 2907/2722/2831 2910/2725/2834 2902/2718/2826
f 2903/2719/2827 2902/2718/2826 2910/2725/2834
f 2911/2726/2835 2907/2722/2831 2908/2723/2832
f 2910/2725/2834 2907/2722/2831 2911/2726/2835
f 2909/2724/2833 2912/2727/2836 2908/2723/2832
f 2908/2723/2832 2912/2727/2836 2911/2726/2835
f 2912/2727/2836 2909/2724/2833 2913/2728/2837
f 2914/2729/2838 2912/2727/2836 2913/2728/2837
f 2915/2730/2839 2903/2719/2827 2910/2725/2834
f 2911/2726/2835 2915/2730/2839 2910/2725/2834
f 2903/2719/2827 2915/2730/2839 2916/2731/2840
f 2917/2732/2841 2911/2726/2835 2912/2727/2836
f 2915/2730/2839 2911/2726/2835 2917/2732/2841
f 2918/2733/2842 2912/2727/2836 2914/2729/2838
f 2912/2727/2836 2918/2733/2842 2917/2732/2841
f 2919/2734/2843 2918/2733/2842 2914/2729/2838
f 2920/2735/2844 2916/2731/2840 2915/2730/2839
f 2917/2732/2841 2920/2735/2844 2915/2730/2839
f 2921/2736/2845 2916/2731/2840 2920/2735/2844
f 2920/2735/2844 2922/2737/2846 2921/2736/2845
f 2923/2738/2847 2917/2732/2841 2918/2733/2842
f 2920/2735/2844 2917/2732/2841 2923/2738/2847
f 2922/2737/2846 2920/2735/2844 2924/2739/2848
f 2923/2738/2847 2924/2739/2848 2920/2735/2844
f 2922/2737/2846 2924/2739/2848 2925/2740/2849
f 2923/2738/2847 2918/2733/2842 2926/2741/2850
f 2926/2741/2850 2918/2733/2842 2919/2734/2843
f 2927/2742/2851 2923/2738/2847 2926/2741/2850
f 2924/2739/2848 2923/2738/2847 2927/2742/2851
f 2919/2734/2843 2928/2743/2852 2926/2741/2850
f 2927/2742/2851 2926/2741/2850 2928/2743/2852
f 2928/2743/2852 2919/2734/2843 2929/2744/2853
f 2927/2742/2851 2930/2745/2854 2924/2739/2848
f 2930/2745/2854 2927/2742/2851 2928/2743/2852
f 2925/2740/2849 2924/2739/2848 2931/2746/2855
f 2931/2746/2855 2924/2739/2848 2930/2745/2854
f 2932/2747/2856 2925/2740/2849 2931/2746/2855
f 2929/2744/2853 2933/2748/2857 2928/2743/2852
f 2930/2745/2854 2928/2743/2852 2933/2748/2857
f 2933/2748/2857 2929/2744/2853 2934/2749/2858
f 2930/2745/2854 2935/2750/2859 2931/2746/2855
f 2935/2750/2859 2930/2745/2854 2933/2748/2857
f 2932/2747/2856 2931/2746/2855 2936/2751/2860
f 2936/2751/2860 2931/2746/2855 2935/2750/2859
f 2937/2752/2861 2932/2747/2856 2936/2751/2860
f 2933/2748/2857 2938/2753/2862 2935/2750/2859
f 2935/2750/2859 2938/2753/2862 2936/2751/2860
f 2933/2748/2857 2934/2749/2858 2939/2754/2863
f 2938/2753/2862 2933/2748/2857 2939/2754/2863
f 2934/2749/2858 2940/2755/2864 2939/2754/2863
f 2936/2751/2860 2941/2756/2865 2937/2752/2861
f 2941/2756/2865 2936/2751/2860 2938/2753/2862
f 2942/2757/2866 2937/2752/2861 2941/2756/2865
f 2939/2754/2863 2943/2758/2867 2938/2753/2862
f 2938/2753/2862 2943/2758/2867 2941/2756/2865
f 2939/2754/2863 2940/2755/2864 2944/2759/2868
f 2943/2758/2867 2939/2754/2863 2944/2759/2868
f 2945/2760/2869 2944/2759/2868 2940/2755/2864
f 2941/2756/2865 2946/2761/2870 2942/2757/2866
f 2946/2761/2870 2941/2756/2865 2943/2758/2867
f 2947/2762/2871 2942/2757/2866 2946/2761/2870
f 2944/2759/2868 2948/2763/2872 2943/2758/2867
f 2943/2758/2867 2948/2763/2872 2946/2761/2870
f 2944/2759/2868 2945/2760/2869 2949/2764/2873
f 2948/2763/2872 2944/2759/2868 2949/2764/2873
f 2945/2760/2869 2950/2765/2874 2949/2764/2873
f 2946/2761/2870 2951/2766/2875 2947/2762/2871
f 2951/2766/2875 2946/2761/2870 2948/2763/2872
f 2952/2767/2876 2947/2762/2871 2951/2766/2875
f 2949/2764/2873 2950/2765/2874 2953/2768/2877
f 2950/2765/2874 2954/2769/2878 2953/2768/2877
f 2953/2768/2877 2954/2769/2878 2955/2770/2879
f 2956/2771/2880 2949/2764/2873 2953/2768/2877
f 2953/2768/2877 2955/2770/2879 2956/2771/2880
f 2949/2764/2873 2956/2771/2880 2948/2763/2872
f 2948/2763/2872 2956/2771/2880 2951/2766/2875
f 2957/2772/2881 2956/2771/2880 2955/2770/2879
f 2958/2773/2882 2951/2766/2875 2956/2771/2880
f 2956/2771/2880 2957/2772/2881 2958/2773/2882
f 2951/2766/2875 2958/2773/2882 2952/2767/2876
f 2959/2774/2883 2958/2773/2882 2957/2772/2881
f 2960/2775/2884 2952/2767/2876 2958/2773/2882
f 2958/2773/2882 2959/2774/2883 2960/2775/2884
f 2961/2776/2885 2960/2775/2884 2959/2774/2883
f 2962/2777/2886 2963/2778/2887 2964/2779/2888
f 2965/2780/2889 2964/2779/2888 2963/2778/2887
f 2966/2781/2890 2965/2780/2889 2963/2778/2887
f 2964/2779/2888 2965/2780/2889 2967/2782/2891
f 2968/2783/2892 2965/2780/2889 2966/2781/2890
f 2966/2781/2890 2969/2784/2893 2968/2783/2892
f 2969/2784/2893 2970/2785/2894 2968/2783/2892
f 2971/2786/2895 2967/2782/2891 2965/2780/2889
f 2965/2780/2889 2968/2783/2892 2971/2786/2895
f 2967/2782/2891 2971/2786/2895 2972/2787/2896
f 2973/2788/2897 2968/2783/2892 2970/2785/2894
f 2970/2785/2894 2974/2789/2898 2973/2788/2897
f 2975/2790/2899 2971/2786/2895 2968/2783/2892
f 2968/2783/2892 2973/2788/2897 2975/2790/2899
f 2976/2791/2900 2972/2787/2896 2971/2786/2895
f 2971/2786/2895 2975/2790/2899 2976/2791/2900
f 2972/2787/2896 2976/2791/2900 2977/2792/2901
f 2977/2792/2901 2976/2791/2900 2978/2793/2902
f 2976/2791/2900 2979/2794/2903 2978/2793/2902
f 2979/2794/2903 2976/2791/2900 2980/2795/2904
f 2980/2795/2904 2976/2791/2900 2975/2790/2899
f 2980/2795/2904 2981/2796/2905 2979/2794/2903
f 2980/2795/2904 2975/2790/2899 2982/2797/2906
f 2982/2797/2906 2975/2790/2899 2973/2788/2897
f 2981/2796/2905 2980/2795/2904 2983/2798/2907
f 2983/2798/2907 2980/2795/2904 2982/2797/2906
f 2983/2798/2907 2984/2799/2908 2981/2796/2905
f 2982/2797/2906 2984/2799/2908 2983/2798/2907
f 2981/2796/2905 2984/2799/2908 2985/2800/2909
f 2982/2797/2906 2973/2788/2897 2986/2801/2910
f 2986/2801/2910 2973/2788/2897 2974/2789/2898
f 2984/2799/2908 2982/2797/2906 2987/2802/2911
f 2987/2802/2911 2982/2797/2906 2986/2801/2910
f 2984/2799/2908 2988/2803/2912 2985/2800/2909
f 2987/2802/2911 2988/2803/2912 2984/2799/2908
f 2985/2800/2909 2988/2803/2912 2989/2804/2913
f 2974/2789/2898 2990/2805/2914 2986/2801/2910
f 2990/2805/2914 2987/2802/2911 2986/2801/2910
f 2990/2805/2914 2974/2789/2898 2991/2806/2915
f 2988/2803/2912 2987/2802/2911 2992/2807/2916
f 2992/2807/2916 2987/2802/2911 2990/2805/2914
f 2988/2803/2912 2993/2808/2917 2989/2804/2913
f 2992/2807/2916 2993/2808/2917 2988/2803/2912
f 2989/2804/2913 2993/2808/2917 2994/2809/2918
f 2991/2806/2915 2995/2810/2919 2990/2805/2914
f 2995/2810/2919 2992/2807/2916 2990/2805/2914
f 2995/2810/2919 2991/2806/2915 2996/2811/2920
f 2993/2808/2917 2992/2807/2916 2997/2812/2921
f 2997/2812/2921 2992/2807/2916 2995/2810/2919
f 2998/2813/2922 2994/2809/2918 2993/2808/2917
f 2997/2812/2921 2998/2813/2922 2993/2808/2917
f 2994/2809/2918 2998/2813/2922 2999/2814/2923
f 2998/2813/2922 3000/2815/2924 2999/2814/2923
f 2996/2811/2920 3001/2816/2925 2995/2810/2919
f 3001/2816/2925 2997/2812/2921 2995/2810/2919
f 3001/2816/2925 2996/2811/2920 3002/2817/2926
f 2998/2813/2922 2997/2812/2921 3003/2818/2927
f 2997/2812/2921 3001/2816/2925 3003/2818/2927
f 3000/2815/2924 2998/2813/2922 3004/2819/2928
f 3003/2818/2927 3004/2819/2928 2998/2813/2922
f 3004/2819/2928 3005/2820/2929 3000/2815/2924
f 3002/2817/2926 3006/2821/2930 3001/2816/2925
f 3006/2821/2930 3003/2818/2927 3001/2816/2925
f 3006/2821/2930 3002/2817/2926 3007/2822/2931
f 3003/2818/2927 3006/2821/2930 3008/2823/2932
f 3004/2819/2928 3003/2818/2927 3008/2823/2932
f 3007/2822/2931 3009/2824/2933 3006/2821/2930
f 3009/2824/2933 3008/2823/2932 3006/2821/2930
f 3009/2824/2933 3007/2822/2931 3010/2825/2934
f 3011/2826/2935 3004/2819/2928 3008/2823/2932
f 3008/2823/2932 3009/2824/2933 3011/2826/2935
f 3010/2825/2934 3012/2635/2744 3009/2824/2933
f 3012/2635/2744 3010/2825/2934 3013/2637/2746
f 3012/2635/2744 3011/2826/2935 3009/2824/2933
f 3011/2826/2935 3012/2635/2744 3014/2627/2737
f 3004/2819/2928 3011/2826/2935 3015/2827/2936
f 3014/2627/2737 3015/2827/2936 3011/2826/2935
f 3005/2820/2929 3004/2819/2928 3015/2827/2936
f 3015/2827/2936 3014/2627/2737 3016/2622/2732
f 3015/2827/2936 3017/2624/2734 3005/2820/2929
f 3017/2624/2734 3015/2827/2936 3016/2622/2732
f 3018/2828/2937 3019/2829/2938 3020/2830/2939
f 3018/2828/2937 3020/2830/2939 3021/2831/2940
f 3022/2832/2941 3018/2828/2937 3021/2831/2940
f 3021/2831/2940 3020/2830/2939 3023/2833/2942
f 3023/2833/2942 3024/2834/2943 3021/2831/2940
f 3024/2834/2943 3023/2833/2942 3025/2835/2944
f 3025/2835/2944 3026/2836/2945 3024/2834/2943
f 3026/2836/2945 3025/2835/2944 3027/2837/2946
f 3027/2837/2946 3028/2838/2946 3026/2836/2945
f 3028/2838/2946 3027/2837/2946 3029/2839/2947
f 3029/2839/2947 3030/2840/2948 3028/2838/2946
f 3030/2840/2948 3029/2839/2947 3031/2841/2949
f 3031/2841/2949 3032/2842/2950 3030/2840/2948
f 3032/2842/2950 3031/2841/2949 3033/2843/2951
f 3033/2843/2951 3034/2844/2952 3032/2842/2950
f 3032/2842/2950 3034/2844/2952 3035/2845/2953
f 3034/2844/2952 3033/2843/2951 3036/2846/2954
f 3035/2845/2953 3034/2844/2952 3037/2847/2955
f 3036/2846/2954 3038/2848/2956 3034/2844/2952
f 3037/2847/2955 3034/2844/2952 3038/2848/2956
f 3038/2848/2956 3036/2846/2954 3039/2849/2957
f 3040/2850/2958 3037/2847/2955 3038/2848/2956
f 3040/2850/2958 3038/2848/2956 3041/2851/2959
f 3039/2849/2957 3041/2851/2959 3038/2848/2956
f 3041/2851/2959 3042/2852/710 3040/2850/2958
f 3039/2849/2957 3043/2853/2960 3041/2851/2959
f 3042/2852/710 3041/2851/2959 3043/2853/2960
f 3043/2853/2960 3044/2854/2961 3042/2852/710
f 3043/2853/2960 3039/2849/2957 3045/2855/2962
f 3043/2853/2960 3046/2856/2963 3044/2854/2961
f 3045/2855/2962 3047/2857/2964 3043/2853/2960
f 3046/2856/2963 3043/2853/2960 3047/2857/2964
f 3047/2857/2964 3045/2855/2962 3048/2858/2965
f 3047/2857/2964 3049/2859/2966 3046/2856/2963
f 3048/2858/2965 3050/2860/2967 3047/2857/2964
f 3049/2859/2966 3047/2857/2964 3050/2860/2967
f 3050/2860/2967 3048/2858/2965 3051/2861/2968
f 3050/2860/2967 3052/2862/2969 3049/2859/2966
f 3051/2861/2968 3053/2863/2970 3050/2860/2967
f 3052/2862/2969 3050/2860/2967 3053/2863/2970
f 3053/2863/2970 3051/2861/2968 3054/2864/2971
f 3053/2863/2970 3055/2865/2972 3052/2862/2969
f 3054/2864/2971 3056/2866/2973 3053/2863/2970
f 3055/2865/2972 3053/2863/2970 3056/2866/2973
f 3056/2866/2973 3054/2864/2971 3057/2867/2974
f 3056/2866/2973 3058/2868/2975 3055/2865/2972
f 3057/2867/2974 3059/2869/2976 3056/2866/2973
f 3058/2868/2975 3056/2866/2973 3059/2869/2976
f 3059/2869/2976 3057/2867/2974 3060/2870/2977
f 3059/2869/2976 3061/2871/2978 3058/2868/2975
f 3060/2870/2977 3062/2872/2979 3059/2869/2976
f 3061/2871/2978 3059/2869/2976 3062/2872/2979
f 3062/2872/2979 3060/2870/2977 3063/2873/2980
f 3062/2872/2979 3064/2874/2981 3061/2871/2978
f 3063/2873/2980 3065/2875/2982 3062/2872/2979
f 3064/2874/2981 3062/2872/2979 3065/2875/2982
f 3065/2875/2982 3063/2873/2980 3066/2876/2983
f 3067/1279/2984 3064/2874/2981 3065/2875/2982
f 3066/2876/2983 3067/1279/2984 3065/2875/2982
f 3064/2874/2981 3067/1279/2984 3068/1277/2985
f 3067/1279/2984 3066/2876/2983 3069/1280/2986
f 3070/1191/1249 3071/1190/2987 3072/2877/2988
f 3073/2878/2989 3070/1191/1249 3072/2877/2988
f 3073/2878/2989 3072/2877/2988 3074/2879/2990
f 3075/1194/2991 3070/1191/1249 3073/2878/2989
f 3076/2880/2992 3073/2878/2989 3074/2879/2990
f 3076/2880/2992 3074/2879/2990 3077/2881/2993
f 3078/2882/2994 3075/1194/2991 3073/2878/2989
f 3078/2882/2994 3073/2878/2989 3076/2880/2992
f 3075/1194/2991 3079/2883/2995 3080/1195/1253
f 3079/2883/2995 3075/1194/2991 3078/2882/2994
f 3078/2882/2994 3081/2884/2996 3079/2883/2995
f 3082/2885/2997 3078/2882/2994 3076/2880/2992
f 3081/2884/2996 3078/2882/2994 3082/2885/2997
f 3082/2885/2997 3076/2880/2992 3083/2886/2998
f 3083/2886/2998 3076/2880/2992 3077/2881/2993
f 3081/2884/2996 3082/2885/2997 3084/2887/2999
f 3084/2887/2999 3082/2885/2997 3083/2886/2998
f 3085/2888/3000 3081/2884/2996 3084/2887/2999
f 3084/2887/2999 3086/2889/3001 3085/2888/3000
f 3077/2881/2993 3087/2890/3002 3083/2886/2998
f 3084/2887/2999 3083/2886/2998 3087/2890/3002
f 3087/2890/3002 3077/2881/2993 3088/2891/3003
f 3086/2889/3001 3084/2887/2999 3089/2892/3004
f 3089/2892/3004 3084/2887/2999 3087/2890/3002
f 3089/2892/3004 3090/2893/3005 3086/2889/3001
f 3088/2891/3003 3091/2894/3006 3087/2890/3002
f 3091/2894/3006 3088/2891/3003 3092/2895/3007
f 3093/2896/3008 3091/2894/3006 3092/2895/3007
f 3087/2890/3002 3094/2897/3009 3089/2892/3004
f 3090/2893/3005 3089/2892/3004 3094/2897/3009
f 3094/2897/3009 3087/2890/3002 3091/2894/3006
f 3095/2898/3010 3090/2893/3005 3094/2897/3009
f 3091/2894/3006 3093/2896/3008 3096/2899/3011
f 3096/2899/3011 3094/2897/3009 3091/2894/3006
f 3093/2896/3008 3097/2900/3012 3096/2899/3011
f 3098/2901/142 3095/2898/3010 3094/2897/3009
f 3094/2897/3009 3096/2899/3011 3098/2901/142
f 3098/2901/142 3099/2902/3013 3095/2898/3010
f 3097/2900/3012 3100/2903/3014 3096/2899/3011
f 3100/2903/3014 3098/2901/142 3096/2899/3011
f 3100/2903/3014 3097/2900/3012 3101/2904/3015
f 3102/2905/3016 3099/2902/3013 3098/2901/142
f 3098/2901/142 3100/2903/3014 3102/2905/3016
f 3102/2905/3016 3103/2906/3017 3099/2902/3013
f 3101/2904/3015 3104/2907/3018 3100/2903/3014
f 3104/2907/3018 3102/2905/3016 3100/2903/3014
f 3104/2907/3018 3101/2904/3015 3105/2908/3019
f 3106/2909/3020 3104/2907/3018 3105/2908/3019
f 3106/2909/3020 3107/2910/3021 3104/2907/3018
f 3108/2911/3022 3103/2906/3017 3102/2905/3016
f 3102/2905/3016 3104/2907/3018 3108/2911/3022
f 3107/2910/3021 3108/2911/3022 3104/2907/3018
f 3108/2911/3022 3109/2912/3023 3103/2906/3017
f 3107/2910/3021 3109/2912/3023 3108/2911/3022
f 3109/2912/3023 3107/2910/3021 3110/2913/3024
f 3111/2914/3025 3112/139/3026 3113/140/3027
f 3112/139/3026 3111/2914/3025 3114/2915/3028
f 3115/743/3029 3114/2915/3028 3111/2914/3025
f 3114/2915/3028 3116/137/3030 3112/139/3026
f 3114/2915/3028 3115/743/3029 3117/745/3031
f 3116/137/3030 3114/2915/3028 3118/2916/587
f 3117/745/3031 3118/2916/587 3114/2915/3028
f 3118/2916/587 3119/135/3032 3116/137/3030
f 3118/2916/587 3117/745/3031 3120/746/3033
f 3120/746/3033 3121/2917/3034 3118/2916/587
f 3119/135/3032 3118/2916/587 3121/2917/3034
f 3121/2917/3034 3120/746/3033 3122/748/3035
f 3123/2918/3036 3119/135/3032 3121/2917/3034
f 3122/748/3035 3123/2918/3036 3121/2917/3034
f 3123/2918/3036 3122/748/3035 3124/750/3037
f 3119/135/3032 3123/2918/3036 3125/134/3038
f 3123/2918/3036 3124/750/3037 3126/751/3039
f 3127/2919/3040 3125/134/3038 3123/2918/3036
f 3126/751/3039 3127/2919/3040 3123/2918/3036
f 3125/134/3038 3127/2919/3040 3128/133/3041
f 3126/751/3039 3129/2920/3042 3127/2919/3040
f 3128/133/3041 3127/2919/3040 3129/2920/3042
f 3129/2920/3042 3126/751/3039 3130/753/3043
f 3129/2920/3042 3131/131/3044 3128/133/3041
f 3130/753/3043 3132/2921/3045 3129/2920/3042
f 3131/131/3044 3129/2920/3042 3132/2921/3045
f 3132/2921/3045 3130/753/3043 3133/754/3046
f 3132/2921/3045 3134/129/3047 3131/131/3044
f 3135/2922/3048 3136/777/3049 3137/778/3050
f 3136/777/3049 3135/2922/3048 3138/2923/3051
f 3139/766/3052 3138/2923/3051 3135/2922/3048
f 3138/2923/3051 3140/775/3053 3136/777/3049
f 3138/2923/3051 3139/766/3052 3141/765/3054
f 3140/775/3053 3138/2923/3051 3142/2924/3055
f 3141/765/3054 3142/2924/3055 3138/2923/3051
f 3142/2924/3055 3143/773/3056 3140/775/3053
f 3142/2924/3055 3141/765/3054 3144/763/3057
f 3144/763/3057 3145/2925/3058 3142/2924/3055
f 3143/773/3056 3142/2924/3055 3145/2925/3058
f 3145/2925/3058 3144/763/3057 3146/762/3059
f 3147/760/3060 3145/2925/3058 3146/762/3059
f 3148/2926/3061 3143/773/3056 3145/2925/3058
f 3145/2925/3058 3147/760/3060 3148/2926/3061
f 3143/773/3056 3148/2926/3061 3149/772/3062
f 3150/758/3063 3148/2926/3061 3147/760/3060
f 3151/2927/3064 3149/772/3062 3148/2926/3061
f 3148/2926/3061 3150/758/3063 3151/2927/3064
f 3149/772/3062 3151/2927/3064 3152/770/3065
f 3151/2927/3064 3153/768/3066 3152/770/3065
f 3151/2927/3064 3150/758/3063 3154/2928/3067
f 3153/768/3066 3151/2927/3064 3154/2928/3067
f 3154/2928/3067 3155/769/3068 3153/768/3066
f 3156/757/3069 3154/2928/3067 3150/758/3063
f 3155/769/3068 3154/2928/3067 3157/2929/3070
f 3156/757/3069 3157/2929/3070 3154/2928/3067
f 3157/2929/3070 3156/757/3069 3158/756/3071
f 3159/2930/3072 3160/789/3073 3161/790/3074
f 3160/789/3073 3159/2930/3072 3162/2931/3075
f 3163/141/3076 3162/2931/3075 3159/2930/3072
f 3162/2931/3075 3163/141/3076 3164/143/3077
f 3162/2931/3075 3165/787/3078 3160/789/3073
f 3166/145/3079 3162/2931/3075 3164/143/3077
f 3162/2931/3075 3166/145/3079 3167/2932/3080
f 3165/787/3078 3162/2931/3075 3167/2932/3080
f 3167/2932/3080 3166/145/3079 3168/146/3081
f 3169/2933/3082 3165/787/3078 3167/2932/3080
f 3168/146/3081 3169/2933/3082 3167/2932/3080
f 3165/787/3078 3169/2933/3082 3170/786/522
f 3171/147/549 3169/2933/3082 3168/146/3081
f 3172/2934/352 3170/786/522 3169/2933/3082
f 3171/147/549 3172/2934/352 3169/2933/3082
f 3172/2934/352 3173/784/3083 3170/786/522
f 3172/2934/352 3174/782/3084 3173/784/3083
f 3171/147/549 3175/2935/3085 3172/2934/352
f 3174/782/3084 3172/2934/352 3175/2935/3085
f 3175/2935/3085 3171/147/549 3176/149/3086
f 3175/2935/3085 3177/781/3087 3174/782/3084
f 3176/149/3086 3178/2936/3088 3175/2935/3085
f 3177/781/3087 3175/2935/3085 3178/2936/3088
f 3178/2936/3088 3179/779/3089 3177/781/3087
f 3178/2936/3088 3176/149/3086 3180/151/3090
f 3179/779/3089 3178/2936/3088 3181/2937/3091
f 3180/151/3090 3181/2937/3091 3178/2936/3088
f 3181/2937/3091 3180/151/3090 3182/152/3092
f 3183/2938/3093 3184/2939/3094 3185/2940/3095
f 3184/2939/3094 3183/2938/3093 3186/2941/3096
f 3184/2939/3094 3186/2941/3096 3187/2942/3097
f 3187/2942/3097 3186/2941/3096 3188/2943/3098
f 3189/2944/3099 3186/2941/3096 3183/2938/3093
f 3189/2944/3099 3183/2938/3093 3190/2945/3100
f 3191/2946/3101 3188/2943/3098 3186/2941/3096
f 3186/2941/3096 3189/2944/3099 3191/2946/3101
f 3188/2943/3098 3192/2947/3102 3193/2942/3103
f 3189/2944/3099 3194/2948/3104 3191/2946/3101
f 3192/2947/3102 3188/2943/3098 3195/2949/3105
f 3194/2948/3104 3189/2944/3099 3196/2950/3106
f 3190/2945/3100 3196/2950/3106 3189/2944/3099
f 3188/2943/3098 3191/2946/3101 3197/2951/3107
f 3197/2951/3107 3195/2949/3105 3188/2943/3098
f 3198/2952/3108 3191/2946/3101 3194/2948/3104
f 3191/2946/3101 3198/2952/3108 3197/2951/3107
f 3199/2953/3109 3194/2948/3104 3196/2950/3106
f 3198/2952/3108 3194/2948/3104 3199/2953/3109
f 3190/2945/3100 3200/2954/3110 3196/2950/3106
f 3200/2954/3110 3190/2945/3100 3201/2955/3111
f 3202/2956/3112 3200/2954/3110 3201/2955/3111
f 3196/2950/3106 3203/2957/3113 3199/2953/3109
f 3203/2957/3113 3196/2950/3106 3200/2954/3110
f 3204/2958/3114 3198/2952/3108 3199/2953/3109
f 3204/2958/3114 3199/2953/3109 3203/2957/3113
f 3200/2954/3110 3202/2956/3112 3205/2959/3115
f 3205/2959/3115 3203/2957/3113 3200/2954/3110
f 3205/2959/3115 3202/2956/3112 3206/2960/3116
f 3207/2961/3117 3206/2960/3116 3202/2956/3112
f 3203/2957/3113 3205/2959/3115 3208/2962/3118
f 3206/2960/3116 3208/2962/3118 3205/2959/3115
f 3203/2957/3113 3209/2963/3119 3204/2958/3114
f 3208/2962/3118 3210/2964/3120 3203/2957/3113
f 3209/2963/3119 3203/2957/3113 3210/2964/3120
f 3198/2952/3108 3204/2958/3114 3211/2965/3121
f 3211/2965/3121 3197/2951/3107 3198/2952/3108
f 3212/2966/3122 3204/2958/3114 3209/2963/3119
f 3204/2958/3114 3212/2966/3122 3211/2965/3121
f 3211/2965/3121 3213/2967/3123 3197/2951/3107
f 3195/2949/3105 3197/2951/3107 3213/2967/3123
f 3211/2965/3121 3212/2966/3122 3214/2968/3124
f 3214/2968/3124 3213/2967/3123 3211/2965/3121
f 3195/2949/3105 3213/2967/3123 3215/2969/3125
f 3213/2967/3123 3214/2968/3124 3215/2969/3125
f 3215/2969/3125 3192/2947/3102 3195/2949/3105
f 3192/2947/3102 3215/2969/3125 3216/2970/3126
f 3212/2966/3122 3217/2971/3127 3214/2968/3124
f 3209/2963/3119 3217/2971/3127 3212/2966/3122
f 3214/2968/3124 3218/2972/3128 3215/2969/3125
f 3214/2968/3124 3217/2971/3127 3218/2972/3128
f 3216/2970/3126 3215/2969/3125 3219/2973/3129
f 3215/2969/3125 3218/2972/3128 3219/2973/3129
f 3216/2970/3126 3219/2973/3129 3220/2974/3130
f 3217/2971/3127 3209/2963/3119 3221/2975/3131
f 3210/2964/3120 3221/2975/3131 3209/2963/3119
f 3222/2976/3132 3220/2974/3130 3219/2973/3129
f 3220/2974/3130 3222/2976/3132 3223/2977/3133
f 3222/2976/3132 3224/2978/3134 3223/2977/3133
f 3219/2973/3129 3225/2979/3135 3222/2976/3132
f 3225/2979/3135 3219/2973/3129 3218/2972/3128
f 3224/2978/3134 3222/2976/3132 3226/2980/3136
f 3222/2976/3132 3225/2979/3135 3226/2980/3136
f 3224/2978/3134 3226/2980/3136 3227/2981/3137
f 3227/2981/3137 3226/2980/3136 3228/2982/3138
f 3226/2980/3136 3225/2979/3135 3229/2983/3139
f 3228/2982/3138 3226/2980/3136 3229/2983/3139
f 3218/2972/3128 3230/2984/3140 3225/2979/3135
f 3225/2979/3135 3230/2984/3140 3229/2983/3139
f 3230/2984/3140 3218/2972/3128 3217/2971/3127
f 3231/2985/3141 3228/2982/3138 3229/2983/3139
f 3230/2984/3140 3231/2985/3141 3229/2983/3139
f 3231/2985/3141 3232/2986/3142 3228/2982/3138
f 3217/2971/3127 3233/2987/3143 3230/2984/3140
f 3231/2985/3141 3230/2984/3140 3233/2987/3143
f 3217/2971/3127 3221/2975/3131 3233/2987/3143
f 3234/2988/3144 3232/2986/3142 3231/2985/3141
f 3233/2987/3143 3234/2988/3144 3231/2985/3141
f 3232/2986/3142 3234/2988/3144 3235/2989/3145
f 3236/2990/3146 3233/2987/3143 3221/2975/3131
f 3234/2988/3144 3233/2987/3143 3236/2990/3146
f 3221/2975/3131 3210/2964/3120 3236/2990/3146
f 3235/2989/3145 3234/2988/3144 3237/2991/3147
f 3236/2990/3146 3237/2991/3147 3234/2988/3144
f 3235/2989/3145 3237/2991/3147 3238/2992/3148
f 3235/2989/3145 3238/2992/3148 3239/2993/3149
f 3237/2991/3147 3236/2990/3146 3240/2994/3150
f 3240/2994/3150 3238/2992/3148 3237/2991/3147
f 3241/2995/3151 3236/2990/3146 3210/2964/3120
f 3236/2990/3146 3241/2995/3151 3240/2994/3150
f 3210/2964/3120 3208/2962/3118 3241/2995/3151
f 3242/2996/3152 3238/2992/3148 3240/2994/3150
f 3208/2962/3118 3243/2997/3153 3241/2995/3151
f 3208/2962/3118 3206/2960/3116 3243/2997/3153
f 3244/2998/3154 3240/2994/3150 3241/2995/3151
f 3243/2997/3153 3244/2998/3154 3241/2995/3151
f 3240/2994/3150 3244/2998/3154 3242/2996/3152
f 3243/2997/3153 3206/2960/3116 3245/2999/3155
f 3246/3000/3156 3244/2998/3154 3243/2997/3153
f 3243/2997/3153 3245/2999/3155 3246/3000/3156
f 3245/2999/3155 3206/2960/3116 3247/3001/3157
f 3206/2960/3116 3207/2961/3117 3247/3001/3157
f 3248/3002/3158 3245/2999/3155 3247/3001/3157
f 3247/3001/3157 3207/2961/3117 3248/3002/3158
f 3245/2999/3155 3248/3002/3158 3249/3003/3159
f 3249/3003/3159 3246/3000/3156 3245/2999/3155
f 3248/3002/3158 3207/2961/3117 3250/3004/3160
f 3250/3004/3160 3249/3003/3159 3248/3002/3158
f 3251/3005/3161 3250/3004/3160 3207/2961/3117
f 3252/3006/3162 3250/3004/3160 3251/3005/3161
f 3246/3000/3156 3249/3003/3159 3253/3007/3163
f 3249/3003/3159 3250/3004/3160 3254/3008/3164
f 3253/3007/3163 3249/3003/3159 3254/3008/3164
f 3250/3004/3160 3252/3006/3162 3255/3009/3165
f 3255/3009/3165 3254/3008/3164 3250/3004/3160
f 3256/3010/3166 3246/3000/3156 3253/3007/3163
f 3244/2998/3154 3246/3000/3156 3256/3010/3166
f 3257/3011/3167 3253/3007/3163 3254/3008/3164
f 3258/3012/3168 3244/2998/3154 3256/3010/3166
f 3244/2998/3154 3258/3012/3168 3242/2996/3152
f 3253/3007/3163 3259/3013/3169 3256/3010/3166
f 3259/3013/3169 3258/3012/3168 3256/3010/3166
f 3253/3007/3163 3257/3011/3167 3260/3014/3170
f 3260/3014/3170 3259/3013/3169 3253/3007/3163
f 3257/3011/3167 3254/3008/3164 3261/3015/3171
f 3261/3015/3171 3254/3008/3164 3255/3009/3165
f 3262/3016/3172 3260/3014/3170 3257/3011/3167
f 3257/3011/3167 3261/3015/3171 3262/3016/3172
f 3263/3017/3173 3259/3013/3169 3260/3014/3170
f 3262/3016/3172 3263/3017/3173 3260/3014/3170
f 3258/3012/3168 3259/3013/3169 3264/3018/3174
f 3259/3013/3169 3263/3017/3173 3264/3018/3174
f 3265/3019/3175 3258/3012/3168 3264/3018/3174
f 3263/3017/3173 3265/3019/3175 3264/3018/3174
f 3258/3012/3168 3265/3019/3175 3266/3020/3176
f 3266/3020/3176 3242/2996/3152 3258/3012/3168
f 3267/3021/3177 3242/2996/3152 3266/3020/3176
f 3265/3019/3175 3267/3021/3177 3266/3020/3176
f 3242/2996/3152 3267/3021/3177 3238/2992/3148
f 3239/2993/3149 3238/2992/3148 3267/3021/3177
f 3267/3021/3177 3265/3019/3175 3268/3022/3178
f 3268/3022/3178 3239/2993/3149 3267/3021/3177
f 3265/3019/3175 3263/3017/3173 3269/3023/3179
f 3265/3019/3175 3269/3023/3179 3268/3022/3178
f 3270/3024/3180 3239/2993/3149 3268/3022/3178
f 3268/3022/3178 3269/3023/3179 3270/3024/3180
f 3239/2993/3149 3270/3024/3180 3271/3025/3181
f 3272/3026/3182 3269/3023/3179 3263/3017/3173
f 3263/3017/3173 3262/3016/3172 3272/3026/3182
f 3270/3024/3180 3269/3023/3179 3273/3027/3183
f 3273/3027/3183 3271/3025/3181 3270/3024/3180
f 3273/3027/3183 3269/3023/3179 3272/3026/3182
f 3271/3025/3181 3273/3027/3183 3274/3028/3184
f 3275/3029/3185 3272/3026/3182 3262/3016/3172
f 3275/3029/3185 3262/3016/3172 3261/3015/3171
f 3276/3030/3186 3273/3027/3183 3272/3026/3182
f 3272/3026/3182 3275/3029/3185 3276/3030/3186
f 3274/3028/3184 3273/3027/3183 3277/3031/3187
f 3273/3027/3183 3276/3030/3186 3277/3031/3187
f 3274/3028/3184 3277/3031/3187 3278/3032/3188
f 3278/3032/3188 3279/3033/3189 3274/3028/3184
f 3280/3034/3190 3277/3031/3187 3276/3030/3186
f 3278/3032/3188 3281/3035/3191 3279/3033/3189
f 3281/3035/3191 3282/3036/3192 3279/3033/3189
f 3278/3032/3188 3277/3031/3187 3283/3037/3193
f 3283/3037/3193 3281/3035/3191 3278/3032/3188
f 3277/3031/3187 3280/3034/3190 3283/3037/3193
f 3282/3036/3192 3281/3035/3191 3284/3038/3194
f 3284/3038/3194 3285/3039/3195 3282/3036/3192
f 3281/3035/3191 3283/3037/3193 3286/3040/3196
f 3284/3038/3194 3281/3035/3191 3286/3040/3196
f 3280/3034/3190 3286/3040/3196 3283/3037/3193
f 3285/3039/3195 3284/3038/3194 3287/3041/3197
f 3280/3034/3190 3288/3042/3198 3286/3040/3196
f 3289/3043/3199 3284/3038/3194 3286/3040/3196
f 3288/3042/3198 3289/3043/3199 3286/3040/3196
f 3289/3043/3199 3287/3041/3197 3284/3038/3194
f 3280/3034/3190 3290/3044/3200 3288/3042/3198
f 3291/3045/3201 3285/3039/3195 3287/3041/3197
f 3285/3039/3195 3291/3045/3201 3292/3046/3202
f 3291/3045/3201 3293/3047/3203 3292/3046/3202
f 3290/3044/3200 3280/3034/3190 3294/3048/3204
f 3294/3048/3204 3280/3034/3190 3276/3030/3186
f 3276/3030/3186 3275/3029/3185 3294/3048/3204
f 3293/3047/3203 3291/3045/3201 3295/3049/3205
f 3296/3050/3206 3293/3047/3203 3295/3049/3205
f 3291/3045/3201 3287/3041/3197 3297/3051/3207
f 3287/3041/3197 3289/3043/3199 3297/3051/3207
f 3296/3050/3206 3295/3049/3205 3298/3052/3208
f 3298/3052/3208 3299/3053/3209 3296/3050/3206
f 3291/3045/3201 3300/3054/3210 3295/3049/3205
f 3300/3054/3210 3291/3045/3201 3297/3051/3207
f 3295/3049/3205 3301/3055/3211 3298/3052/3208
f 3301/3055/3211 3295/3049/3205 3300/3054/3210
f 3299/3053/3209 3298/3052/3208 3302/3056/3212
f 3302/3056/3212 3298/3052/3208 3301/3055/3211
f 3303/3057/3213 3299/3053/3209 3302/3056/3212
f 3299/3053/3209 3303/3057/3213 3304/3058/3214
f 3305/3059/3215 3302/3056/3212 3301/3055/3211
f 3305/3059/3215 3303/3057/3213 3302/3056/3212
f 3306/3060/3216 3304/3058/3214 3303/3057/3213
f 3304/3058/3214 3306/3060/3216 3307/3061/3217
f 3303/3057/3213 3305/3059/3215 3308/3062/3218
f 3303/3057/3213 3308/3062/3218 3306/3060/3216
f 3309/3063/3219 3307/3061/3217 3306/3060/3216
f 3307/3061/3217 3309/3063/3219 3310/3064/3220
f 3306/3060/3216 3308/3062/3218 3311/3065/3221
f 3311/3065/3221 3309/3063/3219 3306/3060/3216
f 3312/3066/3222 3310/3064/3220 3309/3063/3219
f 3310/3064/3220 3312/3066/3222 3313/3067/3223
f 3312/3066/3222 3314/3068/3224 3313/3067/3223
f 3312/3066/3222 3309/3063/3219 3315/3069/3225
f 3309/3063/3219 3311/3065/3221 3315/3069/3225
f 3314/3068/3224 3312/3066/3222 3316/3070/3226
f 3316/3070/3226 3252/3006/3162 3314/3068/3224
f 3316/3070/3226 3255/3009/3165 3252/3006/3162
f 3317/3071/3227 3312/3066/3222 3315/3069/3225
f 3312/3066/3222 3317/3071/3227 3316/3070/3226
f 3318/3072/3228 3255/3009/3165 3316/3070/3226
f 3317/3071/3227 3318/3072/3228 3316/3070/3226
f 3315/3069/3225 3319/3073/3229 3317/3071/3227
f 3311/3065/3221 3319/3073/3229 3315/3069/3225
f 3320/3074/3230 3318/3072/3228 3317/3071/3227
f 3319/3073/3229 3320/3074/3230 3317/3071/3227
f 3321/3075/3231 3255/3009/3165 3318/3072/3228
f 3318/3072/3228 3320/3074/3230 3321/3075/3231
f 3321/3075/3231 3261/3015/3171 3255/3009/3165
f 3261/3015/3171 3321/3075/3231 3275/3029/3185
f 3319/3073/3229 3322/3076/3232 3320/3074/3230
f 3311/3065/3221 3322/3076/3232 3319/3073/3229
f 3321/3075/3231 3320/3074/3230 3323/3077/3233
f 3320/3074/3230 3322/3076/3232 3323/3077/3233
f 3321/3075/3231 3324/3078/3234 3275/3029/3185
f 3324/3078/3234 3321/3075/3231 3323/3077/3233
f 3294/3048/3204 3275/3029/3185 3324/3078/3234
f 3323/3077/3233 3325/3079/3235 3324/3078/3234
f 3325/3079/3235 3294/3048/3204 3324/3078/3234
f 3325/3079/3235 3323/3077/3233 3322/3076/3232
f 3294/3048/3204 3325/3079/3235 3290/3044/3200
f 3325/3079/3235 3326/3080/3236 3290/3044/3200
f 3326/3080/3236 3288/3042/3198 3290/3044/3200
f 3288/3042/3198 3326/3080/3236 3289/3043/3199
f 3322/3076/3232 3327/3081/3237 3325/3079/3235
f 3327/3081/3237 3326/3080/3236 3325/3079/3235
f 3327/3081/3237 3322/3076/3232 3328/3082/3238
f 3322/3076/3232 3311/3065/3221 3328/3082/3238
f 3326/3080/3236 3329/3083/3239 3289/3043/3199
f 3330/3084/3240 3289/3043/3199 3329/3083/3239
f 3289/3043/3199 3330/3084/3240 3297/3051/3207
f 3329/3083/3239 3326/3080/3236 3331/3085/3241
f 3330/3084/3240 3332/3086/3242 3297/3051/3207
f 3329/3083/3239 3332/3086/3242 3330/3084/3240
f 3332/3086/3242 3329/3083/3239 3331/3085/3241
f 3332/3086/3242 3300/3054/3210 3297/3051/3207
f 3331/3085/3241 3326/3080/3236 3333/3087/3243
f 3327/3081/3237 3333/3087/3243 3326/3080/3236
f 3334/3088/3244 3332/3086/3242 3331/3085/3241
f 3300/3054/3210 3332/3086/3242 3334/3088/3244
f 3331/3085/3241 3333/3087/3243 3334/3088/3244
f 3334/3088/3244 3301/3055/3211 3300/3054/3210
f 3333/3087/3243 3335/3089/3245 3334/3088/3244
f 3301/3055/3211 3334/3088/3244 3335/3089/3245
f 3333/3087/3243 3327/3081/3237 3336/3090/3246
f 3335/3089/3245 3333/3087/3243 3336/3090/3246
f 3335/3089/3245 3337/3091/3247 3301/3055/3211
f 3337/3091/3247 3335/3089/3245 3336/3090/3246
f 3305/3059/3215 3301/3055/3211 3337/3091/3247
f 3327/3081/3237 3338/3092/3248 3336/3090/3246
f 3336/3090/3246 3338/3092/3248 3337/3091/3247
f 3338/3092/3248 3327/3081/3237 3328/3082/3238
f 3339/3093/3249 3305/3059/3215 3337/3091/3247
f 3305/3059/3215 3339/3093/3249 3308/3062/3218
f 3338/3092/3248 3340/3094/3250 3337/3091/3247
f 3328/3082/3238 3340/3094/3250 3338/3092/3248
f 3339/3093/3249 3337/3091/3247 3340/3094/3250
f 3341/3095/3251 3340/3094/3250 3328/3082/3238
f 3341/3095/3251 3339/3093/3249 3340/3094/3250
f 3341/3095/3251 3328/3082/3238 3311/3065/3221
f 3308/3062/3218 3339/3093/3249 3342/3096/3252
f 3339/3093/3249 3341/3095/3251 3342/3096/3252
f 3342/3096/3252 3311/3065/3221 3308/3062/3218
f 3311/3065/3221 3342/3096/3252 3341/3095/3251
f 3343/3097/3253 3344/3098/3254 3345/3099/3255
f 3344/3098/3254 3346/3100/3256 3345/3099/3255
f 3344/3098/3254 3347/3101/3257 3346/3100/3256
f 3348/3102/3258 3345/3099/3255 3346/3100/3256
f 3345/3099/3255 3348/3102/3258 3349/3103/3259
f 3346/3100/3256 3347/3101/3257 3350/3104/3260
f 3351/3105/3261 3350/3104/3260 3347/3101/3257
f 3352/3106/3262 3348/3102/3258 3346/3100/3256
f 3352/3106/3262 3349/3103/3259 3348/3102/3258
f 3350/3104/3260 3352/3106/3262 3346/3100/3256
f 3349/3103/3259 3352/3106/3262 3353/3107/3263
f 3350/3104/3260 3351/3105/3261 3354/3108/3264
f 3355/3109/3265 3354/3108/3264 3351/3105/3261
f 3354/3108/3264 3355/3109/3265 3356/3110/3266
f 3354/3108/3264 3357/3111/3267 3350/3104/3260
f 3352/3106/3262 3350/3104/3260 3357/3111/3267
f 3356/3110/3266 3358/3112/3268 3354/3108/3264
f 3357/3111/3267 3354/3108/3264 3358/3112/3268
f 3358/3112/3268 3356/3110/3266 3359/3113/3269
f 3360/3114/3270 3352/3106/3262 3357/3111/3267
f 3358/3112/3268 3360/3114/3270 3357/3111/3267
f 3361/3115/3271 3358/3112/3268 3359/3113/3269
f 3360/3114/3270 3358/3112/3268 3361/3115/3271
f 3361/3115/3271 3359/3113/3269 3362/3116/3272
f 3352/3106/3262 3360/3114/3270 3363/3117/3273
f 3353/3107/3263 3352/3106/3262 3363/3117/3273
f 3364/3118/3274 3353/3107/3263 3363/3117/3273
f 3361/3115/3271 3365/3119/3275 3360/3114/3270
f 3365/3119/3275 3363/3117/3273 3360/3114/3270
f 3362/3116/3272 3366/3120/3276 3361/3115/3271
f 3365/3119/3275 3361/3115/3271 3366/3120/3276
f 3366/3120/3276 3362/3116/3272 3367/3121/3277
f 3363/3117/3273 3365/3119/3275 3368/3122/3278
f 3364/3118/3274 3363/3117/3273 3368/3122/3278
f 3369/3123/3279 3364/3118/3274 3368/3122/3278
f 3365/3119/3275 3369/3123/3279 3368/3122/3278
f 3364/3118/3274 3369/3123/3279 3370/3124/3280
f 3366/3120/3276 3371/3125/3281 3365/3119/3275
f 3369/3123/3279 3365/3119/3275 3371/3125/3281
f 3367/3121/3277 3372/3126/3282 3366/3120/3276
f 3371/3125/3281 3366/3120/3276 3372/3126/3282
f 3372/3126/3282 3367/3121/3277 3373/3127/3283
f 3374/3128/3284 3372/3126/3282 3373/3127/3283
f 3370/3124/3280 3369/3123/3279 3375/3129/3285
f 3371/3125/3281 3375/3129/3285 3369/3123/3279
f 3376/3130/3286 3370/3124/3280 3375/3129/3285
f 3371/3125/3281 3372/3126/3282 3377/3131/3287
f 3375/3129/3285 3371/3125/3281 3377/3131/3287
f 3372/3126/3282 3374/3128/3284 3378/3132/3288
f 3377/3131/3287 3372/3126/3282 3378/3132/3288
f 3378/3132/3288 3374/3128/3284 3379/3133/3289
f 3380/3134/3290 3375/3129/3285 3377/3131/3287
f 3378/3132/3288 3380/3134/3290 3377/3131/3287
f 3381/3135/3291 3376/3130/3286 3375/3129/3285
f 3375/3129/3285 3380/3134/3290 3381/3135/3291
f 3376/3130/3286 3381/3135/3291 3382/3136/3292
f 3379/3133/3289 3383/3137/3293 3378/3132/3288
f 3380/3134/3290 3378/3132/3288 3383/3137/3293
f 3383/3137/3293 3379/3133/3289 3384/3138/3294
f 3385/3139/3295 3381/3135/3291 3380/3134/3290
f 3383/3137/3293 3385/3139/3295 3380/3134/3290
f 3386/3140/3296 3382/3136/3292 3381/3135/3291
f 3381/3135/3291 3385/3139/3295 3386/3140/3296
f 3382/3136/3292 3386/3140/3296 3387/3141/3297
f 3384/3138/3294 3388/3142/3298 3383/3137/3293
f 3385/3139/3295 3383/3137/3293 3388/3142/3298
f 3388/3142/3298 3384/3138/3294 3389/3143/3299
f 3386/3140/3296 3385/3139/3295 3390/3144/3300
f 3385/3139/3295 3388/3142/3298 3390/3144/3300
f 3387/3141/3297 3386/3140/3296 3391/3145/3301
f 3390/3144/3300 3391/3145/3301 3386/3140/3296
f 3392/3146/3302 3387/3141/3297 3391/3145/3301
f 3388/3142/3298 3389/3143/3299 3393/3147/3303
f 3390/3144/3300 3388/3142/3298 3393/3147/3303
f 3393/3147/3303 3389/3143/3299 3394/3148/3304
f 3395/3149/3305 3392/3146/3302 3391/3145/3301
f 3390/3144/3300 3395/3149/3305 3391/3145/3301
f 3392/3146/3302 3395/3149/3305 3396/3150/3306
f 3397/3151/3307 3396/3150/3306 3395/3149/3305
f 3394/3148/3304 3398/3152/3308 3393/3147/3303
f 3398/3152/3308 3390/3144/3300 3393/3147/3303
f 3398/3152/3308 3394/3148/3304 3399/3153/3309
f 3399/3153/3309 3400/3154/3310 3398/3152/3308
f 3395/3149/3305 3390/3144/3300 3401/3155/3311
f 3390/3144/3300 3398/3152/3308 3401/3155/3311
f 3401/3155/3311 3397/3151/3307 3395/3149/3305
f 3400/3154/3310 3401/3155/3311 3398/3152/3308
f 3397/3151/3307 3401/3155/3311 3402/3156/3312
f 3401/3155/3311 3400/3154/3310 3402/3156/3312
f 3403/3157/3313 3404/3158/3314 3405/3159/3315
f 3404/3158/3314 3403/3157/3313 3406/3160/3316
f 3406/3160/3316 3403/3157/3313 3407/3161/3317
f 3406/3160/3316 3408/3162/3318 3404/3158/3314
f 3408/3162/3318 3409/3163/3319 3404/3158/3314
f 3406/3160/3316 3407/3161/3317 3410/3164/3320
f 3408/3162/3318 3406/3160/3316 3410/3164/3320
f 3409/3163/3319 3408/3162/3318 3411/3165/3321
f 3409/3163/3319 3411/3165/3321 3412/3166/3322
f 3408/3162/3318 3410/3164/3320 3413/3167/3323
f 3413/3167/3323 3411/3165/3321 3408/3162/3318
f 3407/3161/3317 3414/3168/792 3410/3164/3320
f 3415/3169/3324 3414/3168/792 3407/3161/3317
f 3410/3164/3320 3416/3170/3325 3413/3167/3323
f 3416/3170/3325 3410/3164/3320 3414/3168/792
f 3411/3165/3321 3413/3167/3323 3417/3171/3326
f 3416/3170/3325 3417/3171/3326 3413/3167/3323
f 3411/3165/3321 3418/3172/3327 3412/3166/3322
f 3418/3172/3327 3411/3165/3321 3417/3171/3326
f 3412/3166/3322 3418/3172/3327 3419/3173/3328
f 3412/3166/3322 3419/3173/3328 3420/3174/3329
f 3418/3172/3327 3417/3171/3326 3421/3175/3330
f 3422/3176/3331 3420/3174/3329 3419/3173/3328
f 3420/3174/3329 3422/3176/3331 3423/3177/3332
f 3419/3173/3328 3418/3172/3327 3424/3178/3333
f 3418/3172/3327 3421/3175/3330 3424/3178/3333
f 3419/3173/3328 3425/3179/3334 3422/3176/3331
f 3425/3179/3334 3419/3173/3328 3424/3178/3333
f 3423/3177/3332 3422/3176/3331 3426/3180/3335
f 3426/3180/3335 3427/3181/3336 3423/3177/3332
f 3427/3181/3336 3426/3180/3335 3428/3182/3337
f 3422/3176/3331 3429/3183/3338 3426/3180/3335
f 3429/3183/3338 3428/3182/3337 3426/3180/3335
f 3422/3176/3331 3425/3179/3334 3429/3183/3338
f 3429/3183/3338 3430/3184/3339 3428/3182/3337
f 3430/3184/3339 3429/3183/3338 3431/3185/3340
f 3425/3179/3334 3431/3185/3340 3429/3183/3338
f 3431/3185/3340 3432/3186/3341 3430/3184/3339
f 3425/3179/3334 3433/3187/3342 3431/3185/3340
f 3424/3178/3333 3433/3187/3342 3425/3179/3334
f 3432/3186/3341 3431/3185/3340 3434/3188/3343
f 3433/3187/3342 3435/3189/3344 3431/3185/3340
f 3435/3189/3344 3434/3188/3343 3431/3185/3340
f 3433/3187/3342 3424/3178/3333 3436/3190/3345
f 3436/3190/3345 3435/3189/3344 3433/3187/3342
f 3437/3191/3346 3432/3186/3341 3434/3188/3343
f 3432/3186/3341 3437/3191/3346 3438/3192/3347
f 3439/3193/3348 3434/3188/3343 3435/3189/3344
f 3439/3193/3348 3437/3191/3346 3434/3188/3343
f 3435/3189/3344 3436/3190/3345 3440/3194/3349
f 3440/3194/3349 3439/3193/3348 3435/3189/3344
f 3441/3195/3350 3438/3192/3347 3437/3191/3346
f 3438/3192/3347 3441/3195/3350 3442/3196/3351
f 3437/3191/3346 3439/3193/3348 3443/3197/3352
f 3443/3197/3352 3441/3195/3350 3437/3191/3346
f 3439/3193/3348 3440/3194/3349 3444/3198/3353
f 3443/3197/3352 3439/3193/3348 3444/3198/3353
f 3445/3199/3354 3442/3196/3351 3441/3195/3350
f 3442/3196/3351 3445/3199/3354 3446/3200/3355
f 3441/3195/3350 3443/3197/3352 3447/3201/3356
f 3447/3201/3356 3445/3199/3354 3441/3195/3350
f 3448/3202/3357 3446/3200/3355 3445/3199/3354
f 3446/3200/3355 3448/3202/3357 3449/3203/3358
f 3445/3199/3354 3447/3201/3356 3450/3204/3359
f 3450/3204/3359 3448/3202/3357 3445/3199/3354
f 3443/3197/3352 3451/3205/3360 3447/3201/3356
f 3448/3202/3357 3450/3204/3359 3452/3206/3361
f 3451/3205/3360 3443/3197/3352 3453/3207/3362
f 3444/3198/3353 3453/3207/3362 3443/3197/3352
f 3452/3206/3361 3454/3208/3363 3448/3202/3357
f 3454/3208/3363 3449/3203/3358 3448/3202/3357
f 3453/3207/3362 3444/3198/3353 3455/3209/3364
f 3440/3194/3349 3455/3209/3364 3444/3198/3353
f 3454/3208/3363 3456/3210/3365 3449/3203/3358
f 3456/3210/3365 3457/3211/3366 3449/3203/3358
f 3455/3209/3364 3440/3194/3349 3458/3212/3367
f 3436/3190/3345 3458/3212/3367 3440/3194/3349
f 3459/3213/3368 3457/3211/3366 3456/3210/3365
f 3459/3213/3368 3460/3214/3369 3457/3211/3366
f 3459/3213/3368 3461/3215/3370 3460/3214/3369
f 3458/3212/3367 3436/3190/3345 3462/3216/3371
f 3424/3178/3333 3462/3216/3371 3436/3190/3345
f 3462/3216/3371 3424/3178/3333 3421/3175/3330
f 3461/3215/3370 3459/3213/3368 3463/3217/3372
f 3464/3218/3373 3461/3215/3370 3463/3217/3372
f 3421/3175/3330 3465/3219/3374 3462/3216/3371
f 3421/3175/3330 3417/3171/3326 3465/3219/3374
f 3417/3171/3326 3416/3170/3325 3465/3219/3374
f 3462/3216/3371 3465/3219/3374 3466/3220/3375
f 3466/3220/3375 3465/3219/3374 3416/3170/3325
f 3466/3220/3375 3458/3212/3367 3462/3216/3371
f 3466/3220/3375 3416/3170/3325 3467/3221/3376
f 3414/3168/792 3467/3221/3376 3416/3170/3325
f 3458/3212/3367 3466/3220/3375 3468/3222/3377
f 3468/3222/3377 3455/3209/3364 3458/3212/3367
f 3469/3223/3378 3467/3221/3376 3414/3168/792
f 3414/3168/792 3415/3169/3324 3469/3223/3378
f 3470/3224/3379 3466/3220/3375 3467/3221/3376
f 3467/3221/3376 3469/3223/3378 3470/3224/3379
f 3466/3220/3375 3470/3224/3379 3468/3222/3377
f 3415/3169/3324 3471/3225/3380 3469/3223/3378
f 3471/3225/3380 3470/3224/3379 3469/3223/3378
f 3471/3225/3380 3415/3169/3324 3472/3226/3381
f 3473/3227/3382 3471/3225/3380 3472/3226/3381
f 3468/3222/3377 3470/3224/3379 3474/3228/3383
f 3470/3224/3379 3471/3225/3380 3474/3228/3383
f 3474/3228/3383 3455/3209/3364 3468/3222/3377
f 3455/3209/3364 3474/3228/3383 3453/3207/3362
f 3471/3225/3380 3473/3227/3382 3475/3229/3384
f 3475/3229/3384 3474/3228/3383 3471/3225/3380
f 3476/3230/3385 3475/3229/3384 3473/3227/3382
f 3477/3231/3386 3453/3207/3362 3474/3228/3383
f 3474/3228/3383 3475/3229/3384 3477/3231/3386
f 3453/3207/3362 3477/3231/3386 3451/3205/3360
f 3475/3229/3384 3476/3230/3385 3478/3232/3387
f 3478/3232/3387 3477/3231/3386 3475/3229/3384
f 3479/3233/3388 3451/3205/3360 3477/3231/3386
f 3477/3231/3386 3478/3232/3387 3479/3233/3388
f 3478/3232/3387 3476/3230/3385 3480/3234/3389
f 3480/3234/3389 3476/3230/3385 3481/3235/3390
f 3479/3233/3388 3478/3232/3387 3482/3236/3391
f 3482/3236/3391 3478/3232/3387 3480/3234/3389
f 3451/3205/3360 3479/3233/3388 3483/3237/3392
f 3483/3237/3392 3447/3201/3356 3451/3205/3360
f 3447/3201/3356 3483/3237/3392 3450/3204/3359
f 3479/3233/3388 3482/3236/3391 3484/3238/3393
f 3484/3238/3393 3483/3237/3392 3479/3233/3388
f 3480/3234/3389 3485/3239/3394 3482/3236/3391
f 3485/3239/3394 3484/3238/3393 3482/3236/3391
f 3483/3237/3392 3486/3240/3395 3450/3204/3359
f 3452/3206/3361 3450/3204/3359 3486/3240/3395
f 3483/3237/3392 3484/3238/3393 3487/3241/3396
f 3486/3240/3395 3483/3237/3392 3487/3241/3396
f 3487/3241/3396 3484/3238/3393 3488/3242/3397
f 3484/3238/3393 3485/3239/3394 3488/3242/3397
f 3489/3243/3398 3486/3240/3395 3487/3241/3396
f 3488/3242/3397 3489/3243/3398 3487/3241/3396
f 3486/3240/3395 3490/3244/3399 3452/3206/3361
f 3490/3244/3399 3454/3208/3363 3452/3206/3361
f 3490/3244/3399 3486/3240/3395 3491/3245/3400
f 3486/3240/3395 3489/3243/3398 3491/3245/3400
f 3492/3246/3401 3454/3208/3363 3490/3244/3399
f 3491/3245/3400 3492/3246/3401 3490/3244/3399
f 3454/3208/3363 3492/3246/3401 3456/3210/3365
f 3489/3243/3398 3493/3247/3402 3491/3245/3400
f 3491/3245/3400 3493/3247/3402 3492/3246/3401
f 3493/3247/3402 3489/3243/3398 3494/3248/3403
f 3494/3248/3403 3489/3243/3398 3488/3242/3397
f 3495/3249/3404 3492/3246/3401 3493/3247/3402
f 3494/3248/3403 3495/3249/3404 3493/3247/3402
f 3456/3210/3365 3492/3246/3401 3496/3250/3405
f 3496/3250/3405 3492/3246/3401 3495/3249/3404
f 3459/3213/3368 3456/3210/3365 3496/3250/3405
f 3497/3251/3406 3494/3248/3403 3488/3242/3397
f 3485/3239/3394 3497/3251/3406 3488/3242/3397
f 3498/3252/3407 3459/3213/3368 3496/3250/3405
f 3463/3217/3372 3459/3213/3368 3498/3252/3407
f 3499/3253/3408 3496/3250/3405 3495/3249/3404
f 3496/3250/3405 3499/3253/3408 3498/3252/3407
f 3495/3249/3404 3494/3248/3403 3500/3254/3409
f 3500/3254/3409 3499/3253/3408 3495/3249/3404
f 3500/3254/3409 3494/3248/3403 3497/3251/3406
f 3501/3255/3410 3498/3252/3407 3499/3253/3408
f 3463/3217/3372 3498/3252/3407 3502/3256/3411
f 3498/3252/3407 3501/3255/3410 3502/3256/3411
f 3502/3256/3411 3503/3257/3412 3463/3217/3372
f 3463/3217/3372 3503/3257/3412 3464/3218/3373
f 3503/3257/3412 3504/3258/3413 3464/3218/3373
f 3503/3257/3412 3502/3256/3411 3505/3259/3414
f 3506/3260/3415 3504/3258/3413 3503/3257/3412
f 3505/3259/3414 3506/3260/3415 3503/3257/3412
f 3506/3260/3415 3507/3261/3416 3504/3258/3413
f 3508/3262/3417 3505/3259/3414 3502/3256/3411
f 3508/3262/3417 3502/3256/3411 3501/3255/3410
f 3507/3261/3416 3506/3260/3415 3509/3263/3418
f 3509/3263/3418 3510/3264/3419 3507/3261/3416
f 3511/3265/3420 3506/3260/3415 3505/3259/3414
f 3511/3265/3420 3505/3259/3414 3508/3262/3417
f 3509/3263/3418 3506/3260/3415 3512/3266/3421
f 3506/3260/3415 3511/3265/3420 3512/3266/3421
f 3510/3264/3419 3509/3263/3418 3513/3267/3422
f 3513/3267/3422 3509/3263/3418 3512/3266/3421
f 3510/3264/3419 3513/3267/3422 3514/3268/3423
f 3514/3268/3423 3513/3267/3422 3515/3269/3424
f 3515/3269/3424 3516/3270/3425 3514/3268/3423
f 3517/3271/3426 3513/3267/3422 3512/3266/3421
f 3513/3267/3422 3517/3271/3426 3515/3269/3424
f 3516/3270/3425 3515/3269/3424 3518/3272/3427
f 3519/3273/3428 3515/3269/3424 3517/3271/3426
f 3515/3269/3424 3519/3273/3428 3518/3272/3427
f 3520/3274/3429 3516/3270/3425 3518/3272/3427
f 3516/3270/3425 3520/3274/3429 3521/3275/3430
f 3518/3272/3427 3522/3276/3431 3520/3274/3429
f 3522/3276/3431 3518/3272/3427 3519/3273/3428
f 3521/3275/3430 3520/3274/3429 3523/3277/3432
f 3522/3276/3431 3523/3277/3432 3520/3274/3429
f 3523/3277/3432 3524/3278/3433 3521/3275/3430
f 3525/3279/3434 3524/3278/3433 3523/3277/3432
f 3523/3277/3432 3522/3276/3431 3526/3280/3435
f 3523/3277/3432 3526/3280/3435 3525/3279/3434
f 3524/3278/3433 3525/3279/3434 3527/3281/3436
f 3524/3278/3433 3527/3281/3436 3528/3282/3437
f 3525/3279/3434 3529/3283/3438 3527/3281/3436
f 3529/3283/3438 3525/3279/3434 3526/3280/3435
f 3530/3284/3439 3528/3282/3437 3527/3281/3436
f 3529/3283/3438 3530/3284/3439 3527/3281/3436
f 3528/3282/3437 3530/3284/3439 3531/3285/3440
f 3532/3286/3441 3531/3285/3440 3530/3284/3439
f 3531/3285/3440 3532/3286/3441 3533/3287/3442
f 3534/3288/3443 3530/3284/3439 3529/3283/3438
f 3530/3284/3439 3534/3288/3443 3532/3286/3441
f 3535/3289/3444 3533/3287/3442 3532/3286/3441
f 3533/3287/3442 3535/3289/3444 3536/3290/3445
f 3537/3291/3446 3532/3286/3441 3534/3288/3443
f 3532/3286/3441 3537/3291/3446 3535/3289/3444
f 3538/3292/3447 3536/3290/3445 3535/3289/3444
f 3536/3290/3445 3538/3292/3447 3539/3293/3448
f 3535/3289/3444 3537/3291/3446 3540/3294/3449
f 3540/3294/3449 3538/3292/3447 3535/3289/3444
f 3537/3291/3446 3534/3288/3443 3541/3295/3450
f 3540/3294/3449 3537/3291/3446 3541/3295/3450
f 3542/3296/3451 3539/3293/3448 3538/3292/3447
f 3539/3293/3448 3542/3296/3451 3543/3297/3452
f 3542/3296/3451 3481/3235/3390 3543/3297/3452
f 3544/3298/3453 3542/3296/3451 3538/3292/3447
f 3545/3299/3454 3481/3235/3390 3542/3296/3451
f 3545/3299/3454 3542/3296/3451 3544/3298/3453
f 3481/3235/3390 3545/3299/3454 3480/3234/3389
f 3485/3239/3394 3480/3234/3389 3545/3299/3454
f 3546/3300/3455 3544/3298/3453 3538/3292/3447
f 3546/3300/3455 3538/3292/3447 3540/3294/3449
f 3547/3301/3456 3545/3299/3454 3544/3298/3453
f 3485/3239/3394 3545/3299/3454 3547/3301/3456
f 3546/3300/3455 3547/3301/3456 3544/3298/3453
f 3497/3251/3406 3485/3239/3394 3547/3301/3456
f 3548/3302/3457 3547/3301/3456 3546/3300/3455
f 3497/3251/3406 3547/3301/3456 3548/3302/3457
f 3540/3294/3449 3548/3302/3457 3546/3300/3455
f 3497/3251/3406 3548/3302/3457 3500/3254/3409
f 3548/3302/3457 3540/3294/3449 3549/3303/3458
f 3549/3303/3458 3500/3254/3409 3548/3302/3457
f 3540/3294/3449 3541/3295/3450 3549/3303/3458
f 3500/3254/3409 3549/3303/3458 3550/3304/3459
f 3499/3253/3408 3500/3254/3409 3550/3304/3459
f 3549/3303/3458 3541/3295/3450 3551/3305/3460
f 3551/3305/3460 3550/3304/3459 3549/3303/3458
f 3550/3304/3459 3552/3306/3461 3499/3253/3408
f 3552/3306/3461 3501/3255/3410 3499/3253/3408
f 3550/3304/3459 3551/3305/3460 3553/3307/3462
f 3552/3306/3461 3550/3304/3459 3553/3307/3462
f 3554/3308/3463 3553/3307/3462 3551/3305/3460
f 3554/3308/3463 3552/3306/3461 3553/3307/3462
f 3501/3255/3410 3552/3306/3461 3555/3309/3464
f 3552/3306/3461 3554/3308/3463 3555/3309/3464
f 3501/3255/3410 3555/3309/3464 3508/3262/3417
f 3554/3308/3463 3551/3305/3460 3556/3310/3465
f 3541/3295/3450 3556/3310/3465 3551/3305/3460
f 3555/3309/3464 3557/3311/3466 3508/3262/3417
f 3508/3262/3417 3557/3311/3466 3511/3265/3420
f 3558/3312/3467 3556/3310/3465 3541/3295/3450
f 3534/3288/3443 3558/3312/3467 3541/3295/3450
f 3558/3312/3467 3534/3288/3443 3559/3313/3468
f 3529/3283/3438 3559/3313/3468 3534/3288/3443
f 3559/3313/3468 3529/3283/3438 3526/3280/3435
f 3560/3314/3469 3556/3310/3465 3558/3312/3467
f 3558/3312/3467 3559/3313/3468 3560/3314/3469
f 3556/3310/3465 3560/3314/3469 3561/3315/3470
f 3559/3313/3468 3562/3316/3471 3560/3314/3469
f 3562/3316/3471 3561/3315/3470 3560/3314/3469
f 3563/3317/3472 3559/3313/3468 3526/3280/3435
f 3562/3316/3471 3559/3313/3468 3563/3317/3472
f 3526/3280/3435 3564/3318/3473 3563/3317/3472
f 3522/3276/3431 3564/3318/3473 3526/3280/3435
f 3565/3319/3474 3562/3316/3471 3563/3317/3472
f 3565/3319/3474 3563/3317/3472 3564/3318/3473
f 3561/3315/3470 3562/3316/3471 3565/3319/3474
f 3564/3318/3473 3522/3276/3431 3566/3320/3475
f 3564/3318/3473 3566/3320/3475 3565/3319/3474
f 3522/3276/3431 3519/3273/3428 3566/3320/3475
f 3567/3321/3476 3561/3315/3470 3565/3319/3474
f 3556/3310/3465 3561/3315/3470 3567/3321/3476
f 3567/3321/3476 3554/3308/3463 3556/3310/3465
f 3568/3322/3477 3565/3319/3474 3566/3320/3475
f 3568/3322/3477 3567/3321/3476 3565/3319/3474
f 3554/3308/3463 3567/3321/3476 3569/3323/3478
f 3568/3322/3477 3569/3323/3478 3567/3321/3476
f 3569/3323/3478 3555/3309/3464 3554/3308/3463
f 3570/3324/3479 3568/3322/3477 3566/3320/3475
f 3570/3324/3479 3566/3320/3475 3519/3273/3428
f 3569/3323/3478 3568/3322/3477 3571/3325/3480
f 3568/3322/3477 3570/3324/3479 3571/3325/3480
f 3555/3309/3464 3569/3323/3478 3572/3326/3481
f 3571/3325/3480 3572/3326/3481 3569/3323/3478
f 3557/3311/3466 3555/3309/3464 3572/3326/3481
f 3570/3324/3479 3573/3327/3482 3571/3325/3480
f 3572/3326/3481 3571/3325/3480 3573/3327/3482
f 3519/3273/3428 3574/3328/3483 3570/3324/3479
f 3573/3327/3482 3570/3324/3479 3574/3328/3483
f 3574/3328/3483 3519/3273/3428 3517/3271/3426
f 3572/3326/3481 3573/3327/3482 3575/3329/3484
f 3575/3329/3484 3573/3327/3482 3574/3328/3483
f 3572/3326/3481 3575/3329/3484 3557/3311/3466
f 3517/3271/3426 3576/3330/3485 3574/3328/3483
f 3574/3328/3483 3576/3330/3485 3575/3329/3484
f 3576/3330/3485 3517/3271/3426 3512/3266/3421
f 3577/3331/3486 3557/3311/3466 3575/3329/3484
f 3576/3330/3485 3577/3331/3486 3575/3329/3484
f 3557/3311/3466 3577/3331/3486 3511/3265/3420
f 3578/3332/3487 3576/3330/3485 3512/3266/3421
f 3577/3331/3486 3576/3330/3485 3578/3332/3487
f 3511/3265/3420 3578/3332/3487 3512/3266/3421
f 3578/3332/3487 3511/3265/3420 3577/3331/3486
f 3579/3333/40 3580/3334/3488 3581/3335/39
f 3582/3336/3489 3581/3335/39 3580/3334/3488
f 3582/3336/3489 3580/3334/3488 3583/3337/3490
f 3581/3335/39 3582/3336/3489 3584/3338/3491
f 3584/3338/3491 3585/3339/37 3581/3335/39
f 3583/3337/3490 3586/3340/3492 3582/3336/3489
f 3587/3341/3493 3586/3340/3492 3583/3337/3490
f 3586/3340/3492 3587/3341/3493 3588/3342/3494
f 3586/3340/3492 3589/3343/3495 3582/3336/3489
f 3588/3342/3494 3589/3343/3495 3586/3340/3492
f 3589/3343/3495 3584/3338/3491 3582/3336/3489
f 3589/3343/3495 3588/3342/3494 3590/3344/3496
f 3584/3338/3491 3589/3343/3495 3591/3345/3497
f 3590/3344/3496 3591/3345/3497 3589/3343/3495
f 3585/3339/37 3584/3338/3491 3592/3346/3498
f 3584/3338/3491 3591/3345/3497 3592/3346/3498
f 3593/3347/3499 3585/3339/37 3592/3346/3498
f 3585/3339/37 3593/3347/3499 3594/3348/3500
f 3591/3345/3497 3595/3349/3501 3592/3346/3498
f 3595/3349/3501 3593/3347/3499 3592/3346/3498
f 3594/3348/3500 3593/3347/3499 3596/3350/3502
f 3594/3348/3500 3596/3350/3502 3597/3351/3503
f 3596/3350/3502 3598/3352/3504 3597/3351/3503
f 3593/3347/3499 3595/3349/3501 3599/3353/3505
f 3599/3353/3505 3596/3350/3502 3593/3347/3499
f 3591/3345/3497 3600/3354/3506 3595/3349/3501
f 3599/3353/3505 3595/3349/3501 3600/3354/3506
f 3598/3352/3504 3596/3350/3502 3601/3355/3507
f 3602/3356/3508 3598/3352/3504 3601/3355/3507
f 3596/3350/3502 3599/3353/3505 3603/3357/3509
f 3603/3357/3509 3601/3355/3507 3596/3350/3502
f 3591/3345/3497 3604/3358/3510 3600/3354/3506
f 3591/3345/3497 3590/3344/3496 3604/3358/3510
f 3604/3358/3510 3605/3359/3511 3600/3354/3506
f 3590/3344/3496 3606/3360/3512 3604/3358/3510
f 3605/3359/3511 3604/3358/3510 3606/3360/3512
f 3605/3359/3511 3607/3361/3513 3600/3354/3506
f 3600/3354/3506 3607/3361/3513 3599/3353/3505
f 3606/3360/3512 3608/3362/3514 3605/3359/3511
f 3607/3361/3513 3605/3359/3511 3608/3362/3514
f 3590/3344/3496 3609/3363/3515 3606/3360/3512
f 3607/3361/3513 3610/3364/3516 3599/3353/3505
f 3599/3353/3505 3610/3364/3516 3603/3357/3509
f 3611/3365/3517 3609/3363/3515 3590/3344/3496
f 3588/3342/3494 3611/3365/3517 3590/3344/3496
f 3612/3341/3518 3611/3365/3517 3588/3342/3494
f 3611/3365/3517 3612/3341/3518 3613/3366/3519
f 3609/3363/3515 3614/3367/3520 3606/3360/3512
f 3608/3362/3514 3606/3360/3512 3614/3367/3520
f 3611/3365/3517 3615/3368/3521 3609/3363/3515
f 3614/3367/3520 3609/3363/3515 3615/3368/3521
f 3613/3366/3519 3616/3369/3522 3611/3365/3517
f 3611/3365/3517 3616/3369/3522 3615/3368/3521
f 3613/3366/3519 3617/3370/3523 3616/3369/3522
f 3614/3367/3520 3615/3368/3521 3618/3371/3524
f 3617/3370/3523 3619/3372/3525 3616/3369/3522
f 3619/3372/3525 3617/3370/3523 3620/3373/3526
f 3621/3374/2722 3619/3372/3525 3620/3373/3526
f 3616/3369/3522 3622/3375/3527 3615/3368/3521
f 3622/3375/3527 3616/3369/3522 3619/3372/3525
f 3615/3368/3521 3622/3375/3527 3618/3371/3524
f 3619/3372/3525 3621/3374/2722 3623/3376/3528
f 3623/3376/3528 3622/3375/3527 3619/3372/3525
f 3621/3374/2722 3624/3377/3529 3623/3376/3528
f 3622/3375/3527 3625/3378/3530 3618/3371/3524
f 3625/3378/3530 3622/3375/3527 3623/3376/3528
f 3624/3377/3529 3626/3379/3531 3623/3376/3528
f 3623/3376/3528 3626/3379/3531 3625/3378/3530
f 3627/3380/3532 3626/3379/3531 3624/3377/3529
f 3626/3379/3531 3627/3380/3532 3628/3381/3533
f 3626/3379/3531 3628/3381/3533 3625/3378/3530
f 3625/3378/3530 3629/3382/3534 3618/3371/3524
f 3629/3382/3534 3614/3367/3520 3618/3371/3524
f 3614/3367/3520 3629/3382/3534 3608/3362/3514
f 3625/3378/3530 3628/3381/3533 3630/3383/3535
f 3629/3382/3534 3625/3378/3530 3630/3383/3535
f 3628/3381/3533 3631/3384/3536 3630/3383/3535
f 3608/3362/3514 3629/3382/3534 3632/3385/3537
f 3630/3383/3535 3632/3385/3537 3629/3382/3534
f 3632/3385/3537 3607/3361/3513 3608/3362/3514
f 3630/3383/3535 3631/3384/3536 3633/3386/3538
f 3632/3385/3537 3630/3383/3535 3633/3386/3538
f 3631/3384/3536 3634/3387/3539 3633/3386/3538
f 3635/3388/3540 3607/3361/3513 3632/3385/3537
f 3632/3385/3537 3633/3386/3538 3635/3388/3540
f 3607/3361/3513 3635/3388/3540 3610/3364/3516
f 3633/3386/3538 3634/3387/3539 3636/3389/3541
f 3635/3388/3540 3633/3386/3538 3636/3389/3541
f 3636/3389/3541 3634/3387/3539 3637/3390/3542
f 3637/3390/3542 3638/3391/3543 3636/3389/3541
f 3638/3391/3543 3635/3388/3540 3636/3389/3541
f 3638/3391/3543 3637/3390/3542 3639/3392/3544
f 3640/3393/3545 3610/3364/3516 3635/3388/3540
f 3635/3388/3540 3638/3391/3543 3640/3393/3545
f 3638/3391/3543 3639/3392/3544 3641/3394/3546
f 3641/3394/3546 3640/3393/3545 3638/3391/3543
f 3641/3394/3546 3639/3392/3544 3642/3395/3547
f 3610/3364/3516 3640/3393/3545 3643/3396/3548
f 3610/3364/3516 3643/3396/3548 3603/3357/3509
f 3640/3393/3545 3641/3394/3546 3644/3397/3549
f 3644/3397/3549 3643/3396/3548 3640/3393/3545
f 3603/3357/3509 3643/3396/3548 3645/3398/3550
f 3601/3355/3507 3603/3357/3509 3645/3398/3550
f 3643/3396/3548 3644/3397/3549 3646/3399/3551
f 3643/3396/3548 3646/3399/3551 3645/3398/3550
f 3645/3398/3550 3647/3400/3552 3601/3355/3507
f 3601/3355/3507 3647/3400/3552 3602/3356/3508
f 3645/3398/3550 3646/3399/3551 3648/3401/3553
f 3647/3400/3552 3645/3398/3550 3648/3401/3553
f 3602/3356/3508 3647/3400/3552 3649/3402/3554
f 3650/3403/3555 3647/3400/3552 3648/3401/3553
f 3647/3400/3552 3650/3403/3555 3649/3402/3554
f 3651/3404/3556 3602/3356/3508 3649/3402/3554
f 3650/3403/3555 3651/3404/3556 3649/3402/3554
f 3602/3356/3508 3651/3404/3556 3652/3405/3557
f 3650/3403/3555 3648/3401/3553 3653/3406/3558
f 3646/3399/3551 3653/3406/3558 3648/3401/3553
f 3654/3407/3559 3651/3404/3556 3650/3403/3555
f 3653/3406/3558 3646/3399/3551 3655/3408/3560
f 3654/3407/3559 3656/3409/3561 3651/3404/3556
f 3656/3409/3561 3652/3405/3557 3651/3404/3556
f 3650/3403/3555 3657/3410/3562 3654/3407/3559
f 3650/3403/3555 3653/3406/3558 3657/3410/3562
f 3656/3409/3561 3654/3407/3559 3658/3411/3563
f 3658/3411/3563 3654/3407/3559 3657/3410/3562
f 3656/3409/3561 3659/3412/3564 3652/3405/3557
f 3652/3405/3557 3659/3412/3564 3660/3413/3565
f 3656/3409/3561 3658/3411/3563 3661/3414/3566
f 3659/3412/3564 3656/3409/3561 3661/3414/3566
f 3659/3412/3564 3662/3415/3567 3660/3413/3565
f 3660/3413/3565 3662/3415/3567 3663/3416/3568
f 3664/3417/3569 3659/3412/3564 3661/3414/3566
f 3662/3415/3567 3659/3412/3564 3664/3417/3569
f 3661/3414/3566 3658/3411/3563 3665/3418/3570
f 3665/3418/3570 3664/3417/3569 3661/3414/3566
f 3666/3419/3571 3663/3416/3568 3662/3415/3567
f 3663/3416/3568 3666/3419/3571 3667/3420/3572
f 3666/3419/3571 3668/3421/3573 3667/3420/3572
f 3669/3422/3574 3662/3415/3567 3664/3417/3569
f 3669/3422/3574 3666/3419/3571 3662/3415/3567
f 3668/3421/3573 3666/3419/3571 3670/3423/3575
f 3670/3423/3575 3671/3424/3576 3668/3421/3573
f 3666/3419/3571 3669/3422/3574 3672/3425/3577
f 3672/3425/3577 3670/3423/3575 3666/3419/3571
f 3671/3424/3576 3670/3423/3575 3673/3426/3578
f 3671/3424/3576 3673/3426/3578 3674/3427/3579
f 3670/3423/3575 3672/3425/3577 3675/3428/3580
f 3675/3428/3580 3673/3426/3578 3670/3423/3575
f 3673/3426/3578 3676/3429/3581 3674/3427/3579
f 3676/3429/3581 3677/3430/3582 3674/3427/3579
f 3673/3426/3578 3675/3428/3580 3678/3431/3583
f 3678/3431/3583 3676/3429/3581 3673/3426/3578
f 3677/3430/3582 3676/3429/3581 3679/3432/3584
f 3680/3433/3585 3677/3430/3582 3679/3432/3584
f 3676/3429/3581 3678/3431/3583 3681/3434/3586
f 3681/3434/3586 3679/3432/3584 3676/3429/3581
f 3679/3432/3584 3682/3435/3587 3680/3433/3585
f 3682/3435/3587 3683/3436/3588 3680/3433/3585
f 3679/3432/3584 3681/3434/3586 3684/3437/3589
f 3684/3437/3589 3682/3435/3587 3679/3432/3584
f 3681/3434/3586 3678/3431/3583 3685/3438/3590
f 3681/3434/3586 3686/3439/3591 3684/3437/3589
f 3686/3439/3591 3681/3434/3586 3685/3438/3590
f 3682/3435/3587 3684/3437/3589 3687/3440/3592
f 3686/3439/3591 3687/3440/3592 3684/3437/3589
f 3683/3436/3588 3682/3435/3587 3688/3441/3593
f 3687/3440/3592 3688/3441/3593 3682/3435/3587
f 3689/3442/3594 3683/3436/3588 3688/3441/3593
f 3683/3436/3588 3689/3442/3594 3690/3443/3595
f 3688/3441/3593 3687/3440/3592 3691/3444/3596
f 3689/3442/3594 3692/3445/3597 3690/3443/3595
f 3690/3443/3595 3692/3445/3597 3693/3446/3598
f 3694/3447/3599 3689/3442/3594 3688/3441/3593
f 3688/3441/3593 3691/3444/3596 3694/3447/3599
f 3689/3442/3594 3695/3448/3600 3692/3445/3597
f 3695/3448/3600 3689/3442/3594 3694/3447/3599
f 3696/3449/3601 3693/3446/3598 3692/3445/3597
f 3693/3446/3598 3696/3449/3601 3697/3450/3602
f 3695/3448/3600 3698/3451/3603 3692/3445/3597
f 3696/3449/3601 3692/3445/3597 3698/3451/3603
f 3699/3452/3604 3697/3450/3602 3696/3449/3601
f 3697/3450/3602 3699/3452/3604 3700/3453/3605
f 3698/3451/3603 3701/3454/3606 3696/3449/3601
f 3699/3452/3604 3696/3449/3601 3701/3454/3606
f 3699/3452/3604 3702/3455/3607 3700/3453/3605
f 3700/3453/3605 3702/3455/3607 3703/3456/3608
f 3702/3455/3607 3704/3457/3609 3703/3456/3608
f 3699/3452/3604 3705/3458/3610 3702/3455/3607
f 3705/3458/3610 3699/3452/3604 3701/3454/3606
f 3702/3455/3607 3706/3459/3611 3704/3457/3609
f 3705/3458/3610 3706/3459/3611 3702/3455/3607
f 3707/3460/3612 3704/3457/3609 3706/3459/3611
f 3705/3458/3610 3701/3454/3606 3708/3461/3613
f 3707/3460/3612 3706/3459/3611 3709/3462/3614
f 3706/3459/3611 3705/3458/3610 3710/3463/3615
f 3709/3462/3614 3706/3459/3611 3710/3463/3615
f 3707/3460/3612 3709/3462/3614 3711/3464/3616
f 3711/3464/3616 3642/3395/3547 3707/3460/3612
f 3710/3463/3615 3712/3465/3617 3709/3462/3614
f 3712/3465/3617 3711/3464/3616 3709/3462/3614
f 3713/3466/3618 3642/3395/3547 3711/3464/3616
f 3713/3466/3618 3641/3394/3546 3642/3395/3547
f 3714/3467/3619 3711/3464/3616 3712/3465/3617
f 3714/3467/3619 3713/3466/3618 3711/3464/3616
f 3715/3468/3620 3641/3394/3546 3713/3466/3618
f 3713/3466/3618 3714/3467/3619 3715/3468/3620
f 3644/3397/3549 3641/3394/3546 3715/3468/3620
f 3644/3397/3549 3715/3468/3620 3716/3469/3621
f 3714/3467/3619 3716/3469/3621 3715/3468/3620
f 3716/3469/3621 3646/3399/3551 3644/3397/3549
f 3646/3399/3551 3716/3469/3621 3655/3408/3560
f 3716/3469/3621 3714/3467/3619 3717/3470/3622
f 3717/3470/3622 3655/3408/3560 3716/3469/3621
f 3718/3471/3623 3714/3467/3619 3712/3465/3617
f 3714/3467/3619 3718/3471/3623 3717/3470/3622
f 3655/3408/3560 3717/3470/3622 3719/3472/3624
f 3719/3472/3624 3653/3406/3558 3655/3408/3560
f 3653/3406/3558 3719/3472/3624 3657/3410/3562
f 3720/3473/126 3719/3472/3624 3717/3470/3622
f 3720/3473/126 3717/3470/3622 3718/3471/3623
f 3719/3472/3624 3721/3474/3625 3657/3410/3562
f 3721/3474/3625 3719/3472/3624 3720/3473/126
f 3657/3410/3562 3721/3474/3625 3658/3411/3563
f 3665/3418/3570 3658/3411/3563 3721/3474/3625
f 3721/3474/3625 3720/3473/126 3722/3475/3626
f 3665/3418/3570 3721/3474/3625 3722/3475/3626
f 3722/3475/3626 3720/3473/126 3718/3471/3623
f 3718/3471/3623 3712/3465/3617 3723/3476/3627
f 3723/3476/3627 3722/3475/3626 3718/3471/3623
f 3723/3476/3627 3712/3465/3617 3710/3463/3615
f 3665/3418/3570 3722/3475/3626 3724/3477/3628
f 3724/3477/3628 3722/3475/3626 3723/3476/3627
f 3725/3478/3629 3665/3418/3570 3724/3477/3628
f 3664/3417/3569 3665/3418/3570 3725/3478/3629
f 3724/3477/3628 3723/3476/3627 3726/3479/3630
f 3723/3476/3627 3710/3463/3615 3726/3479/3630
f 3727/3480/3631 3725/3478/3629 3724/3477/3628
f 3726/3479/3630 3727/3480/3631 3724/3477/3628
f 3728/3481/2481 3664/3417/3569 3725/3478/3629
f 3725/3478/3629 3727/3480/3631 3728/3481/2481
f 3664/3417/3569 3728/3481/2481 3669/3422/3574
f 3726/3479/3630 3710/3463/3615 3729/3482/3632
f 3710/3463/3615 3705/3458/3610 3729/3482/3632
f 3705/3458/3610 3708/3461/3613 3729/3482/3632
f 3729/3482/3632 3730/3483/3633 3726/3479/3630
f 3730/3483/3633 3729/3482/3632 3708/3461/3613
f 3727/3480/3631 3726/3479/3630 3730/3483/3633
f 3731/3484/3634 3730/3483/3633 3708/3461/3613
f 3732/3485/3635 3727/3480/3631 3730/3483/3633
f 3730/3483/3633 3731/3484/3634 3732/3485/3635
f 3727/3480/3631 3732/3485/3635 3733/3486/3636
f 3728/3481/2481 3727/3480/3631 3733/3486/3636
f 3731/3484/3634 3734/3487/3637 3732/3485/3635
f 3733/3486/3636 3735/3488/3638 3728/3481/2481
f 3732/3485/3635 3736/3489/3639 3733/3486/3636
f 3736/3489/3639 3735/3488/3638 3733/3486/3636
f 3736/3489/3639 3732/3485/3635 3734/3487/3637
f 3737/3490/3640 3728/3481/2481 3735/3488/3638
f 3737/3490/3640 3669/3422/3574 3728/3481/2481
f 3735/3488/3638 3736/3489/3639 3738/3491/3641
f 3735/3488/3638 3738/3491/3641 3737/3490/3640
f 3669/3422/3574 3737/3490/3640 3739/3492/3642
f 3672/3425/3577 3669/3422/3574 3739/3492/3642
f 3737/3490/3640 3740/3493/3643 3739/3492/3642
f 3738/3491/3641 3740/3493/3643 3737/3490/3640
f 3741/3494/3644 3672/3425/3577 3739/3492/3642
f 3740/3493/3643 3741/3494/3644 3739/3492/3642
f 3672/3425/3577 3741/3494/3644 3675/3428/3580
f 3741/3494/3644 3742/3495/3645 3675/3428/3580
f 3740/3493/3643 3742/3495/3645 3741/3494/3644
f 3742/3495/3645 3678/3431/3583 3675/3428/3580
f 3678/3431/3583 3742/3495/3645 3685/3438/3590
f 3743/3496/3641 3740/3493/3643 3738/3491/3641
f 3740/3493/3643 3744/3497/3646 3742/3495/3645
f 3740/3493/3643 3743/3496/3641 3744/3497/3646
f 3742/3495/3645 3745/3498/3647 3685/3438/3590
f 3742/3495/3645 3744/3497/3646 3746/3499/3648
f 3745/3498/3647 3742/3495/3645 3746/3499/3648
f 3745/3498/3647 3747/3500/3649 3685/3438/3590
f 3746/3499/3648 3747/3500/3649 3745/3498/3647
f 3686/3439/3591 3685/3438/3590 3747/3500/3649
f 3744/3497/3646 3748/3501/3650 3746/3499/3648
f 3747/3500/3649 3746/3499/3648 3748/3501/3650
f 3743/3496/3641 3748/3501/3650 3744/3497/3646
f 3747/3500/3649 3749/3502/3651 3686/3439/3591
f 3749/3502/3651 3747/3500/3649 3748/3501/3650
f 3743/3496/3641 3750/3503/3652 3748/3501/3650
f 3748/3501/3650 3750/3503/3652 3749/3502/3651
f 3743/3496/3641 3738/3491/3641 3751/3504/3653
f 3751/3504/3653 3750/3503/3652 3743/3496/3641
f 3738/3491/3641 3736/3489/3639 3751/3504/3653
f 3752/3505/3654 3686/3439/3591 3749/3502/3651
f 3687/3440/3592 3686/3439/3591 3752/3505/3654
f 3687/3440/3592 3752/3505/3654 3691/3444/3596
f 3750/3503/3652 3753/3506/3655 3749/3502/3651
f 3749/3502/3651 3753/3506/3655 3752/3505/3654
f 3691/3444/3596 3752/3505/3654 3754/3507/3656
f 3753/3506/3655 3754/3507/3656 3752/3505/3654
f 3754/3507/3656 3694/3447/3599 3691/3444/3596
f 3753/3506/3655 3750/3503/3652 3755/3508/3657
f 3750/3503/3652 3751/3504/3653 3755/3508/3657
f 3756/3509/3658 3753/3506/3655 3755/3508/3657
f 3751/3504/3653 3756/3509/3658 3755/3508/3657
f 3754/3507/3656 3753/3506/3655 3757/3510/3659
f 3753/3506/3655 3756/3509/3658 3757/3510/3659
f 3694/3447/3599 3754/3507/3656 3758/3511/3660
f 3758/3511/3660 3695/3448/3600 3694/3447/3599
f 3759/3512/3661 3754/3507/3656 3757/3510/3659
f 3754/3507/3656 3759/3512/3661 3758/3511/3660
f 3756/3509/3658 3760/3513/3662 3757/3510/3659
f 3759/3512/3661 3757/3510/3659 3760/3513/3662
f 3756/3509/3658 3751/3504/3653 3761/3514/3663
f 3756/3509/3658 3761/3514/3663 3760/3513/3662
f 3736/3489/3639 3761/3514/3663 3751/3504/3653
f 3761/3514/3663 3736/3489/3639 3734/3487/3637
f 3761/3514/3663 3762/3515/3664 3760/3513/3662
f 3734/3487/3637 3762/3515/3664 3761/3514/3663
f 3763/3516/3665 3759/3512/3661 3760/3513/3662
f 3762/3515/3664 3763/3516/3665 3760/3513/3662
f 3759/3512/3661 3763/3516/3665 3764/3517/3666
f 3758/3511/3660 3759/3512/3661 3764/3517/3666
f 3765/3518/3667 3764/3517/3666 3763/3516/3665
f 3765/3518/3667 3758/3511/3660 3764/3517/3666
f 3763/3516/3665 3762/3515/3664 3765/3518/3667
f 3758/3511/3660 3766/3519/3668 3695/3448/3600
f 3765/3518/3667 3766/3519/3668 3758/3511/3660
f 3698/3451/3603 3695/3448/3600 3766/3519/3668
f 3762/3515/3664 3767/3520/3669 3765/3518/3667
f 3762/3515/3664 3734/3487/3637 3767/3520/3669
f 3767/3520/3669 3734/3487/3637 3731/3484/3634
f 3708/3461/3613 3767/3520/3669 3731/3484/3634
f 3768/3521/3670 3766/3519/3668 3765/3518/3667
f 3767/3520/3669 3768/3521/3670 3765/3518/3667
f 3698/3451/3603 3766/3519/3668 3768/3521/3670
f 3708/3461/3613 3768/3521/3670 3767/3520/3669
f 3768/3521/3670 3701/3454/3606 3698/3451/3603
f 3768/3521/3670 3708/3461/3613 3701/3454/3606
f 3769/3522/3671 3770/3523/3672 3771/3524/3673
f 3772/3525/3674 3771/3524/3673 3770/3523/3672
f 3771/3524/3673 3772/3525/3674 3773/3526/3675
f 3770/3523/3672 3774/3527/3676 3772/3525/3674
f 3770/3523/3672 3775/3528/3677 3774/3527/3676
f 3776/3529/3678 3773/3526/3675 3772/3525/3674
f 3774/3527/3676 3776/3529/3678 3772/3525/3674
f 3773/3526/3675 3776/3529/3678 3777/3530/3679
f 3775/3528/3677 3778/3531/3680 3774/3527/3676
f 3779/3532/3681 3777/3530/3679 3776/3529/3678
f 3777/3530/3679 3779/3532/3681 3780/3533/3682
f 3776/3529/3678 3774/3527/3676 3781/3534/3683
f 3781/3534/3683 3779/3532/3681 3776/3529/3678
f 3778/3531/3680 3782/3535/3684 3774/3527/3676
f 3774/3527/3676 3782/3535/3684 3781/3534/3683
f 3783/38/3685 3778/3531/3680 3784/41/3686
f 3783/38/3685 3782/3535/3684 3778/3531/3680
f 3782/3535/3684 3783/38/3685 3785/36/3687
f 3785/36/3687 3786/3536/3688 3782/3535/3684
f 3782/3535/3684 3786/3536/3688 3781/3534/3683
f 3786/3536/3688 3785/36/3687 3787/34/34
f 3788/3537/3689 3781/3534/3683 3786/3536/3688
f 3779/3532/3681 3781/3534/3683 3788/3537/3689
f 3787/34/34 3789/3538/3690 3786/3536/3688
f 3786/3536/3688 3789/3538/3690 3788/3537/3689
f 3789/3538/3690 3787/34/34 3790/32/3691
f 3791/3539/3692 3779/3532/3681 3788/3537/3689
f 3779/3532/3681 3791/3539/3692 3780/3533/3682
f 3792/3540/3693 3780/3533/3682 3791/3539/3692
f 3789/3538/3690 3793/3541/3694 3788/3537/3689
f 3793/3541/3694 3791/3539/3692 3788/3537/3689
f 3791/3539/3692 3794/3542/3695 3792/3540/3693
f 3791/3539/3692 3793/3541/3694 3794/3542/3695
f 3792/3540/3693 3794/3542/3695 3795/3543/3696
f 3789/3538/3690 3790/32/3691 3796/3544/3697
f 3793/3541/3694 3789/3538/3690 3796/3544/3697
f 3796/3544/3697 3790/32/3691 3797/29/3698
f 3798/3545/3699 3795/3543/3696 3794/3542/3695
f 3793/3541/3694 3798/3545/3699 3794/3542/3695
f 3795/3543/3696 3798/3545/3699 3799/3546/3700
f 3800/3547/3701 3799/3546/3700 3798/3545/3699
f 3801/3548/3702 3793/3541/3694 3796/3544/3697
f 3798/3545/3699 3793/3541/3694 3801/3548/3702
f 3797/29/3698 3802/3549/3703 3796/3544/3697
f 3796/3544/3697 3802/3549/3703 3801/3548/3702
f 3802/3549/3703 3797/29/3698 3803/27/3704
f 3804/26/3705 3802/3549/3703 3803/27/3704
f 3798/3545/3699 3805/3550/3706 3800/3547/3701
f 3805/3550/3706 3806/3551/3707 3800/3547/3701
f 3802/3549/3703 3804/26/3705 3807/3552/3708
f 3807/3552/3708 3801/3548/3702 3802/3549/3703
f 3808/3553/3709 3798/3545/3699 3801/3548/3702
f 3801/3548/3702 3807/3552/3708 3808/3553/3709
f 3798/3545/3699 3808/3553/3709 3805/3550/3706
f 3809/3554/3710 3807/3552/3708 3804/26/3705
f 3804/26/3705 3810/24/3711 3809/3554/3710
f 3807/3552/3708 3811/3555/3712 3808/3553/3709
f 3811/3555/3712 3805/3550/3706 3808/3553/3709
f 3807/3552/3708 3809/3554/3710 3812/3556/3713
f 3811/3555/3712 3807/3552/3708 3812/3556/3713
f 3809/3554/3710 3810/24/3711 3813/3557/3714
f 3810/24/3711 3814/22/3715 3813/3557/3714
f 3809/3554/3710 3815/3558/3716 3812/3556/3713
f 3815/3558/3716 3809/3554/3710 3813/3557/3714
f 3811/3555/3712 3812/3556/3713 3816/3559/3717
f 3812/3556/3713 3815/3558/3716 3816/3559/3717
f 3805/3550/3706 3811/3555/3712 3817/3560/3718
f 3816/3559/3717 3817/3560/3718 3811/3555/3712
f 3806/3551/3707 3805/3550/3706 3817/3560/3718
f 3818/3561/3719 3806/3551/3707 3817/3560/3718
f 3817/3560/3718 3816/3559/3717 3818/3561/3719
f 3806/3551/3707 3818/3561/3719 3819/3562/3720
f 3815/3558/3716 3820/3563/3721 3816/3559/3717
f 3820/3563/3721 3818/3561/3719 3816/3559/3717
f 3819/3562/3720 3818/3561/3719 3821/3564/3722
f 3818/3561/3719 3820/3563/3721 3821/3564/3722
f 3822/3565/3723 3819/3562/3720 3821/3564/3722
f 3820/3563/3721 3815/3558/3716 3823/3566/3724
f 3813/3557/3714 3823/3566/3724 3815/3558/3716
f 3824/3567/3725 3821/3564/3722 3820/3563/3721
f 3820/3563/3721 3823/3566/3724 3824/3567/3725
f 3821/3564/3722 3825/3568/3726 3822/3565/3723
f 3821/3564/3722 3824/3567/3725 3825/3568/3726
f 3825/3568/3726 3826/3569/3727 3822/3565/3723
f 3827/3570/3728 3822/3565/3723 3826/3569/3727
f 3826/3569/3727 3828/3571/3729 3827/3570/3728
f 3829/3572/3730 3825/3568/3726 3824/3567/3725
f 3825/3568/3726 3829/3572/3730 3826/3569/3727
f 3826/3569/3727 3830/3573/3731 3828/3571/3729
f 3826/3569/3727 3829/3572/3730 3830/3573/3731
f 3828/3571/3729 3830/3573/3731 3831/3574/3732
f 3832/3575/3733 3829/3572/3730 3824/3567/3725
f 3823/3566/3724 3832/3575/3733 3824/3567/3725
f 3829/3572/3730 3833/3576/3734 3830/3573/3731
f 3829/3572/3730 3832/3575/3733 3833/3576/3734
f 3830/3573/3731 3834/3577/3735 3831/3574/3732
f 3834/3577/3735 3830/3573/3731 3833/3576/3734
f 3835/3578/3736 3831/3574/3732 3834/3577/3735
f 3834/3577/3735 3836/3579/3737 3835/3578/3736
f 3836/3579/3737 3834/3577/3735 3837/3580/3738
f 3837/3580/3738 3838/15/3739 3836/3579/3737
f 3837/3580/3738 3839/16/3740 3838/15/3739
f 3840/3581/3741 3837/3580/3738 3834/3577/3735
f 3837/3580/3738 3840/3581/3741 3839/16/3740
f 3833/3576/3734 3840/3581/3741 3834/3577/3735
f 3840/3581/3741 3841/18/3742 3839/16/3740
f 3833/3576/3734 3842/3582/3743 3840/3581/3741
f 3841/18/3742 3840/3581/3741 3842/3582/3743
f 3842/3582/3743 3833/3576/3734 3832/3575/3733
f 3843/20/3744 3841/18/3742 3842/3582/3743
f 3832/3575/3733 3844/3583/3745 3842/3582/3743
f 3842/3582/3743 3844/3583/3745 3843/20/3744
f 3844/3583/3745 3832/3575/3733 3823/3566/3724
f 3844/3583/3745 3814/22/3715 3843/20/3744
f 3823/3566/3724 3813/3557/3714 3844/3583/3745
f 3814/22/3715 3844/3583/3745 3813/3557/3714
f 3845/3584/3746 3846/3585/3747 3847/3586/3748
f 3845/3584/3746 3848/3587/3749 3846/3585/3747
f 3849/3588/3750 3846/3585/3747 3848/3587/3749
f 3850/3589/3751 3848/3587/3749 3845/3584/3746
f 3851/3590/3752 3850/3589/3751 3845/3584/3746
f 3848/3587/3749 3852/3591/3753 3849/3588/3750
f 3853/3592/3754 3849/3588/3750 3852/3591/3753
f 3850/3589/3751 3854/3593/3755 3848/3587/3749
f 3854/3593/3755 3852/3591/3753 3848/3587/3749
f 3851/3590/3752 3855/3594/3756 3850/3589/3751
f 3855/3594/3756 3854/3593/3755 3850/3589/3751
f 3855/3594/3756 3851/3590/3752 3856/3595/3757
f 3857/3596/3758 3858/3597/3759 3856/3595/3757
f 3856/3595/3757 3858/3597/3759 3855/3594/3756
f 3855/3594/3756 3858/3597/3759 3859/3598/3760
f 3854/3593/3755 3855/3594/3756 3859/3598/3760
f 3858/3597/3759 3860/3599/3761 3859/3598/3760
f 3859/3598/3760 3861/3600/3762 3854/3593/3755
f 3861/3600/3762 3852/3591/3753 3854/3593/3755
f 3859/3598/3760 3860/3599/3761 3862/3601/3763
f 3861/3600/3762 3859/3598/3760 3862/3601/3763
f 3852/3591/3753 3861/3600/3762 3863/3602/3764
f 3852/3591/3753 3863/3602/3764 3853/3592/3754
f 3864/3603/3765 3861/3600/3762 3862/3601/3763
f 3864/3603/3765 3863/3602/3764 3861/3600/3762
f 3862/3601/3763 3860/3599/3761 3865/3604/3766
f 3864/3603/3765 3862/3601/3763 3865/3604/3766
f 3866/3605/3767 3853/3592/3754 3863/3602/3764
f 3863/3602/3764 3864/3603/3765 3866/3605/3767
f 3853/3592/3754 3866/3605/3767 3867/3606/3768
f 3866/3605/3767 3868/3607/3769 3867/3606/3768
f 3869/3608/3770 3864/3603/3765 3865/3604/3766
f 3869/3608/3770 3866/3605/3767 3864/3603/3765
f 3868/3607/3769 3866/3605/3767 3870/3609/3771
f 3866/3605/3767 3869/3608/3770 3870/3609/3771
f 3871/3610/3772 3868/3607/3769 3870/3609/3771
f 3870/3609/3771 3872/3611/3773 3871/3610/3772
f 3869/3608/3770 3872/3611/3773 3870/3609/3771
f 3872/3611/3773 3873/3612/3774 3871/3610/3772
f 3869/3608/3770 3865/3604/3766 3874/3613/3775
f 3860/3599/3761 3874/3613/3775 3865/3604/3766
f 3874/3613/3775 3860/3599/3761 3875/3614/3776
f 3872/3611/3773 3869/3608/3770 3876/3615/3777
f 3876/3615/3777 3869/3608/3770 3874/3613/3775
f 3873/3612/3774 3872/3611/3773 3877/3616/3778
f 3876/3615/3777 3877/3616/3778 3872/3611/3773
f 3873/3612/3774 3878/3617/3779 3879/3618/3780
f 3878/3617/3779 3873/3612/3774 3877/3616/3778
f 3877/3616/3778 3880/3619/3781 3878/3617/3779
f 3874/3613/3775 3881/3620/3782 3876/3615/3777
f 3874/3613/3775 3875/3614/3776 3881/3620/3782
f 3877/3616/3778 3876/3615/3777 3882/3621/3783
f 3882/3621/3783 3876/3615/3777 3881/3620/3782
f 3880/3619/3781 3877/3616/3778 3882/3621/3783
f 3875/3614/3776 3883/3622/3784 3881/3620/3782
f 3881/3620/3782 3883/3622/3784 3882/3621/3783
f 3883/3622/3784 3880/3619/3781 3882/3621/3783
f 3883/3622/3784 3875/3614/3776 3884/3623/3785
f 3880/3619/3781 3883/3622/3784 3885/3624/3786
f 3883/3622/3784 3884/3623/3785 3885/3624/3786
f 3886/3625/3787 3887/3626/3788 3888/3627/3789
f 3887/3626/3788 3886/3625/3787 3889/3628/3790
f 3889/3628/3790 3886/3625/3787 3890/3629/3791
f 3891/3630/3792 3887/3626/3788 3889/3628/3790
f 3891/3630/3792 3892/3631/3793 3887/3626/3788
f 3889/3628/3790 3890/3629/3791 3893/3632/3794
f 3889/3628/3790 3894/3633/3795 3891/3630/3792
f 3894/3633/3795 3889/3628/3790 3893/3632/3794
f 3895/3634/3796 3893/3632/3794 3890/3629/3791
f 3895/3634/3796 3890/3629/3791 3896/3635/3797
f 3893/3632/3794 3897/3636/3798 3894/3633/3795
f 3897/3636/3798 3893/3632/3794 3895/3634/3796
f 3896/3635/3797 3898/3637/3799 3895/3634/3796
f 3898/3637/3799 3896/3635/3797 3899/3638/3800
f 3898/3637/3799 3897/3636/3798 3895/3634/3796
f 3898/3637/3799 3900/3639/3801 3897/3636/3798
f 3900/3639/3801 3901/3640/3802 3897/3636/3798
f 3901/3640/3802 3894/3633/3795 3897/3636/3798
f 3901/3640/3802 3900/3639/3801 3902/3641/3803
f 3903/3642/3804 3901/3640/3802 3902/3641/3803
f 3894/3633/3795 3901/3640/3802 3904/3643/3805
f 3904/3643/3805 3891/3630/3792 3894/3633/3795
f 3901/3640/3802 3903/3642/3804 3905/3644/3806
f 3905/3644/3806 3904/3643/3805 3901/3640/3802
f 3906/3645/3807 3905/3644/3806 3903/3642/3804
f 3891/3630/3792 3904/3643/3805 3907/3646/3808
f 3892/3631/3793 3891/3630/3792 3907/3646/3808
f 3904/3643/3805 3908/3647/3809 3907/3646/3808
f 3908/3647/3809 3892/3631/3793 3907/3646/3808
f 3904/3643/3805 3909/3648/3810 3908/3647/3809
f 3904/3643/3805 3905/3644/3806 3909/3648/3810
f 3910/3649/3811 3892/3631/3793 3908/3647/3809
f 3909/3648/3810 3910/3649/3811 3908/3647/3809
f 3911/3650/3812 3892/3631/3793 3910/3649/3811
f 3905/3644/3806 3912/3651/3813 3909/3648/3810
f 3909/3648/3810 3912/3651/3813 3910/3649/3811
f 3905/3644/3806 3906/3645/3807 3913/3652/3814
f 3912/3651/3813 3905/3644/3806 3913/3652/3814
f 3914/3653/3815 3913/3652/3814 3906/3645/3807
f 3912/3651/3813 3915/3654/3816 3910/3649/3811
f 3915/3654/3816 3911/3650/3812 3910/3649/3811
f 3913/3652/3814 3916/3655/3817 3912/3651/3813
f 3915/3654/3816 3912/3651/3813 3916/3655/3817
f 3917/3656/3818 3911/3650/3812 3915/3654/3816
f 3918/3657/3819 3911/3650/3812 3917/3656/3818
f 3916/3655/3817 3917/3656/3818 3915/3654/3816
f 3917/3656/3818 3916/3655/3817 3919/3658/3820
f 3920/3659/3821 3919/3658/3820 3916/3655/3817
f 3914/3653/3815 3921/3660/3822 3920/3659/3821
f 3916/3655/3817 3922/3661/3823 3920/3659/3821
f 3920/3659/3821 3922/3661/3823 3914/3653/3815
f 3916/3655/3817 3913/3652/3814 3922/3661/3823
f 3913/3652/3814 3914/3653/3815 3922/3661/3823
f 3923/3662/3824 3924/3663/3825 3925/3664/3826
f 3924/3663/3825 3923/3662/3824 3926/3665/3827
f 3927/3666/3828 3926/3665/3827 3923/3662/3824
f 3928/3667/3829 3924/3663/3825 3926/3665/3827
f 3924/3663/3825 3928/3667/3829 3929/3668/3830
f 3926/3665/3827 3927/3666/3828 3930/3669/3831
f 3930/3669/3831 3928/3667/3829 3926/3665/3827
f 3931/3670/3832 3930/3669/3831 3927/3666/3828
f 3932/3671/3833 3929/3668/3830 3928/3667/3829
f 3929/3668/3830 3932/3671/3833 3933/3672/3834
f 3928/3667/3829 3930/3669/3831 3934/3673/3835
f 3934/3673/3835 3932/3671/3833 3928/3667/3829
f 3930/3669/3831 3931/3670/3832 3935/3674/3836
f 3935/3674/3836 3934/3673/3835 3930/3669/3831
f 3936/3675/3837 3935/3674/3836 3931/3670/3832
f 3935/3674/3836 3936/3675/3837 3937/3676/3838
f 3934/3673/3835 3935/3674/3836 3938/3677/3839
f 3935/3674/3836 3937/3676/3838 3938/3677/3839
f 3939/3678/3840 3934/3673/3835 3938/3677/3839
f 3932/3671/3833 3934/3673/3835 3939/3678/3840
f 3937/3676/3838 3940/3679/3841 3938/3677/3839
f 3939/3678/3840 3938/3677/3839 3940/3679/3841
f 3940/3679/3841 3937/3676/3838 3941/3680/3842
f 3942/3681/3843 3939/3678/3840 3940/3679/3841
f 3940/3679/3841 3941/3680/3842 3942/3681/3843
f 3943/3682/3844 3932/3671/3833 3939/3678/3840
f 3939/3678/3840 3942/3681/3843 3943/3682/3844
f 3941/3680/3842 3944/3683/3845 3942/3681/3843
f 3944/3683/3845 3943/3682/3844 3942/3681/3843
f 3944/3683/3845 3941/3680/3842 3945/3684/3846
f 3943/3682/3844 3946/3685/3847 3932/3671/3833
f 3946/3685/3847 3933/3672/3834 3932/3671/3833
f 3933/3672/3834 3946/3685/3847 3947/3686/3848
f 3946/3685/3847 3948/3687/3849 3947/3686/3848
f 3943/3682/3844 3944/3683/3845 3949/3688/3850
f 3949/3688/3850 3946/3685/3847 3943/3682/3844
f 3948/3687/3849 3946/3685/3847 3950/3689/3851
f 3949/3688/3850 3950/3689/3851 3946/3685/3847
f 3951/3690/3852 3948/3687/3849 3950/3689/3851
f 3952/3691/3853 3949/3688/3850 3944/3683/3845
f 3944/3683/3845 3945/3684/3846 3952/3691/3853
f 3953/3692/3854 3945/3684/3846 3954/3693/3855
f 3945/3684/3846 3953/3692/3854 3952/3691/3853
f 3955/3694/3856 3952/3691/3853 3953/3692/3854
f 3949/3688/3850 3952/3691/3853 3956/3695/3857
f 3952/3691/3853 3955/3694/3856 3956/3695/3857
f 3956/3695/3857 3950/3689/3851 3949/3688/3850
f 3955/3694/3856 3957/3696/3858 3956/3695/3857
f 3956/3695/3857 3957/3696/3858 3950/3689/3851
f 3951/3690/3852 3950/3689/3851 3957/3696/3858
f 3957/3696/3858 3955/3694/3856 3958/3697/3859
f 3958/3697/3859 3951/3690/3852 3957/3696/3858
f 3951/3690/3852 3958/3697/3859 3959/3698/3860
f 3960/244/3861 3961/3699/3862 3962/246/3863
f 3960/244/3861 3963/3700/3864 3961/3699/3862
f 3964/3701/3865 3961/3699/3862 3963/3700/3864
f 3960/244/3861 3965/3702/3866 3963/3700/3864
f 3965/3702/3866 3960/244/3861 3966/243/3867
f 3967/241/3868 3965/3702/3866 3966/243/3867
f 3963/3700/3864 3968/3703/3869 3964/3701/3865
f 3965/3702/3866 3967/241/3868 3969/3704/3870
f 3970/3705/3871 3964/3701/3865 3968/3703/3869
f 3969/3704/3870 3967/241/3868 3971/238/238
f 3972/3706/3872 3963/3700/3864 3965/3702/3866
f 3969/3704/3870 3972/3706/3872 3965/3702/3866
f 3963/3700/3864 3972/3706/3872 3968/3703/3869
f 3971/238/238 3973/3707/3873 3969/3704/3870
f 3972/3706/3872 3969/3704/3870 3973/3707/3873
f 3971/238/238 3974/3708/3874 3973/3707/3873
f 3975/3709/3875 3968/3703/3869 3972/3706/3872
f 3973/3707/3873 3975/3709/3875 3972/3706/3872
f 3968/3703/3869 3976/3710/3876 3970/3705/3871
f 3968/3703/3869 3975/3709/3875 3976/3710/3876
f 3977/3711/3877 3973/3707/3873 3974/3708/3874
f 3975/3709/3875 3973/3707/3873 3977/3711/3877
f 3977/3711/3877 3974/3708/3874 3978/3712/3878
f 3977/3711/3877 3979/3713/3879 3975/3709/3875
f 3979/3713/3879 3976/3710/3876 3975/3709/3875
f 3979/3713/3879 3977/3711/3877 3978/3712/3878
f 3978/3712/3878 3974/3708/3874 3980/3714/3880
f 3976/3710/3876 3979/3713/3879 3981/3715/3881
f 3981/3715/3881 3970/3705/3871 3976/3710/3876
f 3970/3705/3871 3981/3715/3881 3982/3716/3882
f 3981/3715/3881 3983/3717/3883 3982/3716/3882
f 3978/3712/3878 3984/3718/3884 3979/3713/3879
f 3984/3718/3884 3981/3715/3881 3979/3713/3879
f 3983/3717/3883 3981/3715/3881 3985/3719/3885
f 3981/3715/3881 3984/3718/3884 3985/3719/3885
f 3986/3720/3886 3983/3717/3883 3985/3719/3885
f 3986/3720/3886 3985/3719/3885 3987/3721/3887
f 3987/3721/3887 3985/3719/3885 3984/3718/3884
f 3987/3721/3887 3988/3722/3888 3986/3720/3886
f 3988/3722/3888 3987/3721/3887 3989/3723/3889
f 3989/3723/3889 3987/3721/3887 3990/3724/3890
f 3987/3721/3887 3984/3718/3884 3990/3724/3890
f 3989/3723/3889 3990/3724/3890 3991/3725/3891
f 3990/3724/3890 3992/3726/3892 3991/3725/3891
f 3993/3727/3893 3994/3728/3894 3992/3726/3892
f 3992/3726/3892 3990/3724/3890 3995/3729/3895
f 3992/3726/3892 3995/3729/3895 3993/3727/3893
f 3984/3718/3884 3995/3729/3895 3990/3724/3890
f 3980/3714/3880 3993/3727/3893 3995/3729/3895
f 3995/3729/3895 3984/3718/3884 3996/3730/3896
f 3995/3729/3895 3996/3730/3896 3980/3714/3880
f 3984/3718/3884 3978/3712/3878 3996/3730/3896
f 3980/3714/3880 3996/3730/3896 3978/3712/3878
f 3997/3731/3897 3998/3732/3898 3999/3733/3899
f 3997/3731/3897 4000/3734/3900 3998/3732/3898
f 4001/3735/3901 3998/3732/3898 4000/3734/3900
f 3997/3731/3897 4002/3736/3902 4000/3734/3900
f 4002/3736/3902 3997/3731/3897 4003/3737/3903
f 4000/3734/3900 4004/3738/3904 4001/3735/3901
f 4002/3736/3902 4004/3738/3904 4000/3734/3900
f 4005/3739/3905 4001/3735/3901 4004/3738/3904
f 4002/3736/3902 4003/3737/3903 4006/3740/3906
f 4004/3738/3904 4007/3741/3907 4005/3739/3905
f 4008/3742/3908 4005/3739/3905 4007/3741/3907
f 4004/3738/3904 4002/3736/3902 4009/3743/3909
f 4009/3743/3909 4007/3741/3907 4004/3738/3904
f 4006/3740/3906 4010/3744/3910 4002/3736/3902
f 4009/3743/3909 4002/3736/3902 4010/3744/3910
f 4011/3745/3911 4006/3740/3906 4012/3746/3912
f 4006/3740/3906 4011/3745/3911 4010/3744/3910
f 4011/3745/3911 4013/3747/3913 4010/3744/3910
f 4010/3744/3910 4013/3747/3913 4009/3743/3909
f 4013/3747/3913 4011/3745/3911 4014/3748/3914
f 4007/3741/3907 4009/3743/3909 4015/3749/3915
f 4015/3749/3915 4009/3743/3909 4013/3747/3913
f 4013/3747/3913 4014/3748/3914 4016/3750/3916
f 4013/3747/3913 4016/3750/3916 4015/3749/3915
f 4014/3748/3914 4017/3751/3917 4016/3750/3916
f 4015/3749/3915 4018/3752/3918 4007/3741/3907
f 4007/3741/3907 4018/3752/3918 4008/3742/3908
f 4019/3753/3919 4008/3742/3908 4018/3752/3918
f 4020/3754/3920 4015/3749/3915 4016/3750/3916
f 4016/3750/3916 4017/3751/3917 4020/3754/3920
f 4018/3752/3918 4015/3749/3915 4021/3755/3921
f 4015/3749/3915 4020/3754/3920 4021/3755/3921
f 4019/3753/3919 4018/3752/3918 4022/3756/3922
f 4021/3755/3921 4022/3756/3922 4018/3752/3918
f 4022/3756/3922 4023/3757/3923 4019/3753/3919
f 4024/3758/3924 4021/3755/3921 4020/3754/3920
f 4022/3756/3922 4021/3755/3921 4024/3758/3924
f 4017/3751/3917 4025/3759/3925 4020/3754/3920
f 4020/3754/3920 4025/3759/3925 4024/3758/3924
f 4025/3759/3925 4017/3751/3917 4026/3760/3926
f 4022/3756/3922 4024/3758/3924 4027/3761/3927
f 4025/3759/3925 4027/3761/3927 4024/3758/3924
f 4023/3757/3923 4022/3756/3922 4028/3762/3928
f 4027/3761/3927 4028/3762/3928 4022/3756/3922
f 4029/3763/3929 4023/3757/3923 4028/3762/3928
f 4025/3759/3925 4026/3760/3926 4030/3764/3930
f 4025/3759/3925 4030/3764/3930 4027/3761/3927
f 4030/3764/3930 4026/3760/3926 4031/3765/3931
f 4032/3766/3932 4027/3761/3927 4030/3764/3930
f 4032/3766/3932 4030/3764/3930 4031/3765/3931
f 4028/3762/3928 4027/3761/3927 4033/3767/3933
f 4027/3761/3927 4032/3766/3932 4033/3767/3933
f 4032/3766/3932 4031/3765/3931 4034/3768/3934
f 4034/3768/3934 4033/3767/3933 4032/3766/3932
f 4031/3765/3931 4035/3769/3935 4034/3768/3934
f 4033/3767/3933 4036/3770/3936 4028/3762/3928
f 4028/3762/3928 4036/3770/3936 4029/3763/3929
f 4033/3767/3933 4034/3768/3934 4037/3771/3937
f 4036/3770/3936 4033/3767/3933 4037/3771/3937
f 4038/3772/3938 4029/3763/3929 4036/3770/3936
f 4036/3770/3936 4037/3771/3937 4038/3772/3938
f 4029/3763/3929 4038/3772/3938 4039/3773/3939
f 4040/3774/3940 4039/3773/3939 4038/3772/3938
f 4037/3771/3937 4040/3774/3940 4038/3772/3938
f 4039/3773/3939 4040/3774/3940 4041/3775/3941
f 4042/3776/3942 4037/3771/3937 4034/3768/3934
f 4034/3768/3934 4035/3769/3935 4042/3776/3942
f 4040/3774/3940 4037/3771/3937 4043/3777/3943
f 4037/3771/3937 4042/3776/3942 4043/3777/3943
f 4044/3778/3944 4041/3775/3941 4040/3774/3940
f 4043/3777/3943 4044/3778/3944 4040/3774/3940
f 4041/3775/3941 4044/3778/3944 4045/3779/3945
f 4042/3776/3942 4046/3780/3946 4043/3777/3943
f 4044/3778/3944 4043/3777/3943 4046/3780/3946
f 4035/3769/3935 4047/3781/3947 4042/3776/3942
f 4046/3780/3946 4042/3776/3942 4047/3781/3947
f 4047/3781/3947 4035/3769/3935 4048/3782/3948
f 4049/3783/3949 4045/3779/3945 4044/3778/3944
f 4046/3780/3946 4049/3783/3949 4044/3778/3944
f 4045/3779/3945 4049/3783/3949 4050/3784/3950
f 4049/3783/3949 4051/3785/3951 4050/3784/3950
f 4048/3782/3948 4052/3786/3952 4047/3781/3947
f 4052/3786/3952 4046/3780/3946 4047/3781/3947
f 4052/3786/3952 4048/3782/3948 4053/3787/3953
f 4049/3783/3949 4046/3780/3946 4054/3788/3954
f 4046/3780/3946 4052/3786/3952 4054/3788/3954
f 4051/3785/3951 4049/3783/3949 4055/3789/3955
f 4054/3788/3954 4055/3789/3955 4049/3783/3949
f 4055/3789/3955 4056/3790/3956 4051/3785/3951
f 4057/3791/3957 4054/3788/3954 4052/3786/3952
f 4052/3786/3952 4053/3787/3953 4057/3791/3957
f 4055/3789/3955 4054/3788/3954 4058/3792/3958
f 4054/3788/3954 4057/3791/3957 4058/3792/3958
f 4055/3789/3955 4059/3793/3959 4056/3790/3956
f 4059/3793/3959 4060/3794/3960 4056/3790/3956
f 4055/3789/3955 4058/3792/3958 4061/3795/3961
f 4055/3789/3955 4061/3795/3961 4059/3793/3959
f 4062/3796/3962 4058/3792/3958 4057/3791/3957
f 4058/3792/3958 4062/3796/3962 4061/3795/3961
f 4053/3787/3953 4062/3796/3962 4057/3791/3957
f 4062/3796/3962 4053/3787/3953 4063/3797/3963
f 4059/3793/3959 4061/3795/3961 4064/3798/3964
f 4064/3798/3964 4061/3795/3961 4062/3796/3962
f 4063/3797/3963 4065/3799/3965 4062/3796/3962
f 4062/3796/3962 4065/3799/3965 4064/3798/3964
f 4065/3799/3965 4063/3797/3963 4066/3800/3966
f 4064/3798/3964 4067/3801/3967 4059/3793/3959
f 4059/3793/3959 4067/3801/3967 4060/3794/3960
f 4068/3802/3968 4065/3799/3965 4066/3800/3966
f 4066/3800/3966 4069/3803/3969 4068/3802/3968
f 4070/3804/3970 4060/3794/3960 4067/3801/3967
f 4064/3798/3964 4070/3804/3970 4067/3801/3967
f 4060/3794/3960 4070/3804/3970 4071/3805/3971
f 4072/3806/3972 4071/3805/3971 4070/3804/3970
f 4073/3807/3973 4064/3798/3964 4065/3799/3965
f 4070/3804/3970 4064/3798/3964 4073/3807/3973
f 4065/3799/3965 4068/3802/3968 4073/3807/3973
f 4072/3806/3972 4070/3804/3970 4074/3808/3974
f 4073/3807/3973 4074/3808/3974 4070/3804/3970
f 4075/3809/3975 4072/3806/3972 4074/3808/3974
f 4076/3810/3976 4075/3809/3975 4074/3808/3974
f 4077/3811/3977 4073/3807/3973 4068/3802/3968
f 4068/3802/3968 4069/3803/3969 4077/3811/3977
f 4069/3803/3969 4078/3812/3978 4077/3811/3977
f 4074/3808/3974 4073/3807/3973 4079/3813/3979
f 4073/3807/3973 4077/3811/3977 4079/3813/3979
f 4074/3808/3974 4080/3814/3980 4076/3810/3976
f 4079/3813/3979 4080/3814/3980 4074/3808/3974
f 4081/3815/3981 4076/3810/3976 4080/3814/3980
f 4080/3814/3980 4082/3816/3982 4081/3815/3981
f 4083/3817/3983 4082/3816/3982 4080/3814/3980
f 4080/3814/3980 4079/3813/3979 4084/3818/3984
f 4083/3817/3983 4080/3814/3980 4084/3818/3984
f 4079/3813/3979 4085/3819/3985 4084/3818/3984
f 4085/3819/3985 4083/3817/3983 4084/3818/3984
f 4085/3819/3985 4079/3813/3979 4077/3811/3977
f 4077/3811/3977 4078/3812/3978 4085/3819/3985
f 4083/3817/3983 4085/3819/3985 4086/3820/3986
f 4078/3812/3978 4087/3821/3987 4085/3819/3985
f 4085/3819/3985 4087/3821/3987 4086/3820/3986
f 4088/3822/3988 4089/3815/3989 4090/3816/3990
f 4090/3816/3990 4091/3823/3991 4088/3822/3988
f 4092/3824/3992 4088/3822/3988 4091/3823/3991
f 4092/3824/3992 4091/3823/3991 4093/3825/3993
f 4093/3825/3993 4091/3823/3991 4094/3826/3994
f 4095/3827/3995 4091/3823/3991 4090/3816/3990
f 4094/3826/3994 4091/3823/3991 4095/3827/3995
f 4095/3827/3995 4090/3816/3990 4096/3817/3996
f 4095/3827/3995 4096/3817/3996 4097/3820/3997
f 4094/3826/3994 4095/3827/3995 4098/3828/3998
f 4095/3827/3995 4097/3820/3997 4098/3828/3998
f 4098/3828/3998 4099/3829/3999 4094/3826/3994
f 4100/3821/3987 4098/3828/3998 4097/3820/3997
f 4098/3828/3998 4101/3830/4000 4099/3829/3999
f 4098/3828/3998 4100/3821/3987 4101/3830/4000
f 4102/3831/4001 4103/3832/4002 4104/3833/4003
f 4105/3834/4004 4103/3832/4002 4106/3835/4005
f 4107/3836/4006 4103/3832/4002 4102/3831/4001
f 4106/3835/4005 4103/3832/4002 4107/3836/4006
f 4108/3837/4007 4107/3836/4006 4102/3831/4001
f 4106/3835/4005 4107/3836/4006 4109/3838/4008
f 4107/3836/4006 4108/3837/4007 4110/3839/4009
f 4109/3838/4008 4107/3836/4006 4110/3839/4009
f 4111/3840/4010 4110/3839/4009 4108/3837/4007
f 4110/3839/4009 4112/3841/4011 4109/3838/4008
f 4110/3839/4009 4111/3840/4010 4113/3842/4012
f 4112/3841/4011 4110/3839/4009 4113/3842/4012
f 4114/3843/4013 4113/3842/4012 4111/3840/4010
f 4113/3842/4012 4115/3844/4014 4112/3841/4011
f 4113/3842/4012 4114/3843/4013 4116/3845/4015
f 4115/3844/4014 4113/3842/4012 4116/3845/4015
f 4117/3846/4016 4116/3845/4015 4114/3843/4013
f 4116/3845/4015 4118/3847/4017 4115/3844/4014
f 4116/3845/4015 4117/3846/4016 4119/3848/4018
f 4118/3847/4017 4116/3845/4015 4119/3848/4018
f 4120/3849/4019 4119/3848/4018 4117/3846/4016
f 4119/3848/4018 4121/3850/4020 4118/3847/4017
f 4119/3848/4018 4120/3849/4019 4122/3851/4021
f 4121/3850/4020 4119/3848/4018 4122/3851/4021
f 4123/3852/4022 4122/3851/4021 4120/3849/4019
f 4121/3850/4020 4122/3851/4021 4124/3853/2178
f 4122/3851/4021 4123/3852/4022 4125/3854/4023
f 4124/3853/2178 4122/3851/4021 4125/3854/4023
f 4126/3855/4024 4125/3854/4023 4123/3852/4022
f 4124/3853/2178 4125/3854/4023 4127/3856/4025
f 4125/3854/4023 4126/3855/4024 4128/3857/4026
f 4127/3856/4025 4125/3854/4023 4128/3857/4026
f 4129/3858/4027 4130/3859/4028 4131/3860/4029
f 4132/3861/4030 4131/3860/4029 4130/3859/4028
f 4130/3859/4028 4133/3862/4031 4132/3861/4030
f 4134/3863/4032 4132/3861/4030 4133/3862/4031
f 4135/3864/4033 4131/3860/4029 4132/3861/4030
f 4134/3863/4032 4135/3864/4033 4132/3861/4030
f 4131/3860/4029 4135/3864/4033 4136/3865/4034
f 4136/3865/4034 4135/3864/4033 4137/3866/4035
f 4137/3866/4035 4135/3864/4033 4138/3867/4036
f 4135/3864/4033 4139/3868/4037 4138/3867/4036
f 4140/3869/4038 4135/3864/4033 4134/3863/4032
f 4139/3868/4037 4135/3864/4033 4140/3869/4038
f 4141/3870/4039 4140/3869/4038 4134/3863/4032
f 4140/3869/4038 4141/3870/4039 4142/3871/4040
f 4142/3871/4040 4139/3868/4037 4140/3869/4038
f 4139/3868/4037 4142/3871/4040 4143/3872/4041
f 4144/3873/265 4145/3874/4042 4146/3875/4043
f 4147/3876/4044 4144/3873/265 4146/3875/4043
f 4148/3877/4045 4144/3873/265 4147/3876/4044
f 4149/3878/4046 4146/3875/4043 4150/3879/4047
f 4147/3876/4044 4146/3875/4043 4149/3878/4046
f 4149/3878/4046 4151/3880/4048 4147/3876/4044
f 4147/3876/4044 4151/3880/4048 4148/3877/4045
f 4151/3880/4048 4149/3878/4046 4152/3881/4049
f 4153/3882/4050 4148/3877/4045 4151/3880/4048
f 4152/3881/4049 4153/3882/4050 4151/3880/4048
f 4148/3877/4045 4153/3882/4050 4154/3883/4051
f 4153/3882/4050 4152/3881/4049 4155/3884/4052
f 4156/3885/4053 4154/3883/4051 4153/3882/4050
f 4155/3884/4052 4156/3885/4053 4153/3882/4050
f 4157/3886/4054 4154/3883/4051 4156/3885/4053
f 4156/3885/4053 4155/3884/4052 4158/3887/4055
f 4156/3885/4053 4159/3888/4056 4157/3886/4054
f 4158/3887/4055 4160/3889/4057 4156/3885/4053
f 4156/3885/4053 4160/3889/4057 4159/3888/4056
f 4160/3889/4057 4158/3887/4055 4161/3890/4058
f 4160/3889/4057 4162/3891/4059 4159/3888/4056
f 4161/3890/4058 4163/3892/4060 4160/3889/4057
f 4160/3889/4057 4163/3892/4060 4162/3891/4059
f 4161/3890/4058 4164/3893/4061 4163/3892/4060
f 4163/3892/4060 4165/3894/4062 4162/3891/4059
f 4164/3893/4061 4166/3895/4063 4163/3892/4060
f 4165/3894/4062 4163/3892/4060 4166/3895/4063
f 4166/3895/4063 4164/3893/4061 4167/3896/4064
f 4166/3895/4063 4168/3897/4065 4165/3894/4062
f 4167/3896/4064 4168/3897/4065 4166/3895/4063
f 4168/3897/4065 4169/3898/4066 4165/3894/4062
f 4167/3896/4064 4170/3899/4067 4168/3897/4065
f 4171/1792/4068 4172/3900/4069 4173/1791/4070
f 4172/3900/4069 4171/1792/4068 4174/3901/4071
f 4174/3901/4071 4175/3902/4072 4172/3900/4069
f 4176/3903/4073 4174/3901/4071 4171/1792/4068
f 4176/3903/4073 4171/1792/4068 4177/1794/4074
f 4175/3902/4072 4174/3901/4071 4178/3904/4075
f 4175/3902/4072 4178/3904/4075 4179/3905/4076
f 4179/3905/4076 4178/3904/4075 4180/3906/4077
f 4178/3904/4075 4181/3907/4078 4180/3906/4077
f 4181/3907/4078 4178/3904/4075 4182/3908/4079
f 4178/3904/4075 4174/3901/4071 4182/3908/4079
f 4182/3908/4079 4183/3909/2493 4181/3907/4078
f 4174/3901/4071 4184/3910/4080 4182/3908/4079
f 4174/3901/4071 4176/3903/4073 4184/3910/4080
f 4183/3909/2493 4182/3908/4079 4185/3911/4081
f 4184/3910/4080 4185/3911/4081 4182/3908/4079
f 4186/3912/4082 4183/3909/2493 4185/3911/4081
f 4183/3909/2493 4186/3912/4082 4187/3913/4083
f 4185/3911/4081 4184/3910/4080 4188/3914/4084
f 4188/3914/4084 4186/3912/4082 4185/3911/4081
f 4176/3903/4073 4188/3914/4084 4184/3910/4080
f 4186/3912/4082 4189/3915/4085 4187/3913/4083
f 4190/3916/4086 4187/3913/4083 4189/3915/4085
f 4186/3912/4082 4188/3914/4084 4191/3917/4087
f 4191/3917/4087 4189/3915/4085 4186/3912/4082
f 4188/3914/4084 4176/3903/4073 4192/3918/4088
f 4192/3918/4088 4191/3917/4087 4188/3914/4084
f 4189/3915/4085 4193/3919/4089 4190/3916/4086
f 4194/3920/4090 4190/3916/4086 4193/3919/4089
f 4193/3919/4089 4195/3921/4091 4194/3920/4090
f 4195/3921/4091 4193/3919/4089 4196/3922/4092
f 4197/3923/4093 4193/3919/4089 4189/3915/4085
f 4189/3915/4085 4191/3917/4087 4197/3923/4093
f 4193/3919/4089 4198/3924/4094 4196/3922/4092
f 4193/3919/4089 4197/3923/4093 4198/3924/4094
f 4199/3925/4095 4196/3922/4092 4198/3924/4094
f 4197/3923/4093 4191/3917/4087 4200/3926/4096
f 4200/3926/4096 4198/3924/4094 4197/3923/4093
f 4201/3927/4097 4199/3925/4095 4198/3924/4094
f 4198/3924/4094 4200/3926/4096 4201/3927/4097
f 4199/3925/4095 4201/3927/4097 4202/3928/4098
f 4201/3927/4097 4203/3929/4099 4202/3928/4098
f 4191/3917/4087 4204/3930/4100 4200/3926/4096
f 4191/3917/4087 4192/3918/4088 4204/3930/4100
f 4205/3931/4101 4201/3927/4097 4200/3926/4096
f 4205/3931/4101 4200/3926/4096 4204/3930/4100
f 4203/3929/4099 4201/3927/4097 4206/3932/4102
f 4201/3927/4097 4205/3931/4101 4206/3932/4102
f 4206/3932/4102 4207/3933/4103 4203/3929/4099
f 4208/3934/4104 4204/3930/4100 4192/3918/4088
f 4192/3918/4088 4176/3903/4073 4208/3934/4104
f 4177/1794/4074 4208/3934/4104 4176/3903/4073
f 4209/1797/4105 4208/3934/4104 4177/1794/4074
f 4208/3934/4104 4209/1797/4105 4210/1800/1864
f 4204/3930/4100 4208/3934/4104 4211/3935/4106
f 4210/1800/1864 4211/3935/4106 4208/3934/4104
f 4211/3935/4106 4205/3931/4101 4204/3930/4100
f 4211/3935/4106 4210/1800/1864 4212/1801/4107
f 4205/3931/4101 4211/3935/4106 4213/3936/4108
f 4212/1801/4107 4213/3936/4108 4211/3935/4106
f 4213/3936/4108 4206/3932/4102 4205/3931/4101
f 4213/3936/4108 4212/1801/4107 4214/1802/4109
f 4206/3932/4102 4213/3936/4108 4215/3937/4110
f 4214/1802/4109 4215/3937/4110 4213/3936/4108
f 4207/3933/4103 4206/3932/4102 4215/3937/4110
f 4215/3937/4110 4214/1802/4109 4216/1807/4111
f 4215/3937/4110 4217/1809/4112 4207/3933/4103
f 4217/1809/4112 4215/3937/4110 4216/1807/4111
f 4218/3938/4113 4219/1205/4114 4220/1207/4115
f 4221/3939/4116 4219/1205/4114 4218/3938/4113
f 4222/3940/4117 4221/3939/4116 4218/3938/4113
f 4223/3941/4118 4219/1205/4114 4221/3939/4116
f 4219/1205/4114 4223/3941/4118 4224/1210/4119
f 4223/3941/4118 4225/1212/4120 4224/1210/4119
f 4225/1212/4120 4226/3942/4121 4227/1215/4122
f 4225/1212/4120 4228/3943/4123 4226/3942/4121
f 4225/1212/4120 4223/3941/4118 4228/3943/4123
f 4228/3943/4123 4229/3944/4124 4226/3942/4121
f 4228/3943/4123 4230/3945/4125 4229/3944/4124
f 4223/3941/4118 4230/3945/4125 4228/3943/4123
f 4230/3945/4125 4231/3946/4126 4229/3944/4124
f 4230/3945/4125 4232/3947/4127 4231/3946/4126
f 4230/3945/4125 4223/3941/4118 4233/3948/4128
f 4232/3947/4127 4230/3945/4125 4234/3949/4129
f 4234/3949/4129 4235/3950/4130 4232/3947/4127
f 4233/3948/4128 4236/3951/4131 4230/3945/4125
f 4236/3951/4131 4234/3949/4129 4230/3945/4125
f 4223/3941/4118 4237/3952/4132 4233/3948/4128
f 4237/3952/4132 4236/3951/4131 4233/3948/4128
f 4237/3952/4132 4223/3941/4118 4221/3939/4116
f 4234/3949/4129 4238/3953/4133 4235/3950/4130
f 4236/3951/4131 4238/3953/4133 4234/3949/4129
f 4239/3954/4134 4235/3950/4130 4238/3953/4133
f 4240/3955/4135 4237/3952/4132 4221/3939/4116
f 4221/3939/4116 4222/3940/4117 4240/3955/4135
f 4241/3956/4136 4239/3954/4134 4238/3953/4133
f 4239/3954/4134 4241/3956/4136 4242/3957/4137
f 4241/3956/4136 4243/3958/4138 4242/3957/4137
f 4222/3940/4117 4244/3959/4139 4240/3955/4135
f 4222/3940/4117 4245/3960/4140 4244/3959/4139
f 4246/3961/3236 4244/3959/4139 4245/3960/4140
f 4244/3959/4139 4247/3962/4141 4240/3955/4135
f 4237/3952/4132 4240/3955/4135 4247/3962/4141
f 4244/3959/4139 4246/3961/3236 4248/3963/4142
f 4247/3962/4141 4244/3959/4139 4248/3963/4142
f 4246/3961/3236 4249/3964/4143 4248/3963/4142
f 4249/3964/4143 4247/3962/4141 4248/3963/4142
f 4249/3964/4143 4246/3961/3236 4250/3965/4144
f 4251/3966/4145 4237/3952/4132 4247/3962/4141
f 4247/3962/4141 4249/3964/4143 4251/3966/4145
f 4250/3965/4144 4252/3967/4146 4249/3964/4143
f 4252/3967/4146 4251/3966/4145 4249/3964/4143
f 4252/3967/4146 4250/3965/4144 4253/3968/4147
f 4252/3967/4146 4253/3968/4147 4254/3969/4148
f 4237/3952/4132 4251/3966/4145 4255/3970/4149
f 4255/3970/4149 4236/3951/4131 4237/3952/4132
f 4256/3971/4150 4252/3967/4146 4254/3969/4148
f 4257/3972/4151 4256/3971/4150 4254/3969/4148
f 4251/3966/4145 4252/3967/4146 4258/3973/4152
f 4258/3973/4152 4252/3967/4146 4256/3971/4150
f 4259/3974/4153 4255/3970/4149 4251/3966/4145
f 4259/3974/4153 4251/3966/4145 4258/3973/4152
f 4255/3970/4149 4260/3975/4154 4236/3951/4131
f 4238/3953/4133 4236/3951/4131 4260/3975/4154
f 4255/3970/4149 4259/3974/4153 4261/3976/4155
f 4260/3975/4154 4255/3970/4149 4261/3976/4155
f 4262/3977/4156 4238/3953/4133 4260/3975/4154
f 4238/3953/4133 4262/3977/4156 4241/3956/4136
f 4263/3978/4157 4260/3975/4154 4261/3976/4155
f 4260/3975/4154 4263/3978/4157 4262/3977/4156
f 4264/3979/4158 4261/3976/4155 4259/3974/4153
f 4264/3979/4158 4263/3978/4157 4261/3976/4155
f 4259/3974/4153 4258/3973/4152 4264/3979/4158
f 4263/3978/4157 4265/3980/4159 4262/3977/4156
f 4262/3977/4156 4265/3980/4159 4241/3956/4136
f 4266/3981/4160 4264/3979/4158 4267/3982/4161
f 4265/3980/4159 4268/3983/4162 4241/3956/4136
f 4243/3958/4138 4241/3956/4136 4268/3983/4162
f 4268/3983/4162 4269/3984/4163 4243/3958/4138
f 4268/3983/4162 4270/3985/4164 4269/3984/4163
f 4265/3980/4159 4270/3985/4164 4268/3983/4162
f 4271/3986/4165 4269/3984/4163 4270/3985/4164
f 4270/3985/4164 4272/3987/4166 4271/3986/4165
f 4272/3987/4166 4273/3988/4167 4271/3986/4165
f 4270/3985/4164 4265/3980/4159 4274/3989/4168
f 4274/3989/4168 4272/3987/4166 4270/3985/4164
f 4273/3988/4167 4272/3987/4166 4275/3990/4169
f 4275/3990/4169 4276/3991/4170 4273/3988/4167
f 4277/2505/4171 4276/3991/4170 4278/2503/4172
f 4275/3990/4169 4278/2503/4172 4276/3991/4170
f 4279/3992/4173 4278/2503/4172 4275/3990/4169
f 4279/3992/4173 4275/3990/4169 4272/3987/4166
f 4278/2503/4172 4279/3992/4173 4280/2508/4174
f 4279/3992/4173 4281/2513/4175 4280/2508/4174
f 4282/3993/4176 4279/3992/4173 4272/3987/4166
f 4272/3987/4166 4274/3989/4168 4282/3993/4176
f 4281/2513/4175 4279/3992/4173 4283/3994/4177
f 4283/3994/4177 4284/2530/4178 4281/2513/4175
f 4285/3995/4179 4279/3992/4173 4282/3993/4176
f 4283/3994/4177 4279/3992/4173 4285/3995/4179
f 4274/3989/4168 4285/3995/4179 4282/3993/4176
f 4284/2530/4178 4283/3994/4177 4286/3996/4180
f 4286/3996/4180 4287/2535/4181 4284/2530/4178
f 4288/3997/4182 4283/3994/4177 4285/3995/4179
f 4288/3997/4182 4286/3996/4180 4283/3994/4177
f 4285/3995/4179 4274/3989/4168 4289/3998/4183
f 4289/3998/4183 4288/3997/4182 4285/3995/4179
f 4287/2535/4181 4286/3996/4180 4290/3999/4184
f 4287/2535/4181 4290/3999/4184 4291/2536/4185
f 4291/2536/4185 4290/3999/4184 4292/4000/4186
f 4286/3996/4180 4288/3997/4182 4293/4001/4187
f 4290/3999/4184 4294/4002/4188 4292/4000/4186
f 4292/4000/4186 4294/4002/4188 4295/4003/4189
f 4296/4004/4190 4290/3999/4184 4286/3996/4180
f 4296/4004/4190 4294/4002/4188 4290/3999/4184
f 4296/4004/4190 4286/3996/4180 4293/4001/4187
f 4294/4002/4188 4297/4005/4191 4295/4003/4189
f 4298/4006/4192 4295/4003/4189 4297/4005/4191
f 4294/4002/4188 4296/4004/4190 4299/4007/4193
f 4299/4007/4193 4297/4005/4191 4294/4002/4188
f 4297/4005/4191 4300/4008/4194 4298/4006/4192
f 4301/4009/4195 4298/4006/4192 4300/4008/4194
f 4297/4005/4191 4299/4007/4193 4302/4010/4196
f 4302/4010/4196 4300/4008/4194 4297/4005/4191
f 4303/4011/4197 4299/4007/4193 4296/4004/4190
f 4293/4001/4187 4303/4011/4197 4296/4004/4190
f 4299/4007/4193 4304/4012/4198 4302/4010/4196
f 4304/4012/4198 4299/4007/4193 4303/4011/4197
f 4300/4008/4194 4302/4010/4196 4305/4013/4199
f 4306/4014/4200 4301/4009/4195 4300/4008/4194
f 4305/4013/4199 4306/4014/4200 4300/4008/4194
f 4307/4015/4201 4301/4009/4195 4306/4014/4200
f 4306/4014/4200 4308/4016/4202 4307/4015/4201
f 4302/4010/4196 4309/4017/4203 4305/4013/4199
f 4309/4017/4203 4302/4010/4196 4304/4012/4198
f 4306/4014/4200 4305/4013/4199 4310/4018/4204
f 4309/4017/4203 4310/4018/4204 4305/4013/4199
f 4308/4016/4202 4306/4014/4200 4311/4019/4205
f 4310/4018/4204 4311/4019/4205 4306/4014/4200
f 4311/4019/4205 4312/4020/4206 4308/4016/4202
f 4310/4018/4204 4309/4017/4203 4313/4021/4207
f 4312/4020/4206 4311/4019/4205 4314/4022/4208
f 4314/4022/4208 4315/4023/4209 4312/4020/4206
f 4311/4019/4205 4310/4018/4204 4316/4024/4210
f 4316/4024/4210 4314/4022/4208 4311/4019/4205
f 4310/4018/4204 4313/4021/4207 4316/4024/4210
f 4315/4023/4209 4314/4022/4208 4317/4025/4211
f 4317/4025/4211 4318/4026/4212 4315/4023/4209
f 4314/4022/4208 4316/4024/4210 4319/4027/4213
f 4319/4027/4213 4317/4025/4211 4314/4022/4208
f 4313/4021/4207 4320/4028/4214 4316/4024/4210
f 4320/4028/4214 4319/4027/4213 4316/4024/4210
f 4321/4029/4215 4313/4021/4207 4309/4017/4203
f 4313/4021/4207 4321/4029/4215 4320/4028/4214
f 4304/4012/4198 4321/4029/4215 4309/4017/4203
f 4320/4028/4214 4321/4029/4215 4322/4030/4216
f 4322/4030/4216 4321/4029/4215 4323/4031/4217
f 4321/4029/4215 4324/4032/4218 4323/4031/4217
f 4321/4029/4215 4304/4012/4198 4325/4033/4219
f 4324/4032/4218 4321/4029/4215 4325/4033/4219
f 4303/4011/4197 4325/4033/4219 4304/4012/4198
f 4325/4033/4219 4326/4034/4220 4324/4032/4218
f 4326/4034/4220 4325/4033/4219 4327/4035/4221
f 4325/4033/4219 4303/4011/4197 4327/4035/4221
f 4327/4035/4221 4328/4036/4222 4326/4034/4220
f 4329/4037/4223 4327/4035/4221 4303/4011/4197
f 4303/4011/4197 4293/4001/4187 4329/4037/4223
f 4328/4036/4222 4327/4035/4221 4330/4038/4224
f 4327/4035/4221 4329/4037/4223 4330/4038/4224
f 4330/4038/4224 4331/4039/4225 4328/4036/4222
f 4331/4039/4225 4330/4038/4224 4332/4040/4226
f 4293/4001/4187 4333/4041/4227 4329/4037/4223
f 4329/4037/4223 4333/4041/4227 4330/4038/4224
f 4330/4038/4224 4333/4041/4227 4332/4040/4226
f 4333/4041/4227 4293/4001/4187 4288/3997/4182
f 4288/3997/4182 4289/3998/4183 4333/4041/4227
f 4289/3998/4183 4332/4040/4226 4333/4041/4227
f 4332/4040/4226 4289/3998/4183 4334/4042/4228
f 4274/3989/4168 4334/4042/4228 4289/3998/4183
f 4334/4042/4228 4274/3989/4168 4265/3980/4159
f 4334/4042/4228 4265/3980/4159 4263/3978/4157
f 4335/4043/4229 4332/4040/4226 4334/4042/4228
f 4335/4043/4229 4334/4042/4228 4263/3978/4157
f 4332/4040/4226 4335/4043/4229 4336/4039/4230
f 4266/3981/4160 4336/4039/4230 4335/4043/4229
f 4263/3978/4157 4264/3979/4158 4335/4043/4229
f 4335/4043/4229 4264/3979/4158 4266/3981/4160
f 4264/3979/4158 4337/4044/4231 4338/3982/4232
f 4338/3982/4232 4337/4044/4231 4339/4045/4233
f 4337/4044/4231 4340/4046/4234 4339/4045/4233
f 4264/3979/4158 4341/4047/4235 4337/4044/4231
f 4341/4047/4235 4264/3979/4158 4258/3973/4152
f 4256/3971/4150 4341/4047/4235 4258/3973/4152
f 4340/4046/4234 4337/4044/4231 4342/4048/4236
f 4342/4048/4236 4343/4049/4237 4340/4046/4234
f 4337/4044/4231 4341/4047/4235 4344/4050/4238
f 4344/4050/4238 4342/4048/4236 4337/4044/4231
f 4345/4051/4239 4341/4047/4235 4256/3971/4150
f 4345/4051/4239 4256/3971/4150 4257/3972/4151
f 4345/4051/4239 4257/3972/4151 4346/4052/4240
f 4347/4053/4241 4341/4047/4235 4345/4051/4239
f 4344/4050/4238 4341/4047/4235 4347/4053/4241
f 4348/4054/4242 4345/4051/4239 4346/4052/4240
f 4348/4054/4242 4347/4053/4241 4345/4051/4239
f 4349/4055/4243 4344/4050/4238 4347/4053/4241
f 4347/4053/4241 4348/4054/4242 4349/4055/4243
f 4342/4048/4236 4344/4050/4238 4350/4056/4244
f 4344/4050/4238 4349/4055/4243 4350/4056/4244
f 4343/4049/4237 4342/4048/4236 4351/4057/4245
f 4350/4056/4244 4351/4057/4245 4342/4048/4236
f 4343/4049/4237 4351/4057/4245 4352/4058/4246
f 4349/4055/4243 4353/4059/4247 4350/4056/4244
f 4351/4057/4245 4350/4056/4244 4353/4059/4247
f 4354/4060/4248 4352/4058/4246 4351/4057/4245
f 4352/4058/4246 4354/4060/4248 4355/4061/4249
f 4353/4059/4247 4354/4060/4248 4351/4057/4245
f 4348/4054/4242 4356/4062/4250 4349/4055/4243
f 4353/4059/4247 4349/4055/4243 4356/4062/4250
f 4356/4062/4250 4348/4054/4242 4357/4063/4251
f 4346/4052/4240 4357/4063/4251 4348/4054/4242
f 4357/4063/4251 4346/4052/4240 4358/4064/4252
f 4359/4065/4253 4353/4059/4247 4356/4062/4250
f 4357/4063/4251 4359/4065/4253 4356/4062/4250
f 4360/4066/4254 4357/4063/4251 4358/4064/4252
f 4359/4065/4253 4357/4063/4251 4360/4066/4254
f 4361/4067/4255 4360/4066/4254 4358/4064/4252
f 4360/4066/4254 4361/4067/4255 4362/4068/4256
f 4353/4059/4247 4359/4065/4253 4363/4069/576
f 4354/4060/4248 4353/4059/4247 4363/4069/576
f 4363/4069/576 4359/4065/4253 4364/4070/4257
f 4360/4066/4254 4364/4070/4257 4359/4065/4253
f 4364/4070/4257 4354/4060/4248 4363/4069/576
f 4362/4068/4256 4365/4071/4258 4360/4066/4254
f 4364/4070/4257 4360/4066/4254 4365/4071/4258
f 4365/4071/4258 4362/4068/4256 4318/4026/4212
f 4318/4026/4212 4317/4025/4211 4365/4071/4258
f 4317/4025/4211 4364/4070/4257 4365/4071/4258
f 4364/4070/4257 4317/4025/4211 4366/4072/4259
f 4366/4072/4259 4354/4060/4248 4364/4070/4257
f 4317/4025/4211 4319/4027/4213 4366/4072/4259
f 4366/4072/4259 4367/4073/4260 4354/4060/4248
f 4319/4027/4213 4367/4073/4260 4366/4072/4259
f 4354/4060/4248 4367/4073/4260 4368/4061/4261
f 4319/4027/4213 4320/4028/4214 4367/4073/4260
f 4369/4074/4262 4368/4061/4261 4367/4073/4260
f 4370/4030/4263 4367/4073/4260 4320/4028/4214
f 4367/4073/4260 4370/4030/4263 4369/4074/4262
f 4371/4075/4264 4372/4076/4265 4373/4077/4266
f 4372/4076/4265 4374/4078/4267 4373/4077/4266
f 4372/4076/4265 4375/4079/4268 4374/4078/4267
f 4373/4077/4266 4374/4078/4267 4376/4080/4269
f 4377/4081/4270 4373/4077/4266 4376/4080/4269
f 4378/4082/4271 4377/4081/4270 4376/4080/4269
f 4375/4079/4268 4379/4083/4272 4374/4078/4267
f 4376/4080/4269 4380/4084/4273 4378/4082/4271
f 4380/4084/4273 4381/4085/4274 4378/4082/4271
f 4382/4086/4275 4376/4080/4269 4374/4078/4267
f 4382/4086/4275 4380/4084/4273 4376/4080/4269
f 4379/4083/4272 4382/4086/4275 4374/4078/4267
f 4381/4085/4274 4380/4084/4273 4383/4087/4276
f 4384/4088/4277 4381/4085/4274 4383/4087/4276
f 4384/4088/4277 4383/4087/4276 4385/4089/4278
f 4380/4084/4273 4386/4090/4279 4383/4087/4276
f 4386/4090/4279 4385/4089/4278 4383/4087/4276
f 4382/4086/4275 4386/4090/4279 4380/4084/4273
f 4386/4090/4279 4387/4091/4280 4385/4089/4278
f 4386/4090/4279 4382/4086/4275 4388/4092/4281
f 4388/4092/4281 4387/4091/4280 4386/4090/4279
f 4389/4093/4282 4385/4089/4278 4387/4091/4280
f 4390/4094/4283 4385/4089/4278 4389/4093/4282
f 4391/4095/4284 4390/4094/4283 4389/4093/4282
f 4391/4095/4284 4389/4093/4282 4392/4096/4285
f 4393/4097/4286 4391/4095/4284 4392/4096/4285
f 4387/4091/4280 4394/4098/4287 4389/4093/4282
f 4392/4096/4285 4389/4093/4282 4394/4098/4287
f 4392/4096/4285 4395/4099/4288 4393/4097/4286
f 4396/4100/4289 4393/4097/4286 4395/4099/4288
f 4394/4098/4287 4397/4101/4290 4392/4096/4285
f 4395/4099/4288 4392/4096/4285 4397/4101/4290
f 4398/4102/4291 4394/4098/4287 4387/4091/4280
f 4387/4091/4280 4388/4092/4281 4398/4102/4291
f 4395/4099/4288 4399/4103/4292 4396/4100/4289
f 4396/4100/4289 4399/4103/4292 4400/4104/4293
f 4399/4103/4292 4395/4099/4288 4401/4105/4294
f 4397/4101/4290 4401/4105/4294 4395/4099/4288
f 4399/4103/4292 4402/4106/4295 4400/4104/4293
f 4400/4104/4293 4402/4106/4295 4403/4107/4296
f 4401/4105/4294 4404/4108/4297 4399/4103/4292
f 4402/4106/4295 4399/4103/4292 4404/4108/4297
f 4405/4109/4298 4401/4105/4294 4397/4101/4290
f 4402/4106/4295 4406/4110/4299 4403/4107/4296
f 4403/4107/4296 4406/4110/4299 4407/4111/4300
f 4401/4105/4294 4405/4109/4298 4408/4112/4301
f 4408/4112/4301 4404/4108/4297 4401/4105/4294
f 4397/4101/4290 4409/4113/4302 4405/4109/4298
f 4409/4113/4302 4397/4101/4290 4394/4098/4287
f 4394/4098/4287 4398/4102/4291 4409/4113/4302
f 4410/4114/4303 4405/4109/4298 4409/4113/4302
f 4411/4115/4304 4409/4113/4302 4398/4102/4291
f 4409/4113/4302 4411/4115/4304 4410/4114/4303
f 4398/4102/4291 4412/4116/4305 4411/4115/4304
f 4412/4116/4305 4398/4102/4291 4388/4092/4281
f 4405/4109/4298 4410/4114/4303 4413/4117/4306
f 4413/4117/4306 4408/4112/4301 4405/4109/4298
f 4410/4114/4303 4411/4115/4304 4414/4118/4307
f 4413/4117/4306 4410/4114/4303 4415/4119/4308
f 4414/4118/4307 4415/4119/4308 4410/4114/4303
f 4408/4112/4301 4413/4117/4306 4416/4120/4309
f 4417/4121/4310 4414/4118/4307 4411/4115/4304
f 4411/4115/4304 4412/4116/4305 4417/4121/4310
f 4416/4120/4309 4418/4122/4311 4408/4112/4301
f 4404/4108/4297 4408/4112/4301 4418/4122/4311
f 4416/4120/4309 4413/4117/4306 4419/4123/4312
f 4415/4119/4308 4419/4123/4312 4413/4117/4306
f 4418/4122/4311 4420/4124/4313 4404/4108/4297
f 4418/4122/4311 4416/4120/4309 4421/4125/4314
f 4421/4125/4314 4420/4124/4313 4418/4122/4311
f 4419/4123/4312 4422/4126/4315 4416/4120/4309
f 4416/4120/4309 4422/4126/4315 4421/4125/4314
f 4423/4127/4316 4404/4108/4297 4420/4124/4313
f 4404/4108/4297 4423/4127/4316 4402/4106/4295
f 4406/4110/4299 4402/4106/4295 4423/4127/4316
f 4420/4124/4313 4424/4128/4317 4423/4127/4316
f 4423/4127/4316 4425/4129/4318 4406/4110/4299
f 4423/4127/4316 4424/4128/4317 4425/4129/4318
f 4424/4128/4317 4420/4124/4313 4426/4130/4319
f 4426/4130/4319 4425/4129/4318 4424/4128/4317
f 4421/4125/4314 4426/4130/4319 4420/4124/4313
f 4427/4131/4320 4406/4110/4299 4425/4129/4318
f 4426/4130/4319 4421/4125/4314 4428/4132/4321
f 4406/4110/4299 4427/4131/4320 4429/4133/4322
f 4406/4110/4299 4429/4133/4322 4407/4111/4300
f 4430/4134/4323 4407/4111/4300 4429/4133/4322
f 4429/4133/4322 4431/4135/4324 4430/4134/4323
f 4431/4135/4324 4429/4133/4322 4432/4136/4325
f 4427/4131/4320 4432/4136/4325 4429/4133/4322
f 4432/4136/4325 4427/4131/4320 4433/4137/4326
f 4425/4129/4318 4433/4137/4326 4427/4131/4320
f 4433/4137/4326 4434/4138/1170 4432/4136/4325
f 4433/4137/4326 4425/4129/4318 4435/4139/4327
f 4425/4129/4318 4426/4130/4319 4435/4139/4327
f 4434/4138/1170 4433/4137/4326 4436/4140/4328
f 4435/4139/4327 4436/4140/4328 4433/4137/4326
f 4436/4140/4328 4437/4141/4329 4434/4138/1170
f 4438/4142/4330 4435/4139/4327 4426/4130/4319
f 4436/4140/4328 4435/4139/4327 4438/4142/4330
f 4428/4132/4321 4438/4142/4330 4426/4130/4319
f 4437/4141/4329 4436/4140/4328 4439/4143/4331
f 4438/4142/4330 4439/4143/4331 4436/4140/4328
f 4439/4143/4331 4440/4144/4332 4437/4141/4329
f 4439/4143/4331 4438/4142/4330 4441/4145/4333
f 4428/4132/4321 4441/4145/4333 4438/4142/4330
f 4440/4144/4332 4439/4143/4331 4442/4146/4334
f 4441/4145/4333 4442/4146/4334 4439/4143/4331
f 4442/4146/4334 4443/4147/4335 4440/4144/4332
f 4441/4145/4333 4428/4132/4321 4444/4148/4336
f 4442/4146/4334 4441/4145/4333 4445/4149/4337
f 4444/4148/4336 4445/4149/4337 4441/4145/4333
f 4443/4147/4335 4442/4146/4334 4446/4150/4338
f 4445/4149/4337 4446/4150/4338 4442/4146/4334
f 4447/4151/4339 4443/4147/4335 4446/4150/4338
f 4448/4152/4340 4443/4147/4335 4447/4151/4339
f 4446/4150/4338 4445/4149/4337 4449/4153/4341
f 4450/4154/4342 4448/4152/4340 4447/4151/4339
f 4451/4155/4343 4448/4152/4340 4450/4154/4342
f 4452/4156/4344 4447/4151/4339 4446/4150/4338
f 4452/4156/4344 4446/4150/4338 4449/4153/4341
f 4453/4157/4345 4450/4154/4342 4447/4151/4339
f 4452/4156/4344 4453/4157/4345 4447/4151/4339
f 4454/4158/4346 4451/4155/4343 4450/4154/4342
f 4451/4155/4343 4454/4158/4346 4455/4159/4347
f 4456/4160/4348 4450/4154/4342 4453/4157/4345
f 4450/4154/4342 4456/4160/4348 4454/4158/4346
f 4455/4159/4347 4454/4158/4346 4457/4161/4349
f 4458/4162/4350 4455/4159/4347 4457/4161/4349
f 4454/4158/4346 4459/4163/4351 4457/4161/4349
f 4458/4162/4350 4457/4161/4349 4459/4163/4351
f 4459/4163/4351 4454/4158/4346 4456/4160/4348
f 4459/4163/4351 4460/4164/4352 4458/4162/4350
f 4456/4160/4348 4460/4164/4352 4459/4163/4351
f 4461/4165/4353 4458/4162/4350 4460/4164/4352
f 4453/4157/4345 4462/4166/4354 4456/4160/4348
f 4460/4164/4352 4456/4160/4348 4462/4166/4354
f 4462/4166/4354 4453/4157/4345 4463/4167/4355
f 4452/4156/4344 4463/4167/4355 4453/4157/4345
f 4464/4168/4356 4460/4164/4352 4462/4166/4354
f 4462/4166/4354 4463/4167/4355 4464/4168/4356
f 4461/4165/4353 4460/4164/4352 4465/4169/4357
f 4464/4168/4356 4465/4169/4357 4460/4164/4352
f 4461/4165/4353 4465/4169/4357 4466/4170/4358
f 4465/4169/4357 4464/4168/4356 4466/4170/4358
f 4466/4170/4358 4467/4171/4359 4461/4165/4353
f 4466/4170/4358 4464/4168/4356 4468/4172/4360
f 4464/4168/4356 4463/4167/4355 4468/4172/4360
f 4466/4170/4358 4469/4173/4361 4467/4171/4359
f 4466/4170/4358 4468/4172/4360 4469/4173/4361
f 4467/4171/4359 4469/4173/4361 4470/4174/4362
f 4470/4174/4362 4471/4175/4363 4467/4171/4359
f 4472/4176/4364 4469/4173/4361 4468/4172/4360
f 4472/4176/4364 4470/4174/4362 4469/4173/4361
f 4463/4167/4355 4472/4176/4364 4468/4172/4360
f 4471/4175/4363 4470/4174/4362 4473/4177/4365
f 4473/4177/4365 4474/4178/4366 4471/4175/4363
f 4470/4174/4362 4472/4176/4364 4475/4179/4367
f 4475/4179/4367 4473/4177/4365 4470/4174/4362
f 4472/4176/4364 4463/4167/4355 4476/4180/4368
f 4476/4180/4368 4475/4179/4367 4472/4176/4364
f 4463/4167/4355 4452/4156/4344 4476/4180/4368
f 4476/4180/4368 4452/4156/4344 4449/4153/4341
f 4475/4179/4367 4476/4180/4368 4477/4181/4369
f 4449/4153/4341 4477/4181/4369 4476/4180/4368
f 4473/4177/4365 4475/4179/4367 4478/4182/4370
f 4477/4181/4369 4478/4182/4370 4475/4179/4367
f 4449/4153/4341 4479/4183/4371 4477/4181/4369
f 4478/4182/4370 4477/4181/4369 4479/4183/4371
f 4479/4183/4371 4449/4153/4341 4445/4149/4337
f 4445/4149/4337 4444/4148/4336 4479/4183/4371
f 4478/4182/4370 4480/4184/4372 4473/4177/4365
f 4474/4178/4366 4473/4177/4365 4480/4184/4372
f 4480/4184/4372 4481/4185/4373 4474/4178/4366
f 4479/4183/4371 4482/4186/4374 4478/4182/4370
f 4482/4186/4374 4479/4183/4371 4444/4148/4336
f 4480/4184/4372 4478/4182/4370 4482/4186/4374
f 4428/4132/4321 4482/4186/4374 4444/4148/4336
f 4481/4185/4373 4480/4184/4372 4483/4187/4375
f 4482/4186/4374 4483/4187/4375 4480/4184/4372
f 4483/4187/4375 4484/4188/4376 4481/4185/4373
f 4485/4189/4377 4482/4186/4374 4428/4132/4321
f 4483/4187/4375 4482/4186/4374 4485/4189/4377
f 4421/4125/4314 4485/4189/4377 4428/4132/4321
f 4422/4126/4315 4485/4189/4377 4421/4125/4314
f 4484/4188/4376 4483/4187/4375 4486/4190/4378
f 4485/4189/4377 4486/4190/4378 4483/4187/4375
f 4486/4190/4378 4485/4189/4377 4422/4126/4315
f 4486/4190/4378 4487/4191/4379 4484/4188/4376
f 4422/4126/4315 4419/4123/4312 4486/4190/4378
f 4487/4191/4379 4486/4190/4378 4488/4192/4380
f 4488/4192/4380 4486/4190/4378 4419/4123/4312
f 4488/4192/4380 4489/4193/4381 4487/4191/4379
f 4419/4123/4312 4415/4119/4308 4488/4192/4380
f 4489/4193/4381 4488/4192/4380 4490/4194/4382
f 4490/4194/4382 4488/4192/4380 4415/4119/4308
f 4490/4194/4382 4491/4195/4383 4489/4193/4381
f 4415/4119/4308 4414/4118/4307 4490/4194/4382
f 4491/4195/4383 4490/4194/4382 4492/4196/4384
f 4492/4196/4384 4490/4194/4382 4414/4118/4307
f 4492/4196/4384 4493/4197/4385 4491/4195/4383
f 4414/4118/4307 4417/4121/4310 4492/4196/4384
f 4493/4197/4385 4492/4196/4384 4494/4198/4386
f 4494/4198/4386 4492/4196/4384 4417/4121/4310
f 4494/4198/4386 4495/4199/4387 4493/4197/4385
f 4417/4121/4310 4496/4200/4388 4494/4198/4386
f 4496/4200/4388 4417/4121/4310 4412/4116/4305
f 4495/4199/4387 4494/4198/4386 4497/4201/4389
f 4497/4201/4389 4494/4198/4386 4496/4200/4388
f 4497/4201/4389 4375/4079/4268 4495/4199/4387
f 4375/4079/4268 4497/4201/4389 4379/4083/4272
f 4412/4116/4305 4498/4202/4390 4496/4200/4388
f 4388/4092/4281 4498/4202/4390 4412/4116/4305
f 4496/4200/4388 4499/4203/4391 4497/4201/4389
f 4379/4083/4272 4497/4201/4389 4499/4203/4391
f 4499/4203/4391 4496/4200/4388 4498/4202/4390
f 4499/4203/4391 4382/4086/4275 4379/4083/4272
f 4498/4202/4390 4388/4092/4281 4500/4204/4392
f 4498/4202/4390 4500/4204/4392 4499/4203/4391
f 4388/4092/4281 4382/4086/4275 4500/4204/4392
f 4382/4086/4275 4499/4203/4391 4500/4204/4392
f 4501/4205/4393 4502/105/4394 4503/107/4395
f 4501/4205/4393 4504/127/4396 4505/128/4397
f 4503/107/4395 4506/4206/4398 4501/4205/4393
f 4504/127/4396 4501/4205/4393 4506/4206/4398
f 4506/4206/4398 4503/107/4395 4507/109/4399
f 4506/4206/4398 4508/125/4400 4504/127/4396
f 4507/109/4399 4509/4207/4401 4506/4206/4398
f 4508/125/4400 4506/4206/4398 4509/4207/4401
f 4510/110/4402 4509/4207/4401 4507/109/4399
f 4509/4207/4401 4511/124/4403 4508/125/4400
f 4509/4207/4401 4510/110/4402 4512/4208/4404
f 4511/124/4403 4509/4207/4401 4512/4208/4404
f 4513/111/4405 4512/4208/4404 4510/110/4402
f 4512/4208/4404 4514/122/4406 4511/124/4403
f 4512/4208/4404 4513/111/4405 4515/4209/4407
f 4514/122/4406 4512/4208/4404 4515/4209/4407
f 4515/4209/4407 4513/111/4405 4516/113/4408
f 4515/4209/4407 4517/120/4409 4514/122/4406
f 4518/4210/4410 4515/4209/4407 4516/113/4408
f 4517/120/4409 4515/4209/4407 4518/4210/4410
f 4518/4210/4410 4516/113/4408 4519/115/4411
f 4520/4211/4412 4517/120/4409 4518/4210/4410
f 4520/4211/4412 4518/4210/4410 4519/115/4411
f 4517/120/4409 4520/4211/4412 4521/117/4413
f 4522/116/4414 4520/4211/4412 4519/115/4411
f 4523/118/4415 4521/117/4413 4520/4211/4412
f 4520/4211/4412 4522/116/4414 4524/4212/4416
f 4520/4211/4412 4524/4212/4416 4523/118/4415
f 4525/4213/4417 4526/739/4418 4527/738/774
f 4526/739/4418 4525/4213/4417 4528/4214/4419
f 4529/4215/4420 4528/4214/4419 4525/4213/4417
f 4528/4214/4419 4529/4215/4420 4530/4216/4421
f 4531/4217/4422 4530/4216/4421 4529/4215/4420
f 4532/4218/4423 4526/739/4418 4528/4214/4419
f 4530/4216/4421 4531/4217/4422 4533/4219/4424
f 4534/4220/4425 4533/4219/4424 4531/4217/4422
f 4535/4221/4426 4528/4214/4419 4530/4216/4421
f 4528/4214/4419 4535/4221/4426 4532/4218/4423
f 4533/4219/4424 4534/4220/4425 4536/4222/4427
f 4537/4223/4428 4536/4222/4427 4534/4220/4425
f 4538/4224/4429 4530/4216/4421 4533/4219/4424
f 4536/4222/4427 4538/4224/4429 4533/4219/4424
f 4530/4216/4421 4538/4224/4429 4535/4221/4426
f 4536/4222/4427 4537/4223/4428 4539/4225/4430
f 4540/2608/4431 4537/4223/4428 4541/2609/4432
f 4539/4225/4430 4537/4223/4428 4540/2608/4431
f 4539/4225/4430 4542/4226/4433 4536/4222/4427
f 4538/4224/4429 4536/4222/4427 4542/4226/4433
f 4540/2608/4431 4543/4227/4434 4539/4225/4430
f 4543/4227/4434 4542/4226/4433 4539/4225/4430
f 4544/2604/2714 4543/4227/4434 4540/2608/4431
f 4545/2603/4435 4543/4227/4434 4544/2604/2714
f 4546/4228/4436 4542/4226/4433 4543/4227/4434
f 4543/4227/4434 4545/2603/4435 4546/4228/4436
f 4547/4229/4437 4538/4224/4429 4542/4226/4433
f 4542/4226/4433 4546/4228/4436 4547/4229/4437
f 4538/4224/4429 4547/4229/4437 4548/4230/4438
f 4548/4230/4438 4535/4221/4426 4538/4224/4429
f 4545/2603/4435 4549/4231/4439 4546/4228/4436
f 4549/4231/4439 4545/2603/4435 4550/2598/4440
f 4551/2596/4441 4549/4231/4439 4550/2598/4440
f 4535/4221/4426 4548/4230/4438 4552/4232/4442
f 4552/4232/4442 4532/4218/4423 4535/4221/4426
f 4549/4231/4439 4551/2596/4441 4553/4233/4443
f 4554/2597/4444 4553/4233/4443 4551/2596/4441
f 4553/4233/4443 4554/2597/4444 4555/4234/4445
f 4556/4235/4446 4546/4228/4436 4549/4231/4439
f 4553/4233/4443 4556/4235/4446 4549/4231/4439
f 4546/4228/4436 4556/4235/4446 4547/4229/4437
f 4555/4234/4445 4557/4236/4447 4553/4233/4443
f 4556/4235/4446 4553/4233/4443 4557/4236/4447
f 4557/4236/4447 4555/4234/4445 4558/4237/4448
f 4559/4238/4449 4547/4229/4437 4556/4235/4446
f 4557/4236/4447 4559/4238/4449 4556/4235/4446
f 4547/4229/4437 4559/4238/4449 4548/4230/4438
f 4559/4238/4449 4552/4232/4442 4548/4230/4438
f 4558/4237/4448 4560/4239/4450 4557/4236/4447
f 4559/4238/4449 4557/4236/4447 4560/4239/4450
f 4560/4239/4450 4558/4237/4448 4561/4240/4451
f 4552/4232/4442 4559/4238/4449 4562/4241/4452
f 4560/4239/4450 4562/4241/4452 4559/4238/4449
f 4561/4240/4451 4563/4242/4453 4560/4239/4450
f 4562/4241/4452 4560/4239/4450 4563/4242/4453
f 4563/4242/4453 4561/4240/4451 4564/4243/4454
f 4564/4243/4454 4565/4244/4455 4563/4242/4453
f 4562/4241/4452 4566/4245/4456 4552/4232/4442
f 4532/4218/4423 4552/4232/4442 4566/4245/4456
f 4563/4242/4453 4567/4246/4457 4562/4241/4452
f 4566/4245/4456 4562/4241/4452 4567/4246/4457
f 4568/4247/4458 4563/4242/4453 4565/4244/4455
f 4567/4246/4457 4563/4242/4453 4568/4247/4458
f 4565/4244/4455 4569/4248/4459 4568/4247/4458
f 4567/4246/4457 4570/4249/4460 4566/4245/4456
f 4566/4245/4456 4570/4249/4460 4532/4218/4423
f 4568/4247/4458 4571/4250/4461 4567/4246/4457
f 4570/4249/4460 4567/4246/4457 4571/4250/4461
f 4572/4251/4462 4568/4247/4458 4569/4248/4459
f 4571/4250/4461 4568/4247/4458 4572/4251/4462
f 4569/4248/4459 4573/4252/4463 4572/4251/4462
f 4574/4253/4464 4532/4218/4423 4570/4249/4460
f 4526/739/4418 4532/4218/4423 4574/4253/4464
f 4574/4253/4464 4575/737/4465 4526/739/4418
f 4571/4250/4461 4576/4254/4466 4570/4249/4460
f 4570/4249/4460 4576/4254/4466 4574/4253/4464
f 4575/737/4465 4574/4253/4464 4577/4255/4467
f 4577/4255/4467 4574/4253/4464 4576/4254/4466
f 4577/4255/4467 4578/741/4468 4575/737/4465
f 4576/4254/4466 4571/4250/4461 4579/4256/4469
f 4572/4251/4462 4579/4256/4469 4571/4250/4461
f 4576/4254/4466 4580/4257/4470 4577/4255/4467
f 4579/4256/4469 4580/4257/4470 4576/4254/4466
f 4578/741/4468 4577/4255/4467 4581/4258/4471
f 4581/4258/4471 4577/4255/4467 4580/4257/4470
f 4579/4256/4469 4572/4251/4462 4582/4259/4472
f 4582/4259/4472 4572/4251/4462 4573/4252/4463
f 4573/4252/4463 4583/4260/4473 4582/4259/4472
f 4582/4259/4472 4584/4261/4474 4579/4256/4469
f 4580/4257/4470 4579/4256/4469 4584/4261/4474
f 4585/4262/4475 4582/4259/4472 4583/4260/4473
f 4584/4261/4474 4582/4259/4472 4585/4262/4475
f 4583/4260/4473 4586/4263/4476 4585/4262/4475
f 4584/4261/4474 4587/4264/4477 4580/4257/4470
f 4585/4262/4475 4587/4264/4477 4584/4261/4474
f 4588/4265/4478 4585/4262/4475 4586/4263/4476
f 4587/4264/4477 4585/4262/4475 4588/4265/4478
f 4588/4265/4478 4586/4263/4476 4589/4266/4479
f 4590/4267/4480 4580/4257/4470 4587/4264/4477
f 4580/4257/4470 4590/4267/4480 4581/4258/4471
f 4588/4265/4478 4591/4268/4481 4587/4264/4477
f 4587/4264/4477 4591/4268/4481 4590/4267/4480
f 4592/4269/4482 4588/4265/4478 4589/4266/4479
f 4591/4268/4481 4588/4265/4478 4592/4269/4482
f 4589/4266/4479 4593/4270/4483 4592/4269/4482
f 4593/4270/4483 4589/4266/4479 4594/4271/4484
f 4592/4269/4482 4595/4272/4485 4591/4268/4481
f 4595/4272/4485 4592/4269/4482 4593/4270/4483
f 4594/4271/4484 4596/4273/4486 4593/4270/4483
f 4593/4270/4483 4596/4273/4486 4595/4272/4485
f 4596/4273/4486 4594/4271/4484 4597/4274/4487
f 4591/4268/4481 4595/4272/4485 4598/4275/4488
f 4598/4275/4488 4590/4267/4480 4591/4268/4481
f 4597/4274/4487 4599/4276/4489 4596/4273/4486
f 4599/4276/4489 4597/4274/4487 4600/4277/4490
f 4601/4278/4491 4595/4272/4485 4596/4273/4486
f 4599/4276/4489 4601/4278/4491 4596/4273/4486
f 4595/4272/4485 4601/4278/4491 4602/4279/4492
f 4602/4279/4492 4598/4275/4488 4595/4272/4485
f 4601/4278/4491 4599/4276/4489 4603/4280/4493
f 4604/4281/4494 4602/4279/4492 4601/4278/4491
f 4601/4278/4491 4603/4280/4493 4604/4281/4494
f 4600/4277/4490 4605/4282/4495 4599/4276/4489
f 4605/4282/4495 4600/4277/4490 4606/4283/4496
f 4599/4276/4489 4607/4284/4497 4603/4280/4493
f 4607/4284/4497 4599/4276/4489 4605/4282/4495
f 4606/4283/4496 4608/4285/4498 4605/4282/4495
f 4608/4285/4498 4606/4283/4496 4609/4286/4499
f 4605/4282/4495 4610/4287/4500 4607/4284/4497
f 4610/4287/4500 4605/4282/4495 4608/4285/4498
f 4603/4280/4493 4607/4284/4497 4611/4288/4501
f 4611/4288/4501 4604/4281/4494 4603/4280/4493
f 4607/4284/4497 4610/4287/4500 4612/4289/4502
f 4612/4289/4502 4611/4288/4501 4607/4284/4497
f 4608/4285/4498 4613/4290/4503 4610/4287/4500
f 4609/4286/4499 4614/4291/4504 4608/4285/4498
f 4613/4290/4503 4608/4285/4498 4614/4291/4504
f 4614/4291/4504 4609/4286/4499 4615/4292/4505
f 4610/4287/4500 4613/4290/4503 4616/4293/4506
f 4616/4293/4506 4612/4289/4502 4610/4287/4500
f 4615/4292/4505 4617/4294/4507 4614/4291/4504
f 4617/4294/4507 4615/4292/4505 4618/4295/4508
f 4614/4291/4504 4619/4296/4509 4613/4290/4503
f 4619/4296/4509 4614/4291/4504 4617/4294/4507
f 4618/4295/4508 4620/4297/4510 4617/4294/4507
f 4617/4294/4507 4620/4297/4510 4619/4296/4509
f 4620/4297/4510 4618/4295/4508 4621/4298/4511
f 4621/4298/4511 4622/4299/4512 4620/4297/4510
f 4613/4290/4503 4619/4296/4509 4623/4300/4513
f 4623/4300/4513 4616/4293/4506 4613/4290/4503
f 4624/4301/4514 4620/4297/4510 4622/4299/4512
f 4622/4299/4512 4625/4302/4515 4624/4301/4514
f 4619/4296/4509 4620/4297/4510 4626/4303/4516
f 4620/4297/4510 4624/4301/4514 4626/4303/4516
f 4623/4300/4513 4619/4296/4509 4627/4304/4517
f 4619/4296/4509 4626/4303/4516 4627/4304/4517
f 4628/4305/4518 4624/4301/4514 4625/4302/4515
f 4625/4302/4515 4629/4306/4519 4628/4305/4518
f 4630/4307/4520 4626/4303/4516 4624/4301/4514
f 4624/4301/4514 4628/4305/4518 4630/4307/4520
f 4631/4308/4521 4628/4305/4518 4629/4306/4519
f 4629/4306/4519 4632/4309/4522 4631/4308/4521
f 4633/4310/4523 4630/4307/4520 4628/4305/4518
f 4628/4305/4518 4631/4308/4521 4633/4310/4523
f 4634/4311/4524 4626/4303/4516 4630/4307/4520
f 4635/4312/4525 4631/4308/4521 4632/4309/4522
f 4632/4309/4522 4636/4313/4526 4635/4312/4525
f 4626/4303/4516 4634/4311/4524 4637/4314/4527
f 4627/4304/4517 4626/4303/4516 4637/4314/4527
f 4630/4307/4520 4638/4315/4528 4634/4311/4524
f 4638/4315/4528 4630/4307/4520 4633/4310/4523
f 4639/4316/4529 4637/4314/4527 4634/4311/4524
f 4638/4315/4528 4639/4316/4529 4634/4311/4524
f 4640/4317/4530 4627/4304/4517 4637/4314/4527
f 4637/4314/4527 4639/4316/4529 4640/4317/4530
f 4627/4304/4517 4640/4317/4530 4641/4318/4531
f 4641/4318/4531 4623/4300/4513 4627/4304/4517
f 4639/4316/4529 4642/4319/4532 4640/4317/4530
f 4623/4300/4513 4641/4318/4531 4643/4320/4533
f 4643/4320/4533 4616/4293/4506 4623/4300/4513
f 4640/4317/4530 4644/4321/4534 4641/4318/4531
f 4644/4321/4534 4640/4317/4530 4642/4319/4532
f 4643/4320/4533 4641/4318/4531 4645/4322/4535
f 4645/4322/4535 4641/4318/4531 4644/4321/4534
f 4616/4293/4506 4643/4320/4533 4646/4323/4536
f 4646/4323/4536 4612/4289/4502 4616/4293/4506
f 4647/4324/4537 4643/4320/4533 4645/4322/4535
f 4646/4323/4536 4643/4320/4533 4647/4324/4537
f 4648/4325/4538 4645/4322/4535 4644/4321/4534
f 4645/4322/4535 4648/4325/4538 4649/4326/4539
f 4649/4326/4539 4647/4324/4537 4645/4322/4535
f 4644/4321/4534 4650/4327/4540 4648/4325/4538
f 4650/4327/4540 4644/4321/4534 4642/4319/4532
f 4647/4324/4537 4649/4326/4539 4651/4328/4541
f 4652/4329/4542 4650/4327/4540 4642/4319/4532
f 4642/4319/4532 4639/4316/4529 4652/4329/4542
f 4650/4327/4540 4652/4329/4542 4653/4330/4543
f 4651/4328/4541 4654/4331/4544 4647/4324/4537
f 4654/4331/4544 4646/4323/4536 4647/4324/4537
f 4654/4331/4544 4651/4328/4541 4655/4332/4545
f 4656/4333/4546 4646/4323/4536 4654/4331/4544
f 4612/4289/4502 4646/4323/4536 4656/4333/4546
f 4656/4333/4546 4611/4288/4501 4612/4289/4502
f 4654/4331/4544 4655/4332/4545 4657/4334/4547
f 4654/4331/4544 4657/4334/4547 4656/4333/4546
f 4657/4334/4547 4655/4332/4545 4658/4335/4548
f 4611/4288/4501 4656/4333/4546 4659/4336/4549
f 4659/4336/4549 4656/4333/4546 4657/4334/4547
f 4659/4336/4549 4604/4281/4494 4611/4288/4501
f 4657/4334/4547 4658/4335/4548 4660/4337/4550
f 4657/4334/4547 4660/4337/4550 4659/4336/4549
f 4660/4337/4550 4658/4335/4548 4661/4338/4551
f 4604/4281/4494 4659/4336/4549 4662/4339/4552
f 4660/4337/4550 4662/4339/4552 4659/4336/4549
f 4662/4339/4552 4602/4279/4492 4604/4281/4494
f 4660/4337/4550 4661/4338/4551 4663/4340/4553
f 4602/4279/4492 4662/4339/4552 4664/4341/4554
f 4660/4337/4550 4664/4341/4554 4662/4339/4552
f 4664/4341/4554 4660/4337/4550 4663/4340/4553
f 4664/4341/4554 4598/4275/4488 4602/4279/4492
f 4663/4340/4553 4661/4338/4551 4665/4342/4555
f 4598/4275/4488 4664/4341/4554 4666/4343/4556
f 4663/4340/4553 4666/4343/4556 4664/4341/4554
f 4663/4340/4553 4665/4342/4555 4667/4344/4557
f 4666/4343/4556 4663/4340/4553 4667/4344/4557
f 4667/4344/4557 4665/4342/4555 4668/4345/4558
f 4666/4343/4556 4669/4346/4559 4598/4275/4488
f 4667/4344/4557 4669/4346/4559 4666/4343/4556
f 4590/4267/4480 4598/4275/4488 4669/4346/4559
f 4669/4346/4559 4581/4258/4471 4590/4267/4480
f 4668/4345/4558 4670/4347/4560 4667/4344/4557
f 4669/4346/4559 4667/4344/4557 4670/4347/4560
f 4670/4347/4560 4581/4258/4471 4669/4346/4559
f 4670/4347/4560 4668/4345/4558 4671/4348/4561
f 4581/4258/4471 4670/4347/4560 4578/741/4468
f 4672/742/778 4670/4347/4560 4671/4348/4561
f 4670/4347/4560 4672/742/778 4578/741/4468
f 4673/4349/4562 4652/4329/4542 4639/4316/4529
f 4639/4316/4529 4638/4315/4528 4673/4349/4562
f 4652/4329/4542 4673/4349/4562 4674/4350/4563
f 4674/4350/4563 4653/4330/4543 4652/4329/4542
f 4653/4330/4543 4674/4350/4563 4675/4351/4564
f 4676/4352/4565 4673/4349/4562 4638/4315/4528
f 4633/4310/4523 4676/4352/4565 4638/4315/4528
f 4677/4353/4566 4674/4350/4563 4673/4349/4562
f 4677/4353/4566 4673/4349/4562 4676/4352/4565
f 4678/4354/4567 4675/4351/4564 4674/4350/4563
f 4678/4354/4567 4674/4350/4563 4677/4353/4566
f 4675/4351/4564 4678/4354/4567 4679/4355/4568
f 4676/4352/4565 4633/4310/4523 4680/4356/4569
f 4680/4356/4569 4633/4310/4523 4631/4308/4521
f 4631/4308/4521 4681/4357/4570 4680/4356/4569
f 4676/4352/4565 4680/4356/4569 4681/4357/4570
f 4681/4357/4570 4631/4308/4521 4635/4312/4525
f 4682/4358/4571 4676/4352/4565 4681/4357/4570
f 4677/4353/4566 4676/4352/4565 4682/4358/4571
f 4635/4312/4525 4683/4359/4572 4681/4357/4570
f 4682/4358/4571 4681/4357/4570 4683/4359/4572
f 4684/4360/4573 4677/4353/4566 4682/4358/4571
f 4678/4354/4567 4677/4353/4566 4684/4360/4573
f 4685/4361/4574 4682/4358/4571 4683/4359/4572
f 4684/4360/4573 4682/4358/4571 4685/4361/4574
f 4683/4359/4572 4635/4312/4525 4686/4362/4575
f 4686/4362/4575 4635/4312/4525 4636/4313/4526
f 4686/4362/4575 4636/4313/4526 4687/4363/4576
f 4686/4362/4575 4688/4364/4577 4683/4359/4572
f 4683/4359/4572 4688/4364/4577 4685/4361/4574
f 4689/4365/4578 4686/4362/4575 4687/4363/4576
f 4688/4364/4577 4686/4362/4575 4689/4365/4578
f 4690/4366/4579 4689/4365/4578 4687/4363/4576
f 4691/4367/4580 4685/4361/4574 4688/4364/4577
f 4692/4368/4581 4689/4365/4578 4690/4366/4579
f 4693/4369/4582 4692/4368/4581 4690/4366/4579
f 4689/4365/4578 4694/4370/4583 4688/4364/4577
f 4694/4370/4583 4689/4365/4578 4692/4368/4581
f 4688/4364/4577 4694/4370/4583 4691/4367/4580
f 4695/4371/4584 4692/4368/4581 4693/4369/4582
f 4693/4369/4582 4696/4372/4585 4695/4371/4584
f 4692/4368/4581 4697/4373/4586 4694/4370/4583
f 4697/4373/4586 4692/4368/4581 4695/4371/4584
f 4695/4371/4584 4696/4372/4585 4698/4374/4587
f 4696/4372/4585 4699/4375/4588 4698/4374/4587
f 4695/4371/4584 4700/4376/4589 4697/4373/4586
f 4700/4376/4589 4695/4371/4584 4698/4374/4587
f 4694/4370/4583 4697/4373/4586 4701/4377/4590
f 4701/4377/4590 4691/4367/4580 4694/4370/4583
f 4697/4373/4586 4700/4376/4589 4702/4378/4591
f 4702/4378/4591 4701/4377/4590 4697/4373/4586
f 4698/4374/4587 4703/4379/4592 4700/4376/4589
f 4698/4374/4587 4699/4375/4588 4704/4380/4593
f 4703/4379/4592 4698/4374/4587 4704/4380/4593
f 4699/4375/4588 4705/4381/4594 4704/4380/4593
f 4700/4376/4589 4703/4379/4592 4706/4382/4595
f 4706/4382/4595 4702/4378/4591 4700/4376/4589
f 4704/4380/4593 4705/4381/4594 4707/4383/2557
f 4705/4381/4594 4708/4384/4596 4707/4383/2557
f 4709/4385/4597 4707/4383/2557 4708/4384/4596
f 4710/4386/4598 4707/4383/2557 4709/4385/4597
f 4711/4387/4599 4704/4380/4593 4707/4383/2557
f 4707/4383/2557 4710/4386/4598 4711/4387/4599
f 4704/4380/4593 4711/4387/4599 4703/4379/4592
f 4711/4387/4599 4710/4386/4598 4712/4388/4600
f 4713/4389/4601 4712/4388/4600 4710/4386/4598
f 4703/4379/4592 4711/4387/4599 4714/4390/4602
f 4712/4388/4600 4714/4390/4602 4711/4387/4599
f 4714/4390/4602 4706/4382/4595 4703/4379/4592
f 4712/4388/4600 4713/4389/4601 4715/4391/4603
f 4715/4391/4603 4713/4389/4601 4716/4392/4604
f 4717/4393/4605 4715/4391/4603 4716/4392/4604
f 4714/4390/4602 4712/4388/4600 4718/4394/4606
f 4718/4394/4606 4712/4388/4600 4715/4391/4603
f 4715/4391/4603 4717/4393/4605 4719/4395/4607
f 4719/4395/4607 4718/4394/4606 4715/4391/4603
f 4717/4393/4605 4720/4396/4608 4719/4395/4607
f 4719/4395/4607 4720/4396/4608 4721/4397/4609
f 4719/4395/4607 4721/4397/4609 4722/4398/4610
f 4718/4394/4606 4719/4395/4607 4722/4398/4610
f 4722/4398/4610 4721/4397/4609 4723/4399/4611
f 4718/4394/4606 4724/4400/4612 4714/4390/4602
f 4722/4398/4610 4724/4400/4612 4718/4394/4606
f 4706/4382/4595 4714/4390/4602 4724/4400/4612
f 4722/4398/4610 4723/4399/4611 4725/4401/4613
f 4724/4400/4612 4722/4398/4610 4725/4401/4613
f 4725/4401/4613 4723/4399/4611 4726/4402/4614
f 4724/4400/4612 4727/4403/4615 4706/4382/4595
f 4725/4401/4613 4727/4403/4615 4724/4400/4612
f 4702/4378/4591 4706/4382/4595 4727/4403/4615
f 4725/4401/4613 4726/4402/4614 4728/4404/4616
f 4727/4403/4615 4725/4401/4613 4728/4404/4616
f 4728/4404/4616 4726/4402/4614 4729/4405/4617
f 4727/4403/4615 4730/4406/4618 4702/4378/4591
f 4728/4404/4616 4730/4406/4618 4727/4403/4615
f 4701/4377/4590 4702/4378/4591 4730/4406/4618
f 4728/4404/4616 4729/4405/4617 4731/4407/4619
f 4730/4406/4618 4728/4404/4616 4731/4407/4619
f 4731/4407/4619 4729/4405/4617 4732/4408/4620
f 4730/4406/4618 4733/4409/4621 4701/4377/4590
f 4731/4407/4619 4733/4409/4621 4730/4406/4618
f 4691/4367/4580 4701/4377/4590 4733/4409/4621
f 4731/4407/4619 4732/4408/4620 4734/4410/4622
f 4733/4409/4621 4731/4407/4619 4734/4410/4622
f 4734/4410/4622 4732/4408/4620 4735/4411/4623
f 4733/4409/4621 4736/4412/4624 4691/4367/4580
f 4734/4410/4622 4736/4412/4624 4733/4409/4621
f 4736/4412/4624 4685/4361/4574 4691/4367/4580
f 4736/4412/4624 4684/4360/4573 4685/4361/4574
f 4734/4410/4622 4735/4411/4623 4737/4413/4625
f 4736/4412/4624 4734/4410/4622 4737/4413/4625
f 4737/4413/4625 4735/4411/4623 4738/4414/4626
f 4739/4415/4627 4684/4360/4573 4736/4412/4624
f 4737/4413/4625 4739/4415/4627 4736/4412/4624
f 4737/4413/4625 4738/4414/4626 4739/4415/4627
f 4739/4415/4627 4678/4354/4567 4684/4360/4573
f 4739/4415/4627 4738/4414/4626 4740/4416/4628
f 4739/4415/4627 4679/4355/4568 4678/4354/4567
f 4679/4355/4568 4739/4415/4627 4740/4416/4628
f 4741/4417/4629 4742/1362/4630 4743/1363/4631
f 4742/1362/4630 4741/4417/4629 4744/4418/4632
f 4745/4419/4633 4742/1362/4630 4744/4418/4632
f 4742/1362/4630 4745/4419/4633 4746/1364/1425
f 4745/4419/4633 4747/1369/4634 4746/1364/1425
f 4741/4417/4629 4748/4420/4635 4744/4418/4632
f 4748/4420/4635 4741/4417/4629 4749/4421/4636
f 4750/4422/4637 4748/4420/4635 4749/4421/4636
f 4748/4420/4635 4750/4422/4637 4751/4423/4638
f 4752/4424/4639 4748/4420/4635 4751/4423/4638
f 4744/4418/4632 4748/4420/4635 4753/4425/4640
f 4748/4420/4635 4752/4424/4639 4753/4425/4640
f 4745/4419/4633 4744/4418/4632 4753/4425/4640
f 4752/4424/4639 4754/4426/4641 4753/4425/4640
f 4745/4419/4633 4753/4425/4640 4754/4426/4641
f 4754/4426/4641 4752/4424/4639 4755/4427/4642
f 4756/4428/4643 4754/4426/4641 4755/4427/4642
f 4754/4426/4641 4756/4428/4643 4757/4429/4644
f 4758/4430/4645 4754/4426/4641 4757/4429/4644
f 4754/4426/4641 4759/4431/4646 4745/4419/4633
f 4754/4426/4641 4758/4430/4645 4759/4431/4646
f 4747/1369/4634 4745/4419/4633 4759/4431/4646
f 4760/1370/4647 4759/4431/4646 4758/4430/4645
f 4759/4431/4646 4760/1370/4647 4747/1369/4634
f 4761/4432/4648 4762/4433/4649 4763/4434/4650
f 4762/4433/4649 4761/4432/4648 4764/4435/4651
f 4764/4435/4651 4761/4432/4648 4765/4436/4652
f 4765/4436/4652 4761/4432/4648 4766/4437/4653
f 4767/4438/4654 4765/4436/4652 4766/4437/4653
f 4765/4436/4652 4767/4438/4654 4768/4439/4655
f 4768/4439/4655 4764/4435/4651 4765/4436/4652
f 4769/4440/4656 4768/4439/4655 4767/4438/4654
f 4770/4441/4657 4769/4440/4656 4767/4438/4654
f 4764/4435/4651 4768/4439/4655 4771/4442/4658
f 4771/4442/4658 4768/4439/4655 4769/4440/4656
f 4770/4441/4657 4772/4443/4659 4769/4440/4656
f 4772/4443/4659 4770/4441/4657 4773/4444/4660
f 4769/4440/4656 4774/4445/4661 4771/4442/4658
f 4772/4443/4659 4774/4445/4661 4769/4440/4656
f 4764/4435/4651 4771/4442/4658 4775/4446/4662
f 4775/4446/4662 4771/4442/4658 4774/4445/4661
f 4776/4447/4663 4772/4443/4659 4773/4444/4660
f 4777/4448/4664 4776/4447/4663 4773/4444/4660
f 4774/4445/4661 4772/4443/4659 4778/4449/4665
f 4776/4447/4663 4778/4449/4665 4772/4443/4659
f 4779/4450/4666 4775/4446/4662 4774/4445/4661
f 4778/4449/4665 4779/4450/4666 4774/4445/4661
f 4780/4451/4667 4764/4435/4651 4775/4446/4662
f 4779/4450/4666 4780/4451/4667 4775/4446/4662
f 4764/4435/4651 4780/4451/4667 4781/4452/4668
f 4762/4433/4649 4764/4435/4651 4781/4452/4668
f 4781/4452/4668 4782/4453/4669 4762/4433/4649
f 4783/4454/4670 4782/4453/4669 4781/4452/4668
f 4784/4455/4671 4782/4453/4669 4783/4454/4670
f 4781/4452/4668 4780/4451/4667 4785/4456/4672
f 4783/4454/4670 4781/4452/4668 4785/4456/4672
f 4784/4455/4671 4783/4454/4670 4786/4457/4673
f 4786/4457/4673 4783/4454/4670 4785/4456/4672
f 4787/4458/3277 4784/4455/4671 4786/4457/4673
f 4788/4459/3283 4787/4458/3277 4786/4457/4673
f 4785/4456/4672 4780/4451/4667 4789/4460/4674
f 4780/4451/4667 4779/4450/4666 4789/4460/4674
f 4788/4459/3283 4786/4457/4673 4790/4461/4675
f 4788/4459/3283 4790/4461/4675 4791/4462/4676
f 4786/4457/4673 4785/4456/4672 4792/4463/4677
f 4790/4461/4675 4786/4457/4673 4792/4463/4677
f 4793/4464/4678 4785/4456/4672 4789/4460/4674
f 4793/4464/4678 4792/4463/4677 4785/4456/4672
f 4779/4450/4666 4794/4465/4679 4789/4460/4674
f 4793/4464/4678 4789/4460/4674 4794/4465/4679
f 4794/4465/4679 4779/4450/4666 4795/4466/4680
f 4779/4450/4666 4778/4449/4665 4795/4466/4680
f 4796/4467/4681 4794/4465/4679 4795/4466/4680
f 4793/4464/4678 4794/4465/4679 4796/4467/4681
f 4778/4449/4665 4797/4468/4682 4795/4466/4680
f 4796/4467/4681 4795/4466/4680 4797/4468/4682
f 4797/4468/4682 4778/4449/4665 4798/4469/4683
f 4776/4447/4663 4798/4469/4683 4778/4449/4665
f 4797/4468/4682 4799/4470/4684 4796/4467/4681
f 4798/4469/4683 4800/4471/4685 4797/4468/4682
f 4799/4470/4684 4797/4468/4682 4800/4471/4685
f 4776/4447/4663 4801/4472/4686 4798/4469/4683
f 4800/4471/4685 4798/4469/4683 4801/4472/4686
f 4796/4467/4681 4799/4470/4684 4802/4473/4687
f 4796/4467/4681 4802/4473/4687 4793/4464/4678
f 4803/4474/4688 4799/4470/4684 4800/4471/4685
f 4799/4470/4684 4804/4475/4689 4802/4473/4687
f 4804/4475/4689 4799/4470/4684 4803/4474/4688
f 4802/4473/4687 4805/4476/4690 4793/4464/4678
f 4804/4475/4689 4805/4476/4690 4802/4473/4687
f 4800/4471/4685 4806/4477/4691 4803/4474/4688
f 4806/4477/4691 4800/4471/4685 4801/4472/4686
f 4807/4478/4692 4804/4475/4689 4803/4474/4688
f 4806/4477/4691 4807/4478/4692 4803/4474/4688
f 4804/4475/4689 4807/4478/4692 4808/4479/4693
f 4807/4478/4692 4806/4477/4691 4809/4480/3255
f 4808/4479/4693 4810/4481/4694 4804/4475/4689
f 4805/4476/4690 4804/4475/4689 4810/4481/4694
f 4810/4481/4694 4808/4479/4693 4811/4482/4695
f 4812/4483/4696 4810/4481/4694 4811/4482/4695
f 4809/4480/3255 4806/4477/4691 4813/4484/4697
f 4801/4472/4686 4813/4484/4697 4806/4477/4691
f 4813/4484/4697 4814/4485/4698 4809/4480/3255
f 4814/4485/4698 4813/4484/4697 4815/4486/4699
f 4813/4484/4697 4801/4472/4686 4816/4487/4700
f 4816/4487/4700 4815/4486/4699 4813/4484/4697
f 4801/4472/4686 4776/4447/4663 4816/4487/4700
f 4815/4486/4699 4816/4487/4700 4817/4488/4701
f 4777/4448/4664 4816/4487/4700 4776/4447/4663
f 4816/4487/4700 4777/4448/4664 4817/4488/4701
f 4810/4481/4694 4812/4483/4696 4818/4489/4702
f 4810/4481/4694 4818/4489/4702 4805/4476/4690
f 4812/4483/4696 4819/4490/4703 4818/4489/4702
f 4819/4490/4703 4812/4483/4696 4820/4491/4704
f 4818/4489/4702 4821/4492/4705 4805/4476/4690
f 4820/4491/4704 4822/4493/4706 4819/4490/4703
f 4822/4493/4706 4820/4491/4704 4823/4494/4707
f 4824/4495/4708 4818/4489/4702 4819/4490/4703
f 4821/4492/4705 4818/4489/4702 4824/4495/4708
f 4822/4493/4706 4825/4496/4709 4819/4490/4703
f 4819/4490/4703 4825/4496/4709 4824/4495/4708
f 4805/4476/4690 4821/4492/4705 4826/4497/4710
f 4826/4497/4710 4793/4464/4678 4805/4476/4690
f 4792/4463/4677 4793/4464/4678 4826/4497/4710
f 4821/4492/4705 4824/4495/4708 4827/4498/4711
f 4825/4496/4709 4827/4498/4711 4824/4495/4708
f 4821/4492/4705 4828/4499/4712 4826/4497/4710
f 4827/4498/4711 4828/4499/4712 4821/4492/4705
f 4826/4497/4710 4829/4500/3332 4792/4463/4677
f 4829/4500/3332 4826/4497/4710 4828/4499/4712
f 4790/4461/4675 4792/4463/4677 4829/4500/3332
f 4828/4499/4712 4827/4498/4711 4830/4501/4713
f 4828/4499/4712 4831/4502/4714 4829/4500/3332
f 4831/4502/4714 4828/4499/4712 4830/4501/4713
f 4790/4461/4675 4829/4500/3332 4832/4503/4715
f 4832/4503/4715 4829/4500/3332 4831/4502/4714
f 4833/4504/4716 4790/4461/4675 4832/4503/4715
f 4791/4462/4676 4790/4461/4675 4833/4504/4716
f 4833/4504/4716 4832/4503/4715 4834/4505/4717
f 4791/4462/4676 4833/4504/4716 4834/4505/4717
f 4831/4502/4714 4835/4506/4718 4832/4503/4715
f 4832/4503/4715 4835/4506/4718 4834/4505/4717
f 4836/4507/4719 4791/4462/4676 4834/4505/4717
f 4835/4506/4718 4836/4507/4719 4834/4505/4717
f 4791/4462/4676 4836/4507/4719 4837/4508/4720
f 4835/4506/4718 4831/4502/4714 4838/4509/4721
f 4830/4501/4713 4838/4509/4721 4831/4502/4714
f 4836/4507/4719 4835/4506/4718 4839/4510/4722
f 4838/4509/4721 4839/4510/4722 4835/4506/4718
f 4840/4511/4723 4837/4508/4720 4836/4507/4719
f 4840/4511/4723 4841/4512/4724 4837/4508/4720
f 4839/4510/4722 4842/4513/4725 4836/4507/4719
f 4840/4511/4723 4836/4507/4719 4842/4513/4725
f 4841/4512/4724 4840/4511/4723 4843/4514/4726
f 4841/4512/4724 4843/4514/4726 4844/4515/4727
f 4843/4514/4726 4840/4511/4723 4845/4516/4728
f 4845/4516/4728 4840/4511/4723 4842/4513/4725
f 4843/4514/4726 4846/4517/4729 4844/4515/4727
f 4845/4516/4728 4846/4517/4729 4843/4514/4726
f 4846/4517/4729 4847/4518/4730 4844/4515/4727
f 4847/4518/4730 4846/4517/4729 4848/4519/4731
f 4848/4519/4731 4849/4520/4732 4847/4518/4730
f 4846/4517/4729 4845/4516/4728 4850/4521/4733
f 4846/4517/4729 4850/4521/4733 4848/4519/4731
f 4849/4520/4732 4848/4519/4731 4851/4522/4734
f 4848/4519/4731 4850/4521/4733 4852/4523/4735
f 4848/4519/4731 4852/4523/4735 4851/4522/4734
f 4851/4522/4734 4853/4524/4736 4849/4520/4732
f 4849/4520/4732 4853/4524/4736 4854/4525/4737
f 4851/4522/4734 4852/4523/4735 4855/4526/4738
f 4855/4526/4738 4853/4524/4736 4851/4522/4734
f 4850/4521/4733 4856/4527/4739 4852/4523/4735
f 4856/4527/4739 4855/4526/4738 4852/4523/4735
f 4854/4525/4737 4853/4524/4736 4857/4528/4740
f 4857/4528/4740 4858/4529/4741 4854/4525/4737
f 4853/4524/4736 4855/4526/4738 4859/4530/4742
f 4857/4528/4740 4853/4524/4736 4859/4530/4742
f 4859/4530/4742 4855/4526/4738 4860/4531/4743
f 4855/4526/4738 4856/4527/4739 4860/4531/4743
f 4861/4532/4744 4857/4528/4740 4859/4530/4742
f 4858/4529/4741 4857/4528/4740 4862/4533/4745
f 4861/4532/4744 4862/4533/4745 4857/4528/4740
f 4863/4534/4746 4858/4529/4741 4862/4533/4745
f 4858/4529/4741 4863/4534/4746 4864/4535/4747
f 4859/4530/4742 4865/4536/4748 4861/4532/4744
f 4865/4536/4748 4859/4530/4742 4860/4531/4743
f 4862/4533/4745 4861/4532/4744 4866/4537/4749
f 4867/4538/4750 4861/4532/4744 4865/4536/4748
f 4866/4537/4749 4861/4532/4744 4867/4538/4750
f 4868/4539/4751 4862/4533/4745 4866/4537/4749
f 4862/4533/4745 4868/4539/4751 4863/4534/4746
f 4866/4537/4749 4869/4540/4752 4868/4539/4751
f 4869/4540/4752 4866/4537/4749 4867/4538/4750
f 4868/4539/4751 4870/4541/4753 4863/4534/4746
f 4869/4540/4752 4870/4541/4753 4868/4539/4751
f 4863/4534/4746 4871/4542/4754 4864/4535/4747
f 4870/4541/4753 4871/4542/4754 4863/4534/4746
f 4864/4535/4747 4871/4542/4754 4872/4543/4755
f 4873/4544/4756 4871/4542/4754 4870/4541/4753
f 4872/4543/4755 4871/4542/4754 4874/4545/4757
f 4871/4542/4754 4873/4544/4756 4874/4545/4757
f 4875/4546/4758 4872/4543/4755 4874/4545/4757
f 4872/4543/4755 4875/4546/4758 4876/4547/4759
f 4873/4544/4756 4877/4548/4760 4874/4545/4757
f 4877/4548/4760 4875/4546/4758 4874/4545/4757
f 4870/4541/4753 4878/4549/4761 4873/4544/4756
f 4870/4541/4753 4869/4540/4752 4878/4549/4761
f 4879/4550/4762 4877/4548/4760 4873/4544/4756
f 4878/4549/4761 4879/4550/4762 4873/4544/4756
f 4877/4548/4760 4880/4551/4763 4875/4546/4758
f 4879/4550/4762 4880/4551/4763 4877/4548/4760
f 4881/4552/4764 4876/4547/4759 4875/4546/4758
f 4880/4551/4763 4881/4552/4764 4875/4546/4758
f 4876/4547/4759 4881/4552/4764 4882/4553/4765
f 4882/4553/4765 4881/4552/4764 4823/4494/4707
f 4881/4552/4764 4880/4551/4763 4883/4554/4766
f 4881/4552/4764 4884/4555/4767 4823/4494/4707
f 4881/4552/4764 4883/4554/4766 4884/4555/4767
f 4822/4493/4706 4823/4494/4707 4884/4555/4767
f 4883/4554/4766 4880/4551/4763 4885/4556/4283
f 4885/4556/4283 4880/4551/4763 4879/4550/4762
f 4884/4555/4767 4886/4557/4768 4822/4493/4706
f 4825/4496/4709 4822/4493/4706 4886/4557/4768
f 4883/4554/4766 4887/4558/4769 4884/4555/4767
f 4885/4556/4283 4887/4558/4769 4883/4554/4766
f 4884/4555/4767 4888/4559/4770 4886/4557/4768
f 4887/4558/4769 4888/4559/4770 4884/4555/4767
f 4889/4560/4771 4825/4496/4709 4886/4557/4768
f 4886/4557/4768 4888/4559/4770 4889/4560/4771
f 4825/4496/4709 4889/4560/4771 4890/4561/4772
f 4827/4498/4711 4825/4496/4709 4890/4561/4772
f 4827/4498/4711 4890/4561/4772 4830/4501/4713
f 4890/4561/4772 4891/4562/4773 4830/4501/4713
f 4889/4560/4771 4891/4562/4773 4890/4561/4772
f 4838/4509/4721 4830/4501/4713 4891/4562/4773
f 4891/4562/4773 4889/4560/4771 4892/4563/4774
f 4892/4563/4774 4838/4509/4721 4891/4562/4773
f 4893/4564/4775 4889/4560/4771 4888/4559/4770
f 4889/4560/4771 4893/4564/4775 4892/4563/4774
f 4887/4558/4769 4893/4564/4775 4888/4559/4770
f 4838/4509/4721 4892/4563/4774 4894/4565/4776
f 4893/4564/4775 4894/4565/4776 4892/4563/4774
f 4839/4510/4722 4838/4509/4721 4894/4565/4776
f 4895/4566/4777 4839/4510/4722 4894/4565/4776
f 4894/4565/4776 4893/4564/4775 4895/4566/4777
f 4839/4510/4722 4895/4566/4777 4842/4513/4725
f 4895/4566/4777 4896/4567/4778 4842/4513/4725
f 4893/4564/4775 4896/4567/4778 4895/4566/4777
f 4845/4516/4728 4842/4513/4725 4896/4567/4778
f 4893/4564/4775 4887/4558/4769 4897/4568/4779
f 4896/4567/4778 4893/4564/4775 4897/4568/4779
f 4898/4569/4780 4897/4568/4779 4887/4558/4769
f 4887/4558/4769 4885/4556/4283 4898/4569/4780
f 4897/4568/4779 4899/4570/4781 4896/4567/4778
f 4885/4556/4283 4900/4571/4782 4898/4569/4780
f 4897/4568/4779 4898/4569/4780 4901/4572/4783
f 4899/4570/4781 4897/4568/4779 4901/4572/4783
f 4898/4569/4780 4900/4571/4782 4901/4572/4783
f 4879/4550/4762 4900/4571/4782 4885/4556/4283
f 4902/4573/4784 4896/4567/4778 4899/4570/4781
f 4845/4516/4728 4896/4567/4778 4902/4573/4784
f 4901/4572/4783 4903/4574/4785 4899/4570/4781
f 4903/4574/4785 4902/4573/4784 4899/4570/4781
f 4904/4575/4786 4845/4516/4728 4902/4573/4784
f 4902/4573/4784 4903/4574/4785 4904/4575/4786
f 4845/4516/4728 4904/4575/4786 4850/4521/4733
f 4850/4521/4733 4904/4575/4786 4856/4527/4739
f 4904/4575/4786 4903/4574/4785 4856/4527/4739
f 4903/4574/4785 4901/4572/4783 4905/4576/4787
f 4905/4576/4787 4901/4572/4783 4900/4571/4782
f 4903/4574/4785 4906/4577/4788 4856/4527/4739
f 4856/4527/4739 4906/4577/4788 4907/4578/4789
f 4856/4527/4739 4907/4578/4789 4860/4531/4743
f 4906/4577/4788 4903/4574/4785 4908/4579/4790
f 4907/4578/4789 4909/4580/4791 4860/4531/4743
f 4906/4577/4788 4909/4580/4791 4907/4578/4789
f 4909/4580/4791 4906/4577/4788 4908/4579/4790
f 4909/4580/4791 4865/4536/4748 4860/4531/4743
f 4908/4579/4790 4903/4574/4785 4910/4581/4792
f 4905/4576/4787 4910/4581/4792 4903/4574/4785
f 4911/4582/4793 4909/4580/4791 4908/4579/4790
f 4865/4536/4748 4909/4580/4791 4911/4582/4793
f 4908/4579/4790 4910/4581/4792 4911/4582/4793
f 4911/4582/4793 4867/4538/4750 4865/4536/4748
f 4910/4581/4792 4905/4576/4787 4912/4583/4794
f 4910/4581/4792 4913/4584/4795 4911/4582/4793
f 4913/4584/4795 4910/4581/4792 4912/4583/4794
f 4867/4538/4750 4911/4582/4793 4913/4584/4795
f 4905/4576/4787 4914/4585/4796 4912/4583/4794
f 4914/4585/4796 4913/4584/4795 4912/4583/4794
f 4914/4585/4796 4905/4576/4787 4900/4571/4782
f 4915/4586/4797 4867/4538/4750 4913/4584/4795
f 4913/4584/4795 4914/4585/4796 4915/4586/4797
f 4869/4540/4752 4867/4538/4750 4915/4586/4797
f 4900/4571/4782 4916/4587/4798 4914/4585/4796
f 4916/4587/4798 4915/4586/4797 4914/4585/4796
f 4917/4588/4799 4869/4540/4752 4915/4586/4797
f 4917/4588/4799 4915/4586/4797 4916/4587/4798
f 4869/4540/4752 4917/4588/4799 4878/4549/4761
f 4900/4571/4782 4918/4589/4800 4916/4587/4798
f 4918/4589/4800 4917/4588/4799 4916/4587/4798
f 4918/4589/4800 4900/4571/4782 4879/4550/4762
f 4878/4549/4761 4917/4588/4799 4919/4590/4801
f 4917/4588/4799 4918/4589/4800 4919/4590/4801
f 4919/4590/4801 4879/4550/4762 4878/4549/4761
f 4879/4550/4762 4919/4590/4801 4918/4589/4800
f 4920/228/4802 4921/4591/4803 4922/227/4804
f 4922/227/4804 4921/4591/4803 4923/4592/4805
f 4923/4592/4805 4921/4591/4803 4924/4593/4806
f 4925/4594/4807 4924/4593/4806 4921/4591/4803
f 4926/4595/4808 4924/4593/4806 4925/4594/4807
f 4927/4596/4809 4922/227/4804 4923/4592/4805
f 4922/227/4804 4927/4596/4809 4928/224/4810
f 4929/4597/4811 4923/4592/4805 4924/4593/4806
f 4929/4597/4811 4927/4596/4809 4923/4592/4805
f 4926/4595/4808 4929/4597/4811 4924/4593/4806
f 4930/4598/4812 4928/224/4810 4927/4596/4809
f 4928/224/4810 4930/4598/4812 4931/221/4813
f 4930/4598/4812 4932/222/222 4931/221/4813
f 4932/222/222 4930/4598/4812 4933/4599/4814
f 4930/4598/4812 4934/4600/4815 4933/4599/4814
f 4927/4596/4809 4935/4601/4816 4930/4598/4812
f 4930/4598/4812 4935/4601/4816 4934/4600/4815
f 4935/4601/4816 4927/4596/4809 4929/4597/4811
f 4936/4602/4817 4934/4600/4815 4935/4601/4816
f 4929/4597/4811 4937/4603/4818 4935/4601/4816
f 4935/4601/4816 4937/4603/4818 4936/4602/4817
f 4937/4603/4818 4929/4597/4811 4938/4604/4819
f 4929/4597/4811 4926/4595/4808 4938/4604/4819
f 4939/4605/4820 4936/4602/4817 4937/4603/4818
f 4936/4602/4817 4939/4605/4820 4940/4606/4821
f 4937/4603/4818 4938/4604/4819 4941/4607/4822
f 4937/4603/4818 4941/4607/4822 4939/4605/4820
f 4942/4608/4823 4938/4604/4819 4926/4595/4808
f 4938/4604/4819 4942/4608/4823 4941/4607/4822
f 4943/4594/4824 4944/4609/4825 4926/4595/4808
f 4926/4595/4808 4944/4609/4825 4942/4608/4823
f 4944/4609/4825 4945/4610/4826 4942/4608/4823
f 4945/4610/4826 4941/4607/4822 4942/4608/4823
f 4945/4610/4826 4944/4609/4825 4946/4611/4827
f 4941/4607/4822 4945/4610/4826 4947/4612/4828
f 4947/4612/4828 4939/4605/4820 4941/4607/4822
f 4946/4611/4827 4948/4613/3042 4945/4610/4826
f 4948/4613/3042 4947/4612/4828 4945/4610/4826
f 4948/4613/3042 4946/4611/4827 4949/4614/4829
f 4939/4605/4820 4947/4612/4828 4950/4615/4830
f 4950/4615/4830 4940/4606/4821 4939/4605/4820
f 4940/4606/4821 4950/4615/4830 4951/4616/4831
f 4947/4612/4828 4948/4613/3042 4952/4617/4832
f 4952/4617/4832 4950/4615/4830 4947/4612/4828
f 4948/4613/3042 4949/4614/4829 4953/4618/4833
f 4953/4618/4833 4952/4617/4832 4948/4613/3042
f 4949/4614/4829 4954/4619/4834 4953/4618/4833
f 4955/4620/4835 4951/4616/4831 4950/4615/4830
f 4950/4615/4830 4952/4617/4832 4955/4620/4835
f 4951/4616/4831 4955/4620/4835 4956/4621/4836
f 4952/4617/4832 4953/4618/4833 4957/4622/4837
f 4957/4622/4837 4955/4620/4835 4952/4617/4832
f 4958/4623/4838 4956/4621/4836 4955/4620/4835
f 4955/4620/4835 4957/4622/4837 4958/4623/4838
f 4956/4621/4836 4958/4623/4838 4959/4624/4839
f 4960/4625/4840 4959/4624/4839 4958/4623/4838
f 4957/4622/4837 4960/4625/4840 4958/4623/4838
f 4959/4624/4839 4960/4625/4840 4961/4626/4841
f 4962/4627/4842 4957/4622/4837 4953/4618/4833
f 4962/4627/4842 4953/4618/4833 4954/4619/4834
f 4962/4627/4842 4954/4619/4834 4963/4628/4843
f 4960/4625/4840 4957/4622/4837 4964/4629/4844
f 4957/4622/4837 4962/4627/4842 4964/4629/4844
f 4965/4630/4845 4961/4626/4841 4960/4625/4840
f 4964/4629/4844 4965/4630/4845 4960/4625/4840
f 4961/4626/4841 4965/4630/4845 4966/4631/4846
f 4967/4632/4847 4964/4629/4844 4962/4627/4842
f 4965/4630/4845 4964/4629/4844 4967/4632/4847
f 4968/4633/4848 4962/4627/4842 4963/4628/4843
f 4968/4633/4848 4967/4632/4847 4962/4627/4842
f 4963/4628/4843 4969/4634/4849 4968/4633/4848
f 4969/4634/4849 4967/4632/4847 4968/4633/4848
f 4969/4634/4849 4963/4628/4843 4970/3657/4850
f 4967/4632/4847 4971/4635/4851 4965/4630/4845
f 4971/4635/4851 4966/4631/4846 4965/4630/4845
f 4966/4631/4846 4971/4635/4851 4972/4636/4852
f 4971/4635/4851 4973/4637/4853 4972/4636/4852
f 4967/4632/4847 4969/4634/4849 4974/4638/4854
f 4971/4635/4851 4967/4632/4847 4974/4638/4854
f 4969/4634/4849 4970/3657/4850 4975/4639/4855
f 4975/4639/4855 4974/4638/4854 4969/4634/4849
f 4975/4639/4855 4970/3657/4850 4976/3656/4856
f 4971/4635/4851 4977/4640/4857 4973/4637/4853
f 4974/4638/4854 4977/4640/4857 4971/4635/4851
f 4977/4640/4857 4978/3660/4858 4973/4637/4853
f 4977/4640/4857 4979/3659/4859 4978/3660/4858
f 4974/4638/4854 4975/4639/4855 4980/4641/4860
f 4977/4640/4857 4974/4638/4854 4980/4641/4860
f 4976/3656/4856 4980/4641/4860 4975/4639/4855
f 4980/4641/4860 4979/3659/4859 4977/4640/4857
f 4980/4641/4860 4976/3656/4856 4981/3658/4861
f 4979/3659/4859 4980/4641/4860 4981/3658/4861
f 4982/4642/4862 4983/4643/4863 4984/4644/4864
f 4983/4643/4863 4982/4642/4862 4985/4645/4865
f 4986/4646/4866 4983/4643/4863 4985/4645/4865
f 4987/4647/4867 4983/4643/4863 4986/4646/4866
f 4986/4646/4866 4988/4648/4868 4987/4647/4867
f 4985/4645/4865 4982/4642/4862 4989/4649/4869
f 4982/4642/4862 4990/4650/4870 4989/4649/4869
f 4991/4651/4871 4989/4649/4869 4990/4650/4870
f 4989/4649/4869 4991/4651/4871 4992/4652/4872
f 4993/4653/4873 4985/4645/4865 4989/4649/4869
f 4992/4652/4872 4993/4653/4873 4989/4649/4869
f 4985/4645/4865 4993/4653/4873 4986/4646/4866
f 4993/4653/4873 4992/4652/4872 4994/4654/4874
f 4993/4653/4873 4994/4654/4874 4995/4655/4875
f 4988/4648/4868 4986/4646/4866 4996/4656/4876
f 4993/4653/4873 4996/4656/4876 4986/4646/4866
f 4996/4656/4876 4997/2230/4877 4988/4648/4868
f 4997/2230/4877 4996/4656/4876 4998/2226/4878
f 4996/4656/4876 4999/2222/4879 4998/2226/4878
f 5000/4657/4880 4993/4653/4873 4995/4655/4875
f 4996/4656/4876 4993/4653/4873 5000/4657/4880
f 4999/2222/4879 4996/4656/4876 5000/4657/4880
f 4995/4655/4875 5001/4658/4881 5000/4657/4880
f 4999/2222/4879 5000/4657/4880 5002/2223/4882
f 5002/2223/4882 5000/4657/4880 5001/4658/4881
f 5003/4659/4883 5004/4660/4884 5005/4661/4885
f 5003/4659/4883 5005/4661/4885 5006/4662/4886
f 5007/4663/4887 5003/4659/4883 5006/4662/4886
f 5003/4659/4883 5007/4663/4887 5008/4664/4888
f 5005/4661/4885 5009/4665/4889 5006/4662/4886
f 5009/4665/4889 5005/4661/4885 5010/4666/4890
f 5006/4662/4886 5011/4667/4891 5007/4663/4887
f 5011/4667/4891 5006/4662/4886 5009/4665/4889
f 5012/4668/4892 5008/4664/4888 5007/4663/4887
f 5008/4664/4888 5012/4668/4892 5013/4669/4893
f 5014/4670/4894 5007/4663/4887 5011/4667/4891
f 5014/4670/4894 5012/4668/4892 5007/4663/4887
f 5015/4671/4895 5013/4669/4893 5012/4668/4892
f 5015/4671/4895 5012/4668/4892 5014/4670/4894
f 5013/4669/4893 5015/4671/4895 5016/4672/4896
f 5011/4667/4891 5017/4673/4897 5014/4670/4894
f 5016/4672/4896 5015/4671/4895 5018/4674/4898
f 5016/4672/4896 5018/4674/4898 5019/4675/4899
f 5014/4670/4894 5020/4676/4900 5015/4671/4895
f 5020/4676/4900 5014/4670/4894 5017/4673/4897
f 5015/4671/4895 5021/4677/4901 5018/4674/4898
f 5021/4677/4901 5015/4671/4895 5020/4676/4900
f 5022/4678/4902 5019/4675/4899 5018/4674/4898
f 5019/4675/4899 5022/4678/4902 5023/4679/4903
f 5022/4678/4902 5024/4680/4904 5023/4679/4903
f 5018/4674/4898 5025/4681/4905 5022/4678/4902
f 5018/4674/4898 5021/4677/4901 5025/4681/4905
f 5024/4680/4904 5022/4678/4902 5026/4682/4906
f 5025/4681/4905 5026/4682/4906 5022/4678/4902
f 5027/4683/4907 5024/4680/4904 5026/4682/4906
f 5021/4677/4901 5028/4684/4908 5025/4681/4905
f 5027/4683/4907 5026/4682/4906 5029/4685/4909
f 5029/4685/4909 5030/4686/4910 5027/4683/4907
f 5026/4682/4906 5025/4681/4905 5031/4687/4911
f 5029/4685/4909 5026/4682/4906 5031/4687/4911
f 5031/4687/4911 5025/4681/4905 5028/4684/4908
f 5032/4688/4912 5030/4686/4910 5029/4685/4909
f 5033/4689/4913 5030/4686/4910 5032/4688/4912
f 5031/4687/4911 5034/4690/4914 5029/4685/4909
f 5034/4690/4914 5032/4688/4912 5029/4685/4909
f 5035/4691/4915 5033/4689/4913 5032/4688/4912
f 5032/4688/4912 5034/4690/4914 5035/4691/4915
f 5033/4689/4913 5035/4691/4915 5036/4692/4916
f 5037/4693/4917 5034/4690/4914 5031/4687/4911
f 5031/4687/4911 5028/4684/4908 5037/4693/4917
f 5038/4694/4918 5035/4691/4915 5034/4690/4914
f 5034/4690/4914 5037/4693/4917 5038/4694/4918
f 5036/4692/4916 5035/4691/4915 5039/4695/4919
f 5035/4691/4915 5038/4694/4918 5039/4695/4919
f 5040/4696/4920 5036/4692/4916 5039/4695/4919
f 5039/4695/4919 5041/4697/4921 5040/4696/4920
f 5042/4698/4922 5039/4695/4919 5038/4694/4918
f 5039/4695/4919 5042/4698/4922 5041/4697/4921
f 5043/4699/4923 5038/4694/4918 5037/4693/4917
f 5038/4694/4918 5044/4700/4924 5042/4698/4922
f 5044/4700/4924 5038/4694/4918 5043/4699/4923
f 5037/4693/4917 5045/4701/4925 5043/4699/4923
f 5045/4701/4925 5037/4693/4917 5028/4684/4908
f 5043/4699/4923 5046/4702/4926 5044/4700/4924
f 5046/4702/4926 5043/4699/4923 5045/4701/4925
f 5044/4700/4924 5047/4703/4927 5042/4698/4922
f 5046/4702/4926 5047/4703/4927 5044/4700/4924
f 5048/4704/4928 5045/4701/4925 5028/4684/4908
f 5028/4684/4908 5021/4677/4901 5048/4704/4928
f 5020/4676/4900 5048/4704/4928 5021/4677/4901
f 5049/4705/4929 5046/4702/4926 5045/4701/4925
f 5048/4704/4928 5020/4676/4900 5050/4706/4930
f 5017/4673/4897 5050/4706/4930 5020/4676/4900
f 5045/4701/4925 5048/4704/4928 5051/4707/4931
f 5049/4705/4929 5045/4701/4925 5051/4707/4931
f 5052/4708/4932 5048/4704/4928 5050/4706/4930
f 5048/4704/4928 5052/4708/4932 5051/4707/4931
f 5050/4706/4930 5017/4673/4897 5053/4709/4933
f 5054/4710/4934 5050/4706/4930 5053/4709/4933
f 5054/4710/4934 5052/4708/4932 5050/4706/4930
f 5053/4709/4933 5017/4673/4897 5055/4711/4935
f 5055/4711/4935 5054/4710/4934 5053/4709/4933
f 5055/4711/4935 5017/4673/4897 5056/4712/4936
f 5017/4673/4897 5011/4667/4891 5056/4712/4936
f 5009/4665/4889 5056/4712/4936 5011/4667/4891
f 5056/4712/4936 5057/4713/4937 5055/4711/4935
f 5056/4712/4936 5009/4665/4889 5058/4714/4938
f 5057/4713/4937 5056/4712/4936 5058/4714/4938
f 5010/4666/4890 5058/4714/4938 5009/4665/4889
f 5058/4714/4938 5010/4666/4890 5059/4715/1992
f 5055/4711/4935 5057/4713/4937 5060/4716/4939
f 5054/4710/4934 5055/4711/4935 5060/4716/4939
f 5058/4714/4938 5061/4717/4940 5057/4713/4937
f 5061/4717/4940 5060/4716/4939 5057/4713/4937
f 5059/4715/1992 5062/4718/4941 5058/4714/4938
f 5061/4717/4940 5058/4714/4938 5062/4718/4941
f 5062/4718/4941 5059/4715/1992 5063/4719/4942
f 5064/4720/4943 5062/4718/4941 5063/4719/4942
f 5061/4717/4940 5065/4721/4944 5060/4716/4939
f 5066/4722/4945 5061/4717/4940 5062/4718/4941
f 5065/4721/4944 5061/4717/4940 5066/4722/4945
f 5062/4718/4941 5064/4720/4943 5067/4723/4946
f 5067/4723/4946 5066/4722/4945 5062/4718/4941
f 5060/4716/4939 5065/4721/4944 5068/4724/4947
f 5068/4724/4947 5054/4710/4934 5060/4716/4939
f 5069/4725/4948 5065/4721/4944 5066/4722/4945
f 5066/4722/4945 5067/4723/4946 5069/4725/4948
f 5070/4726/4949 5068/4724/4947 5065/4721/4944
f 5065/4721/4944 5069/4725/4948 5070/4726/4949
f 5054/4710/4934 5068/4724/4947 5071/4727/4950
f 5052/4708/4932 5054/4710/4934 5071/4727/4950
f 5072/4728/4951 5071/4727/4950 5068/4724/4947
f 5068/4724/4947 5070/4726/4949 5072/4728/4951
f 5052/4708/4932 5071/4727/4950 5073/4729/4952
f 5071/4727/4950 5072/4728/4951 5073/4729/4952
f 5074/4730/4953 5070/4726/4949 5069/4725/4948
f 5074/4730/4953 5069/4725/4948 5067/4723/4946
f 5075/4731/4954 5072/4728/4951 5070/4726/4949
f 5074/4730/4953 5075/4731/4954 5070/4726/4949
f 5072/4728/4951 5075/4731/4954 5076/4732/4955
f 5076/4732/4955 5073/4729/4952 5072/4728/4951
f 5074/4730/4953 5077/4733/4956 5075/4731/4954
f 5077/4733/4956 5076/4732/4955 5075/4731/4954
f 5067/4723/4946 5078/4734/4957 5074/4730/4953
f 5064/4720/4943 5078/4734/4957 5067/4723/4946
f 5078/4734/4957 5064/4720/4943 5079/4735/4958
f 5077/4733/4956 5074/4730/4953 5080/4736/4959
f 5080/4736/4959 5074/4730/4953 5078/4734/4957
f 5081/4737/4960 5078/4734/4957 5079/4735/4958
f 5082/4738/4961 5081/4737/4960 5079/4735/4958
f 5083/4739/4962 5080/4736/4959 5078/4734/4957
f 5078/4734/4957 5081/4737/4960 5083/4739/4962
f 5080/4736/4959 5084/4740/4963 5077/4733/4956
f 5084/4740/4963 5080/4736/4959 5083/4739/4962
f 5085/4741/4964 5081/4737/4960 5082/4738/4961
f 5082/4738/4961 5086/4742/4965 5085/4741/4964
f 5087/4743/4966 5085/4741/4964 5086/4742/4965
f 5081/4737/4960 5088/4744/4967 5083/4739/4962
f 5085/4741/4964 5088/4744/4967 5081/4737/4960
f 5089/4745/4968 5083/4739/4962 5088/4744/4967
f 5083/4739/4962 5089/4745/4968 5084/4740/4963
f 5088/4744/4967 5085/4741/4964 5090/4746/4969
f 5089/4745/4968 5088/4744/4967 5090/4746/4969
f 5085/4741/4964 5087/4743/4966 5091/4747/4970
f 5091/4747/4970 5090/4746/4969 5085/4741/4964
f 5092/4748/4971 5091/4747/4970 5087/4743/4966
f 5093/4749/4972 5089/4745/4968 5090/4746/4969
f 5091/4747/4970 5092/4748/4971 5094/4750/4973
f 5090/4746/4969 5091/4747/4970 5095/4751/4974
f 5094/4750/4973 5095/4751/4974 5091/4747/4970
f 5095/4751/4974 5093/4749/4972 5090/4746/4969
f 5092/4748/4971 5096/4752/4975 5094/4750/4973
f 5096/4752/4975 5092/4748/4971 5097/4753/4976
f 5095/4751/4974 5094/4750/4973 5098/4754/4977
f 5096/4752/4975 5098/4754/4977 5094/4750/4973
f 5093/4749/4972 5095/4751/4974 5099/4755/4978
f 5098/4754/4977 5099/4755/4978 5095/4751/4974
f 5089/4745/4968 5093/4749/4972 5100/4756/4979
f 5100/4756/4979 5084/4740/4963 5089/4745/4968
f 5099/4755/4978 5101/4757/4980 5093/4749/4972
f 5101/4757/4980 5100/4756/4979 5093/4749/4972
f 5084/4740/4963 5100/4756/4979 5102/4758/4981
f 5102/4758/4981 5077/4733/4956 5084/4740/4963
f 5100/4756/4979 5101/4757/4980 5103/4759/4982
f 5077/4733/4956 5102/4758/4981 5104/4760/4983
f 5076/4732/4955 5077/4733/4956 5104/4760/4983
f 5100/4756/4979 5105/4761/4984 5102/4758/4981
f 5105/4761/4984 5100/4756/4979 5103/4759/4982
f 5104/4760/4983 5106/4762/4985 5076/4732/4955
f 5073/4729/4952 5076/4732/4955 5106/4762/4985
f 5102/4758/4981 5107/4763/4986 5104/4760/4983
f 5106/4762/4985 5104/4760/4983 5107/4763/4986
f 5107/4763/4986 5102/4758/4981 5105/4761/4984
f 5108/4764/4987 5073/4729/4952 5106/4762/4985
f 5107/4763/4986 5108/4764/4987 5106/4762/4985
f 5052/4708/4932 5073/4729/4952 5108/4764/4987
f 5105/4761/4984 5109/4765/4988 5107/4763/4986
f 5109/4765/4988 5108/4764/4987 5107/4763/4986
f 5110/4766/4989 5052/4708/4932 5108/4764/4987
f 5108/4764/4987 5109/4765/4988 5110/4766/4989
f 5052/4708/4932 5110/4766/4989 5051/4707/4931
f 5109/4765/4988 5105/4761/4984 5111/4767/4990
f 5103/4759/4982 5111/4767/4990 5105/4761/4984
f 5112/4768/4991 5051/4707/4931 5110/4766/4989
f 5051/4707/4931 5112/4768/4991 5049/4705/4929
f 5109/4765/4988 5113/4769/4992 5110/4766/4989
f 5110/4766/4989 5113/4769/4992 5112/4768/4991
f 5109/4765/4988 5111/4767/4990 5114/4770/4993
f 5109/4765/4988 5114/4770/4993 5113/4769/4992
f 5115/4771/4994 5111/4767/4990 5103/4759/4982
f 5115/4771/4994 5114/4770/4993 5111/4767/4990
f 5103/4759/4982 5101/4757/4980 5115/4771/4994
f 5099/4755/4978 5115/4771/4994 5101/4757/4980
f 5113/4769/4992 5114/4770/4993 5116/4772/4995
f 5115/4771/4994 5099/4755/4978 5117/4773/4996
f 5114/4770/4993 5115/4771/4994 5118/4774/4997
f 5118/4774/4997 5116/4772/4995 5114/4770/4993
f 5115/4771/4994 5117/4773/4996 5119/4775/4998
f 5119/4775/4998 5118/4774/4997 5115/4771/4994
f 5099/4755/4978 5120/4776/4999 5117/4773/4996
f 5120/4776/4999 5119/4775/4998 5117/4773/4996
f 5121/4777/5000 5120/4776/4999 5099/4755/4978
f 5099/4755/4978 5098/4754/4977 5121/4777/5000
f 5120/4776/4999 5122/4778/5001 5119/4775/4998
f 5123/4779/5002 5121/4777/5000 5098/4754/4977
f 5098/4754/4977 5096/4752/4975 5123/4779/5002
f 5120/4776/4999 5121/4777/5000 5124/4780/5003
f 5120/4776/4999 5124/4780/5003 5122/4778/5001
f 5121/4777/5000 5123/4779/5002 5125/4781/5004
f 5124/4780/5003 5121/4777/5000 5125/4781/5004
f 5123/4779/5002 5126/4782/5005 5125/4781/5004
f 5125/4781/5004 5127/4783/5006 5124/4780/5003
f 5127/4783/5006 5125/4781/5004 5126/4782/5005
f 5126/4782/5005 5123/4779/5002 5128/4784/5007
f 5096/4752/4975 5128/4784/5007 5123/4779/5002
f 5129/4785/5008 5127/4783/5006 5126/4782/5005
f 5126/4782/5005 5128/4784/5007 5129/4785/5008
f 5128/4784/5007 5096/4752/4975 5130/4786/5009
f 5097/4753/4976 5130/4786/5009 5096/4752/4975
f 5130/4786/5009 5097/4753/4976 5131/4787/5010
f 5132/4788/5011 5130/4786/5009 5131/4787/5010
f 5130/4786/5009 5132/4788/5011 5133/4789/5012
f 5133/4789/5012 5128/4784/5007 5130/4786/5009
f 5134/4790/5013 5133/4789/5012 5132/4788/5011
f 5133/4789/5012 5134/4790/5013 5135/4791/5014
f 5133/4789/5012 5135/4791/5014 5136/4792/5015
f 5128/4784/5007 5133/4789/5012 5137/4793/5016
f 5133/4789/5012 5136/4792/5015 5137/4793/5016
f 5129/4785/5008 5128/4784/5007 5137/4793/5016
f 5137/4793/5016 5136/4792/5015 5138/4794/5017
f 5138/4794/5017 5129/4785/5008 5137/4793/5016
f 5138/4794/5017 5139/4795/5018 5129/4785/5008
f 5127/4783/5006 5129/4785/5008 5139/4795/5018
f 5139/4795/5018 5138/4794/5017 5140/4796/5019
f 5139/4795/5018 5141/4797/5020 5127/4783/5006
f 5124/4780/5003 5127/4783/5006 5141/4797/5020
f 5140/4796/5019 5142/4798/5021 5139/4795/5018
f 5141/4797/5020 5139/4795/5018 5142/4798/5021
f 5142/4798/5021 5140/4796/5019 5143/4799/5022
f 5141/4797/5020 5144/4800/5023 5124/4780/5003
f 5122/4778/5001 5124/4780/5003 5144/4800/5023
f 5142/4798/5021 5145/4801/5024 5141/4797/5020
f 5145/4801/5024 5144/4800/5023 5141/4797/5020
f 5143/4799/5022 5146/4802/5025 5142/4798/5021
f 5145/4801/5024 5142/4798/5021 5146/4802/5025
f 5146/4802/5025 5143/4799/5022 5147/4803/5026
f 5144/4800/5023 5148/4804/5027 5122/4778/5001
f 5148/4804/5027 5119/4775/4998 5122/4778/5001
f 5147/4803/5026 5149/4805/5028 5146/4802/5025
f 5149/4805/5028 5147/4803/5026 5150/4806/5029
f 5151/4807/5030 5146/4802/5025 5149/4805/5028
f 5146/4802/5025 5151/4807/5030 5145/4801/5024
f 5150/4806/5029 5152/4808/5031 5149/4805/5028
f 5152/4808/5031 5151/4807/5030 5149/4805/5028
f 5152/4808/5031 5150/4806/5029 5153/4809/5032
f 5154/4810/5033 5145/4801/5024 5151/4807/5030
f 5152/4808/5031 5153/4809/5032 5155/4811/5034
f 5155/4811/5034 5153/4809/5032 5156/4812/5035
f 5151/4807/5030 5152/4808/5031 5157/4813/5036
f 5157/4813/5036 5154/4810/5033 5151/4807/5030
f 5152/4808/5031 5155/4811/5034 5158/4814/5037
f 5158/4814/5037 5157/4813/5036 5152/4808/5031
f 5159/4815/5038 5155/4811/5034 5156/4812/5035
f 5156/4812/5035 5160/4816/5039 5159/4815/5038
f 5155/4811/5034 5161/4817/5040 5158/4814/5037
f 5155/4811/5034 5159/4815/5038 5161/4817/5040
f 5162/4818/5041 5159/4815/5038 5160/4816/5039
f 5163/4819/5042 5162/4818/5041 5160/4816/5039
f 5164/4820/5043 5162/4818/5041 5163/4819/5042
f 5165/4821/5044 5161/4817/5040 5159/4815/5038
f 5159/4815/5038 5162/4818/5041 5165/4821/5044
f 5162/4818/5041 5164/4820/5043 5166/4822/5045
f 5166/4822/5045 5164/4820/5043 5167/4823/5046
f 5167/4823/5046 5168/4824/5047 5166/4822/5045
f 5165/4821/5044 5162/4818/5041 5169/4825/5048
f 5169/4825/5048 5162/4818/5041 5166/4822/5045
f 5166/4822/5045 5168/4824/5047 5170/4826/5049
f 5166/4822/5045 5170/4826/5049 5169/4825/5048
f 5171/4827/5050 5170/4826/5049 5168/4824/5047
f 5171/4827/5050 5169/4825/5048 5170/4826/5049
f 5172/4828/5051 5171/4827/5050 5168/4824/5047
f 5169/4825/5048 5173/4829/5052 5165/4821/5044
f 5161/4817/5040 5165/4821/5044 5173/4829/5052
f 5169/4825/5048 5171/4827/5050 5174/4830/5053
f 5173/4829/5052 5169/4825/5048 5174/4830/5053
f 5171/4827/5050 5172/4828/5051 5175/4831/5054
f 5173/4829/5052 5176/4832/5055 5161/4817/5040
f 5176/4832/5055 5158/4814/5037 5161/4817/5040
f 5177/4833/3787 5173/4829/5052 5174/4830/5053
f 5176/4832/5055 5173/4829/5052 5177/4833/3787
f 5171/4827/5050 5178/4834/5056 5174/4830/5053
f 5178/4834/5056 5177/4833/3787 5174/4830/5053
f 5178/4834/5056 5171/4827/5050 5175/4831/5054
f 5179/4835/5057 5176/4832/5055 5177/4833/3787
f 5178/4834/5056 5179/4835/5057 5177/4833/3787
f 5172/4828/5051 5180/4836/5058 5175/4831/5054
f 5180/4836/5058 5178/4834/5056 5175/4831/5054
f 5180/4836/5058 5172/4828/5051 5181/4837/5059
f 5179/4835/5057 5178/4834/5056 5182/4838/5060
f 5178/4834/5056 5180/4836/5058 5182/4838/5060
f 5181/4837/5059 5183/4839/5061 5180/4836/5058
f 5180/4836/5058 5184/4840/5062 5182/4838/5060
f 5184/4840/5062 5180/4836/5058 5183/4839/5061
f 5184/4840/5062 5179/4835/5057 5182/4838/5060
f 5185/4841/5063 5183/4839/5061 5181/4837/5059
f 5183/4839/5061 5186/4842/5064 5184/4840/5062
f 5183/4839/5061 5185/4841/5063 5186/4842/5064
f 5179/4835/5057 5184/4840/5062 5187/4843/5065
f 5186/4842/5064 5188/4844/5066 5184/4840/5062
f 5184/4840/5062 5188/4844/5066 5187/4843/5065
f 5189/4845/5067 5179/4835/5057 5187/4843/5065
f 5176/4832/5055 5179/4835/5057 5189/4845/5067
f 5187/4843/5065 5190/4846/5068 5189/4845/5067
f 5187/4843/5065 5188/4844/5066 5190/4846/5068
f 5191/4847/5069 5176/4832/5055 5189/4845/5067
f 5190/4846/5068 5191/4847/5069 5189/4845/5067
f 5176/4832/5055 5191/4847/5069 5158/4814/5037
f 5157/4813/5036 5158/4814/5037 5191/4847/5069
f 5191/4847/5069 5190/4846/5068 5192/4848/5070
f 5190/4846/5068 5188/4844/5066 5192/4848/5070
f 5191/4847/5069 5193/4849/5071 5157/4813/5036
f 5193/4849/5071 5191/4847/5069 5192/4848/5070
f 5154/4810/5033 5157/4813/5036 5193/4849/5071
f 5188/4844/5066 5194/4850/5072 5192/4848/5070
f 5192/4848/5070 5195/4851/5073 5193/4849/5071
f 5192/4848/5070 5194/4850/5072 5195/4851/5073
f 5193/4849/5071 5196/4852/5074 5154/4810/5033
f 5195/4851/5073 5196/4852/5074 5193/4849/5071
f 5188/4844/5066 5197/4853/5075 5194/4850/5072
f 5197/4853/5075 5188/4844/5066 5186/4842/5064
f 5197/4853/5075 5186/4842/5064 5185/4841/5063
f 5194/4850/5072 5198/4854/5076 5195/4851/5073
f 5198/4854/5076 5194/4850/5072 5197/4853/5075
f 5195/4851/5073 5199/4855/5077 5196/4852/5074
f 5199/4855/5077 5195/4851/5073 5198/4854/5076
f 5196/4852/5074 5200/4856/5078 5154/4810/5033
f 5145/4801/5024 5154/4810/5033 5200/4856/5078
f 5144/4800/5023 5145/4801/5024 5200/4856/5078
f 5148/4804/5027 5144/4800/5023 5200/4856/5078
f 5196/4852/5074 5148/4804/5027 5200/4856/5078
f 5196/4852/5074 5201/4857/5079 5148/4804/5027
f 5201/4857/5079 5196/4852/5074 5199/4855/5077
f 5119/4775/4998 5148/4804/5027 5201/4857/5079
f 5201/4857/5079 5118/4774/4997 5119/4775/4998
f 5118/4774/4997 5201/4857/5079 5202/4858/5080
f 5199/4855/5077 5202/4858/5080 5201/4857/5079
f 5116/4772/4995 5118/4774/4997 5202/4858/5080
f 5202/4858/5080 5199/4855/5077 5203/4859/5081
f 5198/4854/5076 5203/4859/5081 5199/4855/5077
f 5204/4860/5082 5202/4858/5080 5203/4859/5081
f 5204/4860/5082 5203/4859/5081 5198/4854/5076
f 5205/4861/5083 5116/4772/4995 5202/4858/5080
f 5204/4860/5082 5205/4861/5083 5202/4858/5080
f 5204/4860/5082 5198/4854/5076 5206/4862/5084
f 5198/4854/5076 5197/4853/5075 5206/4862/5084
f 5206/4862/5084 5197/4853/5075 5185/4841/5063
f 5207/4863/5085 5205/4861/5083 5204/4860/5082
f 5204/4860/5082 5206/4862/5084 5207/4863/5085
f 5116/4772/4995 5205/4861/5083 5208/4864/5086
f 5209/4865/5087 5206/4862/5084 5185/4841/5063
f 5208/4864/5086 5210/4866/5088 5116/4772/4995
f 5113/4769/4992 5116/4772/4995 5210/4866/5088
f 5113/4769/4992 5210/4866/5088 5112/4768/4991
f 5205/4861/5083 5211/4867/5089 5208/4864/5086
f 5211/4867/5089 5205/4861/5083 5207/4863/5085
f 5210/4866/5088 5208/4864/5086 5212/4868/5090
f 5208/4864/5086 5211/4867/5089 5212/4868/5090
f 5212/4868/5090 5112/4768/4991 5210/4866/5088
f 5211/4867/5089 5213/4869/5091 5212/4868/5090
f 5207/4863/5085 5213/4869/5091 5211/4867/5089
f 5112/4768/4991 5212/4868/5090 5214/4870/5092
f 5213/4869/5091 5214/4870/5092 5212/4868/5090
f 5049/4705/4929 5112/4768/4991 5214/4870/5092
f 5046/4702/4926 5049/4705/4929 5214/4870/5092
f 5214/4870/5092 5215/4871/5093 5046/4702/4926
f 5214/4870/5092 5213/4869/5091 5215/4871/5093
f 5047/4703/4927 5046/4702/4926 5215/4871/5093
f 5213/4869/5091 5216/4872/5094 5215/4871/5093
f 5047/4703/4927 5215/4871/5093 5216/4872/5094
f 5213/4869/5091 5207/4863/5085 5217/4873/5095
f 5216/4872/5094 5213/4869/5091 5217/4873/5095
f 5218/4874/5096 5047/4703/4927 5216/4872/5094
f 5042/4698/4922 5047/4703/4927 5218/4874/5096
f 5219/4875/5097 5216/4872/5094 5217/4873/5095
f 5220/4876/5098 5042/4698/4922 5218/4874/5096
f 5042/4698/4922 5220/4876/5098 5041/4697/4921
f 5216/4872/5094 5221/4877/5099 5218/4874/5096
f 5216/4872/5094 5219/4875/5097 5221/4877/5099
f 5218/4874/5096 5222/4878/5100 5220/4876/5098
f 5221/4877/5099 5222/4878/5100 5218/4874/5096
f 5220/4876/5098 5223/4879/5101 5041/4697/4921
f 5220/4876/5098 5222/4878/5100 5223/4879/5101
f 5223/4879/5101 5224/4880/5102 5041/4697/4921
f 5222/4878/5100 5221/4877/5099 5225/4881/5103
f 5225/4881/5103 5223/4879/5101 5222/4878/5100
f 5219/4875/5097 5225/4881/5103 5221/4877/5099
f 5224/4880/5102 5223/4879/5101 5226/4882/5104
f 5223/4879/5101 5225/4881/5103 5226/4882/5104
f 5226/4882/5104 5227/4883/5105 5224/4880/5102
f 5228/4884/5106 5226/4882/5104 5225/4881/5103
f 5228/4884/5106 5225/4881/5103 5219/4875/5097
f 5227/4883/5105 5226/4882/5104 5229/4885/5107
f 5226/4882/5104 5228/4884/5106 5229/4885/5107
f 5230/4886/5108 5227/4883/5105 5229/4885/5107
f 5228/4884/5106 5230/4886/5108 5229/4885/5107
f 5227/4883/5105 5230/4886/5108 5231/4887/5059
f 5232/4888/5109 5228/4884/5106 5219/4875/5097
f 5230/4886/5108 5228/4884/5106 5232/4888/5109
f 5233/4889/5110 5231/4887/5059 5230/4886/5108
f 5233/4889/5110 5230/4886/5108 5232/4888/5109
f 5231/4887/5059 5233/4889/5110 5185/4841/5063
f 5233/4889/5110 5209/4865/5087 5185/4841/5063
f 5232/4888/5109 5234/4890/5111 5233/4889/5110
f 5209/4865/5087 5233/4889/5110 5234/4890/5111
f 5219/4875/5097 5235/4891/5112 5232/4888/5109
f 5235/4891/5112 5234/4890/5111 5232/4888/5109
f 5217/4873/5095 5235/4891/5112 5219/4875/5097
f 5235/4891/5112 5217/4873/5095 5207/4863/5085
f 5209/4865/5087 5234/4890/5111 5236/4892/5113
f 5234/4890/5111 5235/4891/5112 5236/4892/5113
f 5207/4863/5085 5236/4892/5113 5235/4891/5112
f 5236/4892/5113 5206/4862/5084 5209/4865/5087
f 5207/4863/5085 5206/4862/5084 5236/4892/5113
f 5237/4893/5114 5238/4894/5115 5239/4895/5116
f 5239/4895/5116 5238/4894/5115 5240/4896/5117
f 5241/4897/5118 5239/4895/5116 5240/4896/5117
f 5239/4895/5116 5241/4897/5118 5242/4898/5119
f 5241/4897/5118 5243/4899/5120 5242/4898/5119
f 5240/4896/5117 5238/4894/5115 5244/4900/5121
f 5243/4899/5120 5241/4897/5118 5245/4901/5122
f 5245/4901/5122 5246/4902/5123 5243/4899/5120
f 5246/4902/5123 5245/4901/5122 5247/4903/5124
f 5245/4901/5122 5248/4904/5125 5247/4903/5124
f 5240/4896/5117 5249/4905/5126 5241/4897/5118
f 5249/4905/5126 5245/4901/5122 5241/4897/5118
f 5249/4905/5126 5240/4896/5117 5244/4900/5121
f 5245/4901/5122 5250/4906/5127 5248/4904/5125
f 5245/4901/5122 5249/4905/5126 5250/4906/5127
f 5251/4907/5128 5248/4904/5125 5250/4906/5127
f 5249/4905/5126 5251/4907/5128 5250/4906/5127
f 5248/4904/5125 5251/4907/5128 5252/4908/5129
f 5253/4909/5130 5249/4905/5126 5244/4900/5121
f 5244/4900/5121 5238/4894/5115 5253/4909/5130
f 5251/4907/5128 5249/4905/5126 5254/4910/5131
f 5249/4905/5126 5253/4909/5130 5254/4910/5131
f 5255/4911/5132 5252/4908/5129 5251/4907/5128
f 5254/4910/5131 5255/4911/5132 5251/4907/5128
f 5252/4908/5129 5255/4911/5132 5256/4912/5133
f 5238/4894/5115 5257/4913/5134 5253/4909/5130
f 5257/4913/5134 5254/4910/5131 5253/4909/5130
f 5257/4913/5134 5238/4894/5115 5258/4914/5135
f 5254/4910/5131 5257/4913/5134 5259/4915/5136
f 5255/4911/5132 5254/4910/5131 5259/4915/5136
f 5260/4916/5137 5257/4913/5134 5258/4914/5135
f 5260/4916/5137 5259/4915/5136 5257/4913/5134
f 5258/4914/5135 5261/4917/5138 5260/4916/5137
f 5262/4918/5139 5255/4911/5132 5259/4915/5136
f 5259/4915/5136 5260/4916/5137 5262/4918/5139
f 5263/4919/5140 5260/4916/5137 5261/4917/5138
f 5263/4919/5140 5262/4918/5139 5260/4916/5137
f 5261/4917/5138 5264/4920/5141 5263/4919/5140
f 5255/4911/5132 5262/4918/5139 5265/4921/5142
f 5265/4921/5142 5256/4912/5133 5255/4911/5132
f 5256/4912/5133 5265/4921/5142 5266/4922/5143
f 5262/4918/5139 5263/4919/5140 5267/4923/5144
f 5267/4923/5144 5265/4921/5142 5262/4918/5139
f 5263/4919/5140 5264/4920/5141 5268/4924/5145
f 5268/4924/5145 5267/4923/5144 5263/4919/5140
f 5264/4920/5141 5269/4925/5146 5268/4924/5145
f 5270/4926/5147 5266/4922/5143 5265/4921/5142
f 5265/4921/5142 5267/4923/5144 5270/4926/5147
f 5266/4922/5143 5270/4926/5147 5271/4927/5148
f 5270/4926/5147 5272/4928/5149 5271/4927/5148
f 5267/4923/5144 5268/4924/5145 5273/4929/5150
f 5273/4929/5150 5270/4926/5147 5267/4923/5144
f 5272/4928/5149 5270/4926/5147 5274/4930/5151
f 5270/4926/5147 5273/4929/5150 5274/4930/5151
f 5274/4930/5151 5275/4931/5152 5272/4928/5149
f 5276/4932/5153 5273/4929/5150 5268/4924/5145
f 5268/4924/5145 5269/4925/5146 5276/4932/5153
f 5277/4933/5154 5274/4930/5151 5273/4929/5150
f 5273/4929/5150 5276/4932/5153 5277/4933/5154
f 5275/4931/5152 5274/4930/5151 5278/4934/5155
f 5274/4930/5151 5277/4933/5154 5278/4934/5155
f 5279/4935/5156 5275/4931/5152 5278/4934/5155
f 5275/4931/5152 5279/4935/5156 5280/4936/5157
f 5281/4937/5158 5278/4934/5155 5277/4933/5154
f 5278/4934/5155 5281/4937/5158 5279/4935/5156
f 5281/4937/5158 5277/4933/5154 5276/4932/5153
f 5282/4938/5159 5280/4936/5157 5279/4935/5156
f 5281/4937/5158 5282/4938/5159 5279/4935/5156
f 5280/4936/5157 5282/4938/5159 5283/4939/5160
f 5281/4937/5158 5276/4932/5153 5284/4940/5161
f 5276/4932/5153 5269/4925/5146 5284/4940/5161
f 5282/4938/5159 5281/4937/5158 5285/4941/5162
f 5285/4941/5162 5281/4937/5158 5284/4940/5161
f 5286/4942/5163 5283/4939/5160 5282/4938/5159
f 5285/4941/5162 5286/4942/5163 5282/4938/5159
f 5283/4939/5160 5286/4942/5163 5287/4943/5164
f 5286/4942/5163 5288/3586/5165 5287/4943/5164
f 5286/4942/5163 5289/3584/5166 5288/3586/5165
f 5290/4944/5167 5289/3584/5166 5286/4942/5163
f 5286/4942/5163 5285/4941/5162 5290/4944/5167
f 5289/3584/5166 5290/4944/5167 5291/3590/5168
f 5290/4944/5167 5292/3595/5169 5291/3590/5168
f 5292/3595/5169 5290/4944/5167 5293/4945/5170
f 5285/4941/5162 5293/4945/5170 5290/4944/5167
f 5293/4945/5170 5294/3596/5171 5292/3595/5169
f 5293/4945/5170 5285/4941/5162 5295/4946/5172
f 5295/4946/5172 5294/3596/5171 5293/4945/5170
f 5284/4940/5161 5295/4946/5172 5285/4941/5162
f 5295/4946/5172 5269/4925/5146 5294/3596/5171
f 5269/4925/5146 5295/4946/5172 5284/4940/5161
f 5296/4947/5173 174/161/161 178/165/165
f 167/1/154 174/161/161 5296/4947/5173
f 5297/4948/1154 5296/4947/5173 178/165/165
f 5296/4947/5173 5298/2/2 167/1/154
f 5299/4949/1155 5296/4947/5173 5297/4948/1154
f 5299/4949/1155 5298/2/2 5296/4947/5173
f 5300/4950/3315 5301/4951/5174 5302/4952/3313
f 5301/4951/5174 5300/4950/3315 5303/4953/5175
f 5301/4951/5174 5304/4954/3317 5302/4952/3313
f 5303/4953/5175 5305/4955/5176 5301/4951/5174
f 5305/4955/5176 5303/4953/5175 5306/4956/5177
f 5301/4951/5174 5307/4957/5178 5304/4954/3317
f 5301/4951/5174 5305/4955/5176 5307/4957/5178
f 5304/4954/3317 5307/4957/5178 5308/4958/5179
f 5309/4959/5180 5304/4954/3317 5308/4958/5179
f 5305/4955/5176 5310/4960/5181 5307/4957/5178
f 5309/4959/5180 5308/4958/5179 5311/4961/5182
f 5312/4962/5183 5309/4959/5180 5311/4961/5182
f 5307/4957/5178 5313/4963/5184 5308/4958/5179
f 5313/4963/5184 5311/4961/5182 5308/4958/5179
f 5307/4957/5178 5310/4960/5181 5313/4963/5184
f 5311/4961/5182 5314/4964/5185 5312/4962/5183
f 5315/4965/5186 5312/4962/5183 5314/4964/5185
f 5311/4961/5182 5313/4963/5184 5316/4966/3694
f 5316/4966/3694 5314/4964/5185 5311/4961/5182
f 5314/4964/5185 5317/4967/5187 5315/4965/5186
f 5318/4968/5188 5315/4965/5186 5317/4967/5187
f 5314/4964/5185 5316/4966/3694 5319/4969/5189
f 5319/4969/5189 5317/4967/5187 5314/4964/5185
f 5318/4968/5188 5317/4967/5187 5320/4970/5190
f 5321/4971/5191 5318/4968/5188 5320/4970/5190
f 5321/4971/5191 5320/4970/5190 5322/4972/5192
f 5317/4967/5187 5319/4969/5189 5323/4973/5193
f 5323/4973/5193 5320/4970/5190 5317/4967/5187
f 5324/4974/5194 5319/4969/5189 5316/4966/3694
f 5325/4975/5195 5323/4973/5193 5319/4969/5189
f 5319/4969/5189 5324/4974/5194 5325/4975/5195
f 5316/4966/3694 5326/4976/5196 5324/4974/5194
f 5326/4976/5196 5316/4966/3694 5313/4963/5184
f 5325/4975/5195 5324/4974/5194 5327/4977/5197
f 5326/4976/5196 5327/4977/5197 5324/4974/5194
f 5325/4975/5195 5327/4977/5197 5328/4978/5198
f 5327/4977/5197 5326/4976/5196 5329/4979/5199
f 5325/4975/5195 5328/4978/5198 5330/4980/5200
f 5323/4973/5193 5325/4975/5195 5330/4980/5200
f 5330/4980/5200 5328/4978/5198 5331/4981/5201
f 5332/4982/5202 5329/4979/5199 5326/4976/5196
f 5313/4963/5184 5332/4982/5202 5326/4976/5196
f 5329/4979/5199 5332/4982/5202 5333/4983/5203
f 5332/4982/5202 5313/4963/5184 5310/4960/5181
f 5333/4983/5203 5332/4982/5202 5334/4984/5204
f 5310/4960/5181 5334/4984/5204 5332/4982/5202
f 5333/4983/5203 5334/4984/5204 5335/4985/3337
f 5334/4984/5204 5310/4960/5181 5305/4955/5176
f 5334/4984/5204 5336/4986/5205 5335/4985/3337
f 5306/4956/5177 5334/4984/5204 5305/4955/5176
f 5336/4986/5205 5334/4984/5204 5337/4987/5206
f 5306/4956/5177 5337/4987/5206 5334/4984/5204
f 5330/4980/5200 5331/4981/5201 5338/4988/5207
f 5338/4988/5207 5331/4981/5201 5339/4989/5208
f 5340/4990/5209 5338/4988/5207 5339/4989/5208
f 5341/4991/5210 5330/4980/5200 5338/4988/5207
f 5323/4973/5193 5330/4980/5200 5341/4991/5210
f 5320/4970/5190 5323/4973/5193 5341/4991/5210
f 5338/4988/5207 5340/4990/5209 5342/4992/5211
f 5342/4992/5211 5341/4991/5210 5338/4988/5207
f 5343/4993/5212 5320/4970/5190 5341/4991/5210
f 5341/4991/5210 5342/4992/5211 5343/4993/5212
f 5340/4990/5209 5344/4994/5213 5342/4992/5211
f 5344/4994/5213 5340/4990/5209 5345/4995/5214
f 5346/4996/5215 5343/4993/5212 5342/4992/5211
f 5342/4992/5211 5344/4994/5213 5346/4996/5215
f 5320/4970/5190 5343/4993/5212 5347/4997/5216
f 5320/4970/5190 5347/4997/5216 5322/4972/5192
f 5343/4993/5212 5346/4996/5215 5348/4998/5217
f 5347/4997/5216 5343/4993/5212 5348/4998/5217
f 5347/4997/5216 5349/4999/5218 5322/4972/5192
f 5322/4972/5192 5349/4999/5218 5350/5000/5219
f 5348/4998/5217 5351/5001/5220 5347/4997/5216
f 5349/4999/5218 5347/4997/5216 5351/5001/5220
f 5346/4996/5215 5352/5002/5221 5348/4998/5217
f 5351/5001/5220 5348/4998/5217 5352/5002/5221
f 5353/5003/5222 5349/4999/5218 5351/5001/5220
f 5352/5002/5221 5353/5003/5222 5351/5001/5220
f 5349/4999/5218 5354/5004/5223 5350/5000/5219
f 5349/4999/5218 5353/5003/5222 5354/5004/5223
f 5355/5005/5224 5350/5000/5219 5354/5004/5223
f 5356/5006/5225 5354/5004/5223 5353/5003/5222
f 5353/5003/5222 5352/5002/5221 5356/5006/5225
f 5357/5007/5226 5355/5005/5224 5354/5004/5223
f 5357/5007/5226 5354/5004/5223 5356/5006/5225
f 5355/5005/5224 5357/5007/5226 5358/5008/5227
f 5357/5007/5226 5359/5009/5228 5358/5008/5227
f 5357/5007/5226 5356/5006/5225 5360/5010/5229
f 5357/5007/5226 5361/5011/5230 5359/5009/5228
f 5361/5011/5230 5357/5007/5226 5360/5010/5229
f 5362/5012/5231 5360/5010/5229 5356/5006/5225
f 5352/5002/5221 5362/5012/5231 5356/5006/5225
f 5360/5010/5229 5363/5013/5232 5361/5011/5230
f 5360/5010/5229 5362/5012/5231 5363/5013/5232
f 5364/5014/5233 5359/5009/5228 5361/5011/5230
f 5359/5009/5228 5364/5014/5233 5365/5015/5234
f 5366/5016/5235 5362/5012/5231 5352/5002/5221
f 5352/5002/5221 5346/4996/5215 5366/5016/5235
f 5344/4994/5213 5366/5016/5235 5346/4996/5215
f 5362/5012/5231 5366/5016/5235 5367/5017/5236
f 5367/5017/5236 5363/5013/5232 5362/5012/5231
f 5366/5016/5235 5344/4994/5213 5368/5018/5237
f 5366/5016/5235 5368/5018/5237 5367/5017/5236
f 5345/4995/5214 5368/5018/5237 5344/4994/5213
f 5368/5018/5237 5345/4995/5214 5369/5019/5238
f 5369/5019/5238 5370/5020/5239 5368/5018/5237
f 5368/5018/5237 5370/5020/5239 5367/5017/5236
f 5370/5020/5239 5369/5019/5238 5371/5021/5240
f 5363/5013/5232 5367/5017/5236 5372/5022/5241
f 5367/5017/5236 5370/5020/5239 5372/5022/5241
f 5372/5022/5241 5373/5023/5242 5363/5013/5232
f 5363/5013/5232 5373/5023/5242 5361/5011/5230
f 5373/5023/5242 5364/5014/5233 5361/5011/5230
f 5374/5024/5243 5372/5022/5241 5370/5020/5239
f 5373/5023/5242 5372/5022/5241 5374/5024/5243
f 5371/5021/5240 5375/5025/5244 5370/5020/5239
f 5370/5020/5239 5375/5025/5244 5374/5024/5243
f 5375/5025/5244 5371/5021/5240 5376/5026/5245
f 5374/5024/5243 5377/5027/5246 5373/5023/5242
f 5364/5014/5233 5373/5023/5242 5377/5027/5246
f 5375/5025/5244 5378/5028/5247 5374/5024/5243
f 5377/5027/5246 5374/5024/5243 5378/5028/5247
f 5375/5025/5244 5376/5026/5245 5379/5029/5248
f 5378/5028/5247 5375/5025/5244 5379/5029/5248
f 5379/5029/5248 5376/5026/5245 5380/5030/5249
f 5381/5031/5250 5379/5029/5248 5380/5030/5249
f 5378/5028/5247 5379/5029/5248 5382/5032/5251
f 5379/5029/5248 5381/5031/5250 5382/5032/5251
f 5382/5032/5251 5377/5027/5246 5378/5028/5247
f 5382/5032/5251 5381/5031/5250 5383/5033/5252
f 5383/5033/5252 5384/5034/5253 5382/5032/5251
f 5377/5027/5246 5382/5032/5251 5384/5034/5253
f 5384/5034/5253 5383/5033/5252 5385/5035/5254
f 5384/5034/5253 5385/5035/5254 5386/5036/5255
f 5377/5027/5246 5384/5034/5253 5387/5037/5256
f 5387/5037/5256 5384/5034/5253 5386/5036/5255
f 5364/5014/5233 5377/5027/5246 5387/5037/5256
f 5388/5038/5257 5387/5037/5256 5386/5036/5255
f 5387/5037/5256 5365/5015/5234 5364/5014/5233
f 5365/5015/5234 5387/5037/5256 5388/5038/5257
f 5389/5039/5258 5390/5040/5259 5391/5041/5260
f 5389/5039/5258 5392/5042/5261 5390/5040/5259
f 5393/5043/5262 5389/5039/5258 5391/5041/5260
f 5394/5044/5263 5392/5042/5261 5389/5039/5258
f 5395/5045/5264 5392/5042/5261 5394/5044/5263
f 5395/5045/5264 5394/5044/5263 5396/5046/5265
f 5389/5039/5258 5393/5043/5262 5397/5047/5266
f 5397/5047/5266 5394/5044/5263 5389/5039/5258
f 5393/5043/5262 5398/5048/5267 5397/5047/5266
f 5398/5048/5267 5393/5043/5262 5399/5049/5268
f 5394/5044/5263 5397/5047/5266 5400/5050/5269
f 5398/5048/5267 5400/5050/5269 5397/5047/5266
f 5396/5046/5265 5394/5044/5263 5401/5051/5270
f 5394/5044/5263 5400/5050/5269 5401/5051/5270
f 5396/5046/5265 5401/5051/5270 5402/5052/5271
f 5403/5053/5272 5402/5052/5271 5401/5051/5270
f 5401/5051/5270 5400/5050/5269 5403/5053/5272
f 5402/5052/5271 5403/5053/5272 5404/5054/5273
f 5400/5050/5269 5398/5048/5267 5405/5055/5274
f 5400/5050/5269 5405/5055/5274 5403/5053/5272
f 5403/5053/5272 5406/5056/5275 5404/5054/5273
f 5403/5053/5272 5405/5055/5274 5406/5056/5275
f 5406/5056/5275 5407/5057/5276 5404/5054/5273
f 5408/5058/5277 5405/5055/5274 5398/5048/5267
f 5399/5049/5268 5408/5058/5277 5398/5048/5267
f 5408/5058/5277 5399/5049/5268 5409/5059/5278
f 5410/5060/5279 5408/5058/5277 5409/5059/5278
f 5411/5061/5280 5406/5056/5275 5405/5055/5274
f 5405/5055/5274 5408/5058/5277 5411/5061/5280
f 5407/5057/5276 5406/5056/5275 5412/5062/5281
f 5406/5056/5275 5411/5061/5280 5412/5062/5281
f 5413/5063/5282 5407/5057/5276 5412/5062/5281
f 5413/5063/5282 5412/5062/5281 5414/5064/5283
f 5411/5061/5280 5414/5064/5283 5412/5062/5281
f 5408/5058/5277 5410/5060/5279 5415/5065/5284
f 5416/5066/5285 5415/5065/5284 5410/5060/5279
f 5408/5058/5277 5417/5067/5286 5411/5061/5280
f 5414/5064/5283 5411/5061/5280 5417/5067/5286
f 5408/5058/5277 5415/5065/5284 5417/5067/5286
f 5417/5067/5286 5418/5068/5287 5414/5064/5283
f 5418/5068/5287 5419/5063/5288 5414/5064/5283
f 5419/5063/5288 5418/5068/5287 5420/5069/5289
f 5415/5065/5284 5421/5070/5290 5417/5067/5286
f 5418/5068/5287 5417/5067/5286 5421/5070/5290
f 5415/5065/5284 5416/5066/5285 5422/5071/5291
f 5415/5065/5284 5422/5071/5291 5421/5070/5290
f 5423/5072/5292 5422/5071/5291 5416/5066/5285
f 5424/5073/5293 5420/5069/5289 5418/5068/5287
f 5421/5070/5290 5424/5073/5293 5418/5068/5287
f 5420/5069/5289 5424/5073/5293 5425/5074/5294
f 5422/5071/5291 5426/5075/5295 5421/5070/5290
f 5424/5073/5293 5421/5070/5290 5426/5075/5295
f 5422/5071/5291 5423/5072/5292 5427/5076/5296
f 5422/5071/5291 5427/5076/5296 5426/5075/5295
f 5428/5077/5297 5427/5076/5296 5423/5072/5292
f 5429/5078/5298 5425/5074/5294 5424/5073/5293
f 5426/5075/5295 5429/5078/5298 5424/5073/5293
f 5425/5074/5294 5429/5078/5298 5430/5079/5299
f 5427/5076/5296 5431/5080/5300 5426/5075/5295
f 5429/5078/5298 5426/5075/5295 5431/5080/5300
f 5427/5076/5296 5428/5077/5297 5432/5081/5301
f 5431/5080/5300 5427/5076/5296 5432/5081/5301
f 5433/5082/5302 5432/5081/5301 5428/5077/5297
f 5429/5078/5298 5434/5083/5303 5430/5079/5299
f 5431/5080/5300 5434/5083/5303 5429/5078/5298
f 5434/5083/5303 5435/5084/5304 5430/5079/5299
f 5432/5081/5301 5436/5085/5305 5431/5080/5300
f 5434/5083/5303 5431/5080/5300 5436/5085/5305
f 5432/5081/5301 5433/5082/5302 5437/5086/5306
f 5436/5085/5305 5432/5081/5301 5437/5086/5306
f 5438/5087/5307 5437/5086/5306 5433/5082/5302
f 5438/5087/5307 5436/5085/5305 5437/5086/5306
f 5438/5087/5307 5433/5082/5302 5439/5088/5308
f 5440/5089/5309 5434/5083/5303 5436/5085/5305
f 5436/5085/5305 5438/5087/5307 5440/5089/5309
f 5441/5090/5310 5435/5084/5304 5434/5083/5303
f 5434/5083/5303 5440/5089/5309 5441/5090/5310
f 5442/5091/5311 5435/5084/5304 5441/5090/5310
f 5439/5088/5308 5443/5092/5312 5438/5087/5307
f 5443/5092/5312 5440/5089/5309 5438/5087/5307
f 5443/5092/5312 5439/5088/5308 5444/5093/5313
f 5445/3722/5314 5443/5092/5312 5444/5093/5313
f 5443/5092/5312 5445/3722/5314 5446/3723/5315
f 5442/5091/5311 5441/5090/5310 5447/5094/5316
f 5440/5089/5309 5447/5094/5316 5441/5090/5310
f 5448/3728/3894 5442/5091/5311 5447/5094/5316
f 5447/5094/5316 5449/3726/5317 5448/3728/3894
f 5440/5089/5309 5443/5092/5312 5450/5095/5318
f 5447/5094/5316 5440/5089/5309 5450/5095/5318
f 5446/3723/5315 5450/5095/5318 5443/5092/5312
f 5450/5095/5318 5449/3726/5317 5447/5094/5316
f 5450/5095/5318 5446/3723/5315 5451/3725/5319
f 5449/3726/5317 5450/5095/5318 5451/3725/5319
f 5452/1678/5320 5453/5096/5321 5454/1681/5322
f 5455/1677/5323 5453/5096/5321 5452/1678/5320
f 5456/5097/5324 5454/1681/5322 5453/5096/5321
f 5453/5096/5321 5455/1677/5323 5457/5098/5325
f 5458/1674/5326 5457/5098/5325 5455/1677/5323
f 5456/5097/5324 5453/5096/5321 5459/5099/5327
f 5457/5098/5325 5459/5099/5327 5453/5096/5321
f 5459/5099/5327 5460/5100/5328 5456/5097/5324
f 5460/5100/5328 5459/5099/5327 5461/5101/5329
f 5459/5099/5327 5462/5102/5330 5461/5101/5329
f 5462/5102/5330 5459/5099/5327 5463/5103/5331
f 5464/5104/5332 5463/5103/5331 5459/5099/5327
f 5459/5099/5327 5457/5098/5325 5464/5104/5332
f 5463/5103/5331 5464/5104/5332 5465/5105/5333
f 5457/5098/5325 5458/1674/5326 5466/5106/5334
f 5466/5106/5334 5464/5104/5332 5457/5098/5325
f 5458/1674/5326 5467/1675/1741 5466/5106/5334
f 5466/5106/5334 5467/1675/1741 5468/5107/5335
f 5469/5108/5336 5465/5105/5333 5464/5104/5332
f 5464/5104/5332 5466/5106/5334 5469/5108/5336
f 5466/5106/5334 5468/5107/5335 5469/5108/5336
f 5465/5105/5333 5469/5108/5336 5470/5109/5337
f 5468/5107/5335 5471/5110/5338 5469/5108/5336
f 5471/5110/5338 5470/5109/5337 5469/5108/5336
f 5472/231/5339 5473/5111/5340 5474/5112/5341
f 5473/5111/5340 5472/231/5339 5475/230/230
f 5473/5111/5340 5476/5113/5342 5474/5112/5341
f 5475/230/230 5477/5114/5343 5473/5111/5340
f 5477/5114/5343 5475/230/230 5478/233/5344
f 5477/5114/5343 5478/233/5344 5479/236/5345
f 5476/5113/5342 5473/5111/5340 5480/5115/5346
f 5481/5116/5347 5476/5113/5342 5480/5115/5346
f 5482/5117/5348 5473/5111/5340 5477/5114/5343
f 5473/5111/5340 5482/5117/5348 5480/5115/5346
f 5477/5114/5343 5479/236/5345 5483/5118/5349
f 5482/5117/5348 5477/5114/5343 5483/5118/5349
f 5484/237/5350 5483/5118/5349 5479/236/5345
f 5484/237/5350 5485/5119/5351 5483/5118/5349
f 5483/5118/5349 5485/5119/5351 5486/5120/5352
f 5482/5117/5348 5483/5118/5349 5486/5120/5352
f 5487/5121/5353 5486/5120/5352 5485/5119/5351
f 5488/5122/5354 5482/5117/5348 5486/5120/5352
f 5488/5122/5354 5480/5115/5346 5482/5117/5348
f 5489/5123/5355 5486/5120/5352 5487/5121/5353
f 5486/5120/5352 5489/5123/5355 5488/5122/5354
f 5480/5115/5346 5490/5124/5356 5481/5116/5347
f 5480/5115/5346 5488/5122/5354 5490/5124/5356
f 5491/5125/5357 5481/5116/5347 5490/5124/5356
f 5492/5126/5358 5488/5122/5354 5489/5123/5355
f 5490/5124/5356 5488/5122/5354 5492/5126/5358
f 5487/5121/5353 5493/5127/5359 5489/5123/5355
f 5489/5123/5355 5493/5127/5359 5492/5126/5358
f 5493/5127/5359 5487/5121/5353 5494/5128/5360
f 5491/5125/5357 5490/5124/5356 5495/5129/5361
f 5490/5124/5356 5492/5126/5358 5495/5129/5361
f 5495/5129/5361 5496/5130/5362 5491/5125/5357
f 5493/5127/5359 5497/5131/5363 5492/5126/5358
f 5495/5129/5361 5492/5126/5358 5497/5131/5363
f 5493/5127/5359 5494/5128/5360 5498/5132/5364
f 5497/5131/5363 5493/5127/5359 5498/5132/5364
f 5498/5132/5364 5494/5128/5360 5499/5133/5365
f 5496/5130/5362 5495/5129/5361 5500/5134/5366
f 5495/5129/5361 5497/5131/5363 5500/5134/5366
f 5500/5134/5366 5501/5135/5367 5496/5130/5362
f 5502/5136/5368 5498/5132/5364 5499/5133/5365
f 5499/5133/5365 5503/5137/5369 5502/5136/5368
f 5500/5134/5366 5504/5138/5370 5501/5135/5367
f 5504/5138/5370 5505/5139/5371 5501/5135/5367
f 5500/5134/5366 5497/5131/5363 5506/5140/5372
f 5500/5134/5366 5506/5140/5372 5504/5138/5370
f 5498/5132/5364 5506/5140/5372 5497/5131/5363
f 5506/5140/5372 5498/5132/5364 5502/5136/5368
f 5504/5138/5370 5507/5141/5373 5505/5139/5371
f 5506/5140/5372 5507/5141/5373 5504/5138/5370
f 5507/5141/5373 5508/5142/5374 5505/5139/5371
f 5509/5143/5375 5506/5140/5372 5502/5136/5368
f 5502/5136/5368 5503/5137/5369 5509/5143/5375
f 5503/5137/5369 5510/5144/5376 5509/5143/5375
f 5507/5141/5373 5506/5140/5372 5511/5145/5377
f 5506/5140/5372 5509/5143/5375 5511/5145/5377
f 5507/5141/5373 5512/5146/5378 5508/5142/5374
f 5511/5145/5377 5512/5146/5378 5507/5141/5373
f 5513/5147/5379 5508/5142/5374 5512/5146/5378
f 5514/5148/5380 5511/5145/5377 5509/5143/5375
f 5512/5146/5378 5511/5145/5377 5514/5148/5380
f 5515/5149/5381 5509/5143/5375 5510/5144/5376
f 5514/5148/5380 5509/5143/5375 5515/5149/5381
f 5515/5149/5381 5510/5144/5376 5516/5150/5382
f 5512/5146/5378 5517/5151/5383 5513/5147/5379
f 5514/5148/5380 5517/5151/5383 5512/5146/5378
f 5518/5152/5384 5513/5147/5379 5517/5151/5383
f 5519/5153/5385 5514/5148/5380 5515/5149/5381
f 5517/5151/5383 5514/5148/5380 5519/5153/5385
f 5520/5154/5386 5515/5149/5381 5516/5150/5382
f 5515/5149/5381 5520/5154/5386 5519/5153/5385
f 5516/5150/5382 5521/5155/5387 5520/5154/5386
f 5517/5151/5383 5522/5156/5388 5518/5152/5384
f 5519/5153/5385 5522/5156/5388 5517/5151/5383
f 5523/5157/5389 5518/5152/5384 5522/5156/5388
f 5524/5158/5390 5519/5153/5385 5520/5154/5386
f 5524/5158/5390 5520/5154/5386 5521/5155/5387
f 5522/5156/5388 5519/5153/5385 5525/5159/5391
f 5519/5153/5385 5524/5158/5390 5525/5159/5391
f 5523/5157/5389 5522/5156/5388 5526/5160/5392
f 5525/5159/5391 5526/5160/5392 5522/5156/5388
f 5526/5160/5392 5527/3664/5393 5523/5157/5389
f 5527/3664/5393 5526/5160/5392 5528/3662/5394
f 5521/5155/5387 5529/5161/5395 5524/5158/5390
f 5529/5161/5395 5525/5159/5391 5524/5158/5390
f 5529/5161/5395 5521/5155/5387 5530/3675/5396
f 5529/5161/5395 5530/3675/5396 5531/3670/5397
f 5526/5160/5392 5525/5159/5391 5532/5162/5398
f 5525/5159/5391 5529/5161/5395 5532/5162/5398
f 5532/5162/5398 5528/3662/5394 5526/5160/5392
f 5531/3670/5397 5532/5162/5398 5529/5161/5395
f 5528/3662/5394 5532/5162/5398 5533/3666/5399
f 5532/5162/5398 5531/3670/5397 5533/3666/5399
f 5534/732/5400 5535/596/5400 5536/600/5401
f 5534/732/5400 5537/595/5402 5535/596/5400
f 5534/732/5400 5536/600/5401 5538/734/5403
f 5537/595/5402 5534/732/5400 5539/730/5404
f 5536/600/5401 5540/602/5405 5538/734/5403
f 5539/730/5404 5541/589/5406 5537/595/5402
f 5538/734/5403 5540/602/5405 5542/736/5405
f 5541/589/5406 5539/730/5404 5543/727/5407
f 5540/602/5405 5544/735/5408 5542/736/5405
f 5543/727/5407 5545/586/5409 5541/589/5406
f 5544/735/5408 5540/602/5405 5546/606/5410
f 5545/586/5409 5543/727/5407 5547/723/5411
f 5546/606/5410 5548/733/5412 5544/735/5408
f 5549/725/5413 5545/586/5409 5547/723/5411
f 5548/733/5412 5546/606/5410 5550/611/5412
f 5545/586/5409 5549/725/5413 5551/584/5414
f 5550/611/5412 5552/731/5415 5548/733/5412
f 5553/724/5416 5551/584/5414 5549/725/5413
f 5552/731/5415 5550/611/5412 5554/614/5417
f 5553/724/5416 5555/587/5416 5551/584/5414
f 5554/614/5417 5556/624/5418 5552/731/5415
f 5555/587/5416 5553/724/5416 5557/726/5419
f 5552/731/5415 5556/624/5418 5558/729/5418
f 5555/587/5416 5557/726/5419 5559/592/5419
f 5556/624/5418 5560/728/5420 5558/729/5418
f 5557/726/5419 5561/625/5420 5559/592/5419
f 5560/728/5420 5556/624/5418 5561/625/5420
f 5561/625/5420 5557/726/5419 5560/728/5420
f 5562/549/5421 5563/1229/5422 5564/1228/5421
f 5564/1228/5421 5565/1227/5423 5562/549/5421
f 5563/1229/5422 5562/549/5421 5566/545/5424
f 5565/1227/5423 5567/551/5425 5562/549/5421
f 5566/545/5424 5568/1226/5426 5563/1229/5422
f 5565/1227/5423 5569/554/5427 5567/551/5425
f 5568/1226/5426 5566/545/5424 5570/538/5426
f 5569/554/5427 5565/1227/5423 5571/1224/5427
f 5570/538/5426 5572/1225/5428 5568/1226/5426
f 5571/1224/5427 5573/557/5429 5569/554/5427
f 5572/1225/5428 5570/538/5426 5574/540/5428
f 5573/557/5429 5571/1224/5427 5575/1222/5430
f 5574/540/5428 5576/1223/5431 5572/1225/5428
f 5575/1222/5430 5577/561/5432 5573/557/5429
f 5576/1223/5431 5574/540/5428 5578/541/5431
f 5577/561/5432 5575/1222/5430 5579/1220/5433
f 5578/541/5431 5580/1221/5434 5576/1223/5431
f 5579/1220/5433 5581/562/5435 5577/561/5432
f 5580/1221/5434 5578/541/5431 5582/542/5436
f 5581/562/5435 5579/1220/5433 5583/1219/5435
f 5582/542/5436 5584/1217/5437 5580/1221/5434
f 5583/1219/5435 5585/1216/5438 5581/562/5435
f 5584/1217/5437 5582/542/5436 5586/543/5437
f 5585/1216/5438 5587/563/5439 5581/562/5435
f 5586/543/5437 5588/1218/5440 5584/1217/5437
f 5587/563/5439 5585/1216/5438 5588/1218/5440
f 5588/1218/5440 5586/543/5437 5589/547/5440
f 5587/563/5439 5588/1218/5440 5589/547/5440
