# Blender 5.1.1
# www.blender.org
mtllib valorant-rightV2.mtl
o FP_Wushu_S0_Skelmesh_LOD0
v -0.847164 -0.321626 -0.087006
v -0.849899 -0.310278 -0.076007
v -0.856605 -0.326995 -0.100122
v -0.760860 -0.014235 -0.002421
v -0.769786 -0.005944 -0.008433
v -0.771607 -0.027720 0.011540
v -0.792824 -0.130862 0.035332
v -0.800609 -0.158910 0.028794
v -0.788036 -0.149930 0.031225
v -1.595767 0.004576 -0.174483
v -1.577441 0.007438 -0.176993
v -1.578506 -0.006072 -0.180231
v -1.553264 0.013878 -0.179784
v -1.552264 -0.020690 -0.187659
v -1.514229 -0.002856 -0.191452
v -1.522967 0.021569 -0.182863
v -1.527507 -0.037234 -0.194580
v -1.495968 0.028951 -0.185177
v -1.504176 -0.018380 -0.196607
v -1.505493 -0.053020 -0.200787
v -1.484915 0.005825 -0.195819
v -1.466253 0.041044 -0.186485
v -1.481174 -0.035831 -0.205497
v -1.481709 -0.073224 -0.208152
v -1.458284 0.015718 -0.198845
v -1.440834 0.055080 -0.186109
v -1.452546 -0.057485 -0.216036
v -1.459661 -0.093714 -0.215709
v -1.431599 -0.015701 -0.212729
v -1.427038 0.031357 -0.200179
v -1.419024 0.068425 -0.184670
v -1.430072 -0.081768 -0.224511
v -1.440876 -0.112297 -0.222358
v -1.395531 0.050478 -0.198606
v -1.397795 0.080958 -0.181949
v -1.390749 0.007297 -0.214453
v -1.409380 -0.039969 -0.222949
v -1.355344 0.074126 -0.192975
v -1.362410 0.100717 -0.174837
v -1.355409 0.035717 -0.209507
v -1.358748 -0.015341 -0.227031
v -1.392573 -0.069623 -0.231509
v -1.325933 0.066437 -0.197936
v -1.354809 -0.053254 -0.236930
v -1.404315 -0.115405 -0.233137
v -1.408164 -0.146668 -0.231854
v -1.372033 -0.104512 -0.239055
v -1.341780 -0.083108 -0.243709
v -1.359032 -0.125015 -0.242777
v -1.375831 -0.168665 -0.237646
v -1.327443 -0.053457 -0.242329
v -1.332747 -0.084077 -0.238880
v -1.319353 -0.055416 -0.237594
v -1.309577 -0.019540 -0.235984
v -1.349645 -0.124521 -0.237477
v -1.302605 -0.023709 -0.231727
v -1.311378 -0.060650 -0.246809
v -1.294446 -0.028797 -0.241040
v -1.324036 -0.089832 -0.248359
v -1.280716 -0.071640 -0.254874
v -1.293918 -0.101382 -0.256348
v -1.340576 -0.129087 -0.246591
v -1.307109 -0.137782 -0.254628
v -1.365581 -0.168253 -0.231994
v -1.321435 -0.182664 -0.247696
v -1.357975 -0.175229 -0.240358
v -1.285772 -0.142949 -0.259533
v -1.383401 -0.217864 -0.215857
v -1.238423 -0.108322 -0.266282
v -1.393426 -0.221581 -0.221860
v -1.242965 -0.072565 -0.259333
v -1.436085 -0.177739 -0.225500
v -1.455245 -0.139033 -0.220725
v -1.478848 -0.172039 -0.216884
v -1.479846 -0.133057 -0.213177
v -1.439836 -0.216266 -0.216010
v -1.517694 -0.160302 -0.208783
v -1.510553 -0.123079 -0.204564
v -1.485958 -0.207797 -0.210139
v -1.553612 -0.146655 -0.199883
v -1.541902 -0.112067 -0.195747
v -1.530464 -0.193853 -0.204078
v -1.446479 -0.255972 -0.198600
v -1.589583 -0.129007 -0.190148
v -1.570715 -0.098869 -0.188759
v -1.600477 -0.082260 -0.182930
v -1.497309 -0.242281 -0.195587
v -1.631292 -0.107373 -0.179842
v -1.638733 -0.100815 -0.178718
v -1.628524 -0.117822 -0.180420
v -1.630421 -0.063272 -0.177619
v -1.602984 -0.148042 -0.187818
v -1.631115 -0.126314 -0.180352
v -1.674847 -0.066833 -0.174354
v -1.650412 -0.100534 -0.177474
v -1.659265 -0.040352 -0.171576
v -1.680374 -0.083219 -0.174477
v -1.658279 -0.105600 -0.176816
v -1.705899 -0.040355 -0.166290
v -1.682379 -0.018503 -0.164852
v -1.697316 -0.101079 -0.171620
v -1.674942 -0.124231 -0.174588
v -1.688898 -0.140531 -0.170115
v -1.710052 -0.078472 -0.169167
v -1.714391 -0.119147 -0.165094
v -1.734738 -0.013389 -0.154190
v -1.710785 0.015555 -0.152785
v -1.724553 -0.046508 -0.162896
v -1.737736 -0.087464 -0.163997
v -1.747717 -0.052779 -0.156812
v -1.739536 -0.123114 -0.154339
v -1.760602 -0.018415 -0.144169
v -1.721097 -0.143265 -0.158599
v -1.691339 -0.146864 -0.168666
v -1.748317 -0.159571 -0.145562
v -1.692442 -0.157022 -0.167131
v -1.715376 -0.170264 -0.155946
v -1.773820 -0.185835 -0.132606
v -1.757002 -0.195477 -0.141093
v -1.746312 -0.204598 -0.141919
v -1.680290 -0.166943 -0.170564
v -1.687968 -0.200252 -0.162057
v -1.733521 -0.220136 -0.137992
v -1.661750 -0.201564 -0.169776
v -1.670212 -0.165431 -0.173385
v -1.692589 -0.229460 -0.153451
v -1.716949 -0.244237 -0.139992
v -1.663023 -0.161619 -0.175259
v -1.665817 -0.259812 -0.146272
v -1.703322 -0.282562 -0.127746
v -1.640769 -0.234803 -0.164971
v -1.638293 -0.192767 -0.176614
v -1.656178 -0.293855 -0.133019
v -1.697515 -0.307220 -0.113453
v -1.600167 -0.274561 -0.157629
v -1.610084 -0.219112 -0.178246
v -1.619751 -0.169596 -0.183649
v -1.649176 -0.145537 -0.177950
v -1.589040 -0.197081 -0.189213
v -1.573999 -0.172432 -0.195409
v -1.546178 -0.222951 -0.193565
v -1.567853 -0.248610 -0.178438
v -1.514758 -0.273194 -0.177944
v -1.540418 -0.304750 -0.154414
v -1.455322 -0.290000 -0.178197
v -1.470476 -0.317873 -0.156001
v -1.598064 -0.304509 -0.140254
v -1.472823 -0.336065 -0.137668
v -1.645893 -0.328098 -0.111940
v -1.695683 -0.313109 -0.101479
v -1.647572 -0.328304 -0.100589
v -1.596564 -0.333234 -0.104543
v -1.597946 -0.333250 -0.116005
v -1.521780 -0.336848 -0.116618
v -1.522627 -0.336942 -0.129433
v -1.472725 -0.335567 -0.125360
v -1.421391 -0.335184 -0.134686
v -1.417746 -0.334487 -0.148782
v -1.408370 -0.332097 -0.137964
v -1.414718 -0.304055 -0.177086
v -1.406136 -0.325659 -0.146137
v -1.405998 -0.264980 -0.201412
v -1.403099 -0.297061 -0.172050
v -1.394974 -0.259585 -0.195741
v -1.395571 -0.305480 -0.178703
v -1.373926 -0.224141 -0.224116
v -1.388208 -0.268397 -0.201871
v -1.334450 -0.224291 -0.232174
v -1.339775 -0.270444 -0.210455
v -1.339648 -0.303688 -0.189573
v -1.398314 -0.334347 -0.153267
v -1.397090 -0.334711 -0.140493
v -1.335498 -0.332913 -0.151777
v -1.335130 -0.331149 -0.165878
v -1.264990 -0.317993 -0.160531
v -1.265154 -0.317587 -0.173982
v -1.275860 -0.292778 -0.200318
v -1.290928 -0.264677 -0.218531
v -1.210003 -0.306629 -0.181251
v -1.206694 -0.306228 -0.167310
v -1.227750 -0.284409 -0.208514
v -1.246645 -0.253757 -0.229633
v -1.265456 -0.221079 -0.244462
v -1.202069 -0.250774 -0.243079
v -1.278473 -0.185024 -0.256118
v -1.216852 -0.218649 -0.258588
v -1.228730 -0.178750 -0.265037
v -1.234527 -0.141867 -0.267842
v -1.207666 -0.210400 -0.253664
v -1.217239 -0.176955 -0.260604
v -1.224288 -0.142926 -0.261055
v -1.191495 -0.244355 -0.238276
v -1.224490 -0.138754 -0.266021
v -1.228078 -0.108055 -0.263378
v -1.232368 -0.075240 -0.255423
v -1.236574 -0.043852 -0.244739
v -1.186116 -0.277338 -0.218935
v -1.178673 -0.267153 -0.217446
v -1.166448 -0.287699 -0.190088
v -1.171154 -0.299955 -0.190963
v -1.162119 -0.293935 -0.178307
v -1.247292 -0.037074 -0.248608
v -1.238126 -0.012642 -0.229390
v -1.265888 -0.036235 -0.246535
v -1.248925 -0.005758 -0.235043
v -1.225363 0.013462 -0.218335
v -1.276163 0.002614 -0.230685
v -1.234218 0.023863 -0.221068
v -1.210880 0.037096 -0.204419
v -1.285203 0.007163 -0.221428
v -1.217912 0.047194 -0.206458
v -1.193897 0.062680 -0.190599
v -1.254252 0.039334 -0.214083
v -1.264272 0.042778 -0.205366
v -1.200136 0.070695 -0.192953
v -1.179964 0.081999 -0.175571
v -1.237376 0.065337 -0.199888
v -1.185525 0.088090 -0.178197
v -1.178185 0.081712 -0.171264
v -1.222625 0.085110 -0.187312
v -1.246933 0.067731 -0.192028
v -1.232745 0.087252 -0.179567
v -1.209126 0.102910 -0.174055
v -1.167332 0.112376 -0.157076
v -1.160947 0.105892 -0.154483
v -1.138442 0.127295 -0.125449
v -1.218999 0.104937 -0.166234
v -1.143980 0.135101 -0.126441
v -1.120245 0.139690 -0.101120
v -1.188707 0.126206 -0.152299
v -1.124877 0.147780 -0.102212
v -1.103862 0.148780 -0.075758
v -1.177289 0.137399 -0.138750
v -1.164609 0.147305 -0.123339
v -1.106085 0.157737 -0.074505
v -1.080600 0.161070 -0.044302
v -1.148004 0.159686 -0.098680
v -1.085160 0.168801 -0.043850
v -1.063086 0.167202 -0.016980
v -1.129175 0.170083 -0.069270
v -1.064606 0.175650 -0.010535
v -1.043094 0.164874 0.022182
v -1.108255 0.181653 -0.036678
v -1.045806 0.173868 0.027517
v -1.031894 0.154135 0.048715
v -1.087851 0.190664 -0.001225
v -1.031861 0.161255 0.058500
v -1.019082 0.134903 0.079537
v -1.068870 0.186433 0.040589
v -1.019177 0.141582 0.090016
v -1.013556 0.101279 0.109470
v -1.045045 0.180700 0.078515
v -1.014317 0.105594 0.119949
v -1.020733 0.058132 0.126442
v -1.019177 0.058070 0.136224
v -1.029301 0.076083 0.166284
v -1.025498 0.122472 0.143904
v -1.031291 0.158295 0.110161
v -1.037580 0.123297 0.147391
v -1.040444 0.079341 0.168602
v -1.044157 0.158110 0.113214
v -1.056656 0.178743 0.081798
v -1.033255 0.128978 0.156455
v -1.035527 0.084041 0.178761
v -1.049145 0.108354 0.210646
v -1.040707 0.164934 0.120211
v -1.046468 0.150462 0.183342
v -1.064549 0.138311 0.243559
v -1.045931 0.178828 0.155090
v -1.061255 0.176435 0.220544
v -1.078907 0.166174 0.278560
v -1.053590 0.186561 0.088356
v -1.078665 0.201187 0.256544
v -1.089574 0.178202 0.297048
v -1.063061 0.204868 0.192675
v -1.090303 0.217165 0.279387
v -1.099620 0.204088 0.322754
v -1.085748 0.230314 0.229674
v -1.104402 0.241492 0.308514
v -1.119714 0.232532 0.357729
v -1.102018 0.248792 0.257117
v -1.125266 0.265045 0.345344
v -1.141950 0.255218 0.387680
v -1.120945 0.273135 0.290580
v -1.143882 0.283432 0.372399
v -1.168508 0.275120 0.407971
v -1.141870 0.296129 0.327939
v -1.166463 0.299119 0.391744
v -1.187462 0.297460 0.431501
v -1.188031 0.316459 0.411513
v -1.156707 0.309019 0.346710
v -1.175962 0.323158 0.368653
v -1.195583 0.336890 0.386570
v -1.190774 0.336379 0.346376
v -1.207692 0.352232 0.363528
v -1.226068 0.358990 0.346189
v -1.210471 0.342937 0.327888
v -1.251572 0.356350 0.333944
v -1.173193 0.326135 0.325387
v -1.161544 0.314013 0.307339
v -1.193217 0.333026 0.307519
v -1.233745 0.345396 0.308433
v -1.132236 0.302910 0.312154
v -1.178941 0.326926 0.290297
v -1.115891 0.287208 0.286788
v -1.214297 0.337526 0.287893
v -1.161120 0.329964 0.279866
v -1.200095 0.329246 0.272859
v -1.139944 0.309073 0.257040
v -1.204969 0.336408 0.246162
v -1.225376 0.330030 0.253947
v -1.247245 0.328713 0.264664
v -1.245468 0.329062 0.219229
v -1.279791 0.314343 0.215980
v -1.278979 0.326540 0.275432
v -1.212946 0.320175 0.195517
v -1.278218 0.336961 0.308719
v -1.282891 0.346561 0.326133
v -1.289332 0.327814 0.305455
v -1.295465 0.338707 0.325518
v -1.289706 0.318761 0.272529
v -1.290706 0.313892 0.224013
v -1.300753 0.308244 0.220017
v -1.311269 0.315786 0.157759
v -1.321388 0.310388 0.159003
v -1.337823 0.311168 0.103474
v -1.347212 0.307361 0.105480
v -1.284140 0.314240 0.146995
v -1.359840 0.306352 0.071916
v -1.368528 0.304106 0.076746
v -1.306243 0.302691 0.086823
v -1.368766 0.297392 0.062744
v -1.378582 0.296722 0.067880
v -1.237772 0.308595 0.184076
v -1.251613 0.304114 0.123041
v -1.200404 0.288182 0.155316
v -1.270209 0.286839 0.064164
v -1.224649 0.286452 0.102300
v -1.324986 0.287828 0.042007
v -1.253318 0.276078 0.048816
v -1.335898 0.279817 0.034184
v -1.289103 0.263110 0.007845
v -1.298844 0.254220 -0.000172
v -1.342504 0.285101 0.027990
v -1.305277 0.258884 -0.006982
v -1.375250 0.303739 0.054080
v -1.394129 0.313005 0.068421
v -1.388221 0.305593 0.075934
v -1.413715 0.292358 0.008663
v -1.419817 0.317837 0.086680
v -1.413686 0.311408 0.093873
v -1.436358 0.307899 0.033323
v -1.386715 0.269410 -0.019496
v -1.439804 0.320496 0.101980
v -1.434745 0.312897 0.108623
v -1.462723 0.312518 0.128910
v -1.457657 0.317508 0.054674
v -1.469479 0.322517 0.124689
v -1.489009 0.307439 0.147420
v -1.479602 0.325329 0.077396
v -1.495556 0.319817 0.146101
v -1.511092 0.291625 0.172428
v -1.517521 0.301842 0.175090
v -1.512558 0.334829 0.097719
v -1.532575 0.337337 0.126263
v -1.558619 0.330047 0.155015
v -1.511258 0.327835 0.056875
v -1.557485 0.345685 0.083026
v -1.567112 0.347600 0.120941
v -1.609581 0.346781 0.152944
v -1.498210 0.315189 0.027260
v -1.552248 0.332456 0.039075
v -1.594197 0.355592 0.075670
v -1.610298 0.361688 0.118121
v -1.655893 0.376205 0.123509
v -1.651760 0.361779 0.155742
v -1.685694 0.383052 0.130262
v -1.694025 0.372747 0.159214
v -1.672967 0.381698 0.113426
v -1.643370 0.374089 0.092572
v -1.621819 0.361427 0.067213
v -1.586172 0.339143 0.033129
v -1.623634 0.345443 0.034437
v -1.549050 0.316186 0.005062
v -1.599249 0.318146 -0.007025
v -1.632775 0.329072 0.005256
v -1.480020 0.298818 -0.000000
v -1.619254 0.287768 -0.039404
v -1.644145 0.307612 -0.023983
v -1.671730 0.282869 -0.040188
v -1.572248 0.289337 -0.035137
v -1.529529 0.292634 -0.024173
v -1.511119 0.268737 -0.049460
v -1.553936 0.259890 -0.061842
v -1.590799 0.273810 -0.050521
v -1.598493 0.249878 -0.069234
v -1.648601 0.255651 -0.061069
v -1.682223 0.233926 -0.068535
v -1.698857 0.263372 -0.048996
v -1.636462 0.208025 -0.091474
v -1.704020 0.220511 -0.071230
v -1.720944 0.244241 -0.052455
v -1.666628 0.204052 -0.088030
v -1.734207 0.207627 -0.067487
v -1.738485 0.224992 -0.043616
v -1.729243 0.182029 -0.082624
v -1.693498 0.187304 -0.091187
v -1.726513 0.150775 -0.098742
v -1.663541 0.169194 -0.107087
v -1.694183 0.152372 -0.108632
v -1.651276 0.178258 -0.104142
v -1.665322 0.158195 -0.112328
v -1.640378 0.175812 -0.107023
v -1.663079 0.150976 -0.116436
v -1.650760 0.132619 -0.127409
v -1.730025 0.115519 -0.115937
v -1.690624 0.106562 -0.129710
v -1.638751 0.116710 -0.135819
v -1.702014 0.063273 -0.141899
v -1.749580 0.071182 -0.122275
v -1.657711 0.085738 -0.144345
v -1.632879 0.109638 -0.139248
v -1.737250 0.037686 -0.139426
v -1.767347 0.041967 -0.121203
v -1.675708 0.040551 -0.153556
v -1.644080 0.057117 -0.153558
v -1.615432 0.070333 -0.153559
v -1.753697 0.013294 -0.139328
v -1.776877 0.012153 -0.115505
v -1.617624 0.100928 -0.144091
v -1.619370 0.107416 -0.141641
v -1.587810 0.080094 -0.154115
v -1.603362 0.117310 -0.139655
v -1.596518 0.108635 -0.143610
v -1.603044 0.127329 -0.135668
v -1.562488 0.119007 -0.143717
v -1.555623 0.090065 -0.155337
v -1.522447 0.098547 -0.156761
v -1.581740 0.149894 -0.129571
v -1.606109 0.136966 -0.131080
v -1.522941 0.129096 -0.144486
v -1.488019 0.102742 -0.159403
v -1.596296 0.169218 -0.119298
v -1.619217 0.153304 -0.121757
v -1.537392 0.158871 -0.129976
v -1.558624 0.188101 -0.112776
v -1.611060 0.190058 -0.106205
v -1.633113 0.171868 -0.110205
v -1.584325 0.219718 -0.091099
v -1.532916 0.230720 -0.085703
v -1.511683 0.200849 -0.107294
v -1.485026 0.239482 -0.075845
v -1.492362 0.168541 -0.128339
v -1.462641 0.208213 -0.100873
v -1.459735 0.279089 -0.025842
v -1.435344 0.252057 -0.055155
v -1.354641 0.241067 -0.051027
v -1.410172 0.213860 -0.091107
v -1.439218 0.172735 -0.127274
v -1.480565 0.135024 -0.146776
v -1.456074 0.105175 -0.162366
v -1.442790 0.137811 -0.149665
v -1.429351 0.106306 -0.165318
v -1.400326 0.135826 -0.154932
v -1.405379 0.105957 -0.168237
v -1.378472 0.161259 -0.136640
v -1.362711 0.128163 -0.162197
v -1.357094 0.188006 -0.110018
v -1.339830 0.143003 -0.150515
v -1.322760 0.106244 -0.176353
v -1.316772 0.213954 -0.077422
v -1.314030 0.163662 -0.129903
v -1.304045 0.117154 -0.167881
v -1.304526 0.096946 -0.181083
v -1.270973 0.131050 -0.155504
v -1.280815 0.188272 -0.102026
v -1.273827 0.232834 -0.040318
v -1.244997 0.161422 -0.126438
v -1.266597 0.228478 -0.033102
v -1.245765 0.208177 -0.070150
v -1.239761 0.204594 -0.062268
v -1.255147 0.236076 -0.027066
v -1.235059 0.263089 0.033137
v -1.227433 0.211338 -0.056997
v -1.196904 0.270141 0.078205
v -1.214450 0.247405 0.014482
v -1.165060 0.267247 0.127308
v -1.171863 0.251025 0.056912
v -1.134776 0.247733 0.101287
v -1.179469 0.300588 0.167011
v -1.148161 0.275779 0.137617
v -1.178892 0.314423 0.222133
v -1.148990 0.294485 0.194814
v -1.118236 0.284234 0.228429
v -1.123881 0.269941 0.165027
v -1.097268 0.264985 0.251307
v -1.079137 0.243884 0.220721
v -1.094562 0.259936 0.196609
v -1.057865 0.219048 0.183400
v -1.072225 0.233298 0.161790
v -1.043066 0.197627 0.154712
v -1.097547 0.246042 0.136600
v -1.052590 0.211643 0.132810
v -1.056317 0.196915 0.123479
v -1.072448 0.220111 0.106385
v -1.121597 0.254269 0.113700
v -1.078102 0.206065 0.093676
v -1.091615 0.223684 0.086912
v -1.100973 0.210832 0.070576
v -1.083872 0.191578 0.048080
v -1.141694 0.225235 0.032618
v -1.082553 0.183805 0.043881
v -1.185488 0.220245 -0.015337
v -1.099930 0.188630 0.002909
v -1.115249 0.204433 0.013035
v -1.100152 0.196270 0.005431
v -1.159350 0.194799 -0.042696
v -1.120626 0.187860 -0.031622
v -1.120230 0.180240 -0.032486
v -1.140856 0.176510 -0.064025
v -1.140923 0.169681 -0.063464
v -1.198447 0.181200 -0.091340
v -1.159393 0.166883 -0.092771
v -1.157942 0.159493 -0.092024
v -1.176064 0.155001 -0.117692
v -1.174388 0.147609 -0.116374
v -1.187922 0.147829 -0.120939
v -1.185403 0.139262 -0.129837
v -1.210425 0.175239 -0.094157
v -1.213397 0.175915 -0.104120
v -1.190237 0.147331 -0.131462
v -1.202484 0.134450 -0.147287
v -1.199718 0.127517 -0.145066
v -1.222553 0.111042 -0.169363
v -1.238054 0.093177 -0.182891
v -1.271333 0.091891 -0.183777
v -1.252384 0.072718 -0.196032
v -1.297978 0.057185 -0.203340
v -1.269562 0.047187 -0.209562
v -1.325692 0.022521 -0.217740
v -1.291748 0.011216 -0.225712
v -1.966562 -0.187351 0.082081
v -1.974664 -0.186795 0.040189
v -1.936705 -0.189514 0.072184
v -1.939280 -0.190134 0.014746
v -1.904164 -0.207974 0.047577
v -1.907716 -0.204645 0.000614
v -1.892583 -0.223617 0.041667
v -1.900234 -0.227681 0.001155
v -1.902823 -0.245570 -0.005322
v -1.895902 -0.252408 0.050685
v -1.907382 -0.267693 0.007548
v -1.911889 -0.266852 0.052100
v -1.925403 -0.276712 0.015647
v -1.677628 -0.160740 -0.165592
v -1.685590 -0.154332 -0.163749
v -1.684878 -0.148094 -0.164544
v -1.670897 -0.159651 -0.167435
v -1.682965 -0.143423 -0.165410
v -1.665519 -0.156782 -0.168824
v -1.669374 -0.127959 -0.169214
v -1.652430 -0.141603 -0.171452
v -1.653185 -0.110039 -0.171290
v -1.635357 -0.123464 -0.173822
v -1.633697 -0.117896 -0.173901
v -1.647688 -0.106514 -0.171893
v -1.635619 -0.110596 -0.173511
v -1.640077 -0.106724 -0.172750
v -1.812026 -0.056068 -0.133567
v -1.847444 -0.057538 -0.138479
v -1.840555 -0.056328 -0.120330
v -1.877359 -0.056965 -0.137551
v -1.863040 -0.054015 -0.105978
v -1.904061 -0.055006 -0.132409
v -1.883425 -0.049512 -0.090174
v -1.917614 -0.052342 -0.122562
v -1.924388 -0.051000 -0.107967
v -1.897446 -0.040592 -0.073318
v -1.928851 -0.049426 -0.080929
v -1.924778 -0.051244 -0.052563
v -1.797631 0.147305 -0.080104
v -1.834143 0.160285 -0.082823
v -1.828034 0.157531 -0.066728
v -1.866263 0.172856 -0.082899
v -1.855458 0.168843 -0.047281
v -1.893708 0.184755 -0.077313
v -1.906717 0.189633 -0.066824
v -1.869987 0.178115 -0.028617
v -1.913772 0.191856 -0.044785
v -1.880814 0.188402 -0.008606
v -1.915576 0.191148 -0.024709
v -1.912450 0.186679 0.003117
v -1.702704 0.342090 0.001849
v -1.733613 0.362039 -0.006503
v -1.727320 0.353671 0.013911
v -1.755606 0.378640 -0.002778
v -1.746727 0.367516 0.030750
v -1.775894 0.392667 0.004564
v -1.759031 0.378673 0.046573
v -1.787059 0.400302 0.014400
v -1.793944 0.402447 0.027737
v -1.772613 0.390603 0.062464
v -1.799685 0.401838 0.051893
v -1.799930 0.397867 0.078918
v -0.849899 -0.310278 -0.076007
v -0.834531 -0.286514 -0.052679
v -0.842419 -0.290292 -0.052788
v -0.847164 -0.321626 -0.087006
v -0.801697 -0.293139 -0.054978
v -0.813435 -0.325696 -0.088275
v -0.685468 -0.323658 -0.056330
v -0.693940 -0.351778 -0.092785
v -0.520768 -0.400012 -0.087807
v -0.698355 -0.361242 -0.125321
v -0.819963 -0.339504 -0.115012
v -0.528603 -0.416821 -0.172747
v -0.344957 -0.477631 -0.173007
v -0.702020 -0.368922 -0.153966
v -0.338640 -0.451671 -0.071047
v -0.824955 -0.345830 -0.141038
v -0.151923 -0.536758 -0.176014
v -0.149617 -0.509023 -0.060675
v 0.049648 -0.595061 -0.181554
v 0.046175 -0.565577 -0.053675
v 0.232136 -0.639830 -0.185718
v 0.229746 -0.597813 -0.053863
v 0.353777 -0.669116 -0.189628
v 0.347771 -0.611798 -0.053087
v 0.409854 -0.683558 -0.188888
v 0.412057 -0.620232 -0.052094
v 0.353176 -0.535896 0.061448
v 0.484828 -0.680503 -0.180756
v 0.415509 -0.545066 0.064644
v 0.481998 -0.622457 -0.047058
v 0.565006 -0.653903 -0.176982
v 0.475755 -0.548498 0.070918
v 0.562820 -0.612360 -0.048369
v 0.736397 -0.600597 -0.161948
v 0.567662 -0.543568 0.065818
v 0.734232 -0.581067 -0.036520
v 0.909494 -0.551545 -0.145537
v 0.730446 -0.505714 0.062002
v 0.572428 -0.401407 0.094727
v 0.729219 -0.372201 0.094356
v 0.904301 -0.543870 -0.016453
v 1.107100 -0.503659 -0.128441
v 0.891238 -0.463736 0.084151
v 0.882027 -0.329260 0.110843
v 1.100178 -0.497910 0.008072
v 1.313772 -0.460279 -0.104887
v 1.073555 -0.412784 0.119423
v 1.044208 -0.271348 0.140336
v 1.306660 -0.447709 0.031188
v 1.521715 -0.403372 -0.089566
v 1.269070 -0.355534 0.146666
v 1.225615 -0.208850 0.171109
v 1.412033 -0.144944 0.187204
v 1.466671 -0.292977 0.161143
v 1.562671 -0.090034 0.187683
v 1.523910 -0.384267 0.048899
v 1.744401 -0.314361 -0.094847
v 1.634887 -0.220267 0.162086
v 1.663992 -0.046400 0.189811
v 1.754200 -0.297452 0.053268
v 1.838072 -0.267298 -0.126259
v 1.880955 -0.266045 -0.028787
v 1.737285 -0.155500 0.164686
v 1.732624 -0.014240 0.195084
v 1.795052 -0.111765 0.175028
v 1.826370 -0.231927 0.111503
v 1.930089 -0.250457 0.033828
v 1.872365 -0.195827 0.140759
v 1.970072 -0.247567 0.075969
v -0.820573 -0.251462 -0.017280
v -0.802832 -0.205529 0.017532
v -0.817402 -0.215194 0.004811
v -0.825887 -0.242520 -0.011328
v -0.834295 -0.267760 -0.030686
v -2.238096 0.348540 0.611287
v -2.239665 0.342721 0.598855
v -2.227568 0.340943 0.603337
v -2.210826 0.330337 0.580700
v -2.225569 0.333481 0.569040
v -2.197244 0.324707 0.556513
v -2.205855 0.324412 0.530306
v -2.179873 0.317588 0.526958
v -2.190874 0.325835 0.495152
v -2.167678 0.317070 0.501389
v -2.176662 0.333230 0.456908
v -2.142110 0.325443 0.471875
v -2.132963 0.335380 0.439807
v -2.165690 0.338951 0.423569
v -2.114488 0.336671 0.407943
v -2.143960 0.337467 0.388844
v -2.108327 0.329173 0.350061
v -2.074352 0.321923 0.367430
v -2.076943 0.321311 0.313756
v -2.030705 0.315940 0.316033
v -2.054595 0.318630 0.283808
v -2.012286 0.315301 0.284651
v -2.043097 0.315953 0.257451
v -1.988177 0.306034 0.260985
v -2.015488 0.306251 0.229492
v -1.994119 0.298676 0.218566
v -1.973292 0.299690 0.253418
v -2.083251 -0.056559 0.140563
v -2.090596 -0.050859 0.117845
v -2.084622 -0.056749 0.137898
v -2.083490 -0.040284 0.121245
v -2.075187 -0.047465 0.146990
v -2.031835 -0.047536 0.131684
v -2.038823 -0.040874 0.107772
v -2.027046 -0.053409 0.124936
v -2.033072 -0.047383 0.103255
v -1.988988 -0.317373 0.100538
v -1.995687 -0.315395 0.081636
v -1.993732 -0.317291 0.088677
v -1.992850 -0.305601 0.084373
v -1.985077 -0.308403 0.105545
v -1.949418 -0.292470 0.091556
v -1.956275 -0.290313 0.072541
v -1.944397 -0.294827 0.086668
v -1.950465 -0.292742 0.069042
v -1.931924 0.264142 0.222835
v -1.949360 0.265523 0.202516
v -1.942621 0.269845 0.200021
v -1.938029 0.259781 0.226571
v -1.982578 0.275555 0.221250
v -1.971349 0.269910 0.245128
v -1.976948 0.276394 0.247378
v -1.987642 0.281756 0.224630
v -1.973292 0.299690 0.253418
v -1.994119 0.298676 0.218566
v -1.423073 -0.138415 -0.221825
v -1.452862 -0.133485 -0.214583
v -1.443282 -0.117148 -0.215840
v -1.461849 -0.098700 -0.209057
v -1.477093 -0.127801 -0.207158
v -1.507399 -0.117934 -0.198298
v -1.483741 -0.078253 -0.201273
v -1.507460 -0.058220 -0.194160
v -1.538492 -0.107105 -0.189579
v -1.529451 -0.042505 -0.188159
v -1.566988 -0.094278 -0.182894
v -1.554146 -0.026258 -0.181539
v -1.596498 -0.078104 -0.177170
v -1.580239 -0.012083 -0.174450
v -1.626050 -0.059791 -0.171852
v -1.597322 -0.002474 -0.169413
v -1.654439 -0.037247 -0.165603
v -1.604599 0.005343 -0.166216
v -1.677155 -0.015533 -0.158808
v -1.701468 0.013495 -0.148341
v -1.671999 0.034335 -0.149082
v -1.640585 0.050185 -0.149383
v -1.595407 0.009289 -0.166783
v -1.612218 0.063245 -0.149474
v -1.576877 0.011709 -0.169491
v -1.585124 0.072999 -0.150165
v -1.553173 0.017786 -0.172126
v -1.553452 0.082756 -0.151480
v -1.523361 0.025106 -0.175120
v -1.520809 0.090620 -0.153154
v -1.496806 0.032327 -0.177267
v -1.486810 0.094266 -0.156330
v -1.467208 0.044262 -0.178338
v -1.455192 0.096629 -0.159493
v -1.442057 0.057897 -0.177989
v -1.429050 0.098016 -0.162534
v -1.420653 0.070673 -0.176641
v -1.405771 0.097914 -0.165516
v -1.400095 0.082708 -0.174015
v -1.378102 0.094952 -0.169892
v -1.597322 -0.002474 -0.169413
v -1.604599 0.005343 -0.166216
v -1.595767 0.004576 -0.174483
v -1.578506 -0.006072 -0.180231
v -1.580239 -0.012083 -0.174450
v -1.554146 -0.026258 -0.181539
v -1.552264 -0.020690 -0.187659
v -1.529451 -0.042505 -0.188159
v -1.527507 -0.037234 -0.194580
v -1.507460 -0.058220 -0.194160
v -1.505493 -0.053020 -0.200787
v -1.483741 -0.078253 -0.201273
v -1.481709 -0.073224 -0.208152
v -1.461849 -0.098700 -0.209057
v -1.459661 -0.093714 -0.215709
v -1.440876 -0.112297 -0.222358
v -1.443282 -0.117148 -0.215840
v -1.423073 -0.138415 -0.221825
v -1.408164 -0.146668 -0.231854
v -1.405379 0.105957 -0.168237
v -1.362410 0.100717 -0.174837
v -1.378102 0.094952 -0.169892
v -1.405771 0.097914 -0.165516
v -1.429351 0.106306 -0.165318
v -1.429050 0.098016 -0.162534
v -1.456074 0.105175 -0.162366
v -1.455192 0.096629 -0.159493
v -1.488019 0.102742 -0.159403
v -1.486810 0.094266 -0.156330
v -1.522447 0.098547 -0.156761
v -1.520809 0.090620 -0.153154
v -1.555623 0.090065 -0.155337
v -1.553452 0.082756 -0.151480
v -1.587810 0.080094 -0.154115
v -1.585124 0.072999 -0.150165
v -1.615432 0.070333 -0.153559
v -1.612218 0.063245 -0.149474
v -1.644080 0.057117 -0.153558
v -1.640585 0.050185 -0.149383
v -1.675708 0.040551 -0.153556
v -1.671999 0.034335 -0.149082
v -1.701468 0.013495 -0.148341
v -1.710785 0.015555 -0.152785
v -1.604599 0.005343 -0.166216
v -1.595407 0.009289 -0.166783
v -1.595767 0.004576 -0.174483
v -1.577441 0.007438 -0.176993
v -1.576877 0.011709 -0.169491
v -1.553264 0.013878 -0.179784
v -1.553173 0.017786 -0.172126
v -1.522967 0.021569 -0.182863
v -1.523361 0.025106 -0.175120
v -1.496806 0.032327 -0.177267
v -1.495968 0.028951 -0.185177
v -1.467208 0.044262 -0.178338
v -1.466253 0.041044 -0.186485
v -1.442057 0.057897 -0.177989
v -1.440834 0.055080 -0.186109
v -1.420653 0.070673 -0.176641
v -1.419024 0.068425 -0.184670
v -1.400095 0.082708 -0.174015
v -1.397795 0.080958 -0.181949
v -1.378102 0.094952 -0.169892
v -1.362410 0.100717 -0.174837
v -0.775838 -0.164640 0.029072
v -0.808892 -0.187172 0.018414
v -0.800609 -0.158910 0.028794
v -0.784271 -0.193449 0.018514
v -0.817402 -0.215194 0.004811
v -0.792948 -0.222003 0.004654
v -1.790734 -0.291809 -0.106390
v -1.796534 -0.287056 -0.125355
v -1.764610 -0.272715 -0.119995
v -1.819949 -0.298687 -0.124203
v -1.805555 -0.307766 -0.094334
v -1.838952 -0.310838 -0.120165
v -1.814552 -0.320628 -0.085469
v -1.848125 -0.318709 -0.111566
v -1.851315 -0.324335 -0.097492
v -1.852412 -0.331669 -0.079921
v -1.818935 -0.330668 -0.071157
v -1.847548 -0.336837 -0.060804
v -1.815027 -0.245515 -0.119853
v -1.812859 -0.240031 -0.106877
v -1.785799 -0.231850 -0.117148
v -1.839900 -0.256432 -0.120016
v -1.835017 -0.247933 -0.095261
v -1.862948 -0.265941 -0.117203
v -1.852220 -0.248820 -0.081138
v -1.875090 -0.269560 -0.109652
v -1.881009 -0.270938 -0.097501
v -1.868016 -0.244993 -0.068220
v -1.885933 -0.270940 -0.075218
v -1.885269 -0.266847 -0.055698
v -1.832391 -0.111403 -0.129832
v -1.846125 -0.106117 -0.144791
v -1.808565 -0.106347 -0.138364
v -1.875545 -0.105777 -0.145028
v -1.859220 -0.122840 -0.113330
v -1.901661 -0.109690 -0.140235
v -1.877501 -0.136628 -0.099936
v -1.912913 -0.115485 -0.131759
v -1.919205 -0.123529 -0.114085
v -1.920775 -0.132676 -0.092704
v -1.885832 -0.151084 -0.080959
v -1.914538 -0.142975 -0.062432
v -1.915556 0.083125 -0.041515
v -1.942616 0.096268 -0.024391
v -1.942793 0.105425 -0.049407
v -1.937920 0.112180 -0.068147
v -1.897834 0.094479 -0.054161
v -1.928438 0.118333 -0.084790
v -1.912609 0.119957 -0.093626
v -1.873549 0.101307 -0.068024
v -1.883129 0.114689 -0.095555
v -1.845879 0.102474 -0.079431
v -1.847561 0.107692 -0.095746
v -1.813305 0.100564 -0.091410
v -1.847486 0.318130 0.043691
v -1.841714 0.337328 0.015907
v -1.824117 0.303910 0.022617
v -1.808897 0.312146 0.013828
v -1.831640 0.347495 -0.001525
v -1.819520 0.352361 -0.015254
v -1.805823 0.351802 -0.021442
v -1.784464 0.318118 0.001760
v -1.780089 0.340187 -0.021842
v -1.748246 0.315049 -0.017034
v -1.754550 0.326207 -0.024180
v -1.726295 0.307019 -0.023602
v -0.834531 -0.286514 -0.052679
v -0.834295 -0.267760 -0.030686
v -0.842419 -0.290292 -0.052788
v -0.820573 -0.251462 -0.017280
v -0.788639 -0.257218 -0.020232
v -0.801697 -0.293139 -0.054978
v -0.770718 -0.211119 0.014514
v -0.802832 -0.205529 0.017532
v -0.674505 -0.280822 -0.020849
v -0.685468 -0.323658 -0.056330
v -0.657900 -0.234005 0.009931
v -0.500706 -0.323023 -0.007701
v -0.520768 -0.400012 -0.087807
v -0.642069 -0.182122 0.025112
v -0.322265 -0.371320 0.013864
v -0.338640 -0.451671 -0.071047
v -0.475421 -0.220037 0.032960
v -0.301241 -0.258797 0.060336
v -0.135822 -0.425177 0.038084
v -0.149617 -0.509023 -0.060675
v -0.115765 -0.299818 0.096091
v 0.057758 -0.483935 0.054559
v 0.046175 -0.565577 -0.053675
v 0.229746 -0.597813 -0.053863
v 0.077229 -0.346564 0.114852
v 0.238114 -0.522059 0.059996
v 0.347771 -0.611798 -0.053087
v 0.353176 -0.535896 0.061448
v 0.252495 -0.389559 0.119648
v 0.419720 -0.410621 0.106557
v 0.415509 -0.545066 0.064644
v 0.475755 -0.548498 0.070918
v 0.572428 -0.401407 0.094727
v 0.567662 -0.543568 0.065818
v 0.105215 -0.189116 0.063138
v 0.274892 -0.223013 0.058084
v 0.428360 -0.254328 0.041311
v -0.089888 -0.159908 0.050349
v 0.117518 -0.096934 -0.077651
v -0.277561 -0.140179 0.025598
v -0.075641 -0.070066 -0.069445
v -0.264861 -0.059512 -0.062010
v -0.453639 -0.115772 0.009736
v -0.442805 -0.037627 -0.064085
v -0.266152 -0.026351 -0.159591
v -0.631435 -0.130201 0.022051
v -0.076796 -0.035903 -0.168964
v -0.446499 -0.010249 -0.151580
v -0.088993 -0.053130 -0.286359
v -0.279128 -0.043660 -0.265739
v 0.117670 -0.048766 -0.175791
v 0.104546 -0.058076 -0.306515
v 0.282968 -0.151775 -0.079433
v 0.288114 -0.081432 -0.183593
v 0.428579 -0.196877 -0.086938
v 0.291526 -0.066922 -0.317406
v 0.435080 -0.115924 -0.190156
v 0.580042 -0.265579 0.022438
v 0.729219 -0.372201 0.094356
v 0.580829 -0.175429 -0.068373
v 0.729837 -0.223812 0.051014
v 0.882027 -0.329260 0.110843
v 0.585926 -0.120693 -0.177643
v 0.870852 -0.170655 0.093017
v 1.044208 -0.271348 0.140336
v 0.720761 -0.122973 -0.031901
v 1.014309 -0.117678 0.133735
v 1.225615 -0.208850 0.171109
v 0.853509 -0.053007 0.011957
v 1.188819 -0.057822 0.161859
v 1.412033 -0.144944 0.187204
v 0.990020 0.009991 0.050785
v 1.374172 0.004503 0.182472
v 1.562671 -0.090034 0.187683
v 1.158889 0.076875 0.083244
v 1.521894 0.048633 0.188550
v 1.663992 -0.046400 0.189811
v 1.347049 0.143041 0.112007
v 1.624607 0.075407 0.192442
v 1.732624 -0.014240 0.195084
v 1.691391 0.096441 0.198137
v 1.502336 0.194201 0.128192
v 1.611660 0.211290 0.154358
v 1.677020 0.218688 0.175014
v 1.348689 0.208130 -0.044356
v 1.546985 0.287668 -0.032306
v 1.654459 0.323812 0.074702
v 1.696695 0.344354 0.128804
v 1.768022 0.450189 0.049582
v 1.723274 0.418974 -0.027812
v 1.882836 0.515462 -0.046248
v 1.666353 0.357817 -0.132814
v 1.829920 0.470307 -0.137011
v 1.957829 0.482679 -0.242651
v 2.018058 0.540112 -0.154013
v 1.785330 0.400578 -0.224061
v 2.082608 0.426054 -0.337082
v 2.165383 0.497911 -0.257161
v 1.910595 0.398111 -0.311462
v 2.201688 0.307751 -0.405384
v 2.304667 0.373564 -0.339952
v 2.367957 0.188870 -0.328237
v 2.011315 0.336422 -0.379765
v 1.857294 0.294957 -0.346456
v 2.268456 0.149479 -0.383330
v 2.095642 0.229422 -0.415530
v 1.936881 0.239057 -0.388678
v 1.756045 0.297948 -0.293297
v 1.817633 0.212362 -0.354105
v 2.004255 0.156849 -0.406618
v 1.868778 0.157830 -0.377715
v 1.752888 0.193466 -0.331486
v 1.799529 0.093946 -0.359031
v 1.905870 0.105176 -0.385982
v 2.156116 0.103918 -0.397974
v 2.045790 0.064839 -0.394970
v 2.270997 -0.006706 -0.324277
v 2.361397 0.010455 -0.275771
v 2.291204 -0.117171 -0.183219
v 2.171680 -0.023623 -0.349814
v 2.220889 -0.121096 -0.232328
v 2.190389 -0.193852 -0.091124
v 2.064219 -0.034240 -0.359924
v 2.133191 -0.192229 -0.140984
v 2.080361 -0.236406 -0.005840
v 2.144530 -0.127928 -0.270262
v 2.033804 -0.233954 -0.052270
v 1.970072 -0.247567 0.075969
v 1.930089 -0.250457 0.033828
v 2.077503 -0.193477 -0.180922
v 1.985784 -0.233465 -0.102484
v 1.880955 -0.266045 -0.028787
v 1.838072 -0.267298 -0.126259
v 2.053902 -0.124204 -0.302335
v 2.007575 -0.184333 -0.233890
v 1.932497 -0.222435 -0.177897
v 1.797098 -0.238321 -0.224301
v 1.744401 -0.314361 -0.094847
v 1.958651 -0.169951 -0.265807
v 1.698982 -0.288509 -0.216401
v 1.521715 -0.403372 -0.089566
v 1.893931 -0.191032 -0.249089
v 1.758714 -0.162515 -0.301518
v 1.495764 -0.375708 -0.217679
v 1.313772 -0.460279 -0.104887
v 1.646359 -0.218254 -0.306970
v 1.300928 -0.430383 -0.225205
v 1.107100 -0.503659 -0.128441
v 1.455430 -0.296036 -0.318451
v 1.101542 -0.473175 -0.232364
v 0.909494 -0.551545 -0.145537
v 1.270330 -0.355895 -0.320439
v 0.906679 -0.520221 -0.246281
v 0.736397 -0.600597 -0.161948
v 1.081429 -0.406812 -0.319193
v 0.734673 -0.568105 -0.264949
v 0.565006 -0.653903 -0.176982
v 0.895314 -0.455702 -0.326254
v 0.564597 -0.617310 -0.289431
v 0.484828 -0.680503 -0.180756
v 0.730151 -0.499922 -0.339952
v 0.563713 -0.534481 -0.356773
v 0.486017 -0.641851 -0.305789
v 0.478783 -0.545459 -0.369776
v 0.412274 -0.649962 -0.307913
v 0.409854 -0.683558 -0.188888
v 0.416100 -0.550509 -0.373744
v 0.356137 -0.638343 -0.304352
v 0.353777 -0.669116 -0.189628
v 0.360382 -0.544391 -0.375195
v 0.241783 -0.610457 -0.299580
v 0.232136 -0.639830 -0.185718
v 0.241341 -0.526670 -0.371144
v 0.061025 -0.570647 -0.292997
v 0.049648 -0.595061 -0.181554
v 0.061087 -0.498088 -0.372984
v -0.149036 -0.519407 -0.281984
v -0.151923 -0.536758 -0.176014
v -0.146440 -0.460056 -0.367098
v 0.067774 -0.398462 -0.435171
v -0.348130 -0.467490 -0.267156
v -0.344957 -0.477631 -0.173007
v -0.528603 -0.416821 -0.172747
v -0.346516 -0.418375 -0.346328
v -0.138490 -0.362267 -0.419816
v -0.339017 -0.332850 -0.390199
v 0.247870 -0.423603 -0.419216
v 0.075309 -0.269348 -0.454151
v 0.365870 -0.438612 -0.412726
v 0.261611 -0.289344 -0.458655
v 0.420059 -0.445746 -0.409988
v 0.426635 -0.304340 -0.464166
v 0.469874 -0.442790 -0.407348
v 0.568409 -0.433424 -0.392799
v 0.727529 -0.397747 -0.370680
v 0.575435 -0.304100 -0.425124
v 0.886573 -0.352501 -0.361251
v 0.727140 -0.281961 -0.378523
v 1.057612 -0.301733 -0.357764
v 0.879555 -0.241489 -0.349398
v 1.234320 -0.243977 -0.349468
v 1.038936 -0.188873 -0.333994
v 1.412189 -0.181517 -0.340520
v 1.205169 -0.130497 -0.319674
v 1.599167 -0.112722 -0.322465
v 1.380995 -0.072386 -0.303405
v 1.022598 -0.081613 -0.290014
v 1.185662 -0.026558 -0.266369
v 1.567346 -0.008043 -0.288107
v 1.363054 0.031654 -0.248798
v 1.716722 -0.061347 -0.324515
v 1.169426 0.074070 -0.192001
v 1.549277 0.098627 -0.251953
v 0.874158 -0.132882 -0.319231
v 1.004586 0.012393 -0.212323
v 0.728888 -0.174762 -0.352303
v 0.865705 -0.042759 -0.239283
v 0.580848 -0.195271 -0.389664
v 0.729092 -0.091820 -0.263697
v 0.431809 -0.187067 -0.423844
v 0.586128 -0.104937 -0.293227
v 0.275311 -0.163271 -0.434550
v 0.438778 -0.087646 -0.314981
v 0.087335 -0.145529 -0.413435
v 0.725383 -0.076144 -0.148680
v 0.855247 -0.004890 -0.117091
v 0.988469 0.061702 -0.088794
v 1.155019 0.132939 -0.065118
v 1.353806 0.138637 -0.179082
v 1.539985 0.212005 -0.187231
v 1.648550 0.265741 -0.235707
v 1.656064 0.154453 -0.293468
v 1.684442 0.045248 -0.320735
v 1.833776 -0.014874 -0.353855
v 1.877238 -0.112679 -0.319613
v 1.937480 0.024981 -0.377805
v 1.961922 -0.055290 -0.352120
v 1.965279 -0.115298 -0.317643
v -1.160947 0.105892 -0.154483
v -1.108588 0.092070 -0.158614
v -1.178185 0.081712 -0.171264
v -1.138442 0.127295 -0.125449
v -1.093157 0.116093 -0.131637
v -1.120245 0.139690 -0.101120
v -1.021308 0.104584 -0.144539
v -1.075737 0.128963 -0.105363
v -1.103862 0.148780 -0.075758
v -1.020140 0.122473 -0.112963
v -0.991469 0.106606 -0.140901
v -0.986262 0.114064 -0.118632
v -1.061155 0.139863 -0.077950
v -1.080600 0.161070 -0.044302
v -1.017722 0.129393 -0.080520
v -0.980723 0.116531 -0.086003
v -0.976114 0.113696 -0.052077
v -1.046692 0.147294 -0.048644
v -1.063086 0.167202 -0.016980
v -1.013855 0.134406 -0.043565
v -1.032983 0.150835 -0.027553
v -1.043094 0.164874 0.022182
v -0.996029 0.125228 -0.008111
v -0.973371 0.103396 -0.019503
v -1.017843 0.144590 0.005085
v -1.031894 0.154135 0.048715
v -0.990907 0.106654 0.024378
v -1.010304 0.129500 0.035533
v -1.019082 0.134903 0.079537
v -0.972713 0.085633 0.010423
v -1.002164 0.110312 0.064591
v -1.013556 0.101279 0.109470
v -0.986676 0.084238 0.059121
v -0.973857 0.061945 0.037243
v -0.998736 0.088168 0.084209
v -1.020733 0.058132 0.126442
v -0.989132 0.045027 0.078370
v -0.976515 0.033344 0.059598
v -1.003884 0.052444 0.101110
v -0.994853 0.011554 0.092483
v -0.979650 0.002935 0.075920
v -1.012743 0.018275 0.111660
v -1.032306 0.020736 0.132312
v -1.000719 -0.018934 0.103516
v -0.983042 -0.026600 0.088715
v -1.019938 -0.011589 0.119386
v -1.039176 -0.003612 0.134920
v -1.007282 -0.050001 0.111656
v -0.987663 -0.056589 0.097897
v -0.994196 -0.088216 0.102751
v -1.028620 -0.043047 0.126394
v -1.048548 -0.035673 0.139997
v -1.016955 -0.082380 0.116740
v -1.002676 -0.121805 0.102254
v -1.040965 -0.075621 0.131601
v -1.062944 -0.068735 0.145542
v -1.029137 -0.116738 0.115452
v -1.012221 -0.155724 0.095883
v -1.058416 -0.112547 0.128457
v -1.097051 -0.101580 0.151027
v -1.043740 -0.148173 0.099033
v -1.077922 -0.143486 0.102442
v -1.118488 -0.137192 0.115076
v -1.134151 -0.125333 0.151157
v -1.088241 -0.178653 0.089361
v -1.052971 -0.183355 0.088043
v -1.021883 -0.188822 0.082879
v -1.152389 -0.133384 0.130156
v -1.156741 -0.135258 0.143889
v -1.151895 -0.154719 0.119592
v -1.130456 -0.182258 0.095204
v -1.105245 -0.226694 0.067386
v -1.085696 -0.216169 0.071442
v -1.084033 -0.239187 0.060645
v -1.057303 -0.216384 0.070799
v -1.030936 -0.219592 0.066735
v -1.105163 -0.256590 0.055150
v -1.060842 -0.243860 0.054871
v -1.039625 -0.247112 0.048072
v -1.086459 -0.263850 0.044116
v -1.066924 -0.268018 0.034815
v -1.048033 -0.271627 0.026776
v -1.056681 -0.291942 0.002281
v -1.074660 -0.288906 0.010359
v -1.065582 -0.307904 -0.025785
v -1.093811 -0.285790 0.019542
v -1.112438 -0.282440 0.030324
v -1.083239 -0.305049 -0.018595
v -1.074158 -0.319526 -0.057261
v -1.091753 -0.316353 -0.051328
v -1.103199 -0.302403 -0.010507
v -1.124033 -0.300832 -0.002413
v -1.112603 -0.313184 -0.044175
v -1.133562 -0.311090 -0.036266
v -1.919823 -0.262803 0.056875
v -1.888952 -0.279596 0.077253
v -1.911889 -0.266852 0.052100
v -1.892915 -0.278795 0.086351
v -1.921295 -0.293619 0.098291
v -1.945430 -0.277958 0.064396
v -1.944397 -0.294827 0.086668
v -1.950465 -0.292742 0.069042
v -1.937659 -0.302457 0.096525
v -1.864148 0.271063 0.228733
v -1.885601 0.256758 0.207566
v -1.880476 0.261731 0.204790
v -1.866733 0.265975 0.235235
v -1.890467 0.272041 0.245195
v -1.909675 0.263356 0.215757
v -1.907289 0.268459 0.255708
v -1.928019 0.258689 0.223090
v -1.919418 0.269454 0.243608
v -1.931924 0.264142 0.222835
v -1.905087 0.285431 0.262418
v -1.641800 0.168159 -0.103821
v -1.657601 0.163794 -0.103797
v -1.649392 0.169842 -0.101815
v -1.658612 0.156031 -0.107584
v -1.657026 0.150596 -0.110643
v -1.636261 0.165139 -0.106276
v -1.645407 0.133220 -0.120934
v -1.623113 0.147479 -0.117244
v -1.633237 0.117500 -0.129447
v -1.610586 0.131912 -0.126152
v -1.608084 0.123978 -0.129860
v -1.628611 0.111981 -0.132222
v -1.619629 0.110536 -0.133833
v -1.608318 0.117658 -0.132424
v -1.682379 -0.018503 -0.164852
v -1.710785 0.015555 -0.152785
v -1.701468 0.013495 -0.148341
v -1.677155 -0.015533 -0.158808
v -1.654439 -0.037247 -0.165603
v -1.659265 -0.040352 -0.171576
v -1.626050 -0.059791 -0.171852
v -1.630421 -0.063272 -0.177619
v -1.596498 -0.078104 -0.177170
v -1.600477 -0.082260 -0.182930
v -1.566988 -0.094278 -0.182894
v -1.570715 -0.098869 -0.188759
v -1.538492 -0.107105 -0.189579
v -1.541902 -0.112067 -0.195747
v -1.510553 -0.123079 -0.204564
v -1.507399 -0.117934 -0.198298
v -1.479846 -0.133057 -0.213177
v -1.477093 -0.127801 -0.207158
v -1.455245 -0.139033 -0.220725
v -1.452862 -0.133485 -0.214583
v -1.423073 -0.138415 -0.221825
v -1.408164 -0.146668 -0.231854
v -0.772079 0.047955 -0.053553
v -0.774772 0.059228 -0.086155
v -0.855632 0.062836 -0.042725
v -0.770770 0.031043 -0.022252
v -0.854628 0.046152 -0.012881
v -0.770923 0.009553 0.005943
v -0.939864 0.081493 0.007957
v -0.855385 0.023690 0.013718
v -0.772787 -0.014937 0.028732
v -0.941343 0.056065 0.035062
v -0.857563 -0.002074 0.035693
v -0.776343 -0.041635 0.045338
v -0.944073 0.026651 0.057986
v -0.860774 -0.029620 0.051803
v -0.781455 -0.069991 0.055589
v -0.947154 -0.004046 0.074934
v -0.864854 -0.057473 0.063137
v -0.950461 -0.033699 0.088401
v -0.787985 -0.099408 0.059385
v -0.955102 -0.063823 0.097954
v -0.870268 -0.086105 0.069433
v -0.795577 -0.129998 0.057892
v -0.877161 -0.116230 0.070973
v -0.961808 -0.095949 0.102918
v -0.804080 -0.160833 0.050889
v -0.885467 -0.147573 0.067154
v -0.970570 -0.130356 0.102263
v -0.894505 -0.179218 0.058349
v -0.980277 -0.165310 0.095675
v -0.813171 -0.191721 0.039399
v -0.989928 -0.199357 0.082437
v -0.903649 -0.210274 0.044676
v -0.822527 -0.222290 0.024293
v -0.999217 -0.230593 0.065830
v -0.912606 -0.239665 0.028089
v -0.831845 -0.252133 0.006467
v -1.008106 -0.258672 0.046716
v -0.921334 -0.266517 0.008655
v -0.841054 -0.279785 -0.014744
v -1.016670 -0.283846 0.024929
v -0.929740 -0.290607 -0.013451
v -0.849938 -0.304570 -0.038813
v -0.858112 -0.326573 -0.064094
v -0.937751 -0.311898 -0.037807
v -1.025150 -0.305812 -0.000391
v -0.865459 -0.344883 -0.090522
v -0.945293 -0.329467 -0.064515
v -0.871875 -0.358698 -0.117978
v -1.033799 -0.323368 -0.029405
v -0.952221 -0.342527 -0.093315
v -1.042228 -0.335962 -0.061802
v 1.700714 0.082749 0.442189
v 1.783239 -0.004004 0.350888
v 1.750494 -0.036513 0.432595
v 1.737607 0.111742 0.360042
v 1.668767 0.232672 0.443677
v 1.791596 0.008496 0.283387
v 1.713263 0.246744 0.353667
v 1.680680 0.408828 0.434453
v 1.749886 0.120175 0.289616
v 1.729287 0.396476 0.331379
v 1.824530 0.571058 0.395068
v 1.726817 0.245281 0.282002
v 1.736948 0.382526 0.253005
v 1.827857 0.539151 0.294476
v 1.995307 0.632587 0.349254
v 1.730726 0.360446 0.187551
v 1.982110 0.607378 0.249835
v 2.168936 0.656392 0.281466
v 1.819158 0.517586 0.210695
v 2.132260 0.636508 0.190216
v 1.968668 0.582973 0.153844
v 2.259545 0.635924 0.140159
v 2.295170 0.653288 0.235229
v 2.111920 0.617098 0.082722
v 1.798952 0.483036 0.123584
v 1.931976 0.550660 0.049741
v 1.696695 0.344354 0.128804
v 1.768022 0.450189 0.049582
v 1.677020 0.218688 0.175014
v 1.882836 0.515462 -0.046248
v 1.716196 0.231451 0.219651
v 1.691391 0.096441 0.198137
v 1.735848 0.113024 0.230416
v 1.773303 0.003653 0.229787
v 1.732624 -0.014240 0.195084
v 2.074151 0.583373 -0.044152
v 2.018058 0.540112 -0.154013
v 2.165383 0.497911 -0.257161
v 2.231157 0.608474 0.029750
v 2.243809 0.549284 -0.151613
v 2.365331 0.610644 0.092407
v 2.405551 0.626230 0.189627
v 2.319251 0.594404 -0.021678
v 2.463154 0.562656 0.052763
v 2.498238 0.583044 0.154842
v 2.597443 0.501499 0.112578
v 2.411375 0.534785 -0.071525
v 2.555055 0.487602 0.027478
v 2.663417 0.400414 0.084002
v 2.395934 0.422032 -0.230189
v 2.304667 0.373564 -0.339952
v 2.485008 0.461422 -0.097850
v 2.629151 0.390567 0.024658
v 2.699252 0.273497 0.067912
v 2.540516 0.366270 -0.118281
v 2.655614 0.270405 -0.004078
v 2.703620 0.159576 0.066339
v 2.470788 0.222767 -0.242409
v 2.367957 0.188870 -0.328237
v 2.361397 0.010455 -0.275771
v 2.576496 0.251574 -0.124838
v 2.653568 0.151874 -0.015526
v 2.585230 0.142334 -0.118049
v 2.458197 0.022964 -0.204330
v 2.622615 0.027663 -0.003291
v 2.673490 0.020116 0.085294
v 2.617086 -0.068581 0.116982
v 2.557407 0.023130 -0.106030
v 2.562424 -0.067436 0.030157
v 2.516496 -0.161964 0.171466
v 2.509861 -0.060215 -0.076749
v 2.361993 -0.127140 -0.108656
v 2.291204 -0.117171 -0.183219
v 2.413036 -0.141705 -0.015288
v 2.464098 -0.155485 0.079593
v 2.393620 -0.237019 0.232173
v 2.252750 -0.200155 -0.030373
v 2.190389 -0.193852 -0.091124
v 2.297197 -0.213693 0.050093
v 2.126822 -0.244156 0.048023
v 2.080361 -0.236406 -0.005840
v 2.343656 -0.226394 0.139219
v 2.000745 -0.249656 0.123597
v 1.970072 -0.247567 0.075969
v 2.166893 -0.258144 0.117717
v 2.027287 -0.257786 0.181891
v 2.202616 -0.272157 0.201285
v 2.237453 -0.291939 0.300695
v 2.053387 -0.270041 0.257021
v 2.083351 -0.291746 0.357120
v -2.079457 -0.079297 0.156001
v -2.084622 -0.056749 0.137898
v -2.095284 -0.057571 0.142203
v -2.116103 -0.091224 0.183998
v -2.079354 -0.134818 0.152019
v -2.138836 -0.065244 0.170946
v -2.106824 -0.138899 0.177405
v -2.142051 -0.100405 0.218442
v -2.167761 -0.077514 0.211990
v -2.081897 -0.181288 0.128692
v -2.079354 -0.134818 0.152019
v -2.194522 -0.119315 0.267805
v -2.215117 -0.094828 0.257730
v -2.132855 -0.205497 0.130620
v -2.087402 -0.197958 0.098060
v -2.112445 -0.184635 0.157928
v -2.163792 -0.210619 0.173381
v -2.132522 -0.148183 0.211657
v -2.138116 -0.193321 0.193581
v -2.194226 -0.204076 0.248660
v -2.216691 -0.221792 0.231150
v -2.185647 -0.163157 0.263585
v -2.223356 -0.209423 0.285625
v -2.248193 -0.230312 0.272491
v -2.253657 -0.233995 0.299282
v -2.213505 -0.170535 0.296707
v -2.226870 -0.213536 0.307531
v -2.232803 -0.219826 0.334352
v -2.264934 -0.239707 0.334768
v -2.217123 -0.172633 0.314615
v -2.222915 -0.130226 0.301431
v -2.246014 -0.105420 0.296753
v -2.252769 -0.108743 0.318721
v -2.228126 -0.131133 0.319849
v -2.264812 -0.114469 0.348187
v -2.221930 -0.176169 0.336146
v -2.234841 -0.133152 0.343121
v -2.253560 -0.139043 0.386364
v -2.287251 -0.124633 0.394235
v -2.237881 -0.183393 0.377510
v -2.277442 -0.145541 0.423325
v -2.306382 -0.136450 0.428471
v -2.261452 -0.188351 0.417453
v -2.251240 -0.229827 0.377480
v -2.284823 -0.247452 0.382343
v -2.274729 -0.233344 0.413054
v -2.310462 -0.247765 0.424367
v -2.283707 -0.194139 0.443044
v -2.296190 -0.154981 0.445257
v -2.319298 -0.145384 0.447266
v -2.294469 -0.234745 0.437598
v -2.321981 -0.159739 0.464891
v -2.331680 -0.156480 0.460945
v -2.335361 -0.167644 0.469035
v -2.313875 -0.172188 0.465816
v -2.332066 -0.179218 0.474549
v -2.346550 -0.182813 0.476022
v -2.311165 -0.200856 0.466596
v -2.332678 -0.204783 0.475055
v -2.348806 -0.205787 0.476883
v -2.342741 -0.227077 0.467197
v -2.311256 -0.228160 0.457782
v -2.329314 -0.228260 0.466514
v -2.333075 -0.236073 0.457823
v -2.319042 -0.239640 0.453180
v -2.330572 -0.242787 0.447563
v -1.195739 0.280217 0.446023
v -1.168508 0.275120 0.407971
v -1.187462 0.297460 0.431501
v -1.181779 0.250079 0.417951
v -1.141950 0.255218 0.387680
v -1.213258 0.264162 0.454214
v -1.155969 0.225277 0.395911
v -1.119714 0.232532 0.357729
v -1.200211 0.231647 0.423058
v -1.132812 0.198218 0.365846
v -1.099620 0.204088 0.322754
v -1.180285 0.200282 0.398561
v -1.110553 0.164182 0.329218
v -1.089574 0.178202 0.297048
v -1.160598 0.171685 0.366135
v -1.091343 0.129563 0.290781
v -1.078907 0.166174 0.278560
v -1.064549 0.138311 0.243559
v -1.124420 0.133940 0.329684
v -1.076600 0.089104 0.251451
v -1.049145 0.108354 0.210646
v -1.106339 0.101158 0.291749
v -1.061219 0.065830 0.225662
v -1.035527 0.084041 0.178761
v -1.087326 0.061978 0.254977
v -1.045485 0.038474 0.190768
v -1.040444 0.079341 0.168602
v -1.082917 0.055566 0.249360
v -1.048957 0.035573 0.179101
v -1.029301 0.076083 0.166284
v -1.067007 0.029198 0.218612
v -1.038821 0.032513 0.178171
v -1.019177 0.058070 0.136224
v -1.056166 0.011922 0.194158
v -1.059807 0.008163 0.183718
v -1.029909 0.020390 0.141724
v -1.032306 0.020736 0.132312
v -1.020733 0.058132 0.126442
v -1.050144 0.001294 0.182624
v -1.037386 -0.003833 0.143034
v -1.039176 -0.003612 0.134920
v -1.048548 -0.035673 0.139997
v -1.046418 -0.035563 0.148820
v -1.062944 -0.068735 0.145542
v -1.058889 -0.017250 0.184135
v -1.062502 -0.070388 0.154144
v -1.097051 -0.101580 0.151027
v -1.067350 -0.032538 0.186236
v -1.064439 -0.002753 0.184137
v -1.077209 -0.025800 0.187445
v -1.065788 0.004300 0.192492
v -1.068896 -0.010864 0.185339
v -1.064524 -0.004699 0.195996
v -1.075315 -0.022518 0.198501
v -1.090024 -0.046692 0.192479
v -1.080842 -0.055640 0.190111
v -1.087722 -0.042646 0.203088
v -1.094367 -0.104947 0.162906
v -1.112967 -0.078835 0.199395
v -1.102640 -0.085226 0.196169
v -1.131953 -0.131710 0.164146
v -1.134151 -0.125333 0.151157
v -1.137967 -0.113682 0.198067
v -1.160695 -0.141162 0.159429
v -1.156741 -0.135258 0.143889
v -1.145881 -0.104946 0.201652
v -1.189176 -0.126727 0.190375
v -1.222546 -0.146265 0.151554
v -1.223814 -0.147352 0.162600
v -1.195946 -0.119282 0.194251
v -1.238276 -0.126579 0.186094
v -1.312283 -0.117210 0.175102
v -1.242888 -0.117164 0.190034
v -1.194245 -0.118224 0.207809
v -1.308753 -0.139444 0.152479
v -1.143319 -0.102891 0.212422
v -1.241254 -0.115508 0.204474
v -1.111641 -0.077387 0.209822
v -1.161858 -0.075045 0.236165
v -1.103212 -0.024487 0.226861
v -1.130826 -0.056187 0.234396
v -1.087809 -0.002525 0.224028
v -1.118705 -0.005334 0.250588
v -1.075844 0.014884 0.222081
v -1.102748 0.011872 0.248236
v -1.084802 0.028268 0.241259
v -1.078276 0.023156 0.219247
v -1.073721 0.041167 0.233840
v -1.086106 0.036461 0.236685
v -1.092676 0.047220 0.248274
v -1.092248 0.037510 0.252567
v -1.101896 0.048898 0.258176
v -1.135300 0.016166 0.267501
v -1.101179 0.058370 0.274589
v -1.152188 -0.031895 0.256708
v -1.115973 0.089028 0.303887
v -1.180533 -0.040499 0.261094
v -1.135031 0.121682 0.343836
v -1.159551 0.064937 0.310134
v -1.140438 0.020128 0.283247
v -1.181529 -0.007582 0.275903
v -1.185675 -0.002919 0.293104
v -1.206849 -0.084316 0.236620
v -1.229347 -0.043229 0.265564
v -1.258667 -0.076520 0.238691
v -1.242125 -0.001751 0.283909
v -1.274645 -0.028234 0.273430
v -1.312496 -0.103748 0.189588
v -1.318559 -0.068443 0.229789
v -1.312176 -0.106378 0.176301
v -1.379167 -0.056506 0.207942
v -1.329126 -0.024428 0.262304
v -1.380038 -0.089015 0.173911
v -1.284487 0.026562 0.292559
v -1.387148 -0.012665 0.237941
v -1.279165 0.026845 0.309268
v -1.339792 0.029499 0.287207
v -1.243270 -0.000177 0.300124
v -1.285795 0.053551 0.319610
v -1.206298 0.045872 0.318823
v -1.258343 0.045425 0.323068
v -1.174671 0.100394 0.343850
v -1.219739 0.089826 0.347849
v -1.169733 0.153459 0.372055
v -1.200631 0.135534 0.374354
v -1.199754 0.151289 0.368869
v -1.230645 0.122892 0.381442
v -1.208091 0.178625 0.396908
v -1.233239 0.140458 0.376100
v -1.224494 0.216814 0.428150
v -1.238204 0.250186 0.456102
v -1.241954 0.169254 0.400966
v -1.253397 0.205354 0.426758
v -1.266735 0.240008 0.451935
v -1.266173 0.136044 0.374579
v -1.272056 0.168388 0.399004
v -1.283264 0.204803 0.419052
v -1.297874 0.233850 0.441669
v -1.326713 0.229491 0.428985
v -1.268351 0.118291 0.379947
v -1.312796 0.204828 0.406458
v -1.347718 0.231252 0.413614
v -1.265122 0.088710 0.343893
v -1.294610 0.121926 0.374526
v -1.291626 0.099333 0.328053
v -1.301567 0.140476 0.369279
v -1.294629 0.062954 0.306009
v -1.301233 0.109940 0.313795
v -1.344042 0.073078 0.301089
v -1.303799 0.172879 0.389910
v -1.335406 0.183966 0.370946
v -1.337126 0.154621 0.345053
v -1.334367 0.212385 0.390105
v -1.360576 0.241071 0.394820
v -1.349850 0.226038 0.371196
v -1.354705 0.200805 0.348342
v -1.338031 0.121314 0.308392
v -1.362508 0.170786 0.319094
v -1.362083 0.220243 0.332292
v -1.356985 0.242912 0.355463
v -1.365016 0.258426 0.373345
v -1.382401 0.186269 0.304063
v -1.355646 0.265704 0.337011
v -1.361974 0.279582 0.351982
v -1.353933 0.299378 0.335766
v -1.348604 0.282043 0.306620
v -1.362089 0.240455 0.314037
v -1.367390 0.257728 0.276536
v -1.392243 0.205400 0.289903
v -1.392097 0.238002 0.265384
v -1.375998 0.133542 0.298263
v -1.408652 0.154753 0.276436
v -1.433253 0.237995 0.233356
v -1.405312 0.251810 0.237907
v -1.425447 0.258530 0.219057
v -1.457817 0.265854 0.199197
v -1.439778 0.181640 0.255871
v -1.474715 0.212665 0.228703
v -1.522581 0.261340 0.201587
v -1.504021 0.288013 0.182089
v -1.529714 0.266131 0.192467
v -1.511092 0.291625 0.172428
v -1.550339 0.236909 0.214273
v -1.558683 0.243441 0.207081
v -1.512693 0.188998 0.224179
v -1.580989 0.212073 0.216683
v -1.474138 0.155408 0.236842
v -1.541028 0.166595 0.223626
v -1.589623 0.218914 0.208482
v -1.566470 0.253510 0.214428
v -1.430605 0.117094 0.253961
v -1.599425 0.228326 0.216267
v -1.612313 0.280330 0.214348
v -1.600224 0.195361 0.213983
v -1.610890 0.200975 0.204401
v -1.634809 0.247724 0.215345
v -1.624229 0.207234 0.210451
v -1.621950 0.175924 0.207786
v -1.663802 0.280366 0.218264
v -1.630447 0.306910 0.205309
v -1.656600 0.311877 0.212766
v -1.634908 0.179417 0.196341
v -1.671818 0.303185 0.211339
v -1.677488 0.310660 0.218747
v -1.673757 0.281194 0.211059
v -1.684538 0.277105 0.217664
v -1.668863 0.252576 0.215965
v -1.680143 0.250394 0.209243
v -1.654009 0.217224 0.207387
v -1.681627 0.206931 0.203080
v -1.652602 0.181823 0.200403
v -1.691109 0.204849 0.193713
v -1.690351 0.170557 0.195945
v -1.641561 0.122764 0.194897
v -1.691018 0.245510 0.214253
v -1.700613 0.167828 0.186565
v -1.701801 0.198867 0.198559
v -1.706903 0.263137 0.235721
v -1.714806 0.228513 0.226442
v -1.699387 0.296491 0.242130
v -1.728882 0.294281 0.245272
v -1.763751 0.295899 0.235801
v -1.744329 0.257108 0.240311
v -1.755183 0.289433 0.245405
v -1.770327 0.284324 0.245275
v -1.775843 0.252036 0.238797
v -1.759349 0.217784 0.228046
v -1.774759 0.290110 0.234398
v -1.802671 0.315747 0.243594
v -1.804639 0.250091 0.235985
v -1.810419 0.253808 0.223405
v -1.842765 0.285317 0.238717
v -1.795389 0.210059 0.222444
v -1.824846 0.206827 0.212043
v -1.849250 0.239395 0.203983
v -1.864148 0.271063 0.228733
v -1.880476 0.261731 0.204790
v -1.868994 0.239730 0.179328
v -1.831985 0.204817 0.196396
v -1.852560 0.211817 0.186256
v -1.869335 0.218639 0.168185
v -1.874175 0.175883 0.180134
v -1.893001 0.196176 0.157742
v -1.920446 0.167735 0.182841
v -1.933258 0.192655 0.148588
v -1.882991 0.136205 0.188427
v -1.916389 0.136392 0.195875
v -1.849569 0.150019 0.188845
v -1.841506 0.153985 0.201339
v -1.892517 0.088249 0.190373
v -1.922062 0.095426 0.200572
v -1.932274 0.062102 0.189819
v -1.862837 0.090231 0.181823
v -1.852120 0.101758 0.198010
v -1.810948 0.165069 0.206377
v -1.821142 0.114725 0.200428
v -1.768826 0.177645 0.214357
v -1.774304 0.135452 0.203848
v -1.824698 0.105763 0.181946
v -1.773839 0.127246 0.185897
v -1.734040 0.156086 0.203744
v -1.723925 0.194559 0.215563
v -1.709384 0.159917 0.190570
v -1.773296 0.114728 0.182303
v -1.686448 0.110864 0.169740
v -1.822313 0.097685 0.180310
v -1.726051 0.133161 0.180722
v -1.693171 0.104768 0.172436
v -1.675517 0.112049 0.181022
v -1.672889 0.069419 0.161089
v -1.705086 0.076776 0.161234
v -1.664492 0.068776 0.170284
v -1.739836 0.118213 0.191594
v -1.633101 0.080383 0.183483
v -1.774755 0.104741 0.192032
v -1.721009 0.072708 0.174016
v -1.827270 0.085999 0.191497
v -1.778687 0.057512 0.173885
v -1.702829 0.007300 0.163158
v -1.862738 0.082172 0.180349
v -1.834930 0.043208 0.174625
v -1.902169 0.051202 0.179574
v -1.856273 0.075731 0.188326
v -1.875821 0.040109 0.168776
v -1.899258 0.023625 0.163758
v -1.942100 0.035760 0.169535
v -1.870064 0.037853 0.179028
v -1.919188 0.017428 0.148230
v -1.956635 0.034167 0.127289
v -1.934371 0.016005 0.118274
v -1.883293 -0.007845 0.145765
v -1.908413 -0.014927 0.125837
v -1.927372 -0.009368 0.102785
v -1.896179 -0.013142 0.138824
v -1.937792 -0.035068 0.095773
v -1.876798 -0.007872 0.157435
v -1.956978 -0.060617 0.118345
v -1.970722 -0.044657 0.079862
v -1.838953 -0.004759 0.156066
v -1.924022 -0.053728 0.122219
v -1.931883 -0.091075 0.128891
v -1.955101 -0.093172 0.134318
v -1.905304 -0.051802 0.128970
v -1.912475 -0.087508 0.126048
v -1.938380 -0.126489 0.126669
v -1.956539 -0.128827 0.133626
v -1.959390 -0.162469 0.120191
v -1.918510 -0.124266 0.121698
v -1.937432 -0.162064 0.111440
v -1.966562 -0.187351 0.082081
v -1.936705 -0.189514 0.072184
v -1.916182 -0.165116 0.104730
v -1.897501 -0.124871 0.118773
v -1.903695 -0.199748 0.069301
v -1.904164 -0.207974 0.047577
v -1.892922 -0.169289 0.100908
v -1.872730 -0.221026 0.070059
v -1.892583 -0.223617 0.041667
v -1.895902 -0.252408 0.050685
v -1.888952 -0.279596 0.077253
v -1.911889 -0.266852 0.052100
v -1.872664 -0.267351 0.075650
v -1.860113 -0.312546 0.068921
v -1.824808 -0.291922 0.071401
v -1.830697 -0.275359 0.090523
v -1.869516 -0.220636 0.084169
v -1.817047 -0.275136 0.094178
v -1.782351 -0.299159 0.081082
v -1.849549 -0.216988 0.093602
v -1.887197 -0.166935 0.113818
v -1.867380 -0.165616 0.111661
v -1.891795 -0.122887 0.129950
v -1.868102 -0.123319 0.126976
v -1.892776 -0.085758 0.125730
v -1.886704 -0.083509 0.137256
v -1.888547 -0.050148 0.131637
v -1.881799 -0.048254 0.143089
v -1.860048 -0.083537 0.133203
v -1.849066 -0.046712 0.143668
v -1.841903 -0.125379 0.127080
v -1.828133 -0.087954 0.128939
v -1.804768 -0.049068 0.143480
v -1.848141 -0.167972 0.110418
v -1.804007 -0.130895 0.127045
v -1.789296 -0.098887 0.130444
v -1.810619 -0.170153 0.115288
v -1.806948 -0.222541 0.103412
v -1.785090 -0.134043 0.111763
v -1.796107 -0.277279 0.099548
v -1.795569 -0.173699 0.102922
v -1.793491 -0.223307 0.093659
v -1.724221 -0.153248 0.112291
v -1.734029 -0.192882 0.102445
v -1.728744 -0.245693 0.094893
v -1.726033 -0.290305 0.070078
v -1.773010 -0.334279 0.056056
v -1.665362 -0.213867 0.098067
v -1.719867 -0.320605 0.042635
v -1.762060 -0.363430 0.022368
v -1.709690 -0.353182 0.021230
v -1.668612 -0.257846 0.080838
v -1.666471 -0.284927 0.069766
v -1.661580 -0.322353 0.050416
v -1.653170 -0.349023 0.021430
v -1.612455 -0.273258 0.073489
v -1.599982 -0.312387 0.048786
v -1.591182 -0.336586 0.018824
v -1.605223 -0.228881 0.092221
v -1.527956 -0.308721 0.039717
v -1.521184 -0.336194 0.017985
v -1.534583 -0.273229 0.057848
v -1.457456 -0.315778 0.043317
v -1.449233 -0.342968 0.020051
v -1.461694 -0.284388 0.063244
v -1.535694 -0.230356 0.068779
v -1.461334 -0.248708 0.079475
v -1.393767 -0.296165 0.062045
v -1.391469 -0.326783 0.042391
v -1.389359 -0.351402 0.015693
v -1.329415 -0.356692 0.004740
v -1.390803 -0.263946 0.080174
v -1.322271 -0.336114 0.039159
v -1.275031 -0.358095 -0.017105
v -1.318006 -0.309055 0.067345
v -1.254306 -0.337486 0.026112
v -1.195123 -0.340706 -0.024686
v -1.311996 -0.277852 0.092166
v -1.182739 -0.324532 0.015728
v -1.135227 -0.324204 -0.031501
v -1.243904 -0.311605 0.060914
v -1.124033 -0.300832 -0.002413
v -1.133562 -0.311090 -0.036266
v -1.125259 -0.310703 0.005616
v -1.112438 -0.282440 0.030324
v -1.172143 -0.301008 0.049984
v -1.113196 -0.288476 0.038981
v -1.105163 -0.256590 0.055150
v -1.169930 -0.271413 0.073270
v -1.107584 -0.262076 0.063309
v -1.108281 -0.234537 0.077265
v -1.105245 -0.226694 0.067386
v -1.240147 -0.279397 0.084501
v -1.169102 -0.239114 0.090058
v -1.131908 -0.190640 0.102170
v -1.130456 -0.182258 0.095204
v -1.241841 -0.244108 0.101919
v -1.177749 -0.203420 0.110055
v -1.153596 -0.159718 0.127759
v -1.151895 -0.154719 0.119592
v -1.310387 -0.241232 0.109833
v -1.246535 -0.207704 0.116371
v -1.202823 -0.174865 0.135866
v -1.161902 -0.141944 0.142153
v -1.216865 -0.157086 0.153245
v -1.253892 -0.177450 0.129068
v -1.312378 -0.199538 0.122167
v -1.308651 -0.152275 0.141017
v -1.385546 -0.228553 0.102458
v -1.381095 -0.188370 0.119820
v -1.457357 -0.212728 0.098507
v -1.377086 -0.150129 0.137831
v -1.534095 -0.191611 0.084978
v -1.450614 -0.171447 0.113214
v -1.598618 -0.186813 0.106228
v -1.526090 -0.151864 0.104454
v -1.657753 -0.171823 0.114281
v -1.584337 -0.140679 0.122476
v -1.643494 -0.128824 0.127389
v -1.434614 -0.139688 0.128150
v -1.519123 -0.105928 0.116927
v -1.628774 -0.079403 0.140214
v -1.376904 -0.137474 0.136358
v -1.564803 -0.088989 0.128850
v -1.436234 -0.126145 0.123437
v -1.308086 -0.141876 0.141594
v -1.375455 -0.133977 0.145219
v -1.434714 -0.120383 0.130468
v -1.380540 -0.106848 0.162967
v -1.514122 -0.092685 0.112061
v -1.378058 -0.093818 0.165180
v -1.430987 -0.089231 0.141675
v -1.510818 -0.086596 0.118765
v -1.556441 -0.075471 0.124296
v -1.550859 -0.071146 0.130312
v -1.660087 0.022874 0.147242
v -1.667194 0.017835 0.151185
v -1.680521 0.062328 0.164513
v -1.683739 0.009030 0.146647
v -1.650558 0.023395 0.159368
v -1.618794 0.028016 0.171700
v -1.531760 -0.043275 0.144194
v -1.611969 0.082436 0.183661
v -1.490828 -0.060284 0.134160
v -1.596140 0.030923 0.173108
v -1.519121 -0.035425 0.146858
v -1.478215 -0.051621 0.139022
v -1.428480 -0.074705 0.142119
v -1.426332 -0.067953 0.152491
v -1.516704 -0.028937 0.159593
v -1.476530 -0.045502 0.150828
v -1.432373 -0.038269 0.173381
v -1.447618 -0.001854 0.203310
v -1.588589 0.037169 0.181952
v -1.537163 0.051571 0.197261
v -1.394752 0.041134 0.267259
v -1.461038 0.062470 0.226335
v -1.387770 0.090210 0.284291
v -1.506008 0.121501 0.224068
v -1.554221 0.099394 0.207520
v -1.580905 0.146071 0.220071
v -1.606063 0.087960 0.192914
v -1.622409 0.123917 0.196774
v -1.615656 0.130171 0.208588
v -1.165752 -0.162754 -0.278468
v -1.224288 -0.142926 -0.261055
v -1.224490 -0.138754 -0.266021
v -1.164505 -0.158757 -0.284826
v -1.122342 -0.176880 -0.293789
v -1.209654 -0.122401 -0.269085
v -1.119647 -0.174296 -0.300581
v -1.088022 -0.194526 -0.308826
v -1.086508 -0.190375 -0.314522
v -1.155841 -0.141066 -0.287612
v -1.152765 -0.142800 -0.276068
v -1.206763 -0.124117 -0.257792
v -1.096461 -0.165137 -0.296488
v -1.098884 -0.161955 -0.308582
v -1.079454 -0.158026 -0.319086
v -1.100036 0.074786 -0.168489
v -1.023744 0.086676 -0.161399
v -1.029361 0.069792 -0.185476
v -1.108390 0.058519 -0.188115
v -1.164495 0.064170 -0.177282
v -1.036984 0.046415 -0.209480
v -1.177449 0.047617 -0.190596
v -1.118772 0.035844 -0.206146
v -1.046892 0.015836 -0.237074
v -1.193494 0.024595 -0.202543
v -1.129189 0.010358 -0.225560
v -1.057851 -0.017530 -0.260782
v -1.206293 0.003512 -0.214573
v -1.140903 -0.018360 -0.240767
v -1.217312 -0.019938 -0.223667
v -1.216733 -0.045922 -0.237309
v -1.144649 -0.051395 -0.255344
v -1.068077 -0.058124 -0.276497
v -1.213393 -0.072038 -0.246313
v -1.149109 -0.085142 -0.264783
v -1.079275 -0.100430 -0.287086
v -1.209826 -0.099073 -0.254417
v -1.150960 -0.116073 -0.272740
v -1.206763 -0.124117 -0.257792
v -1.087807 -0.133535 -0.293821
v -1.152765 -0.142800 -0.276068
v -1.096461 -0.165137 -0.296488
v -1.656600 0.311877 0.212766
v -1.689461 0.355144 0.187633
v -1.677488 0.310660 0.218747
v -1.654463 0.341668 0.185137
v -1.694025 0.372747 0.159214
v -1.630447 0.306910 0.205309
v -1.651760 0.361779 0.155742
v -1.618229 0.325925 0.183778
v -1.612313 0.280330 0.214348
v -1.609581 0.346781 0.152944
v -1.580990 0.305480 0.188212
v -1.566470 0.253510 0.214428
v -1.558619 0.330047 0.155015
v -1.538275 0.278233 0.196140
v -1.558683 0.243441 0.207081
v -1.517521 0.301842 0.175090
v -1.529714 0.266131 0.192467
v -1.511092 0.291625 0.172428
v -1.141149 -0.318485 -0.077000
v -1.133562 -0.311090 -0.036266
v -1.135227 -0.324204 -0.031501
v -1.145521 -0.328218 -0.076253
v -1.148345 -0.311554 -0.122182
v -1.195123 -0.340706 -0.024686
v -1.151464 -0.323703 -0.120954
v -1.158471 -0.299712 -0.165503
v -1.200453 -0.344387 -0.070804
v -1.165715 -0.309414 -0.170994
v -1.162119 -0.293935 -0.178307
v -1.206694 -0.306228 -0.167310
v -1.204204 -0.337164 -0.115481
v -1.207262 -0.318584 -0.160944
v -1.264990 -0.317993 -0.160531
v -1.265414 -0.331928 -0.154213
v -1.335498 -0.332913 -0.151777
v -1.268253 -0.352035 -0.112433
v -1.337959 -0.345564 -0.147845
v -1.389918 -0.347845 -0.137543
v -1.397090 -0.334711 -0.140493
v -1.408370 -0.332097 -0.137964
v -1.339183 -0.364471 -0.109339
v -1.268686 -0.361897 -0.068668
v -1.275031 -0.358095 -0.017105
v -1.425973 -0.347879 -0.131018
v -1.421391 -0.335184 -0.134686
v -1.472725 -0.335567 -0.125360
v -1.332377 -0.367841 -0.026099
v -1.329415 -0.356692 0.004740
v -1.389359 -0.351402 0.015693
v -1.334830 -0.371908 -0.070433
v -1.391030 -0.366701 -0.021728
v -1.449233 -0.342968 0.020051
v -1.390205 -0.364814 -0.102931
v -1.391163 -0.371585 -0.064989
v -1.434957 -0.362885 -0.096694
v -1.475237 -0.347983 -0.121285
v -1.521780 -0.336848 -0.116618
v -1.441111 -0.367868 -0.062097
v -1.486749 -0.362780 -0.085583
v -1.523573 -0.349364 -0.112253
v -1.596564 -0.333234 -0.104543
v -1.446942 -0.361146 -0.018212
v -1.521184 -0.336194 0.017985
v -1.597651 -0.345480 -0.102855
v -1.647572 -0.328304 -0.100589
v -1.515600 -0.354243 -0.015763
v -1.699730 -0.325868 -0.097419
v -1.695683 -0.313109 -0.101479
v -1.502623 -0.363633 -0.053086
v -1.648696 -0.341372 -0.098103
v -1.548516 -0.361071 -0.078233
v -1.668474 -0.351778 -0.074304
v -1.708933 -0.334741 -0.084702
v -1.615405 -0.356210 -0.074347
v -1.566383 -0.360346 -0.048363
v -1.630914 -0.359935 -0.044309
v -1.686602 -0.362631 -0.045351
v -1.734109 -0.347179 -0.061746
v -1.581514 -0.350984 -0.012267
v -1.591182 -0.336586 0.018824
v -1.642915 -0.359701 -0.011729
v -1.653170 -0.349023 0.021430
v -1.706717 -0.367002 -0.017160
v -1.709690 -0.353182 0.021230
v -1.747953 -0.352236 -0.046745
v -1.762060 -0.363430 0.022368
v -1.756401 -0.359227 -0.021657
v -2.019068 -0.036161 0.100624
v -2.041193 -0.045946 0.075238
v -2.033072 -0.047383 0.103255
v -2.029082 -0.032415 0.069211
v -2.049047 -0.047726 0.049075
v -1.974636 -0.036662 0.083391
v -2.038522 -0.038439 0.040070
v -2.054658 -0.057012 0.028989
v -1.985584 -0.032178 0.049669
v -1.981072 -0.040268 0.048115
v -1.970722 -0.044657 0.079862
v -1.992510 -0.043442 0.022034
v -2.045341 -0.061060 0.010314
v -2.058119 -0.074017 0.014110
v -1.997646 -0.037198 0.019792
v -2.006060 -0.057697 -0.003185
v -2.046939 -0.088728 -0.003700
v -2.059269 -0.097578 0.003877
v -2.010746 -0.084900 -0.014834
v -2.046605 -0.121394 -0.009622
v -2.058479 -0.123697 -0.001440
v -2.055598 -0.147079 0.000839
v -2.009453 -0.116934 -0.019752
v -2.041347 -0.157218 -0.002034
v -2.050297 -0.165634 0.011399
v -2.002889 -0.150465 -0.013309
v -2.031992 -0.183309 0.018907
v -2.044724 -0.179845 0.030012
v -1.990508 -0.177308 0.006933
v -1.961393 -0.144612 -0.040893
v -1.970071 -0.106562 -0.042776
v -1.973584 -0.071674 -0.037131
v -1.936132 -0.095422 -0.068347
v -1.972841 -0.044712 -0.023469
v -1.930607 -0.049906 -0.055699
v -1.924778 -0.051244 -0.052563
v -1.930811 -0.096315 -0.065478
v -1.957368 -0.013290 -0.002626
v -1.951947 -0.016946 -0.000891
v -1.918588 -0.147666 -0.065426
v -1.914538 -0.142975 -0.062432
v -1.952070 0.007191 0.001332
v -1.942960 0.010017 0.011341
v -1.935821 0.016014 -0.016406
v -1.939083 0.010185 -0.022799
v -1.913505 0.016602 -0.038314
v -1.944252 -0.023893 -0.032080
v -1.915255 0.010676 -0.046579
v -1.878538 0.016817 -0.065789
v -1.914987 -0.017039 -0.054529
v -1.879283 0.010379 -0.075935
v -1.826758 0.014408 -0.092768
v -1.901960 -0.036638 -0.076626
v -1.924778 -0.051244 -0.052563
v -1.897446 -0.040592 -0.073318
v -1.883425 -0.049512 -0.090174
v -1.879220 -0.017311 -0.086168
v -1.882753 -0.045384 -0.098603
v -1.863040 -0.054015 -0.105978
v -1.861036 -0.049998 -0.112702
v -1.840555 -0.056328 -0.120330
v -1.838100 -0.017520 -0.107616
v -1.833124 -0.051356 -0.130030
v -1.812026 -0.056068 -0.133567
v -1.810516 -0.050794 -0.139693
v -1.829420 0.008415 -0.101652
v -1.807475 -0.019721 -0.123517
v -1.792302 0.007996 -0.123549
v -1.788551 0.014587 -0.114872
v -1.789865 -0.030471 -0.139741
v -1.771524 -0.016261 -0.145461
v -1.776877 0.012153 -0.115505
v -1.760602 -0.018415 -0.144169
v -1.780436 -0.052141 -0.153390
v -1.758878 -0.050102 -0.160403
v -1.747717 -0.052779 -0.156812
v -1.808954 -0.078471 -0.146835
v -1.812026 -0.056068 -0.133567
v -1.811349 -0.080244 -0.138849
v -1.808565 -0.106347 -0.138364
v -1.807121 -0.108440 -0.145788
v -1.774766 -0.081540 -0.157956
v -1.748869 -0.085516 -0.168075
v -1.737736 -0.087464 -0.163997
v -1.775712 -0.113840 -0.153398
v -1.750972 -0.121493 -0.158644
v -1.739536 -0.123114 -0.154339
v -1.748317 -0.159571 -0.145562
v -1.782901 -0.136049 -0.148845
v -1.760186 -0.158759 -0.150770
v -1.773820 -0.185835 -0.132606
v -1.789003 -0.151551 -0.146297
v -1.780323 -0.180457 -0.143025
v -1.790452 -0.190857 -0.127335
v -1.806160 -0.159430 -0.137283
v -1.796209 -0.185026 -0.134203
v -1.821762 -0.193519 -0.119600
v -1.818892 -0.197641 -0.112183
v -1.829629 -0.169664 -0.123888
v -1.829094 -0.114580 -0.137293
v -1.808565 -0.106347 -0.138364
v -1.832391 -0.111403 -0.129832
v -1.848343 -0.201174 -0.102367
v -1.845411 -0.204300 -0.095706
v -1.856853 -0.125122 -0.122466
v -1.859220 -0.122840 -0.113330
v -1.856349 -0.178805 -0.104292
v -1.871687 -0.207610 -0.080668
v -1.868810 -0.210479 -0.073638
v -1.877030 -0.139225 -0.106420
v -1.877501 -0.136628 -0.099936
v -1.889048 -0.153499 -0.087513
v -1.885832 -0.151084 -0.080959
v -1.914538 -0.142975 -0.062432
v -1.877782 -0.184302 -0.083386
v -1.899736 -0.191463 -0.053773
v -1.891194 -0.213197 -0.052574
v -1.887627 -0.216547 -0.046280
v -1.921453 -0.179990 -0.039185
v -1.909334 -0.225475 -0.005778
v -1.900234 -0.227681 0.001155
v -1.913118 -0.208534 -0.001736
v -1.907716 -0.204645 0.000614
v -1.939280 -0.190134 0.014746
v -1.950540 -0.176963 -0.019895
v -1.939397 -0.198781 0.012468
v -1.974664 -0.186795 0.040189
v -1.977259 -0.194412 0.041421
v -1.966562 -0.187351 0.082081
v -1.966147 -0.192381 0.092375
v -2.019112 -0.200897 0.056830
v -2.036607 -0.192818 0.054900
v -2.008105 -0.196842 0.106408
v -2.032370 -0.197581 0.077104
v -2.027411 -0.196614 0.098150
v -2.027411 -0.196614 0.098150
v -2.008105 -0.196842 0.106408
v -2.023801 -0.187493 0.115098
v -2.002857 -0.172414 0.139143
v -2.021814 -0.170430 0.128928
v -1.966147 -0.192381 0.092375
v -2.020539 -0.146507 0.139861
v -1.959390 -0.162469 0.120191
v -1.966562 -0.187351 0.082081
v -2.000772 -0.132795 0.154563
v -1.958151 -0.168578 0.128664
v -1.956539 -0.128827 0.133626
v -2.019895 -0.116233 0.146614
v -1.956687 -0.130452 0.144137
v -1.955101 -0.093172 0.134318
v -1.955818 -0.092837 0.145595
v -2.001766 -0.093320 0.157202
v -2.020146 -0.087838 0.147234
v -1.974636 -0.036662 0.083391
v -1.956978 -0.060617 0.118345
v -1.970722 -0.044657 0.079862
v -1.959613 -0.055631 0.126056
v -1.955101 -0.093172 0.134318
v -2.019068 -0.036161 0.100624
v -1.955818 -0.092837 0.145595
v -2.027046 -0.053409 0.124936
v -2.033072 -0.047383 0.103255
v -2.007567 -0.053403 0.137851
v -2.001766 -0.093320 0.157202
v -2.022561 -0.066049 0.140099
v -2.020146 -0.087838 0.147234
v -2.021629 0.046425 0.126927
v -1.996912 0.030432 0.145158
v -2.013576 0.042965 0.149260
v -2.009305 0.037258 0.104254
v -2.029499 0.057614 0.103960
v -1.962439 0.026952 0.129197
v -1.972324 0.038348 0.087639
v -1.956635 0.034167 0.127289
v -2.024805 0.062615 0.063448
v -2.036321 0.072994 0.082139
v -1.977565 0.031430 0.086797
v -1.988612 0.062457 0.048241
v -2.040812 0.090804 0.066391
v -1.995224 0.059170 0.045392
v -2.035389 0.098642 0.041732
v -2.041411 0.112000 0.058531
v -2.038038 0.136943 0.058847
v -2.009777 0.098117 0.029056
v -2.027561 0.149189 0.043689
v -2.030910 0.164273 0.066386
v -1.980682 0.052559 0.027062
v -1.973951 0.055460 0.030503
v -2.010753 0.190365 0.066318
v -2.021820 0.187962 0.079466
v -2.011637 0.202453 0.097434
v -2.002713 0.145221 0.033576
v -1.995667 0.208197 0.095098
v -2.000681 0.207521 0.120183
v -1.985729 0.183812 0.054496
v -1.978687 0.142684 0.023250
v -1.985150 0.095286 0.018163
v -1.959490 0.179910 0.043222
v -1.958314 0.143152 0.005404
v -1.969284 0.084298 -0.005258
v -1.968909 0.201458 0.084755
v -1.935129 0.188052 0.027326
v -1.980974 0.214101 0.126081
v -1.988745 0.204648 0.148611
v -1.963326 0.209112 0.164299
v -1.976865 0.197769 0.178358
v -1.936615 0.202070 0.151046
v -1.955189 0.207213 0.112921
v -1.930423 0.195334 0.068504
v -1.949943 0.199247 0.112530
v -1.933258 0.192655 0.148588
v -1.915503 0.204869 0.096398
v -1.910865 0.203030 0.102479
v -1.899832 0.222074 0.098189
v -1.886143 0.224679 0.105917
v -1.886056 0.226416 0.091332
v -1.894550 0.222974 0.082139
v -1.874106 0.226036 0.075690
v -1.900437 0.201788 0.052631
v -1.883227 0.223758 0.066799
v -1.863071 0.229860 0.051937
v -1.872172 0.228448 0.043218
v -1.846513 0.231902 0.028169
v -1.915283 0.191785 0.004784
v -1.889601 0.212090 0.028450
v -1.854743 0.230237 0.020887
v -1.868796 0.213917 0.011693
v -1.833820 0.229949 0.001697
v -1.825340 0.232175 0.008717
v -1.849109 0.211780 -0.006578
v -1.881991 0.195964 -0.010131
v -1.912450 0.186679 0.003117
v -1.880814 0.188402 -0.008606
v -1.870663 0.183008 -0.032205
v -1.869987 0.178115 -0.028617
v -1.855458 0.168843 -0.047281
v -1.852538 0.173958 -0.052758
v -1.828034 0.157531 -0.066728
v -1.817888 0.209586 -0.028492
v -1.804143 0.227255 -0.018803
v -1.796383 0.229331 -0.011112
v -1.799942 0.205988 -0.040004
v -1.761070 0.223969 -0.048134
v -1.749085 0.226656 -0.044683
v -1.778163 0.197612 -0.060371
v -1.824443 0.162832 -0.071503
v -1.797631 0.147305 -0.080104
v -1.745793 0.210347 -0.069051
v -1.773604 0.180377 -0.076134
v -1.734207 0.207627 -0.067487
v -1.738485 0.224992 -0.043616
v -1.742295 0.185496 -0.084688
v -1.729243 0.182029 -0.082624
v -1.793205 0.153039 -0.087374
v -1.769769 0.154955 -0.092535
v -1.740631 0.154663 -0.100187
v -1.726513 0.150775 -0.098742
v -1.771652 0.122135 -0.106061
v -1.743945 0.119330 -0.117486
v -1.730025 0.115519 -0.115937
v -1.749580 0.071182 -0.122275
v -1.762626 0.074584 -0.122931
v -1.767347 0.041967 -0.121203
v -1.802861 0.126348 -0.095424
v -1.806426 0.123744 -0.087348
v -1.813305 0.100564 -0.091410
v -1.812517 0.098294 -0.098981
v -1.787675 0.091556 -0.108221
v -1.845879 0.102474 -0.079431
v -1.813305 0.100564 -0.091410
v -1.800018 0.064919 -0.105332
v -1.779980 0.044862 -0.120621
v -1.776877 0.012153 -0.115505
v -1.788551 0.014587 -0.114872
v -1.797136 0.022560 -0.116601
v -1.826758 0.014408 -0.092768
v -1.819989 0.055353 -0.097906
v -1.833473 0.021939 -0.097104
v -1.878538 0.016817 -0.065789
v -1.857171 0.101323 -0.082465
v -1.873549 0.101307 -0.068024
v -1.847779 0.051706 -0.088230
v -1.881546 0.023900 -0.072152
v -1.913505 0.016602 -0.038314
v -1.882379 0.051196 -0.069776
v -1.891227 0.094675 -0.064640
v -1.897834 0.094479 -0.054161
v -1.918082 0.024295 -0.044415
v -1.935821 0.016014 -0.016406
v -1.920041 0.081760 -0.045214
v -1.915556 0.083125 -0.041515
v -1.942616 0.096268 -0.024391
v -1.948493 0.093569 -0.026968
v -1.922135 0.054784 -0.041382
v -1.941771 0.024619 -0.021617
v -1.948278 0.055723 -0.017917
v -1.952593 0.017386 0.003200
v -1.942960 0.010017 0.011341
v -1.949226 0.035251 0.008648
v -1.957494 0.033955 0.003764
v -1.967982 0.045713 0.012869
v -1.960088 0.047270 0.015427
v -1.941648 0.145829 -0.016533
v -1.942616 0.096268 -0.024391
v -1.935387 0.142252 -0.014480
v -1.912450 0.186679 0.003117
v -2.005075 0.048571 0.169400
v -2.013576 0.042965 0.149260
v -1.996912 0.030432 0.145158
v -1.981502 0.036982 0.183795
v -1.995227 0.061359 0.187597
v -1.962439 0.026952 0.129197
v -1.984204 0.081166 0.204252
v -1.967283 0.063334 0.207169
v -1.933245 0.058004 0.199013
v -1.946293 0.030059 0.175740
v -1.932274 0.062102 0.189819
v -1.942100 0.035760 0.169535
v -1.956635 0.034167 0.127289
v -1.902317 -0.408345 0.057683
v -1.905457 -0.411824 0.040092
v -1.882325 -0.405903 0.051226
v -1.890660 -0.409839 0.021275
v -1.911613 -0.409906 0.021402
v -1.852729 -0.390163 0.038812
v -1.919369 -0.403049 0.002974
v -1.865099 -0.393106 0.004240
v -1.910065 -0.398612 -0.012816
v -1.927614 -0.393125 -0.010421
v -1.806412 -0.371822 0.023319
v -1.932621 -0.364691 -0.028620
v -1.936607 -0.380288 -0.017272
v -1.945782 -0.363617 -0.017479
v -1.954070 -0.343530 -0.013149
v -1.889489 -0.376397 -0.028169
v -1.950248 -0.330622 -0.021195
v -1.960155 -0.324369 -0.005171
v -1.912162 -0.344343 -0.038999
v -1.826879 -0.369503 -0.025349
v -1.865479 -0.353345 -0.053596
v -1.958528 -0.303599 -0.004588
v -1.962828 -0.309199 0.007133
v -1.929171 -0.314987 -0.027079
v -1.890853 -0.320952 -0.057968
v -1.957778 -0.285998 0.021313
v -1.961526 -0.299832 0.024583
v -1.956437 -0.295556 0.047157
v -1.938548 -0.289219 -0.008626
v -1.945430 -0.277958 0.064396
v -1.950465 -0.292742 0.069042
v -1.935148 -0.274478 0.016639
v -1.919823 -0.262803 0.056875
v -1.925403 -0.276712 0.015647
v -1.911889 -0.266852 0.052100
v -1.916290 -0.263551 0.005027
v -1.907382 -0.267693 0.007548
v -1.905345 -0.287388 -0.042305
v -1.912857 -0.269372 -0.024336
v -1.911696 -0.244225 -0.008765
v -1.902823 -0.245570 -0.005322
v -1.892086 -0.267694 -0.058585
v -1.910020 -0.231498 -0.006874
v -1.900234 -0.227681 0.001155
v -1.887627 -0.216547 -0.046280
v -1.890519 -0.237836 -0.051919
v -1.890170 -0.220742 -0.051072
v -1.868810 -0.210479 -0.073638
v -1.868910 -0.215179 -0.080417
v -1.845411 -0.204300 -0.095706
v -1.845773 -0.208494 -0.100943
v -1.818892 -0.197641 -0.112183
v -1.862988 -0.229472 -0.083560
v -1.817714 -0.201264 -0.117923
v -1.790452 -0.190857 -0.127335
v -1.839863 -0.221714 -0.100632
v -1.777719 -0.192994 -0.138957
v -1.773820 -0.185835 -0.132606
v -1.806451 -0.211972 -0.119689
v -1.769762 -0.199154 -0.143639
v -1.757002 -0.195477 -0.141093
v -1.758681 -0.207209 -0.144614
v -1.746312 -0.204598 -0.141919
v -1.784667 -0.216181 -0.127423
v -1.745741 -0.222153 -0.142883
v -1.733521 -0.220136 -0.137992
v -1.769228 -0.226445 -0.132075
v -1.786661 -0.228573 -0.123226
v -1.729742 -0.246474 -0.142936
v -1.716949 -0.244237 -0.139992
v -1.751609 -0.250117 -0.132849
v -1.773607 -0.251868 -0.126321
v -1.785799 -0.231850 -0.117148
v -1.774074 -0.251596 -0.118979
v -1.764610 -0.272715 -0.119995
v -1.761065 -0.274799 -0.126018
v -1.812392 -0.236319 -0.114485
v -1.785799 -0.231850 -0.117148
v -1.812859 -0.240031 -0.106877
v -1.834789 -0.243832 -0.102330
v -1.835017 -0.247933 -0.095261
v -1.852873 -0.246168 -0.089365
v -1.852220 -0.248820 -0.081138
v -1.872492 -0.243284 -0.073496
v -1.868016 -0.244993 -0.068220
v -1.885269 -0.266847 -0.055698
v -1.874441 -0.304039 -0.066040
v -1.885269 -0.266847 -0.055698
v -1.877434 -0.306754 -0.066957
v -1.847548 -0.336837 -0.060804
v -1.851143 -0.342132 -0.062947
v -1.817823 -0.336276 -0.077070
v -1.847548 -0.336837 -0.060804
v -1.818935 -0.330668 -0.071157
v -1.814552 -0.320628 -0.085469
v -1.784498 -0.362712 -0.038517
v -1.769267 -0.370219 0.026287
v -1.811663 -0.323900 -0.090808
v -1.805555 -0.307766 -0.094334
v -1.781363 -0.343749 -0.069762
v -1.800912 -0.309377 -0.102471
v -1.790734 -0.291809 -0.106390
v -1.765829 -0.361879 -0.023307
v -1.762060 -0.363430 0.022368
v -1.756401 -0.359227 -0.021657
v -1.758463 -0.353661 -0.049293
v -1.747953 -0.352236 -0.046745
v -1.745107 -0.349826 -0.064327
v -1.734109 -0.347179 -0.061746
v -1.769219 -0.333538 -0.084069
v -1.785245 -0.294733 -0.112904
v -1.764610 -0.272715 -0.119995
v -1.751698 -0.322551 -0.099214
v -1.722006 -0.336245 -0.087676
v -1.708933 -0.334741 -0.084702
v -1.699730 -0.325868 -0.097419
v -1.733055 -0.305441 -0.113585
v -1.712015 -0.313592 -0.112710
v -1.695683 -0.313109 -0.101479
v -1.697515 -0.307220 -0.113453
v -1.742024 -0.273003 -0.128119
v -1.719483 -0.278140 -0.132402
v -1.703322 -0.282562 -0.127746
v -1.921295 -0.293619 0.098291
v -1.937659 -0.302457 0.096525
v -1.929930 -0.318952 0.100223
v -1.896764 -0.335342 0.096803
v -1.921939 -0.341575 0.097763
v -1.892915 -0.278795 0.086351
v -1.913653 -0.364761 0.091634
v -1.860113 -0.312546 0.068921
v -1.888952 -0.279596 0.077253
v -1.885992 -0.372211 0.080294
v -1.907073 -0.384285 0.083371
v -1.902962 -0.398930 0.072070
v -1.882325 -0.405903 0.051226
v -1.902317 -0.408345 0.057683
v -1.852729 -0.390163 0.038812
v -1.850483 -0.356073 0.063201
v -1.859531 -0.319073 0.075939
v -1.812464 -0.342290 0.056167
v -1.806412 -0.371822 0.023319
v -1.825156 -0.300747 0.078095
v -1.824808 -0.291922 0.071401
v -1.769267 -0.370219 0.026287
v -1.783494 -0.307423 0.086628
v -1.782351 -0.299159 0.081082
v -1.773010 -0.334279 0.056056
v -1.775452 -0.339263 0.061664
v -1.762060 -0.363430 0.022368
v -1.864089 0.391933 0.284204
v -1.858850 0.416690 0.261639
v -1.867708 0.412930 0.268252
v -1.853162 0.370280 0.291347
v -1.839743 0.404253 0.245434
v -1.866917 0.366438 0.291305
v -1.835435 0.363875 0.272296
v -1.790058 0.392038 0.218566
v -1.864932 0.327882 0.291940
v -1.876101 0.337642 0.289149
v -1.889605 0.309464 0.278948
v -1.846893 0.324734 0.275488
v -1.886217 0.293713 0.277943
v -1.905087 0.285431 0.262418
v -1.907289 0.268459 0.255708
v -1.890467 0.272041 0.245195
v -1.869887 0.292150 0.265207
v -1.866733 0.265975 0.235235
v -1.843972 0.277961 0.251657
v -1.842765 0.285317 0.238717
v -1.864148 0.271063 0.228733
v -1.802922 0.319694 0.250127
v -1.802671 0.315747 0.243594
v -1.788791 0.354491 0.242284
v -1.765148 0.303696 0.243359
v -1.763751 0.295899 0.235801
v -1.740517 0.352520 0.221899
v -1.734579 0.386982 0.186671
v -1.686942 0.320830 0.226095
v -1.677488 0.310660 0.218747
v -1.689461 0.355144 0.187633
v -1.692289 0.359530 0.197424
v -1.697775 0.378580 0.165820
v -1.694025 0.372747 0.159214
v -1.899646 0.273938 0.163978
v -1.868994 0.239730 0.179328
v -1.880476 0.261731 0.204790
v -1.882027 0.247906 0.145851
v -1.869335 0.218639 0.168185
v -1.888168 0.254308 0.123339
v -1.884965 0.224343 0.135236
v -1.893001 0.196176 0.157742
v -1.886143 0.224679 0.105917
v -1.907103 0.206986 0.124219
v -1.933258 0.192655 0.148588
v -1.910865 0.203030 0.102479
v -1.949943 0.199247 0.112530
v -0.881700 -0.244883 -0.335787
v -0.876381 -0.214910 -0.340665
v -0.874887 -0.215951 -0.346478
v -0.880315 -0.246455 -0.341697
v -0.867496 -0.218220 -0.355269
v -0.885722 -0.272889 -0.325905
v -0.873057 -0.249609 -0.350338
v -0.851418 -0.221798 -0.354160
v -0.884393 -0.275535 -0.330895
v -0.888360 -0.298905 -0.310239
v -0.856926 -0.252960 -0.349084
v -0.843390 -0.222070 -0.345622
v -0.887064 -0.302062 -0.314976
v -0.889493 -0.322271 -0.289117
v -0.877223 -0.279458 -0.339306
v -0.861081 -0.282406 -0.338303
v -0.888273 -0.326097 -0.293169
v -0.889194 -0.342338 -0.263147
v -0.879900 -0.307335 -0.322004
v -0.887920 -0.346828 -0.266272
v -0.887711 -0.357652 -0.234414
v -0.881092 -0.332181 -0.299350
v -0.863809 -0.309641 -0.321724
v -0.865033 -0.334118 -0.299491
v -0.886383 -0.362777 -0.236461
v -0.885182 -0.367127 -0.204743
v -0.880805 -0.353868 -0.271167
v -0.864726 -0.355263 -0.272069
v -0.883798 -0.372617 -0.205918
v -0.879163 -0.370705 -0.239851
v -0.880233 -0.375991 -0.175598
v -0.881695 -0.370285 -0.175275
v -0.876494 -0.381107 -0.208042
v -0.863138 -0.371602 -0.241577
v -0.875725 -0.373116 -0.145795
v -0.877284 -0.367346 -0.146287
v -0.870179 -0.364357 -0.116755
v -0.871875 -0.358698 -0.117978
v -0.862453 -0.373130 -0.115657
v -0.872815 -0.384834 -0.176505
v -0.868171 -0.382059 -0.145615
v -0.852065 -0.383108 -0.147874
v -0.846455 -0.374074 -0.118535
v -0.856672 -0.385973 -0.178272
v -0.838852 -0.365885 -0.122892
v -0.860463 -0.381818 -0.210200
v -0.844249 -0.374580 -0.151129
v -0.848729 -0.377270 -0.180497
v -0.843804 -0.357201 -0.153534
v -0.838836 -0.348891 -0.127611
v -0.862427 -0.339787 -0.124906
v -0.867288 -0.348018 -0.150235
v -0.847886 -0.360305 -0.179955
v -0.871282 -0.351158 -0.176027
v -0.874429 -0.348799 -0.202165
v -0.851107 -0.357788 -0.206754
v -0.876704 -0.340699 -0.228449
v -0.852231 -0.374114 -0.209970
v -0.853436 -0.349401 -0.233735
v -0.878021 -0.327501 -0.253510
v -0.854772 -0.364641 -0.239642
v -0.854785 -0.335839 -0.259438
v -0.878258 -0.309917 -0.276112
v -0.856262 -0.349376 -0.268300
v -0.855029 -0.317794 -0.282659
v -0.877219 -0.289058 -0.294677
v -0.856543 -0.329384 -0.294151
v -0.853959 -0.296451 -0.301707
v -0.874816 -0.265803 -0.308277
v -0.855373 -0.306063 -0.315190
v -0.852741 -0.280087 -0.330802
v -0.851511 -0.272664 -0.315695
v -0.848715 -0.251939 -0.340905
v -0.847748 -0.246817 -0.324618
v -0.871120 -0.240520 -0.316914
v -0.842766 -0.219292 -0.328648
v -0.866225 -0.213577 -0.320771
v -1.065582 -0.307904 -0.025785
v -1.074158 -0.319526 -0.057261
v -1.073858 -0.324917 -0.055577
v -1.065194 -0.313040 -0.023438
v -1.056681 -0.291942 0.002281
v -1.068549 -0.334857 -0.053246
v -1.056229 -0.296633 0.005174
v -1.048033 -0.271627 0.026776
v -1.059868 -0.322649 -0.020270
v -1.047489 -0.275753 0.030119
v -1.039625 -0.247112 0.048072
v -1.050809 -0.305387 0.009282
v -1.042004 -0.283556 0.034705
v -1.038898 -0.250675 0.051877
v -1.030936 -0.219592 0.066735
v -1.033099 -0.257363 0.057222
v -1.030021 -0.222563 0.071001
v -1.021883 -0.188822 0.082879
v -1.023860 -0.228247 0.077087
v -1.020704 -0.191296 0.087622
v -1.012221 -0.155724 0.095883
v -1.014317 -0.196302 0.094259
v -1.011000 -0.157466 0.100857
v -1.002676 -0.121805 0.102254
v -1.004446 -0.161575 0.108170
v -1.001290 -0.122823 0.107511
v -0.994196 -0.088216 0.102751
v -0.994480 -0.125806 0.115380
v -0.989796 -0.166152 0.108161
v -0.992608 -0.088513 0.108147
v -0.999733 -0.201257 0.093944
v -0.979776 -0.129927 0.115360
v -0.989928 -0.199357 0.082437
v -0.980277 -0.165310 0.095675
v -0.999217 -0.230593 0.065830
v -0.970570 -0.130356 0.102263
v -1.009280 -0.233231 0.076704
v -1.008106 -0.258672 0.046716
v -1.018597 -0.262625 0.056640
v -1.027574 -0.289080 0.033912
v -1.016670 -0.283846 0.024929
v -1.036355 -0.311645 0.008158
v -1.025150 -0.305812 -0.000391
v -1.045310 -0.329571 -0.021450
v -1.033799 -0.323368 -0.029405
v -1.054047 -0.342327 -0.055006
v -1.042228 -0.335962 -0.061802
v -0.970627 -0.093964 0.116026
v -0.961808 -0.095949 0.102918
v -0.985439 -0.090211 0.116195
v -0.963656 -0.060371 0.110704
v -0.955102 -0.063823 0.097954
v -0.950461 -0.033699 0.088401
v -0.978440 -0.056570 0.111069
v -0.958910 -0.028783 0.100722
v -0.947154 -0.004046 0.074934
v -0.985936 -0.056076 0.102977
v -0.987663 -0.056589 0.097897
v -0.973613 -0.024869 0.101239
v -0.955448 0.002674 0.086523
v -0.944073 0.026651 0.057986
v -0.981212 -0.025471 0.093677
v -0.983042 -0.026600 0.088715
v -0.970168 0.006510 0.087284
v -0.977785 0.004746 0.080479
v -0.979650 0.002935 0.075920
v -0.966912 0.038815 0.069176
v -0.952173 0.035163 0.068338
v -0.941343 0.056065 0.035062
v -0.974589 0.035948 0.063529
v -0.976515 0.033344 0.059598
v -0.964030 0.069156 0.045077
v -0.949238 0.065897 0.044121
v -0.939864 0.081493 0.007957
v -0.971828 0.065259 0.040545
v -0.973857 0.061945 0.037243
v -0.962755 0.094555 0.016652
v -0.947688 0.092508 0.015619
v -0.940521 0.099734 -0.022733
v -0.970665 0.089495 0.013080
v -0.972713 0.085633 0.010423
v -0.963446 0.113446 -0.015215
v -0.948336 0.111813 -0.016644
v -0.943317 0.110366 -0.056118
v -0.971343 0.107672 -0.017584
v -0.973371 0.103396 -0.019503
v -0.951323 0.122782 -0.051841
v -0.948012 0.113596 -0.090882
v -0.966408 0.124264 -0.049989
v -0.956460 0.125571 -0.088767
v -0.953806 0.111190 -0.124591
v -0.974169 0.118171 -0.050988
v -0.976114 0.113696 -0.052077
v -0.962563 0.122891 -0.124169
v -0.959801 0.105348 -0.154773
v -0.971497 0.126899 -0.086502
v -0.978966 0.120917 -0.085943
v -0.980723 0.116531 -0.086003
v -0.984715 0.118227 -0.119495
v -0.986262 0.114064 -0.118632
v -0.991469 0.106606 -0.140901
v -0.977584 0.123876 -0.121553
v -0.990643 0.112308 -0.149554
v -0.992095 0.107999 -0.148000
v -0.968816 0.116795 -0.155783
v -0.983871 0.117395 -0.152927
v -0.997285 0.101666 -0.177029
v -0.998537 0.097750 -0.174781
v -1.006087 0.082181 -0.200175
v -0.975677 0.106231 -0.184522
v -0.966422 0.095046 -0.182289
v -0.990706 0.106723 -0.181392
v -1.004940 0.085988 -0.203054
v -1.014830 0.060971 -0.224905
v -0.983708 0.089853 -0.211936
v -0.974156 0.079422 -0.208502
v -0.976313 0.074192 -0.214550
v -0.998593 0.090721 -0.208383
v -0.993109 0.067286 -0.238877
v -0.983363 0.057220 -0.234385
v -1.013888 0.064365 -0.228423
v -1.007830 0.068499 -0.234865
v -1.023253 0.039143 -0.251847
v -1.025228 0.031714 -0.250734
v -1.017383 0.042874 -0.259148
v -1.002858 0.041086 -0.263562
v -0.992867 0.031645 -0.258030
v -1.032650 0.011029 -0.272230
v -1.037858 -0.006097 -0.276241
v -1.027060 0.013929 -0.280382
v -1.012656 0.011812 -0.285066
v -1.002290 0.003511 -0.278477
v -1.036617 -0.017133 -0.298147
v -1.042028 -0.019243 -0.289635
v -1.052474 -0.055265 -0.299696
v -1.022297 -0.019665 -0.302895
v -1.011755 -0.027015 -0.295985
v -1.046993 -0.052914 -0.313503
v -1.052168 -0.053996 -0.304736
v -1.062799 -0.092603 -0.311527
v -1.032578 -0.055465 -0.317907
v -1.021920 -0.061695 -0.311154
v -1.057748 -0.092264 -0.325511
v -1.062665 -0.092102 -0.316654
v -1.071719 -0.126069 -0.318076
v -1.043225 -0.094861 -0.329481
v -1.032342 -0.099587 -0.323034
v -1.071712 -0.126228 -0.323147
v -1.079454 -0.158026 -0.319086
v -1.079598 -0.159000 -0.324065
v -1.067002 -0.127522 -0.331905
v -1.075160 -0.161613 -0.332707
v -1.052534 -0.130682 -0.335741
v -1.060831 -0.165200 -0.336724
v -1.041346 -0.133996 -0.329225
v -1.049251 -0.166747 -0.330204
v -1.086508 -0.190375 -0.314522
v -1.079454 -0.158026 -0.319086
v -1.079598 -0.159000 -0.324065
v -1.086770 -0.192314 -0.319402
v -1.075160 -0.161613 -0.332707
v -1.088022 -0.194526 -0.308826
v -1.082549 -0.196481 -0.327909
v -1.060831 -0.165200 -0.336724
v -1.092709 -0.224585 -0.308248
v -1.092345 -0.221804 -0.303567
v -1.096581 -0.250652 -0.286675
v -1.068356 -0.200438 -0.332387
v -1.049251 -0.166747 -0.330204
v -1.056293 -0.200056 -0.325798
v -1.062007 -0.233139 -0.315245
v -1.088636 -0.230190 -0.316552
v -1.097023 -0.254199 -0.291023
v -1.098998 -0.275786 -0.263809
v -1.074560 -0.235024 -0.321507
v -1.066206 -0.263800 -0.298356
v -1.093084 -0.261102 -0.298875
v -1.079087 -0.266674 -0.303959
v -1.081381 -0.293898 -0.279509
v -1.068422 -0.290202 -0.275026
v -1.099457 -0.279956 -0.267687
v -1.095510 -0.287973 -0.274642
v -1.081391 -0.316521 -0.248788
v -1.068391 -0.311884 -0.245698
v -1.099647 -0.301546 -0.238574
v -1.099252 -0.296885 -0.235513
v -1.095598 -0.310283 -0.244305
v -1.079169 -0.333713 -0.212646
v -1.066313 -0.328483 -0.211419
v -1.097756 -0.317884 -0.204494
v -1.097483 -0.312894 -0.202387
v -1.093505 -0.327163 -0.208698
v -1.074908 -0.345494 -0.173028
v -1.062252 -0.339783 -0.173728
v -1.056714 -0.344633 -0.135064
v -1.093793 -0.329088 -0.167056
v -1.093662 -0.323881 -0.165967
v -1.089272 -0.338655 -0.169523
v -1.069118 -0.350803 -0.131993
v -1.049987 -0.343174 -0.097442
v -1.088391 -0.333705 -0.128570
v -1.088459 -0.328395 -0.128656
v -1.083533 -0.343538 -0.129076
v -1.081727 -0.332200 -0.091135
v -1.081841 -0.326662 -0.091831
v -1.076498 -0.342061 -0.089761
v -1.073858 -0.324917 -0.055577
v -1.074158 -0.319526 -0.057261
v -1.068549 -0.334857 -0.053246
v -1.062076 -0.349610 -0.092163
v -1.054047 -0.342327 -0.055006
v -1.042228 -0.335962 -0.061802
v -0.951823 0.063958 -0.211512
v -0.983363 0.057220 -0.234385
v -0.976313 0.074192 -0.214550
v -0.923450 0.024676 -0.236050
v -0.914745 0.046024 -0.212560
v -0.992867 0.031645 -0.258030
v -0.932518 -0.000146 -0.257280
v -1.002290 0.003511 -0.278477
v -0.941630 -0.027563 -0.275733
v -1.011755 -0.027015 -0.295985
v -0.950724 -0.057008 -0.291533
v -1.021920 -0.061695 -0.311154
v -0.959969 -0.088911 -0.304878
v -1.032342 -0.099587 -0.323034
v -0.969005 -0.122355 -0.315022
v -1.041346 -0.133996 -0.329225
v -0.951321 -0.160909 -0.327989
v -0.948003 -0.143914 -0.324418
v -1.049251 -0.166747 -0.330204
v -0.923720 -0.169554 -0.332319
v -0.958148 -0.191446 -0.328554
v -1.056293 -0.200056 -0.325798
v -0.876381 -0.214910 -0.340665
v -0.963918 -0.221545 -0.323869
v -0.881700 -0.244883 -0.335787
v -0.968537 -0.250775 -0.314061
v -0.885722 -0.272889 -0.325905
v -1.062007 -0.233139 -0.315245
v -0.888360 -0.298905 -0.310239
v -0.971766 -0.278249 -0.298538
v -1.066206 -0.263800 -0.298356
v -0.889493 -0.322271 -0.289117
v -0.973369 -0.302882 -0.277388
v -1.068422 -0.290202 -0.275026
v -0.889194 -0.342338 -0.263147
v -0.973094 -0.323178 -0.250883
v -1.068391 -0.311884 -0.245698
v -0.887711 -0.357652 -0.234414
v -0.971255 -0.338658 -0.220665
v -1.066313 -0.328483 -0.211419
v -0.885182 -0.367127 -0.204743
v -0.968055 -0.348691 -0.188388
v -1.062252 -0.339783 -0.173728
v -0.881695 -0.370285 -0.175275
v -0.963700 -0.352516 -0.155824
v -1.056714 -0.344633 -0.135064
v -0.877284 -0.367346 -0.146287
v -0.958399 -0.350344 -0.123973
v -1.049987 -0.343174 -0.097442
v -0.952221 -0.342527 -0.093315
v -0.871875 -0.358698 -0.117978
v -1.042228 -0.335962 -0.061802
v -1.091753 -0.316353 -0.051328
v -1.081841 -0.326662 -0.091831
v -1.074158 -0.319526 -0.057261
v -1.100564 -0.323472 -0.087635
v -1.088459 -0.328395 -0.128656
v -1.112603 -0.313184 -0.044175
v -1.109310 -0.321782 -0.126465
v -1.093662 -0.323881 -0.165967
v -1.121466 -0.320203 -0.082785
v -1.141149 -0.318485 -0.077000
v -1.133562 -0.311090 -0.036266
v -1.148345 -0.311554 -0.122182
v -1.129903 -0.315775 -0.124507
v -1.116666 -0.314620 -0.164367
v -1.140545 -0.305276 -0.165795
v -1.158471 -0.299712 -0.165503
v -1.162119 -0.293935 -0.178307
v -1.121895 -0.302739 -0.197628
v -1.097483 -0.312894 -0.202387
v -1.145493 -0.294009 -0.194047
v -1.166448 -0.287699 -0.190088
v -1.126837 -0.286204 -0.227403
v -1.099252 -0.296885 -0.235513
v -1.098998 -0.275786 -0.263809
v -1.153964 -0.276715 -0.220688
v -1.178673 -0.267153 -0.217446
v -1.130817 -0.253942 -0.259557
v -1.096581 -0.250652 -0.286675
v -1.162234 -0.246459 -0.246871
v -1.191495 -0.244355 -0.238276
v -1.131888 -0.216661 -0.280106
v -1.092345 -0.221804 -0.303567
v -1.171517 -0.212192 -0.263040
v -1.207666 -0.210400 -0.253664
v -1.127714 -0.187264 -0.286431
v -1.088022 -0.194526 -0.308826
v -1.122342 -0.176880 -0.293789
v -1.165752 -0.162754 -0.278468
v -1.175324 -0.180879 -0.271517
v -1.217239 -0.176955 -0.260604
v -1.224288 -0.142926 -0.261055
v -1.846125 -0.106117 -0.144791
v -1.811349 -0.080244 -0.138849
v -1.808565 -0.106347 -0.138364
v -1.847178 -0.080928 -0.144008
v -1.812026 -0.056068 -0.133567
v -1.875545 -0.105777 -0.145028
v -1.847444 -0.057538 -0.138479
v -1.878245 -0.081625 -0.143219
v -1.901661 -0.109690 -0.140235
v -1.877359 -0.056965 -0.137551
v -1.904774 -0.082562 -0.138868
v -1.904061 -0.055006 -0.132409
v -1.918412 -0.084997 -0.129735
v -1.917614 -0.052342 -0.122562
v -1.912913 -0.115485 -0.131759
v -1.924388 -0.051000 -0.107967
v -1.925935 -0.088240 -0.114143
v -1.919205 -0.123529 -0.114085
v -1.931528 -0.092597 -0.091187
v -1.928851 -0.049426 -0.080929
v -1.920775 -0.132676 -0.092704
v -1.930811 -0.096315 -0.065478
v -1.924778 -0.051244 -0.052563
v -1.914538 -0.142975 -0.062432
v -1.915576 0.191148 -0.024709
v -1.935387 0.142252 -0.014480
v -1.912450 0.186679 0.003117
v -1.934385 0.148379 -0.039921
v -1.942616 0.096268 -0.024391
v -1.913772 0.191856 -0.044785
v -1.942793 0.105425 -0.049407
v -1.929262 0.150619 -0.058794
v -1.937920 0.112180 -0.068147
v -1.928438 0.118333 -0.084790
v -1.919716 0.152674 -0.078212
v -1.906717 0.189633 -0.066824
v -1.912609 0.119957 -0.093626
v -1.904396 0.151417 -0.088359
v -1.893708 0.184755 -0.077313
v -1.866263 0.172856 -0.082899
v -1.874954 0.143922 -0.092113
v -1.883129 0.114689 -0.095555
v -1.834143 0.160285 -0.082823
v -1.840870 0.134085 -0.091743
v -1.797631 0.147305 -0.080104
v -1.847561 0.107692 -0.095746
v -1.806426 0.123744 -0.087348
v -1.813305 0.100564 -0.091410
v -1.754550 0.326207 -0.024180
v -1.714916 0.326945 -0.012617
v -1.726295 0.307019 -0.023602
v -1.743445 0.346927 -0.018823
v -1.702704 0.342090 0.001849
v -1.780089 0.340187 -0.021842
v -1.733613 0.362039 -0.006503
v -1.769126 0.361991 -0.016228
v -1.805823 0.351802 -0.021442
v -1.755606 0.378640 -0.002778
v -1.791743 0.374264 -0.010261
v -1.775894 0.392667 0.004564
v -1.787059 0.400302 0.014400
v -1.804718 0.377821 -0.002426
v -1.819520 0.352361 -0.015254
v -1.793944 0.402447 0.027737
v -1.814652 0.376875 0.011126
v -1.831640 0.347495 -0.001525
v -1.824276 0.372164 0.032237
v -1.841714 0.337328 0.015907
v -1.847486 0.318130 0.043691
v -1.799685 0.401838 0.051893
v -1.829117 0.365225 0.056601
v -1.799930 0.397867 0.078918
v -0.857094 -0.340897 -0.135103
v -0.862427 -0.339787 -0.124906
v -0.867288 -0.348018 -0.150235
v -0.863481 -0.341407 -0.172386
v -0.871282 -0.351158 -0.176027
v -0.874429 -0.348799 -0.202165
v -0.828756 -0.346789 -0.176206
v -0.824955 -0.345830 -0.141038
v -0.865377 -0.332860 -0.208702
v -0.876704 -0.340699 -0.228449
v -0.705601 -0.367834 -0.191949
v -0.702020 -0.368922 -0.153966
v -0.832479 -0.339134 -0.213801
v -0.868697 -0.318520 -0.243338
v -0.878021 -0.327501 -0.253510
v -0.878258 -0.309917 -0.276112
v -0.709181 -0.366747 -0.229931
v -0.867927 -0.300622 -0.275233
v -0.877219 -0.289058 -0.294677
v -0.833861 -0.326215 -0.248589
v -0.865259 -0.277384 -0.300439
v -0.874816 -0.265803 -0.308277
v -0.833471 -0.308115 -0.281555
v -0.710390 -0.352490 -0.264625
v -0.535524 -0.412576 -0.250849
v -0.535281 -0.375713 -0.322011
v -0.711600 -0.338234 -0.299319
v -0.831919 -0.285741 -0.303814
v -0.707392 -0.308406 -0.318276
v -0.526839 -0.311882 -0.362331
v -0.828527 -0.256589 -0.317640
v -0.703184 -0.278579 -0.337234
v -0.862750 -0.249320 -0.313386
v -0.871120 -0.240520 -0.316914
v -0.866225 -0.213577 -0.320771
v -0.854453 -0.201903 -0.316312
v -0.860241 -0.185375 -0.320142
v -0.819139 -0.205792 -0.321252
v -0.692045 -0.224447 -0.341463
v -0.808733 -0.156686 -0.312783
v -0.505825 -0.197695 -0.359019
v -0.681322 -0.174108 -0.333031
v -0.844518 -0.151605 -0.307225
v -0.853298 -0.156365 -0.315404
v -0.845551 -0.127049 -0.306960
v -0.669502 -0.125435 -0.316551
v -0.797235 -0.109015 -0.295439
v -0.832794 -0.103235 -0.289276
v -0.837193 -0.097930 -0.295312
v -0.828452 -0.069665 -0.280798
v -0.657809 -0.079227 -0.292894
v -0.818006 -0.058487 -0.265943
v -0.819577 -0.042912 -0.263808
v -0.784781 -0.063056 -0.271134
v -0.802917 -0.015436 -0.233346
v -0.810829 -0.018495 -0.244514
v -0.802462 0.002812 -0.223134
v -0.770242 -0.019796 -0.238585
v -0.788150 0.018730 -0.194653
v -0.794704 0.020221 -0.199827
v -0.787748 0.033017 -0.174754
v -0.644724 -0.037146 -0.260336
v -0.755689 0.014416 -0.198029
v -0.777368 0.036300 -0.149842
v -0.781759 0.040599 -0.148118
v -0.776871 0.042531 -0.120200
v -0.633036 -0.005965 -0.220159
v -0.769838 0.034928 -0.110661
v -0.773209 0.038563 -0.091388
v -0.744493 0.030317 -0.156891
v -0.765558 0.025076 -0.075758
v -0.770771 0.028650 -0.062158
v -0.737558 0.028626 -0.115002
v -0.762843 0.008993 -0.040461
v -0.769578 0.013326 -0.033697
v -0.769786 -0.005944 -0.008433
v -0.760860 -0.014235 -0.002421
v -0.732309 0.018292 -0.079278
v -0.730587 0.004251 -0.045349
v -0.728549 -0.022013 -0.006196
v -0.611784 -0.014084 -0.058747
v -0.613678 -0.041006 -0.018369
v -0.614582 0.002156 -0.099342
v -0.620894 -0.082460 0.007467
v -0.733535 -0.057620 0.016556
v -0.617254 0.010435 -0.134778
v -0.623949 0.010230 -0.178087
v -0.461991 -0.027565 -0.245188
v -0.483461 -0.098576 -0.321290
v -0.302637 -0.116037 -0.351406
v -0.323197 -0.220026 -0.391996
v -0.107700 -0.130797 -0.382242
v -0.127254 -0.243501 -0.430285
v -0.766576 -0.053126 0.021616
v -0.771607 -0.027720 0.011540
v -0.774979 -0.051514 0.025838
v -0.779768 -0.076846 0.034366
v -0.744430 -0.107305 0.025906
v -0.778551 -0.103189 0.030003
v -0.785793 -0.103397 0.037381
v -0.792824 -0.130862 0.035332
v -0.788036 -0.149930 0.031225
v -0.755842 -0.156536 0.028174
v -0.808892 -0.187172 0.018414
v -0.800609 -0.158910 0.028794
v -0.817402 -0.215194 0.004811
v -2.105793 -0.058522 0.070651
v -2.095284 -0.057571 0.142203
v -2.084622 -0.056749 0.137898
v -2.138186 -0.060855 0.091073
v -2.108003 -0.065835 0.057621
v -2.149324 -0.072998 0.071787
v -2.151888 -0.061185 0.135809
v -2.138836 -0.065244 0.170946
v -2.164469 -0.064279 0.109368
v -2.112885 -0.087772 0.035830
v -2.108003 -0.065835 0.057621
v -2.186447 -0.069563 0.141431
v -2.156477 -0.089640 0.055822
v -2.173245 -0.065623 0.118957
v -2.175347 -0.074363 0.088939
v -2.186019 -0.077032 0.101520
v -2.200598 -0.081252 0.124487
v -2.210002 -0.079751 0.179437
v -2.167761 -0.077514 0.211990
v -2.215117 -0.094828 0.257730
v -2.229266 -0.101120 0.157191
v -2.210031 -0.099304 0.110512
v -2.251081 -0.093591 0.224947
v -2.278693 -0.100598 0.253189
v -2.246014 -0.105420 0.296753
v -2.272446 -0.116123 0.208479
v -2.210745 -0.125047 0.102561
v -2.236822 -0.133412 0.142660
v -2.194908 -0.095608 0.086750
v -2.195441 -0.121170 0.078956
v -2.183421 -0.092420 0.072113
v -2.183974 -0.118804 0.064623
v -2.156795 -0.115502 0.048745
v -2.111928 -0.111908 0.028650
v -2.192049 -0.147115 0.075878
v -2.180587 -0.145978 0.062116
v -2.153740 -0.142408 0.045846
v -2.110489 -0.137062 0.027045
v -2.208341 -0.151851 0.098001
v -2.147007 -0.164443 0.050226
v -2.104919 -0.163403 0.035695
v -2.100638 -0.176423 0.049791
v -2.173289 -0.171945 0.066658
v -2.135942 -0.183122 0.067599
v -2.087402 -0.197958 0.098060
v -2.132855 -0.205497 0.130620
v -2.167789 -0.188745 0.088553
v -2.184898 -0.170047 0.077218
v -2.186004 -0.193224 0.112520
v -2.163792 -0.210619 0.173381
v -2.200693 -0.173882 0.098940
v -2.208011 -0.199108 0.145871
v -2.216691 -0.221792 0.231150
v -2.229702 -0.168904 0.137682
v -2.256788 -0.208067 0.199479
v -2.281587 -0.215635 0.230502
v -2.248193 -0.230312 0.272491
v -2.275074 -0.183379 0.194891
v -2.281614 -0.149322 0.197957
v -2.299449 -0.192429 0.223731
v -2.298727 -0.121439 0.237540
v -2.305903 -0.157757 0.224991
v -2.306130 -0.114577 0.256618
v -2.317059 -0.134281 0.247829
v -2.290293 -0.104263 0.267993
v -2.295613 -0.107329 0.278692
v -2.313791 -0.118314 0.270050
v -2.302897 -0.113561 0.298034
v -2.252769 -0.108743 0.318721
v -2.264812 -0.114469 0.348187
v -2.325449 -0.138458 0.262180
v -2.320408 -0.126803 0.291620
v -2.316266 -0.126534 0.333605
v -2.318367 -0.160662 0.242396
v -2.331237 -0.145993 0.286001
v -2.316494 -0.186778 0.238937
v -2.326934 -0.163910 0.257204
v -2.332213 -0.169060 0.281213
v -2.336288 -0.148712 0.321750
v -2.341475 -0.176748 0.314939
v -2.328957 -0.192088 0.279123
v -2.324420 -0.188986 0.254184
v -2.314303 -0.209991 0.254644
v -2.307226 -0.207141 0.240291
v -2.292446 -0.219576 0.247408
v -2.296827 -0.221665 0.258693
v -2.319472 -0.210672 0.278216
v -2.304348 -0.223397 0.280725
v -2.253657 -0.233995 0.299282
v -2.333339 -0.204677 0.313429
v -2.317742 -0.224799 0.317916
v -2.264934 -0.239707 0.334768
v -2.346512 -0.182560 0.344729
v -2.340131 -0.208881 0.346403
v -2.326170 -0.229062 0.353902
v -2.306761 -0.242341 0.370119
v -2.284823 -0.247452 0.382343
v -2.339500 -0.219093 0.370295
v -2.312621 -0.244763 0.393169
v -2.310462 -0.247765 0.424367
v -2.327296 -0.232195 0.373020
v -2.329204 -0.244261 0.420763
v -2.330572 -0.242787 0.447563
v -2.333384 -0.236727 0.401603
v -2.343088 -0.238948 0.441329
v -2.339817 -0.232083 0.402252
v -2.347338 -0.236572 0.426552
v -2.354810 -0.217492 0.398928
v -2.353996 -0.231329 0.451228
v -2.333075 -0.236073 0.457823
v -2.342741 -0.227077 0.467197
v -2.346257 -0.204728 0.364199
v -2.360988 -0.220776 0.462108
v -2.348806 -0.205787 0.476883
v -2.356584 -0.232518 0.439952
v -2.365389 -0.203861 0.469059
v -2.346550 -0.182813 0.476022
v -2.369137 -0.218026 0.450282
v -2.373767 -0.202550 0.456289
v -2.363461 -0.186265 0.467250
v -2.356681 -0.173301 0.460547
v -2.335361 -0.167644 0.469035
v -2.371374 -0.186911 0.455011
v -2.344540 -0.160302 0.453514
v -2.331680 -0.156480 0.460945
v -2.360377 -0.171011 0.448246
v -2.336691 -0.153870 0.440512
v -2.319298 -0.145384 0.447266
v -2.352120 -0.161008 0.436852
v -2.318886 -0.137221 0.414602
v -2.306382 -0.136450 0.428471
v -2.287251 -0.124633 0.394235
v -2.336732 -0.147097 0.413130
v -2.307856 -0.127267 0.381786
v -2.334645 -0.144344 0.389714
v -2.325994 -0.138317 0.368564
v -2.343354 -0.154829 0.414040
v -2.341356 -0.155554 0.380583
v -2.342813 -0.157627 0.354603
v -2.357794 -0.170194 0.405908
v -2.348527 -0.169005 0.370447
v -2.349056 -0.186607 0.364665
v -2.363001 -0.193809 0.399211
v -2.364524 -0.222347 0.431682
v -2.374146 -0.200538 0.437066
v -2.368109 -0.177505 0.438520
v -2.358090 -0.235292 0.437291
v -2.362161 -0.166492 0.445209
v -2.355394 -0.235413 0.438226
v -2.359025 -0.165630 0.446231
v -2.362697 -0.230526 0.445242
v -2.366782 -0.174001 0.453433
v -2.370128 -0.174562 0.452119
v -2.374927 -0.186462 0.457610
v -2.377805 -0.186867 0.456284
v -2.379752 -0.202806 0.457222
v -2.377117 -0.202688 0.459015
v -2.375000 -0.218613 0.451544
v -2.372177 -0.218841 0.453146
v -2.365406 -0.230761 0.443961
v -1.993732 -0.317291 0.088677
v -2.009942 -0.321762 0.099554
v -1.982237 -0.332333 0.108688
v -1.991414 -0.337125 0.114333
v -1.966881 -0.369380 0.112632
v -2.008691 -0.334507 0.115673
v -2.020757 -0.329293 0.107612
v -1.972661 -0.372566 0.116702
v -1.954273 -0.408019 0.098973
v -2.009177 -0.351514 0.133428
v -2.044369 -0.349164 0.134931
v -1.962753 -0.412832 0.104640
v -1.951841 -0.425448 0.074880
v -1.966102 -0.433967 0.085127
v -1.989088 -0.382543 0.133551
v -1.979205 -0.420719 0.123680
v -1.984154 -0.441275 0.105838
v -2.009260 -0.396737 0.155372
v -1.999209 -0.433668 0.145757
v -2.010701 -0.456393 0.130710
v -2.030267 -0.364996 0.155467
v -2.078867 -0.373393 0.168194
v -2.029860 -0.451392 0.169129
v -2.036324 -0.473430 0.154581
v -2.038657 -0.416609 0.179876
v -2.048940 -0.461998 0.184190
v -2.052876 -0.484251 0.170647
v -2.064485 -0.492414 0.184917
v -2.057101 -0.385242 0.178850
v -2.073307 -0.399272 0.193862
v -2.093235 -0.386125 0.185337
v -2.058156 -0.429479 0.194921
v -2.088592 -0.411959 0.217106
v -2.111019 -0.403642 0.213243
v -2.068850 -0.439741 0.215090
v -2.060909 -0.473661 0.206863
v -2.075469 -0.500643 0.208790
v -2.078483 -0.452433 0.243686
v -2.101797 -0.424463 0.248031
v -2.129042 -0.424716 0.249358
v -2.072609 -0.490569 0.239841
v -2.090779 -0.513428 0.238191
v -2.092925 -0.463853 0.265248
v -2.116068 -0.436415 0.269715
v -2.143303 -0.439569 0.268311
v -2.087656 -0.501446 0.259869
v -2.106335 -0.521262 0.257803
v -2.133501 -0.454486 0.287887
v -2.155433 -0.453182 0.283159
v -2.116050 -0.479172 0.285497
v -2.149482 -0.473048 0.300798
v -2.164462 -0.468153 0.298151
v -2.163531 -0.485718 0.307208
v -2.137897 -0.492863 0.299193
v -2.155009 -0.502728 0.306243
v -2.145708 -0.517343 0.298881
v -2.130751 -0.514075 0.292760
v -2.136758 -0.525721 0.288155
v -2.121767 -0.525683 0.275020
v -2.108639 -0.508240 0.277616
v -2.060749 0.202893 0.137486
v -2.067239 0.205576 0.224722
v -2.028986 0.198516 0.210237
v -2.110624 0.219140 0.172105
v -2.105307 0.212737 0.244706
v -2.127806 0.211498 0.151073
v -2.079343 0.183461 0.103237
v -2.140716 0.223352 0.188296
v -2.138935 0.196149 0.131629
v -2.088056 0.160483 0.092625
v -2.156605 0.218147 0.166143
v -2.164987 0.224499 0.208907
v -2.137556 0.209736 0.273655
v -2.175808 0.220789 0.179800
v -2.169147 0.201278 0.146305
v -2.148143 0.168936 0.121547
v -2.151702 0.139205 0.115135
v -2.093434 0.133096 0.088165
v -2.177908 0.173682 0.136733
v -2.151491 0.114149 0.117517
v -2.093163 0.097992 0.099775
v -2.183171 0.144565 0.130938
v -2.184243 0.117216 0.132288
v -2.140898 0.089627 0.133864
v -2.069440 0.056395 0.166535
v -2.109144 0.060965 0.177596
v -2.171731 0.091296 0.149736
v -2.143427 0.062325 0.193014
v -2.195237 0.092672 0.168025
v -2.169159 0.064014 0.223005
v -2.205859 0.118310 0.146093
v -2.218330 0.093225 0.198398
v -2.219642 0.118493 0.164854
v -2.205629 0.146686 0.145606
v -2.245289 0.093572 0.233004
v -2.201757 0.066386 0.265625
v -2.237689 0.117726 0.189170
v -2.222326 0.145070 0.164736
v -2.286757 0.096174 0.280085
v -2.249005 0.071606 0.308406
v -2.267361 0.131649 0.223840
v -2.243387 0.142874 0.189868
v -2.321704 0.097384 0.319957
v -2.286791 0.073292 0.343551
v -2.303477 0.131908 0.273176
v -2.341540 0.096823 0.344004
v -2.303883 0.071882 0.362879
v -2.337169 0.129503 0.314047
v -2.301404 0.169436 0.277860
v -2.354177 0.117592 0.334645
v -2.334228 0.167587 0.317673
v -2.346954 0.094704 0.356400
v -2.357639 0.139886 0.335256
v -2.364691 0.115594 0.350288
v -2.353605 0.093438 0.374822
v -2.313120 0.066357 0.393646
v -2.370862 0.114112 0.372612
v -2.367560 0.139464 0.350566
v -2.354532 0.077055 0.428563
v -2.325989 0.061309 0.435172
v -2.342564 0.054304 0.478777
v -2.373205 0.095498 0.416219
v -2.370820 0.066520 0.476380
v -2.364183 0.053276 0.519349
v -2.385812 0.089022 0.455966
v -2.386621 0.062731 0.516946
v -2.394462 0.063187 0.551664
v -2.394965 0.081126 0.480545
v -2.414767 0.077911 0.546746
v -2.404668 0.069655 0.566177
v -2.404540 0.077526 0.510670
v -2.420014 0.082296 0.561159
v -2.405947 0.077975 0.577756
v -2.419646 0.086057 0.538699
v -2.428506 0.094979 0.576637
v -2.409629 0.091736 0.589613
v -2.428933 0.094175 0.562528
v -2.432751 0.104055 0.586765
v -2.407934 0.116212 0.602469
v -2.437898 0.110929 0.574420
v -2.431079 0.123055 0.595880
v -2.437613 0.127711 0.582250
v -2.421029 0.140669 0.595963
v -2.396921 0.136104 0.603254
v -2.428229 0.142665 0.583143
v -2.409357 0.149788 0.587367
v -2.383477 0.149307 0.594183
v -2.391767 0.163626 0.574617
v -2.406679 0.155590 0.572361
v -2.379937 0.162009 0.581983
v -2.362694 0.153540 0.587190
v -2.384931 0.171104 0.559929
v -2.369036 0.170166 0.566605
v -2.342887 0.159165 0.574537
v -2.347023 0.179628 0.537032
v -2.322754 0.175644 0.541972
v -2.369853 0.180232 0.533430
v -2.328541 0.188943 0.501624
v -2.300844 0.185355 0.503256
v -2.362949 0.184533 0.507013
v -2.315147 0.193290 0.456109
v -2.285656 0.188909 0.463069
v -2.353145 0.189684 0.474559
v -2.380272 0.176009 0.501855
v -2.388620 0.169129 0.547585
v -2.380526 0.174738 0.523430
v -2.405289 0.162246 0.569574
v -2.396488 0.168070 0.546327
v -2.415772 0.154753 0.577934
v -2.406287 0.163875 0.566415
v -2.418803 0.157020 0.575755
v -2.430930 0.144172 0.585707
v -2.407434 0.162619 0.547477
v -2.433955 0.145108 0.584084
v -2.397739 0.163247 0.509531
v -2.419749 0.150572 0.547097
v -2.388967 0.162575 0.483172
v -2.408549 0.138366 0.493158
v -2.428615 0.133539 0.544295
v -2.440793 0.127565 0.584997
v -2.443488 0.128098 0.583767
v -2.441766 0.109945 0.576550
v -2.444510 0.111058 0.575422
v -2.429156 0.115705 0.542315
v -2.434885 0.097748 0.568043
v -2.437840 0.099540 0.567801
v -2.429423 0.089538 0.560524
v -2.430839 0.090874 0.558695
v -2.425374 0.099564 0.539927
v -2.407404 0.086371 0.509690
v -2.412067 0.106914 0.499556
v -2.403637 0.096233 0.482458
v -2.402052 0.115241 0.470865
v -2.394551 0.117125 0.448641
v -2.398435 0.140970 0.471286
v -2.391685 0.146792 0.454159
v -2.377961 0.173198 0.465116
v -2.381315 0.154610 0.418694
v -2.383930 0.121362 0.412723
v -2.365897 0.183127 0.427807
v -2.373821 0.135339 0.374843
v -2.369933 0.161386 0.379779
v -2.363674 0.166214 0.354909
v -2.362341 0.185179 0.388374
v -2.355680 0.192094 0.362177
v -2.351857 0.167329 0.337460
v -2.344071 0.193188 0.344764
v -2.336665 0.206862 0.373815
v -2.345204 0.200578 0.396782
v -2.317378 0.199315 0.329680
v -2.325772 0.207536 0.356404
v -2.307534 0.213205 0.372034
v -2.287696 0.214847 0.347966
v -2.283395 0.199778 0.290824
v -2.264660 0.173257 0.229756
v -2.253054 0.215760 0.312127
v -2.236688 0.174489 0.196010
v -2.244339 0.206476 0.246208
v -2.216877 0.175099 0.171902
v -2.226557 0.204014 0.205912
v -2.200517 0.176212 0.151215
v -2.207695 0.204005 0.180994
v -2.191608 0.204188 0.161201
v -2.190378 0.219105 0.197966
v -2.208160 0.217670 0.222397
v -2.188526 0.221678 0.242047
v -2.213700 0.217973 0.272760
v -2.171705 0.203758 0.309977
v -2.211899 0.200975 0.344850
v -2.246054 0.200687 0.377119
v -2.261902 0.198403 0.398875
v -2.314654 0.211428 0.386871
v -2.295593 0.204053 0.416385
v -2.271695 0.194780 0.427020
v -2.323480 0.206657 0.407830
v -2.338772 0.194627 0.441886
v -2.004584 0.347100 0.170937
v -1.994119 0.298676 0.218566
v -2.015488 0.306251 0.229492
v -2.033190 0.352646 0.189256
v -2.003302 0.361549 0.166447
v -2.058143 0.359218 0.206742
v -2.043097 0.315953 0.257451
v -2.029287 0.372539 0.181918
v -1.996915 0.389062 0.167091
v -2.020030 0.395639 0.181317
v -2.042966 0.378248 0.190333
v -2.036434 0.403796 0.193173
v -2.059924 0.383553 0.200402
v -2.075451 0.364384 0.225524
v -2.092186 0.365458 0.249839
v -2.054595 0.318630 0.283808
v -2.078339 0.386993 0.219913
v -2.115980 0.368877 0.287766
v -2.076943 0.321311 0.313756
v -2.108327 0.329173 0.350061
v -2.094685 0.400276 0.248193
v -2.071468 0.412870 0.223701
v -2.141687 0.374879 0.324698
v -2.143960 0.337467 0.388844
v -2.118282 0.405486 0.288411
v -2.052589 0.409741 0.203382
v -2.056664 0.438045 0.232427
v -2.038272 0.434783 0.212364
v -2.077641 0.439741 0.260258
v -2.038638 0.459593 0.245892
v -2.023615 0.428707 0.202567
v -2.105066 0.441261 0.300390
v -2.020575 0.456653 0.224954
v -2.006571 0.421564 0.190957
v -1.996915 0.389062 0.167091
v -1.985130 0.413819 0.177395
v -2.005579 0.449517 0.214345
v -1.988517 0.443058 0.203444
v -1.969927 0.435449 0.190492
v -2.000317 0.464298 0.243921
v -1.973234 0.451131 0.223408
v -1.953931 0.445431 0.213768
v -1.944036 0.446343 0.233070
v -1.986259 0.457214 0.233012
v -1.959239 0.452323 0.246307
v -1.929710 0.434427 0.263457
v -1.982370 0.460985 0.263733
v -1.940455 0.441869 0.271224
v -1.922511 0.420146 0.283042
v -1.945092 0.433330 0.303861
v -2.016832 0.467292 0.262294
v -1.999177 0.464720 0.278084
v -1.962281 0.434680 0.321197
v -2.047697 0.464360 0.283082
v -2.016304 0.463007 0.309721
v -1.984043 0.431582 0.346411
v -2.077661 0.461922 0.320846
v -2.044295 0.461769 0.346169
v -2.008497 0.434057 0.373810
v -2.071492 0.465235 0.376525
v -2.037975 0.437775 0.403840
v -2.105363 0.463414 0.353470
v -2.101753 0.470798 0.409833
v -2.071008 0.440949 0.438721
v -2.131104 0.443885 0.335416
v -2.134107 0.469441 0.389706
v -2.121332 0.473854 0.429739
v -2.143031 0.409982 0.325948
v -2.138494 0.476766 0.414109
v -2.128623 0.473363 0.441447
v -2.093185 0.438338 0.471375
v -2.148595 0.478503 0.428645
v -2.158742 0.470423 0.400141
v -2.159632 0.447064 0.371914
v -2.169748 0.472177 0.415112
v -2.173155 0.449984 0.388936
v -2.172900 0.412089 0.362212
v -2.185007 0.427083 0.381353
v -2.184799 0.452003 0.404614
v -2.171738 0.380218 0.361811
v -2.189651 0.404119 0.377970
v -2.187645 0.383113 0.382485
v -2.195314 0.382807 0.396443
v -2.165690 0.338951 0.423569
v -2.196132 0.429361 0.396717
v -2.201325 0.405303 0.393010
v -2.203358 0.382663 0.417650
v -2.207482 0.404592 0.417506
v -2.203233 0.426670 0.422779
v -2.197100 0.357345 0.448571
v -2.176662 0.333230 0.456908
v -2.214372 0.381171 0.451848
v -2.213787 0.412355 0.451075
v -2.226497 0.376123 0.485520
v -2.211288 0.347727 0.490937
v -2.190874 0.325835 0.495152
v -2.192869 0.447785 0.429941
v -2.201387 0.441727 0.459229
v -2.177952 0.464982 0.439610
v -2.211579 0.433641 0.488023
v -2.157948 0.472908 0.449068
v -2.178821 0.459810 0.473219
v -2.137799 0.470414 0.459722
v -2.152505 0.460930 0.488743
v -2.125650 0.452704 0.491450
v -2.104219 0.433266 0.499392
v -2.191724 0.448714 0.503784
v -2.138666 0.442073 0.530655
v -2.118670 0.427437 0.536655
v -2.135726 0.422931 0.568834
v -2.158335 0.447160 0.530400
v -2.158856 0.434866 0.566755
v -2.167396 0.418358 0.603010
v -2.171013 0.452258 0.516906
v -2.180451 0.428529 0.596606
v -2.192541 0.413797 0.625712
v -2.176011 0.442423 0.564168
v -2.181422 0.448778 0.539527
v -2.202674 0.421946 0.621659
v -2.201132 0.405726 0.631004
v -2.197585 0.438996 0.593462
v -2.215953 0.412926 0.630589
v -2.216071 0.394630 0.638011
v -2.214904 0.430444 0.614720
v -2.198910 0.442621 0.579187
v -2.210148 0.436022 0.602919
v -2.230765 0.421166 0.625956
v -2.227661 0.428211 0.615237
v -2.213178 0.433633 0.598711
v -2.227495 0.402383 0.638123
v -2.201266 0.438258 0.572052
v -2.240182 0.384658 0.636543
v -2.228608 0.376607 0.636256
v -2.240608 0.412880 0.632256
v -2.248448 0.368001 0.622845
v -2.239558 0.359987 0.623078
v -2.252762 0.398132 0.630112
v -2.259893 0.383723 0.618908
v -2.251629 0.358101 0.610795
v -2.238096 0.348540 0.611287
v -2.261457 0.376572 0.608384
v -2.265564 0.393922 0.611475
v -2.251190 0.352396 0.595649
v -2.239665 0.342721 0.598855
v -2.259578 0.366288 0.593917
v -2.239300 0.346012 0.566053
v -2.225569 0.333481 0.569040
v -2.253767 0.361378 0.566654
v -2.262887 0.379123 0.596339
v -2.255434 0.373322 0.571018
v -2.243011 0.363311 0.536692
v -2.225433 0.343645 0.527546
v -2.205855 0.324412 0.530306
v -2.233930 0.367445 0.512374
v -2.246270 0.374398 0.545976
v -2.241074 0.380748 0.528667
v -2.248885 0.388285 0.548413
v -2.238422 0.395849 0.522450
v -2.230198 0.404469 0.504650
v -2.224362 0.406601 0.483098
v -2.217703 0.428327 0.507826
v -2.232859 0.410649 0.519236
v -2.199591 0.442956 0.523004
v -2.223142 0.425559 0.523496
v -2.211889 0.437681 0.532414
v -2.197084 0.440375 0.547699
v -2.235334 0.421669 0.552801
v -2.219166 0.435766 0.563559
v -2.226768 0.434661 0.593292
v -2.239537 0.428885 0.593181
v -2.244171 0.407526 0.547642
v -2.251276 0.417374 0.589212
v -2.258824 0.403615 0.582085
v -2.259277 0.385762 0.574789
v -2.271783 0.396673 0.613273
v -2.266444 0.377566 0.593153
v -2.270488 0.386184 0.602649
v -2.263380 0.376330 0.592094
v -2.266160 0.384700 0.602032
v -2.267768 0.395584 0.612402
v -2.258541 0.407056 0.621725
v -2.261209 0.409459 0.622200
v -2.246169 0.419510 0.624441
v -2.265163 0.410781 0.623294
v -2.248574 0.421798 0.624839
v -2.251952 0.423731 0.626690
v -2.234311 0.427990 0.618615
v -2.237257 0.430610 0.620350
v -2.223581 0.430942 0.611942
v -2.226106 0.434003 0.612685
v -1.922511 0.420146 0.283042
v -1.945092 0.433330 0.303861
v -1.919946 0.403121 0.300163
v -1.958136 0.410282 0.327314
v -1.962281 0.434680 0.321197
v -1.961457 0.383229 0.325341
v -1.925512 0.375276 0.303328
v -1.977646 0.410349 0.352366
v -1.984043 0.431582 0.346411
v -1.945688 0.337475 0.287868
v -2.001506 0.409736 0.382210
v -2.008497 0.434057 0.373810
v -1.982729 0.383254 0.356205
v -1.980287 0.348883 0.311120
v -1.988177 0.306034 0.260985
v -1.973292 0.299690 0.253418
v -2.012286 0.315301 0.284651
v -2.000792 0.348814 0.341685
v -2.030705 0.315940 0.316033
v -2.020653 0.386465 0.404814
v -2.039031 0.351526 0.390067
v -2.074352 0.321923 0.367430
v -2.029109 0.414351 0.409235
v -2.037975 0.437775 0.403840
v -2.068169 0.389818 0.443076
v -2.084480 0.361659 0.430798
v -2.114488 0.336671 0.407943
v -2.066178 0.416382 0.443412
v -2.071008 0.440949 0.438721
v -2.101237 0.359453 0.458641
v -2.132963 0.335380 0.439807
v -2.142110 0.325443 0.471875
v -2.085421 0.413345 0.473380
v -2.093185 0.438338 0.471375
v -2.104219 0.433266 0.499392
v -2.085403 0.387637 0.470240
v -2.094538 0.408219 0.503881
v -2.118670 0.427437 0.536655
v -2.091431 0.383629 0.495629
v -2.107508 0.352957 0.484180
v -2.099756 0.379843 0.522625
v -2.106778 0.405364 0.535092
v -2.141092 0.320461 0.500986
v -2.167678 0.317070 0.501389
v -2.116785 0.347525 0.510674
v -2.112031 0.379643 0.547337
v -2.120729 0.402790 0.560547
v -2.135726 0.422931 0.568834
v -2.129478 0.347679 0.536808
v -2.133286 0.381478 0.578265
v -2.143240 0.402984 0.587849
v -2.167396 0.418358 0.603010
v -2.154341 0.320560 0.526649
v -2.179873 0.317588 0.526958
v -2.148466 0.350222 0.566520
v -2.172787 0.325825 0.556388
v -2.197244 0.324707 0.556513
v -2.163844 0.384586 0.604884
v -2.176596 0.357048 0.598529
v -2.195503 0.336386 0.588709
v -2.210826 0.330337 0.580700
v -2.163818 0.401448 0.607259
v -2.188634 0.386859 0.621934
v -2.187018 0.403703 0.625075
v -2.192541 0.413797 0.625712
v -2.201132 0.405726 0.631004
v -2.203449 0.391126 0.632876
v -2.216071 0.394630 0.638011
v -2.201022 0.364779 0.621468
v -2.216619 0.369805 0.632881
v -2.228608 0.376607 0.636256
v -2.239558 0.359987 0.623078
v -2.214021 0.346876 0.609279
v -2.227568 0.340943 0.603337
v -2.228159 0.352273 0.618881
v -2.238096 0.348540 0.611287
v -2.053813 0.066610 0.198461
v -2.069440 0.056395 0.166535
v -2.065664 0.054309 0.171967
v -2.056644 0.058242 0.191788
v -2.061514 0.042233 0.171071
v -2.047316 0.070803 0.209296
v -2.036263 0.112208 0.223201
v -2.051325 0.046838 0.193459
v -2.019660 0.036925 0.152947
v -2.040491 0.060849 0.213833
v -2.005075 0.048571 0.169400
v -2.013576 0.042965 0.149260
v -2.010140 0.042675 0.174706
v -1.995227 0.061359 0.187597
v -1.999449 0.056395 0.194753
v -1.984204 0.081166 0.204252
v -2.029614 0.083734 0.230756
v -1.988136 0.077808 0.212010
v -2.037731 0.090959 0.224251
v -2.019037 0.116359 0.242967
v -1.977425 0.109630 0.224255
v -1.973867 0.110028 0.216068
v -1.966889 0.141783 0.220513
v -2.028376 0.119374 0.234993
v -1.969522 0.144126 0.229023
v -1.965179 0.168021 0.215491
v -2.011044 0.151221 0.247722
v -1.967998 0.171687 0.223002
v -1.968643 0.186180 0.200980
v -2.021520 0.149885 0.238931
v -2.023345 0.170636 0.227832
v -1.980611 0.204705 0.183529
v -1.976865 0.197769 0.178358
v -1.971641 0.191842 0.207781
v -2.022388 0.213087 0.201624
v -2.009422 0.179057 0.241577
v -2.013163 0.199784 0.226146
v -2.019663 0.174817 0.234169
v -2.023194 0.193009 0.220379
v -2.031637 0.204327 0.198528
v -2.028987 0.198516 0.210238
v -2.031835 -0.047536 0.131684
v -2.022561 -0.066049 0.140099
v -2.027046 -0.053409 0.124936
v -2.026839 -0.062205 0.148083
v -2.075187 -0.047465 0.146990
v -2.024285 -0.085163 0.156017
v -2.020146 -0.087838 0.147234
v -2.070063 -0.063358 0.163453
v -2.078229 -0.070533 0.155721
v -2.083251 -0.056559 0.140563
v -2.067511 -0.087672 0.171126
v -2.024155 -0.117024 0.155241
v -2.019895 -0.116233 0.146614
v -2.020539 -0.146507 0.139861
v -2.079457 -0.079297 0.156001
v -2.084622 -0.056749 0.137898
v -2.076079 -0.092630 0.161989
v -2.079354 -0.134818 0.152019
v -2.067597 -0.120733 0.169490
v -2.024930 -0.149426 0.147891
v -2.021814 -0.170430 0.128928
v -2.076268 -0.121258 0.160469
v -2.076907 -0.149587 0.154244
v -2.068338 -0.153299 0.162106
v -2.077853 -0.172106 0.144089
v -2.081897 -0.181288 0.128692
v -2.069420 -0.178893 0.150582
v -2.026073 -0.174834 0.136218
v -2.023801 -0.187493 0.115098
v -2.079508 -0.188738 0.130733
v -2.071867 -0.197511 0.134396
v -2.082639 -0.197991 0.113711
v -2.087402 -0.197958 0.098060
v -2.075366 -0.208060 0.115264
v -2.031949 -0.203306 0.101917
v -2.027411 -0.196614 0.098150
v -2.028536 -0.192886 0.120448
v -1.949418 -0.292470 0.091556
v -1.937659 -0.302457 0.096525
v -1.944397 -0.294827 0.086668
v -1.941813 -0.301804 0.103396
v -1.985077 -0.308403 0.105545
v -1.933767 -0.318770 0.107912
v -1.929930 -0.318952 0.100223
v -1.977255 -0.318503 0.118760
v -1.981672 -0.326337 0.112918
v -1.988988 -0.317373 0.100538
v -1.969007 -0.335806 0.124426
v -1.924924 -0.343462 0.105630
v -1.921939 -0.341575 0.097763
v -1.913653 -0.364761 0.091634
v -1.982237 -0.332333 0.108688
v -1.993732 -0.317291 0.088677
v -1.974257 -0.342254 0.117633
v -1.966881 -0.369380 0.112632
v -1.959913 -0.360698 0.122816
v -1.916081 -0.368514 0.099484
v -1.907073 -0.384285 0.083371
v -1.966412 -0.363986 0.116292
v -1.951097 -0.386040 0.117192
v -1.958578 -0.385916 0.111653
v -1.954273 -0.408019 0.098973
v -1.952505 -0.404093 0.104133
v -1.944234 -0.406524 0.108716
v -1.909153 -0.389015 0.090826
v -1.902962 -0.398930 0.072070
v -1.948642 -0.418092 0.093569
v -1.951841 -0.425448 0.074880
v -1.948012 -0.426943 0.079628
v -1.940316 -0.422303 0.095986
v -1.939529 -0.432408 0.080338
v -1.905172 -0.404619 0.077999
v -1.904179 -0.415075 0.062722
v -1.902317 -0.408345 0.057683
v -1.919418 0.269454 0.243608
v -1.938029 0.259781 0.226571
v -1.931924 0.264142 0.222835
v -1.924681 0.265555 0.248719
v -1.905087 0.285431 0.262418
v -1.958042 0.275674 0.267195
v -1.971349 0.269910 0.245128
v -1.976948 0.276394 0.247378
v -1.909217 0.282393 0.269122
v -1.964257 0.281893 0.268428
v -1.889605 0.309464 0.278948
v -1.973292 0.299690 0.253418
v -1.942564 0.292541 0.287630
v -1.949468 0.298011 0.287950
v -1.945689 0.337475 0.287869
v -1.926472 0.317741 0.304636
v -1.934150 0.322014 0.304137
v -1.920524 0.350454 0.314418
v -1.925510 0.375277 0.303327
v -1.912193 0.347557 0.315419
v -1.892981 0.307792 0.286314
v -1.878639 0.337731 0.297139
v -1.876101 0.337642 0.289149
v -1.866917 0.366438 0.291305
v -1.902371 0.378128 0.317652
v -1.868778 0.368415 0.299407
v -1.864089 0.391933 0.284204
v -1.911162 0.379611 0.316543
v -1.865857 0.395667 0.291658
v -1.867708 0.412930 0.268252
v -1.869322 0.418410 0.274988
v -1.908429 0.405724 0.309263
v -1.919944 0.403122 0.300162
v -1.899497 0.405450 0.310000
v -1.902791 0.427979 0.293614
v -1.911524 0.427172 0.293700
v -1.922512 0.420146 0.283042
v -1.365016 0.258426 0.373345
v -1.360576 0.241071 0.394820
v -1.372801 0.260562 0.376233
v -1.367327 0.241722 0.399443
v -1.347718 0.231252 0.413614
v -1.379649 0.274471 0.430497
v -1.387775 0.292697 0.406463
v -1.353139 0.231185 0.419594
v -1.326713 0.229491 0.428985
v -1.384338 0.298221 0.411401
v -1.330691 0.228794 0.436249
v -1.297874 0.233850 0.441669
v -1.365142 0.262516 0.451573
v -1.375916 0.281496 0.434055
v -1.359792 0.286056 0.433942
v -1.372671 0.309052 0.407164
v -1.361857 0.270561 0.453861
v -1.346650 0.279834 0.452420
v -1.342405 0.258316 0.469207
v -1.340555 0.266652 0.470411
v -1.311117 0.282109 0.469894
v -1.300693 0.232605 0.450042
v -1.266735 0.240008 0.451935
v -1.313820 0.269276 0.483222
v -1.313156 0.261182 0.483236
v -1.267984 0.239303 0.460678
v -1.238204 0.250186 0.456102
v -1.282651 0.268039 0.492944
v -1.284936 0.275888 0.492363
v -1.266453 0.291661 0.484846
v -1.252477 0.279063 0.497177
v -1.256599 0.286221 0.496339
v -1.233093 0.308115 0.483786
v -1.237682 0.250186 0.465029
v -1.213258 0.264162 0.454214
v -1.231882 0.300319 0.494144
v -1.225920 0.293917 0.495047
v -1.214765 0.317261 0.485430
v -1.221949 0.332409 0.467041
v -1.211046 0.265017 0.462978
v -1.207877 0.312091 0.485461
v -1.192700 0.282341 0.453969
v -1.195739 0.280217 0.446023
v -1.183612 0.301273 0.438087
v -1.187462 0.297460 0.431501
v -1.206984 0.336395 0.469673
v -1.199311 0.332541 0.468613
v -1.183952 0.322167 0.415996
v -1.188031 0.316459 0.411513
v -1.199657 0.354281 0.445484
v -1.207569 0.356743 0.447938
v -1.222254 0.357021 0.438901
v -1.191642 0.343750 0.389455
v -1.195583 0.336890 0.386570
v -1.207692 0.352232 0.363528
v -1.213984 0.376986 0.422115
v -1.232480 0.379776 0.410007
v -1.206584 0.375710 0.418218
v -1.204516 0.360108 0.364700
v -1.226068 0.358990 0.346189
v -1.225482 0.392128 0.398798
v -1.218996 0.392043 0.393099
v -1.243896 0.398875 0.381841
v -1.253239 0.392777 0.384859
v -1.238754 0.399300 0.374955
v -1.224272 0.367303 0.346442
v -1.251572 0.356350 0.333944
v -1.267562 0.397724 0.361862
v -1.271042 0.397166 0.369921
v -1.288252 0.386190 0.373089
v -1.251870 0.365200 0.332898
v -1.286602 0.355014 0.324605
v -1.282891 0.346561 0.326133
v -1.295465 0.338707 0.325518
v -1.303312 0.387941 0.354011
v -1.304090 0.388202 0.362489
v -1.327245 0.371295 0.369536
v -1.319237 0.340557 0.322010
v -1.304985 0.334972 0.325618
v -1.338515 0.317190 0.326400
v -1.335649 0.374698 0.359840
v -1.352882 0.353837 0.372458
v -1.336268 0.373833 0.351169
v -1.344520 0.323481 0.325971
v -1.353933 0.299378 0.335766
v -1.361484 0.304677 0.335684
v -1.379017 0.337392 0.364686
v -1.361915 0.356533 0.355007
v -1.360535 0.358563 0.362567
v -1.376418 0.340453 0.371947
v -1.370901 0.335925 0.381019
v -1.361974 0.279582 0.351982
v -1.361484 0.304677 0.335684
v -1.353933 0.299378 0.335766
v -1.370020 0.283446 0.353092
v -1.365016 0.258426 0.373345
v -1.372801 0.260562 0.376233
v -1.387775 0.292697 0.406463
v -1.387426 0.315360 0.382555
v -1.379017 0.337392 0.364686
v -1.376418 0.340453 0.371947
v -1.384255 0.319566 0.388901
v -1.384338 0.298221 0.411401
v -1.370901 0.335925 0.381019
v -1.372671 0.309052 0.407164
v -0.998537 0.097750 -0.174781
v -1.006087 0.082181 -0.200175
v -1.023561 0.097039 -0.168418
v -1.029361 0.069792 -0.185476
v -1.023744 0.086676 -0.161399
v -1.029489 0.079596 -0.193477
v -1.014830 0.060971 -0.224905
v -1.036984 0.046415 -0.209480
v -1.037384 0.055449 -0.218296
v -1.025228 0.031714 -0.250734
v -1.046892 0.015836 -0.237074
v -1.047825 0.023601 -0.246936
v -1.037858 -0.006097 -0.276241
v -1.057851 -0.017530 -0.260782
v -1.059341 -0.011123 -0.271746
v -1.052474 -0.055265 -0.299696
v -1.068077 -0.058124 -0.276497
v -1.069951 -0.052963 -0.288108
v -1.062799 -0.092603 -0.311527
v -1.079275 -0.100430 -0.287086
v -1.081641 -0.097029 -0.299437
v -1.071719 -0.126069 -0.318076
v -1.087807 -0.133535 -0.293821
v -1.090466 -0.131005 -0.306300
v -1.079454 -0.158026 -0.319086
v -1.096461 -0.165137 -0.296488
v -1.098884 -0.161955 -0.308582
v -1.164515 0.071944 -0.185597
v -1.100036 0.074786 -0.168489
v -1.164495 0.064170 -0.177282
v -1.099645 0.084674 -0.175624
v -1.023744 0.086676 -0.161399
v -1.023561 0.097039 -0.168418
v -1.105702 0.094045 -0.162329
v -1.179964 0.081999 -0.175571
v -1.178185 0.081712 -0.171264
v -1.108588 0.092070 -0.158614
v -1.021308 0.104584 -0.144539
v -1.020928 0.106085 -0.151639
v -0.998537 0.097750 -0.174781
v -0.992095 0.107999 -0.148000
v -0.991469 0.106606 -0.140901
v -1.224490 -0.138754 -0.266021
v -1.228078 -0.108055 -0.263378
v -1.209654 -0.122401 -0.269085
v -1.212597 -0.097067 -0.265766
v -1.232368 -0.075240 -0.255423
v -1.209826 -0.099073 -0.254417
v -1.206763 -0.124117 -0.257792
v -1.216035 -0.069263 -0.257546
v -1.213393 -0.072038 -0.246313
v -1.219048 -0.042124 -0.248212
v -1.236574 -0.043852 -0.244739
v -1.216733 -0.045922 -0.237309
v -1.219338 -0.015135 -0.234067
v -1.238126 -0.012642 -0.229390
v -1.217312 -0.019938 -0.223667
v -1.225363 0.013462 -0.218335
v -1.207999 0.008911 -0.224779
v -1.206293 0.003512 -0.214573
v -1.210880 0.037096 -0.204419
v -1.194724 0.030564 -0.212129
v -1.193494 0.024595 -0.202543
v -1.193897 0.062680 -0.190599
v -1.178129 0.054266 -0.199631
v -1.177449 0.047617 -0.190596
v -1.164515 0.071944 -0.185597
v -1.179964 0.081999 -0.175571
v -1.164495 0.064170 -0.177282
v -1.338515 0.317190 0.326400
v -1.348604 0.282043 0.306620
v -1.353933 0.299378 0.335766
v -1.329599 0.306138 0.304555
v -1.304985 0.334972 0.325618
v -1.350248 0.281579 0.268821
v -1.367390 0.257728 0.276536
v -1.298032 0.328116 0.306380
v -1.295465 0.338707 0.325518
v -1.289332 0.327814 0.305455
v -1.289706 0.318761 0.272529
v -1.297903 0.320166 0.272913
v -1.300753 0.308244 0.220017
v -1.328083 0.302138 0.268321
v -1.306839 0.311259 0.222123
v -1.329571 0.314314 0.165521
v -1.321388 0.310388 0.159003
v -1.336482 0.299195 0.221161
v -1.353978 0.313986 0.113956
v -1.347212 0.307361 0.105480
v -1.358581 0.308197 0.172936
v -1.362382 0.286039 0.225730
v -1.384490 0.269714 0.233141
v -1.392097 0.238002 0.265384
v -1.405312 0.251810 0.237907
v -1.390974 0.296408 0.182757
v -1.412850 0.277629 0.201555
v -1.425447 0.258530 0.219057
v -1.405704 0.311361 0.145861
v -1.446713 0.286539 0.179809
v -1.457817 0.265854 0.199197
v -1.426476 0.302885 0.160506
v -1.483819 0.308579 0.157573
v -1.504021 0.288013 0.182089
v -1.511092 0.291625 0.172428
v -1.489009 0.307439 0.147420
v -1.457986 0.315344 0.140049
v -1.462723 0.312518 0.128910
v -1.430167 0.318420 0.119981
v -1.434745 0.312897 0.108623
v -1.413686 0.311408 0.093873
v -1.406477 0.317242 0.104054
v -1.388221 0.305593 0.075934
v -1.381712 0.315254 0.131139
v -1.377522 0.312240 0.085446
v -1.378582 0.296722 0.067880
v -1.368528 0.304106 0.076746
v -1.885601 0.256758 0.207566
v -1.899646 0.273938 0.163978
v -1.880476 0.261731 0.204790
v -1.908092 0.267934 0.161232
v -1.888168 0.254308 0.123339
v -1.932363 0.278291 0.172693
v -1.909675 0.263356 0.215757
v -1.928019 0.258689 0.223090
v -1.942621 0.269845 0.200021
v -1.931924 0.264142 0.222835
v -1.947698 0.276336 0.175758
v -1.951598 0.285463 0.176151
v -1.955400 0.303075 0.143472
v -1.958335 0.308045 0.153121
v -1.961335 0.331521 0.137118
v -1.934345 0.299037 0.137860
v -1.959976 0.327873 0.127401
v -1.959685 0.355247 0.129700
v -1.936145 0.321550 0.116555
v -1.912277 0.285344 0.122163
v -1.951825 0.361562 0.115586
v -1.952777 0.379671 0.130891
v -1.895236 0.256682 0.118102
v -1.933957 0.400863 0.125372
v -1.941401 0.404601 0.138961
v -1.927317 0.427286 0.151963
v -1.894336 0.237276 0.103975
v -1.886143 0.224679 0.105917
v -1.886056 0.226416 0.091332
v -1.878047 0.259344 0.101611
v -1.888631 0.236214 0.088320
v -1.878013 0.235920 0.073974
v -1.874106 0.226036 0.075690
v -1.874786 0.264838 0.082964
v -1.863666 0.237147 0.051507
v -1.863071 0.229860 0.051937
v -1.846513 0.231902 0.028169
v -1.905349 0.304322 0.090586
v -1.845547 0.240706 0.022895
v -1.825340 0.232175 0.008717
v -1.856291 0.261117 0.050931
v -1.824471 0.240990 0.003692
v -1.796383 0.229331 -0.011112
v -1.836611 0.262637 0.025641
v -1.868712 0.287366 0.060130
v -1.854698 0.316884 0.041799
v -1.885947 0.330582 0.071805
v -1.925516 0.352709 0.107830
v -1.869148 0.379703 0.083215
v -1.908887 0.390327 0.115211
v -1.829117 0.365225 0.056601
v -1.847486 0.318130 0.043691
v -1.892816 0.419300 0.135634
v -1.831631 0.371364 0.056306
v -1.799930 0.397867 0.078918
v -1.800648 0.405276 0.082174
v -1.847490 0.411796 0.105323
v -1.916608 0.430156 0.148132
v -1.912720 0.443236 0.169333
v -1.902436 0.442764 0.167585
v -1.899402 0.448699 0.191085
v -1.880610 0.432569 0.156425
v -1.888838 0.446321 0.190750
v -1.887336 0.443049 0.217625
v -1.834303 0.423597 0.126752
v -1.872428 0.439708 0.220751
v -1.876111 0.429797 0.245448
v -1.858850 0.416690 0.261639
v -1.867708 0.412930 0.268252
v -1.849967 0.426644 0.206643
v -1.839743 0.404253 0.245434
v -1.790058 0.392038 0.218566
v -1.868780 0.435070 0.180125
v -1.795392 0.414147 0.178757
v -1.734579 0.386982 0.186671
v -1.822384 0.424586 0.154436
v -1.732727 0.398553 0.148031
v -1.697775 0.378580 0.165820
v -1.783585 0.413962 0.138159
v -1.792435 0.409634 0.098992
v -1.741261 0.399960 0.116646
v -1.691282 0.388319 0.134541
v -1.694025 0.372747 0.159214
v -1.685694 0.383052 0.130262
v -1.710338 0.395736 0.107063
v -1.678971 0.387698 0.116169
v -1.672967 0.381698 0.113426
v -1.725935 0.393512 0.074721
v -1.649228 0.381443 0.094914
v -1.643370 0.374089 0.092572
v -1.689147 0.392134 0.097939
v -1.628032 0.368477 0.068172
v -1.621819 0.361427 0.067213
v -1.664441 0.383947 0.080329
v -1.706006 0.384409 0.061031
v -1.653197 0.373394 0.061201
v -1.630655 0.351353 0.033371
v -1.623634 0.345443 0.034437
v -1.632775 0.329072 0.005256
v -1.691144 0.374574 0.048812
v -1.656666 0.357032 0.029613
v -1.640612 0.333760 0.002656
v -1.644145 0.307612 -0.023983
v -1.687214 0.357667 0.020575
v -1.652636 0.311593 -0.027505
v -1.671730 0.282869 -0.040188
v -1.660443 0.337665 -0.001770
v -1.681269 0.285855 -0.044395
v -1.698857 0.263372 -0.048996
v -1.675665 0.318274 -0.024669
v -1.697030 0.348874 -0.001925
v -1.724576 0.362327 0.012682
v -1.702704 0.342090 0.001849
v -1.727320 0.353671 0.013911
v -1.746727 0.367516 0.030750
v -1.741842 0.375412 0.028995
v -1.759031 0.378673 0.046573
v -1.757934 0.389230 0.048246
v -1.772613 0.390603 0.062464
v -1.755859 0.399279 0.083522
v -1.769007 0.396756 0.061561
v -1.799930 0.397867 0.078918
v -1.713901 0.329367 -0.018625
v -1.702704 0.342090 0.001849
v -1.714916 0.326945 -0.012617
v -1.726295 0.307019 -0.023602
v -1.727458 0.309040 -0.032167
v -1.691968 0.295784 -0.039916
v -1.748246 0.315049 -0.017034
v -1.726295 0.307019 -0.023602
v -1.715228 0.279703 -0.045890
v -1.709460 0.266069 -0.052445
v -1.720944 0.244241 -0.052455
v -1.734784 0.247564 -0.052451
v -1.738485 0.224992 -0.043616
v -1.749085 0.226656 -0.044683
v -1.756119 0.235430 -0.044342
v -1.742971 0.269295 -0.038715
v -1.736869 0.289370 -0.035522
v -1.796465 0.238666 -0.015677
v -1.769455 0.258842 -0.024381
v -1.768888 0.297434 -0.017342
v -1.791800 0.263152 -0.009557
v -1.817840 0.264057 0.008494
v -1.770021 0.317426 -0.012555
v -1.784464 0.318118 0.001760
v -1.792492 0.294258 -0.004066
v -1.797114 0.315593 0.000195
v -1.808897 0.312146 0.013828
v -1.817897 0.288619 0.010777
v -1.828963 0.305213 0.019170
v -1.824117 0.303910 0.022617
v -1.847486 0.318130 0.043691
v -0.876381 -0.214910 -0.340665
v -0.879605 -0.193610 -0.356566
v -0.869856 -0.183880 -0.340137
v -0.874858 -0.167098 -0.356536
v -0.862255 -0.152125 -0.334871
v -0.889098 -0.185051 -0.355038
v -0.876381 -0.214910 -0.340665
v -0.923720 -0.169554 -0.332319
v -0.870079 -0.145526 -0.354167
v -0.921172 -0.155427 -0.348376
v -0.948003 -0.143914 -0.324418
v -0.884856 -0.167083 -0.356882
v -0.949841 -0.125058 -0.340168
v -0.969005 -0.122355 -0.315022
v -0.959560 -0.114308 -0.337225
v -0.946521 -0.115392 -0.337358
v -0.940567 -0.089547 -0.330167
v -0.946260 -0.117021 -0.332366
v -0.952883 -0.085445 -0.328011
v -0.969005 -0.122355 -0.315022
v -0.959969 -0.088911 -0.304878
v -0.943346 -0.051847 -0.313968
v -0.950724 -0.057008 -0.291533
v -0.931236 -0.055975 -0.316179
v -0.933864 -0.020572 -0.297223
v -0.941630 -0.027563 -0.275733
v -0.921929 -0.024483 -0.299425
v -0.940453 -0.091766 -0.325348
v -0.931149 -0.058759 -0.311582
v -0.912694 0.005152 -0.279695
v -0.924381 0.008792 -0.277522
v -0.932518 -0.000146 -0.257280
v -0.921933 -0.027704 -0.295061
v -0.914917 0.035727 -0.254612
v -0.923450 0.024676 -0.236050
v -0.903570 0.032570 -0.256712
v -0.912774 0.001489 -0.275634
v -0.902226 0.065326 -0.222278
v -0.914745 0.046024 -0.212560
v -0.892888 0.062031 -0.224947
v -0.903732 0.028466 -0.253070
v -0.893191 0.057337 -0.221851
v -0.889925 0.069260 -0.214519
v -0.833823 0.010783 -0.266707
v -0.899448 0.072169 -0.212335
v -0.890152 0.064972 -0.211537
v -0.824510 0.035764 -0.240824
v -0.900192 0.068038 -0.209336
v -0.843130 -0.016831 -0.288908
v -0.824440 0.039611 -0.244231
v -0.852513 -0.046910 -0.308164
v -0.833823 0.014285 -0.270587
v -0.843195 -0.013762 -0.293159
v -0.861793 -0.078616 -0.324512
v -0.852652 -0.044265 -0.312694
v -0.870835 -0.111332 -0.337871
v -0.862014 -0.076375 -0.329250
v -0.832783 -0.015813 -0.294792
v -0.879240 -0.143776 -0.347510
v -0.842628 -0.046416 -0.314254
v -0.884499 -0.168028 -0.351733
v -0.879528 -0.142593 -0.352601
v -0.871145 -0.109525 -0.342786
v -0.861829 -0.111743 -0.344196
v -0.853756 -0.120070 -0.325482
v -0.852380 -0.078589 -0.330739
v -0.844583 -0.088230 -0.312607
v -0.835002 -0.057184 -0.296823
v -0.825283 -0.027806 -0.278329
v -0.823072 0.012330 -0.272308
v -0.815728 -0.001061 -0.257190
v -0.813665 0.037046 -0.246835
v -0.806601 0.022138 -0.233550
v -0.804845 0.057398 -0.218400
v -0.798153 0.040938 -0.207596
v -0.816010 0.059392 -0.216452
v -0.796956 0.072332 -0.187214
v -0.790584 0.054587 -0.179560
v -0.808265 0.073923 -0.185574
v -0.816219 0.055078 -0.213714
v -0.790100 0.081004 -0.153811
v -0.784077 0.062438 -0.149704
v -0.801414 0.082445 -0.152310
v -0.784650 0.082947 -0.119303
v -0.778766 0.064058 -0.118405
v -0.795729 0.084391 -0.117826
v -0.801846 0.077483 -0.151389
v -0.796265 0.079350 -0.117709
v -0.808584 0.069198 -0.183690
v -0.878651 0.097142 -0.103722
v -0.884361 0.095076 -0.137430
v -0.890658 0.087783 -0.168804
v -0.793803 0.078356 -0.100326
v -0.916179 0.108015 -0.095968
v -0.793209 0.083346 -0.099700
v -0.874325 0.093421 -0.073435
v -0.782038 0.081866 -0.100365
v -0.793207 0.077037 -0.094620
v -0.792692 0.081998 -0.093649
v -0.780806 0.075111 -0.091081
v -0.774772 0.059228 -0.086155
v -0.791614 0.075198 -0.084758
v -0.780877 0.062300 -0.083054
v -0.791890 0.062422 -0.077290
v -0.855632 0.062836 -0.042725
v -0.792089 0.070233 -0.085685
v -0.871531 0.086992 -0.049909
v -0.870473 0.079871 -0.042077
v -0.870347 0.071663 -0.035301
v -0.907935 0.079839 -0.011679
v -0.939864 0.081493 0.007957
v -0.908990 0.086456 -0.020903
v -0.940521 0.099734 -0.022733
v -0.909373 0.095281 -0.031373
v -0.943317 0.110366 -0.056118
v -0.912946 0.104754 -0.060325
v -0.948012 0.113596 -0.090882
v -0.922122 0.105746 -0.130881
v -0.953806 0.111190 -0.124591
v -0.928368 0.098891 -0.162891
v -0.959801 0.105348 -0.154773
v -0.896746 0.076327 -0.196768
v -0.934935 0.087493 -0.192076
v -0.966422 0.095046 -0.182289
v -0.938974 0.078041 -0.207756
v -0.974156 0.079422 -0.208502
v -0.939472 0.080167 -0.209281
v -0.941740 0.074929 -0.217795
v -0.976313 0.074192 -0.214550
v -0.951823 0.063958 -0.211512
v -1.874441 -0.304039 -0.066040
v -1.852412 -0.331669 -0.079921
v -1.847548 -0.336837 -0.060804
v -1.885933 -0.270940 -0.075218
v -1.885269 -0.266847 -0.055698
v -1.872974 -0.301862 -0.080075
v -1.851315 -0.324335 -0.097492
v -1.881009 -0.270938 -0.097501
v -1.869324 -0.298117 -0.099693
v -1.848125 -0.318709 -0.111566
v -1.875090 -0.269560 -0.109652
v -1.863679 -0.293979 -0.113420
v -1.838952 -0.310838 -0.120165
v -1.862948 -0.265941 -0.117203
v -1.853337 -0.288023 -0.121169
v -1.819949 -0.298687 -0.124203
v -1.839900 -0.256432 -0.120016
v -1.831138 -0.277324 -0.124578
v -1.796534 -0.287056 -0.125355
v -1.806087 -0.265385 -0.124057
v -1.815027 -0.245515 -0.119853
v -1.764610 -0.272715 -0.119995
v -1.785799 -0.231850 -0.117148
v -1.774074 -0.251596 -0.118979
v -0.792948 -0.222003 0.004654
v -0.825887 -0.242520 -0.011328
v -0.817402 -0.215194 0.004811
v -0.801601 -0.249814 -0.011838
v -0.834295 -0.267760 -0.030686
v -0.810165 -0.275530 -0.031564
v -0.842419 -0.290292 -0.052788
v -0.798861 -0.259114 0.001244
v -0.818437 -0.298522 -0.054035
v -0.849899 -0.310278 -0.076007
v -0.808075 -0.286768 -0.019965
v -0.816954 -0.311552 -0.044035
v -0.826061 -0.318888 -0.077692
v -0.856605 -0.326995 -0.100122
v -0.838836 -0.348891 -0.127611
v -0.862427 -0.339787 -0.124906
v -0.832897 -0.335907 -0.102283
v -0.825121 -0.333583 -0.069273
v -0.832451 -0.351976 -0.095577
v -0.838852 -0.365885 -0.122892
v -0.846455 -0.374074 -0.118535
v -0.839836 -0.359496 -0.090345
v -0.832260 -0.340212 -0.063275
v -0.855717 -0.358595 -0.086867
v -0.862453 -0.373130 -0.115657
v -0.870179 -0.364357 -0.116755
v -0.848039 -0.339195 -0.059371
v -0.863619 -0.350260 -0.088671
v -0.871875 -0.358698 -0.117978
v -0.865459 -0.344883 -0.090522
v -0.856114 -0.331516 -0.061722
v -0.858112 -0.326573 -0.064094
v -0.839505 -0.315887 -0.033129
v -0.847776 -0.308980 -0.035971
v -0.849938 -0.304570 -0.038813
v -0.823801 -0.317196 -0.037239
v -0.814582 -0.291410 -0.012284
v -0.830191 -0.289815 -0.007923
v -0.838707 -0.283638 -0.011407
v -0.841054 -0.279785 -0.014744
v -0.831845 -0.252133 0.006467
v -0.805008 -0.262676 0.009753
v -0.820516 -0.260775 0.014349
v -0.829295 -0.255383 0.010264
v -0.822527 -0.222290 0.024293
v -0.795319 -0.231704 0.028330
v -0.810719 -0.229482 0.033139
v -0.819772 -0.224911 0.028510
v -0.813171 -0.191721 0.039399
v -0.789548 -0.229273 0.019073
v -0.784271 -0.193449 0.018514
v -0.810197 -0.193738 0.044036
v -0.804080 -0.160833 0.050889
v -0.780193 -0.198673 0.034133
v -0.775838 -0.164640 0.029072
v -0.785575 -0.200031 0.044159
v -0.800858 -0.197556 0.049266
v -0.776131 -0.167946 0.056112
v -0.791251 -0.165401 0.061756
v -0.800892 -0.162255 0.055892
v -0.795577 -0.129998 0.057892
v -0.782263 -0.133255 0.069466
v -0.792192 -0.130796 0.063120
v -0.787985 -0.099408 0.059385
v -0.767319 -0.135798 0.063224
v -0.784399 -0.099701 0.064888
v -0.774254 -0.101294 0.071276
v -0.777851 -0.069104 0.060194
v -0.781455 -0.069991 0.055589
v -0.767518 -0.069880 0.066503
v -0.772611 -0.040195 0.049817
v -0.776343 -0.041635 0.045338
v -0.759430 -0.104017 0.064778
v -0.769024 -0.012708 0.032536
v -0.772787 -0.014937 0.028732
v -0.762303 -0.039424 0.054713
v -0.752739 -0.073057 0.060237
v -0.758656 -0.010984 0.036666
v -0.747476 -0.043360 0.049233
v -0.767179 0.012570 0.008879
v -0.770923 0.009553 0.005943
v -0.756828 0.015338 0.011860
v -0.743834 -0.015388 0.031631
v -0.767029 0.034617 -0.020045
v -0.770770 0.031043 -0.022252
v -0.756701 0.038136 -0.018044
v -0.741948 0.010303 0.007608
v -0.768377 0.051913 -0.052038
v -0.772079 0.047955 -0.053553
v -0.758088 0.055951 -0.050952
v -0.771127 0.063551 -0.085518
v -0.774772 0.059228 -0.086155
v -0.760929 0.068111 -0.085647
v -0.775211 0.068623 -0.118665
v -0.778766 0.064058 -0.118405
v -0.784077 0.062438 -0.149704
v -0.780622 0.067102 -0.150840
v -0.790584 0.054587 -0.179560
v -0.765118 0.073570 -0.120076
v -0.787260 0.059192 -0.181517
v -0.798153 0.040938 -0.207596
v -0.770664 0.072223 -0.153471
v -0.794972 0.045335 -0.210299
v -0.806601 0.022138 -0.233550
v -0.777458 0.064263 -0.185266
v -0.803592 0.026174 -0.236894
v -0.815728 -0.001061 -0.257190
v -0.785363 0.050132 -0.215024
v -0.812907 0.002484 -0.261067
v -0.825283 -0.027806 -0.278329
v -0.794193 0.030484 -0.242424
v -0.803746 0.006092 -0.267194
v -0.822666 -0.024868 -0.282622
v -0.835002 -0.057184 -0.296823
v -0.813770 -0.022133 -0.289164
v -0.832593 -0.054926 -0.301455
v -0.844583 -0.088230 -0.312607
v -0.823974 -0.053115 -0.308366
v -0.842391 -0.086652 -0.317567
v -0.853756 -0.120070 -0.325482
v -0.834061 -0.085725 -0.324910
v -0.851768 -0.119169 -0.330747
v -0.862255 -0.152125 -0.334871
v -0.843711 -0.119109 -0.338503
v -0.860454 -0.151865 -0.340425
v -0.869856 -0.183880 -0.340137
v -0.852653 -0.152639 -0.348568
v -0.868219 -0.184288 -0.345873
v -0.876381 -0.214910 -0.340665
v -0.874887 -0.215951 -0.346478
v -0.867496 -0.218220 -0.355269
v -0.860642 -0.185790 -0.354436
v -0.844655 -0.189449 -0.353762
v -0.851418 -0.221798 -0.354160
v -0.836760 -0.156431 -0.348300
v -0.836869 -0.190968 -0.345210
v -0.843390 -0.222070 -0.345622
v -0.842766 -0.219292 -0.328648
v -0.829271 -0.159137 -0.340053
v -0.836674 -0.190511 -0.328073
v -0.866225 -0.213577 -0.320771
v -0.860241 -0.185375 -0.320142
v -0.829605 -0.160935 -0.323267
v -0.853298 -0.156365 -0.315404
v -0.820773 -0.127071 -0.330690
v -0.821713 -0.131060 -0.314666
v -0.845551 -0.127049 -0.306960
v -0.827921 -0.123196 -0.338431
v -0.811595 -0.095226 -0.317820
v -0.813193 -0.101410 -0.302760
v -0.837193 -0.097930 -0.295312
v -0.818370 -0.090132 -0.325012
v -0.802011 -0.064176 -0.302037
v -0.804287 -0.072581 -0.288015
v -0.828452 -0.069665 -0.280798
v -0.808392 -0.057846 -0.308650
v -0.792292 -0.034764 -0.283583
v -0.795244 -0.045323 -0.270703
v -0.819577 -0.042912 -0.263808
v -0.798287 -0.027198 -0.289618
v -0.782734 -0.007952 -0.262547
v -0.786335 -0.020452 -0.251029
v -0.810829 -0.018495 -0.244514
v -0.788361 0.000796 -0.267976
v -0.777817 0.001219 -0.229189
v -0.802462 0.002812 -0.223134
v -0.794704 0.020221 -0.199827
v -0.773627 0.015321 -0.239027
v -0.778903 0.025091 -0.243713
v -0.769924 0.018901 -0.205354
v -0.787748 0.033017 -0.174754
v -0.765180 0.034164 -0.213141
v -0.762847 0.031866 -0.179697
v -0.781759 0.040599 -0.148118
v -0.770165 0.044695 -0.216858
v -0.757606 0.047607 -0.184782
v -0.756751 0.039507 -0.152430
v -0.776871 0.042531 -0.120200
v -0.762384 0.058762 -0.187568
v -0.751100 0.055470 -0.154935
v -0.755626 0.066234 -0.155463
v -0.751783 0.041383 -0.123853
v -0.750130 0.067645 -0.122506
v -0.745787 0.057108 -0.123648
v -0.748050 0.037254 -0.094376
v -0.773209 0.038563 -0.091388
v -0.745984 0.062382 -0.088627
v -0.741793 0.052245 -0.091376
v -0.745566 0.027102 -0.064527
v -0.770771 0.028650 -0.062158
v -0.743172 0.050363 -0.054375
v -0.739100 0.040972 -0.058774
v -0.744346 0.011439 -0.035463
v -0.769578 0.013326 -0.033697
v -0.741800 0.032744 -0.021821
v -0.737786 0.024065 -0.027477
v -0.737951 0.002614 0.000656
v -0.744550 -0.008261 -0.009634
v -0.769786 -0.005944 -0.008433
v -0.739839 -0.021794 0.023322
v -0.746385 -0.030542 0.010849
v -0.771607 -0.027720 0.011540
v -0.743407 -0.048421 0.039821
v -0.749797 -0.054891 0.025576
v -0.774979 -0.051514 0.025838
v -0.748531 -0.076736 0.050008
v -0.754658 -0.080806 0.034420
v -0.779769 -0.076846 0.034366
v -0.755017 -0.106315 0.054049
v -0.760773 -0.107953 0.037633
v -0.785793 -0.103397 0.037381
v -0.762641 -0.136777 0.052365
v -0.767918 -0.136013 0.035660
v -0.792824 -0.130862 0.035332
v -0.800609 -0.158910 0.028794
v -0.771125 -0.167705 0.045501
v 1.783239 -0.004004 0.350888
v 1.823517 -0.128049 0.415766
v 1.750494 -0.036513 0.432595
v 1.849808 -0.105591 0.334200
v 1.937315 -0.201325 0.302754
v 1.935436 -0.219958 0.395998
v 2.083351 -0.291746 0.357120
v 2.053387 -0.270041 0.257021
v 2.027287 -0.257786 0.181891
v 1.927445 -0.186123 0.233194
v 1.855213 -0.090355 0.264991
v 1.791596 0.008496 0.283387
v 1.773303 0.003653 0.229787
v 1.906538 -0.181065 0.178202
v 2.000745 -0.249656 0.123597
v 1.970072 -0.247567 0.075969
v 1.872365 -0.195827 0.140759
v 1.795052 -0.111765 0.175028
v 1.835012 -0.091361 0.208673
v 1.732624 -0.014240 0.195084
v -1.958375 -0.424013 0.045853
v -1.951841 -0.425448 0.074880
v -1.966102 -0.433967 0.085127
v -1.995491 -0.439131 0.047100
v -1.974400 -0.425513 0.031555
v -1.967009 -0.419391 0.024789
v -1.975505 -0.409930 0.012105
v -1.991532 -0.417596 0.019399
v -2.002604 -0.401826 0.015214
v -1.985233 -0.390782 0.004740
v -2.011497 -0.429694 0.030920
v -2.014631 -0.382074 0.017090
v -1.994651 -0.370305 0.005141
v -2.022595 -0.412432 0.027109
v -2.018622 -0.434573 0.036469
v -2.023484 -0.360774 0.021663
v -2.002412 -0.349707 0.011560
v -2.032703 -0.392035 0.029590
v -2.031585 -0.418329 0.034349
v -2.026079 -0.440873 0.045868
v -2.007137 -0.447477 0.064847
v -1.984154 -0.441275 0.105838
v -2.024390 -0.457794 0.085249
v -2.010701 -0.456393 0.130710
v -2.049594 -0.445074 0.067662
v -2.061957 -0.478924 0.128028
v -2.036324 -0.473430 0.154581
v -2.052876 -0.484251 0.170647
v -2.039760 -0.424432 0.044184
v -2.079297 -0.489991 0.148477
v -2.064485 -0.492414 0.184917
v -2.088118 -0.468878 0.113855
v -2.068204 -0.418145 0.068799
v -2.050700 -0.404109 0.045737
v -2.042712 -0.398021 0.036288
v -2.060106 -0.382797 0.051285
v -2.052095 -0.376481 0.041106
v -2.042861 -0.370786 0.032923
v -2.060133 -0.362156 0.062512
v -2.054169 -0.356472 0.053773
v -2.045492 -0.351433 0.045927
v -2.076239 -0.386553 0.079784
v -2.050659 -0.344984 0.075349
v -2.067801 -0.361113 0.099675
v -2.111905 -0.413687 0.123624
v -2.040558 -0.338128 0.064423
v -2.020757 -0.329293 0.107612
v -2.044369 -0.349164 0.134931
v -2.009942 -0.321762 0.099554
v -2.104427 -0.386450 0.140305
v -2.078867 -0.373393 0.168194
v -2.093235 -0.386125 0.185337
v -2.020926 -0.329246 0.050189
v -1.993732 -0.317291 0.088677
v -2.005555 -0.323496 0.038339
v -2.025901 -0.343450 0.034136
v -2.005163 -0.331347 0.025096
v -2.122178 -0.399806 0.161776
v -2.136822 -0.411732 0.181355
v -2.111019 -0.403642 0.213243
v -2.130036 -0.424640 0.144989
v -2.145067 -0.421688 0.195489
v -2.129042 -0.424716 0.249358
v -2.141641 -0.422221 0.163101
v -2.149736 -0.428973 0.174938
v -2.106116 -0.445623 0.113462
v -2.143600 -0.441404 0.152834
v -2.125342 -0.456170 0.134243
v -2.106657 -0.480150 0.134198
v -2.136083 -0.462772 0.147582
v -2.125260 -0.482075 0.146106
v -2.110813 -0.493845 0.149699
v -2.090981 -0.497758 0.162554
v -2.096171 -0.501471 0.170822
v -2.118838 -0.499737 0.161085
v -2.103528 -0.505439 0.182580
v -2.075469 -0.500643 0.208790
v -2.133917 -0.487498 0.158002
v -2.124977 -0.501898 0.173593
v -2.113493 -0.516091 0.222842
v -2.090779 -0.513428 0.238191
v -2.123047 -0.510473 0.201081
v -2.118297 -0.521130 0.240690
v -2.106335 -0.521262 0.257803
v -2.138317 -0.521144 0.236077
v -2.125535 -0.526271 0.254105
v -2.121767 -0.525683 0.275020
v -2.137253 -0.530573 0.269499
v -2.136758 -0.525721 0.288155
v -2.140635 -0.526621 0.250911
v -2.149300 -0.531353 0.284983
v -2.150588 -0.529674 0.267510
v -2.157506 -0.528098 0.295299
v -2.145708 -0.517343 0.298881
v -2.162941 -0.531151 0.283426
v -2.160648 -0.529789 0.267846
v -2.161956 -0.521647 0.302035
v -2.155009 -0.502728 0.306243
v -2.171002 -0.531171 0.292312
v -2.173920 -0.530842 0.285663
v -2.176563 -0.526030 0.298123
v -2.169770 -0.509942 0.308306
v -2.176764 -0.497015 0.309702
v -2.163531 -0.485718 0.307208
v -2.182220 -0.526401 0.291961
v -2.180668 -0.485586 0.305427
v -2.164462 -0.468153 0.298151
v -2.188466 -0.504502 0.303934
v -2.183397 -0.515986 0.303083
v -2.189930 -0.494102 0.299818
v -2.192770 -0.505911 0.297019
v -2.189196 -0.517555 0.296258
v -2.192467 -0.492326 0.292696
v -2.186059 -0.528828 0.294231
v -2.188786 -0.486346 0.294017
v -2.179023 -0.476145 0.295930
v -2.182550 -0.471598 0.276000
v -2.171713 -0.459399 0.280882
v -2.155433 -0.453182 0.283159
v -2.186601 -0.479052 0.275198
v -2.172230 -0.459163 0.262514
v -2.157348 -0.447347 0.260646
v -2.143303 -0.439569 0.268311
v -2.168357 -0.454574 0.242270
v -2.154199 -0.439304 0.215644
v -2.172458 -0.469766 0.246890
v -2.153918 -0.437050 0.186927
v -2.168343 -0.470514 0.226808
v -2.160015 -0.458494 0.204113
v -2.156105 -0.454803 0.178576
v -2.152272 -0.448284 0.164991
v -2.145044 -0.469055 0.159865
v -2.149339 -0.473858 0.173949
v -2.154287 -0.480682 0.196609
v -2.138732 -0.490873 0.171549
v -2.140260 -0.499304 0.195831
v -2.151626 -0.505636 0.221771
v -2.162634 -0.488884 0.220314
v -2.172539 -0.480351 0.234427
v -2.159877 -0.507003 0.231693
v -2.190453 -0.493550 0.275061
v -2.167305 -0.493885 0.231768
v -2.153375 -0.513646 0.235698
v -2.175295 -0.523793 0.269450
v -2.148291 -0.521776 0.246637
v -2.186212 -0.512035 0.273428
v -2.174008 -0.533716 0.282114
v -2.172075 -0.532029 0.282690
v -2.181380 -0.533415 0.288945
v -2.178658 -0.532173 0.288902
v -2.189126 -0.530197 0.294325
v -2.193001 -0.519869 0.298595
v -2.195418 -0.521126 0.298597
v -2.198777 -0.509135 0.299202
v -2.196433 -0.507645 0.299163
v -2.198790 -0.497877 0.296570
v -2.196743 -0.496614 0.296688
v -2.197691 -0.491215 0.293111
v -2.195346 -0.490431 0.291952
v -2.105793 -0.058522 0.070651
v -2.084622 -0.056749 0.137898
v -2.090596 -0.050859 0.117845
v -2.098612 -0.050700 0.090731
v -2.105438 -0.054162 0.065630
v -2.108003 -0.065835 0.057621
v -2.110463 -0.064038 0.046427
v -2.092906 -0.039498 0.090120
v -2.083490 -0.040284 0.121245
v -2.101078 -0.043501 0.060815
v -2.047632 -0.038985 0.077821
v -2.038823 -0.040874 0.107772
v -2.033072 -0.047383 0.103255
v -2.041193 -0.045946 0.075238
v -2.049047 -0.047726 0.049075
v -2.056219 -0.041684 0.048888
v -2.054658 -0.057012 0.028989
v -2.062223 -0.052711 0.027132
v -2.107070 -0.054915 0.038689
v -2.065741 -0.070923 0.010531
v -2.058119 -0.074017 0.014110
v -2.110738 -0.073753 0.022146
v -2.113665 -0.081274 0.032158
v -2.112885 -0.087772 0.035830
v -2.108003 -0.065835 0.057621
v -2.114708 -0.103948 0.022555
v -2.111928 -0.111908 0.028650
v -2.112004 -0.100104 0.011425
v -2.113542 -0.128274 0.018556
v -2.110489 -0.137062 0.027045
v -2.066844 -0.096968 -0.000426
v -2.059269 -0.097578 0.003877
v -2.110709 -0.127942 0.006635
v -2.110562 -0.149706 0.020961
v -2.104919 -0.163403 0.035695
v -2.065625 -0.124612 -0.005728
v -2.058479 -0.123697 -0.001440
v -2.107306 -0.152989 0.009885
v -2.105768 -0.167359 0.030909
v -2.100638 -0.176423 0.049791
v -2.062470 -0.149622 -0.002432
v -2.055598 -0.147079 0.000839
v -2.057488 -0.169886 0.008542
v -2.050297 -0.165634 0.011399
v -2.101939 -0.173416 0.020806
v -2.050897 -0.185800 0.028527
v -2.044724 -0.179845 0.030012
v -2.094490 -0.189966 0.041393
v -2.043556 -0.198463 0.054662
v -2.036607 -0.192818 0.054900
v -2.032370 -0.197581 0.077104
v -2.099272 -0.181531 0.049116
v -2.036801 -0.204941 0.080182
v -2.027411 -0.196614 0.098150
v -2.031949 -0.203306 0.101917
v -2.092611 -0.193185 0.071757
v -2.087402 -0.197958 0.098060
v -2.086842 -0.203050 0.067512
v -2.086957 -0.199334 0.093934
v -2.082639 -0.197991 0.113711
v -2.080295 -0.209616 0.092933
v -2.075366 -0.208060 0.115264
v -1.922062 0.095426 0.200572
v -1.933245 0.058004 0.199013
v -1.932274 0.062102 0.189819
v -1.921788 0.093506 0.210773
v -1.951357 0.097168 0.224780
v -1.967283 0.063334 0.207169
v -1.984204 0.081166 0.204252
v -1.973867 0.110028 0.216068
v -1.915673 0.137307 0.206334
v -1.916389 0.136392 0.195875
v -1.920446 0.167735 0.182841
v -1.945357 0.142708 0.223733
v -1.966889 0.141783 0.220513
v -1.965179 0.168021 0.215491
v -1.919491 0.173818 0.190047
v -1.933258 0.192655 0.148588
v -1.936615 0.202070 0.151046
v -1.963326 0.209112 0.164299
v -1.948779 0.183012 0.202736
v -1.968643 0.186180 0.200980
v -1.976865 0.197769 0.178358
v -1.378798 0.352388 0.403344
v -1.352882 0.353837 0.372458
v -1.370901 0.335925 0.381019
v -1.361241 0.371802 0.394555
v -1.335537 0.386725 0.385886
v -1.327245 0.371295 0.369536
v -1.387304 0.383691 0.413774
v -1.401241 0.357987 0.420929
v -1.366899 0.400018 0.404109
v -1.296826 0.398582 0.387496
v -1.288252 0.386190 0.373089
v -1.406064 0.384551 0.421905
v -1.419999 0.357526 0.429350
v -1.385786 0.408610 0.417151
v -1.428290 0.397270 0.437449
v -1.442412 0.367095 0.445789
v -1.371191 0.423126 0.422542
v -1.451375 0.409802 0.457925
v -1.466463 0.382221 0.465937
v -1.407403 0.425613 0.441107
v -1.429596 0.434955 0.459457
v -1.469910 0.424214 0.478566
v -1.485455 0.396232 0.484551
v -1.499725 0.415668 0.511456
v -1.450095 0.451197 0.483274
v -1.486744 0.445056 0.509300
v -1.512743 0.441396 0.550694
v -1.436303 0.463631 0.495156
v -1.497696 0.463390 0.539747
v -1.512990 0.468303 0.574954
v -1.467910 0.470364 0.516156
v -1.501621 0.486561 0.569878
v -1.506104 0.490798 0.589443
v -1.480645 0.487131 0.548362
v -1.489820 0.498966 0.576858
v -1.494339 0.502948 0.592623
v -1.455085 0.480934 0.526187
v -1.460006 0.494467 0.559270
v -1.476664 0.505122 0.583654
v -1.482450 0.509276 0.599658
v -1.477437 0.509722 0.605415
v -1.464702 0.503239 0.588620
v -1.444605 0.483837 0.540689
v -1.444021 0.486756 0.560014
v -1.423038 0.471249 0.523785
v -1.420734 0.474156 0.545097
v -1.433653 0.486369 0.577412
v -1.406590 0.453130 0.481726
v -1.402481 0.465949 0.529686
v -1.380881 0.443707 0.457171
v -1.382946 0.457823 0.509160
v -1.353828 0.449607 0.480096
v -1.356165 0.434758 0.429399
v -1.340957 0.443199 0.443530
v -1.331443 0.427739 0.415819
v -1.339556 0.413348 0.406274
v -1.303427 0.418128 0.403516
v -1.316611 0.436107 0.426512
v -1.289679 0.424079 0.410646
v -1.267167 0.407983 0.400291
v -1.253239 0.392777 0.384859
v -1.232480 0.379776 0.410007
v -1.278932 0.425986 0.419573
v -1.252111 0.403345 0.431753
v -1.294564 0.438599 0.432109
v -1.270069 0.424313 0.436007
v -1.241475 0.380720 0.465018
v -1.222254 0.357021 0.438901
v -1.258897 0.411480 0.455898
v -1.282295 0.436515 0.450593
v -1.313370 0.445176 0.444607
v -1.329160 0.446377 0.459501
v -1.301591 0.443489 0.464893
v -1.271158 0.426033 0.472575
v -1.317708 0.444778 0.476421
v -1.291259 0.432537 0.486438
v -1.263206 0.407888 0.494955
v -1.250256 0.393493 0.478582
v -1.283534 0.415489 0.508162
v -1.245131 0.372614 0.499109
v -1.307019 0.434629 0.493609
v -1.257376 0.387910 0.515996
v -1.278747 0.395295 0.527260
v -1.300042 0.416505 0.514913
v -1.332914 0.441902 0.496809
v -1.294241 0.397008 0.534397
v -1.362286 0.447030 0.520532
v -1.317840 0.418595 0.523905
v -1.381129 0.452202 0.538671
v -1.348002 0.426408 0.541217
v -1.314480 0.391590 0.550671
v -1.396864 0.458255 0.550421
v -1.346645 0.404330 0.564393
v -1.410007 0.466465 0.565717
v -1.384626 0.440537 0.565069
v -1.401204 0.453474 0.582502
v -1.424274 0.482790 0.592823
v -1.369509 0.434345 0.554949
v -1.383387 0.427434 0.581313
v -1.368609 0.416465 0.574486
v -1.397791 0.440547 0.594261
v -1.391342 0.418839 0.600566
v -1.416437 0.449440 0.622159
v -1.419358 0.471677 0.606394
v -1.387427 0.397575 0.599654
v -1.447577 0.494725 0.638803
v -1.417630 0.423640 0.629202
v -1.364082 0.384531 0.583667
v -1.442629 0.479197 0.649801
v -1.330163 0.360780 0.565924
v -1.441336 0.461648 0.653519
v -1.294695 0.379904 0.548548
v -1.442512 0.446235 0.653507
v -1.277782 0.375392 0.543077
v -1.299269 0.350953 0.553292
v -1.257047 0.367258 0.530753
v -1.284559 0.343074 0.545754
v -1.316901 0.315733 0.546068
v -1.244875 0.354619 0.514809
v -1.255936 0.338402 0.525054
v -1.235446 0.350515 0.490217
v -1.221949 0.332409 0.467041
v -1.241189 0.319718 0.497360
v -1.233093 0.308115 0.483786
v -1.266453 0.291661 0.484846
v -1.270305 0.297143 0.491108
v -1.311117 0.282109 0.469894
v -1.287655 0.308859 0.517708
v -1.316495 0.291665 0.479762
v -1.352534 0.292747 0.463428
v -1.346650 0.279834 0.452420
v -1.339970 0.296869 0.503412
v -1.366799 0.301790 0.447850
v -1.359792 0.286056 0.433942
v -1.372671 0.309052 0.407164
v -1.372401 0.299153 0.484823
v -1.380617 0.325867 0.423926
v -1.370901 0.335925 0.381019
v -1.378798 0.352388 0.403344
v -1.401241 0.357987 0.420929
v -1.388019 0.306083 0.465800
v -1.401399 0.330526 0.441418
v -1.419999 0.357526 0.429350
v -1.419519 0.329421 0.451841
v -1.405341 0.304367 0.480208
v -1.440904 0.337915 0.469928
v -1.442412 0.367095 0.445789
v -1.426010 0.311699 0.500936
v -1.387145 0.299587 0.501618
v -1.356399 0.300040 0.524293
v -1.398211 0.302853 0.531403
v -1.446521 0.323143 0.521624
v -1.462208 0.350667 0.489244
v -1.466463 0.382221 0.465937
v -1.482623 0.365035 0.510330
v -1.485455 0.396232 0.484551
v -1.467257 0.337830 0.544828
v -1.497419 0.385138 0.535514
v -1.499725 0.415668 0.511456
v -1.482737 0.359787 0.569125
v -1.511675 0.416083 0.576888
v -1.512743 0.441396 0.550694
v -1.469443 0.351077 0.589526
v -1.518400 0.454381 0.598907
v -1.512990 0.468303 0.574954
v -1.499016 0.395780 0.601627
v -1.516420 0.442006 0.614353
v -1.510524 0.488318 0.606149
v -1.506104 0.490798 0.589443
v -1.512674 0.480818 0.621252
v -1.500059 0.502059 0.605957
v -1.494339 0.502948 0.592623
v -1.482450 0.509276 0.599658
v -1.504662 0.499700 0.616544
v -1.485215 0.510649 0.612358
v -1.477437 0.509722 0.605415
v -1.471289 0.510331 0.625468
v -1.495108 0.507023 0.624218
v -1.484487 0.510657 0.623358
v -1.484326 0.509205 0.637752
v -1.466508 0.501502 0.651856
v -1.505568 0.493217 0.631465
v -1.497140 0.502275 0.637317
v -1.481197 0.500469 0.654632
v -1.511155 0.469862 0.637619
v -1.503763 0.484185 0.646493
v -1.494528 0.494283 0.652750
v -1.475467 0.485575 0.665298
v -1.458477 0.478900 0.663062
v -1.495522 0.470942 0.658442
v -1.487454 0.480449 0.663198
v -1.469538 0.471756 0.668149
v -1.455837 0.457360 0.663625
v -1.478429 0.469734 0.666953
v -1.465166 0.455741 0.666055
v -1.486933 0.460353 0.663678
v -1.473776 0.447623 0.664064
v -1.502291 0.457296 0.650827
v -1.491023 0.440325 0.656901
v -1.507056 0.430646 0.630423
v -1.488224 0.417146 0.644623
v -1.483004 0.385049 0.619837
v -1.466898 0.425617 0.660336
v -1.454960 0.393548 0.639130
v -1.440896 0.363092 0.615434
v -1.452740 0.440517 0.659505
v -1.436800 0.414049 0.644339
v -1.451787 0.459256 0.664951
v -1.414657 0.403639 0.626834
v -1.418221 0.388826 0.628431
v -1.395947 0.362905 0.604237
v -1.453357 0.471067 0.666459
v -1.372376 0.344317 0.583761
v -1.456782 0.487701 0.664732
v -1.455955 0.471048 0.666824
v -1.458477 0.478900 0.663062
v -1.459274 0.487413 0.665659
v -1.466508 0.501502 0.651856
v -1.462178 0.504325 0.653699
v -1.465157 0.504356 0.654467
v -1.468310 0.513618 0.635338
v -1.471289 0.510331 0.625468
v -1.465238 0.513626 0.634878
v -1.472175 0.514086 0.617873
v -1.450675 0.504016 0.622042
v -1.468567 0.514942 0.616910
v -1.472929 0.512632 0.606019
v -1.457431 0.504735 0.603258
v -1.349179 0.328524 0.566535
v -1.368883 0.312211 0.558407
v -1.395080 0.318946 0.570121
v -1.414585 0.338732 0.591791
v -1.422924 0.313001 0.551409
v -1.443366 0.328434 0.573105
v -2.060749 0.202893 0.137486
v -2.028987 0.198516 0.210238
v -2.031637 0.204327 0.198528
v -2.043029 0.210956 0.170765
v -2.035223 0.221039 0.170177
v -2.022388 0.213087 0.201624
v -1.980611 0.204705 0.183529
v -2.054242 0.213233 0.144032
v -1.993228 0.212635 0.152175
v -1.976865 0.197769 0.178358
v -1.988745 0.204648 0.148611
v -2.000681 0.207521 0.120183
v -2.048009 0.223818 0.139625
v -2.005785 0.215555 0.121736
v -2.017453 0.209099 0.097366
v -2.011637 0.202453 0.097434
v -2.064597 0.207583 0.122699
v -2.059959 0.217101 0.115090
v -2.028297 0.193700 0.077527
v -2.021820 0.187962 0.079466
v -2.074512 0.193126 0.105623
v -2.079343 0.183461 0.103237
v -2.071075 0.201274 0.095336
v -2.083203 0.170643 0.093179
v -2.088056 0.160483 0.092625
v -2.081188 0.174667 0.081279
v -2.089598 0.145041 0.086123
v -2.093434 0.133096 0.088165
v -2.038301 0.167381 0.063355
v -2.030910 0.164273 0.066386
v -2.088438 0.145222 0.073295
v -2.092762 0.121342 0.085473
v -2.093163 0.097992 0.099775
v -2.045679 0.138050 0.055566
v -2.038038 0.136943 0.058847
v -2.041411 0.112000 0.058531
v -2.092064 0.118941 0.072907
v -2.049430 0.112073 0.055641
v -2.040812 0.090804 0.066391
v -2.092317 0.101122 0.092362
v -2.091726 0.095751 0.080457
v -2.049159 0.089206 0.063505
v -2.044865 0.069992 0.080345
v -2.036321 0.072994 0.082139
v -2.087306 0.076273 0.097459
v -2.037574 0.052831 0.104116
v -2.029499 0.057614 0.103960
v -2.088274 0.084233 0.107548
v -2.080015 0.058913 0.121481
v -2.028767 0.041232 0.129060
v -2.021629 0.046425 0.126927
v -2.013576 0.042965 0.149260
v -2.019660 0.036925 0.152947
v -2.081896 0.069561 0.128246
v -2.069440 0.056395 0.166535
v -2.071092 0.047260 0.146740
v -2.061514 0.042233 0.171071
v -2.065664 0.054309 0.171967
v -2.074141 0.058836 0.150407
v -0.852129 -0.331262 -0.111054
v -0.857094 -0.340897 -0.135103
v -0.856605 -0.326995 -0.100122
v -0.862427 -0.339787 -0.124906
v -2.069147 0.183315 0.242043
v -2.028986 0.198516 0.210237
v -2.067239 0.205576 0.224722
v -2.023345 0.170636 0.227832
v -2.105307 0.212737 0.244706
v -2.074068 0.119110 0.235763
v -2.036263 0.112208 0.223201
v -2.098029 0.177781 0.262173
v -2.120133 0.176161 0.283441
v -2.137556 0.209736 0.273655
v -2.100693 0.121962 0.252007
v -2.149230 0.173032 0.318945
v -2.171705 0.203758 0.309977
v -2.122474 0.122710 0.273653
v -2.194651 0.170417 0.356369
v -2.211899 0.200975 0.344850
v -2.152441 0.120317 0.310082
v -2.232294 0.167373 0.386012
v -2.246054 0.200687 0.377119
v -2.198769 0.120150 0.351060
v -2.141646 0.077015 0.251100
v -2.247140 0.164322 0.405323
v -2.261902 0.198403 0.398875
v -2.271695 0.194780 0.427020
v -2.237628 0.121932 0.379427
v -2.170394 0.074675 0.288201
v -2.219864 0.077743 0.330183
v -2.201757 0.066386 0.265625
v -2.169159 0.064014 0.223005
v -2.249005 0.071606 0.308406
v -2.121734 0.076107 0.228507
v -2.143427 0.062325 0.193014
v -2.259110 0.084492 0.361692
v -2.286791 0.073292 0.343551
v -2.091292 0.072568 0.208850
v -2.109144 0.060965 0.177596
v -2.069440 0.056395 0.166535
v -2.053813 0.066610 0.198461
v -2.273858 0.083320 0.380812
v -2.303883 0.071882 0.362879
v -2.313120 0.066357 0.393646
v -2.252012 0.119063 0.397749
v -2.281556 0.077888 0.405815
v -2.258759 0.115924 0.418659
v -2.301569 0.064348 0.436122
v -2.325989 0.061309 0.435172
v -2.279686 0.077829 0.437442
v -2.255234 0.163236 0.428042
v -2.265733 0.112072 0.444461
v -2.268425 0.173122 0.460242
v -2.285656 0.188909 0.463069
v -2.259078 0.150120 0.453751
v -2.276120 0.107148 0.477007
v -2.269315 0.147782 0.487607
v -2.281667 0.170491 0.496866
v -2.300844 0.185355 0.503256
v -2.282441 0.144272 0.517756
v -2.305834 0.162871 0.538554
v -2.322754 0.175644 0.541972
v -2.342887 0.159165 0.574537
v -2.290165 0.103701 0.508250
v -2.303133 0.140634 0.546313
v -2.331754 0.137511 0.575105
v -2.291751 0.070490 0.470710
v -2.309626 0.101948 0.538537
v -2.307829 0.066664 0.502893
v -2.316259 0.057010 0.474484
v -2.342564 0.054304 0.478777
v -2.342474 0.055794 0.517498
v -2.364183 0.053276 0.519349
v -2.329670 0.066651 0.532026
v -2.336038 0.103596 0.569572
v -2.351837 0.069485 0.560354
v -2.369494 0.060742 0.557292
v -2.394462 0.063187 0.551664
v -2.357604 0.133865 0.594811
v -2.362694 0.153540 0.587190
v -2.385957 0.067922 0.571414
v -2.404668 0.069655 0.566177
v -2.405947 0.077975 0.577756
v -2.375387 0.078069 0.581249
v -2.390148 0.083136 0.587270
v -2.409629 0.091736 0.589613
v -2.365206 0.107934 0.592084
v -2.384413 0.110787 0.601964
v -2.407934 0.116212 0.602469
v -2.396921 0.136104 0.603254
v -2.374149 0.133645 0.600967
v -2.383477 0.149307 0.594183
v -1.942621 0.269845 0.200021
v -1.959194 0.281980 0.176651
v -1.951598 0.285463 0.176151
v -1.949360 0.265523 0.202516
v -1.958335 0.308045 0.153121
v -1.992192 0.291623 0.195693
v -1.982578 0.275555 0.221250
v -1.987642 0.281756 0.224630
v -1.966430 0.305905 0.151979
v -1.969514 0.330782 0.135011
v -1.961335 0.331521 0.137118
v -1.999230 0.315200 0.171306
v -1.996756 0.296984 0.200314
v -1.994119 0.298676 0.218566
v -2.003418 0.319397 0.177111
v -2.004584 0.347100 0.170937
v -2.002376 0.340088 0.154278
v -2.006444 0.343165 0.160835
v -2.003303 0.361549 0.166447
v -1.967495 0.356157 0.127606
v -1.959685 0.355247 0.129700
v -1.952777 0.379671 0.130891
v -2.000330 0.365343 0.146974
v -2.004483 0.367245 0.153889
v -1.996915 0.389062 0.167091
v -1.997700 0.392562 0.154185
v -1.960323 0.382768 0.127946
v -1.941401 0.404601 0.138961
v -1.993213 0.391876 0.147292
v -1.986506 0.417396 0.162065
v -1.996915 0.389062 0.167091
v -1.985131 0.413819 0.177395
v -1.981472 0.417915 0.155555
v -1.948534 0.408906 0.136251
v -1.927317 0.427286 0.151963
v -1.971921 0.440758 0.175449
v -1.969928 0.435449 0.190492
v -1.966200 0.442405 0.169569
v -1.933248 0.433481 0.150256
v -1.912720 0.443236 0.169333
v -1.957031 0.456759 0.193611
v -1.953931 0.445431 0.213768
v -1.950587 0.459158 0.188625
v -1.917574 0.450228 0.169426
v -1.899402 0.448699 0.191085
v -1.943428 0.462378 0.215531
v -1.944036 0.446343 0.233070
v -1.936318 0.465078 0.211604
v -1.903231 0.456259 0.192484
v -1.890182 0.450364 0.221041
v -1.887336 0.443049 0.217625
v -1.923345 0.459166 0.240035
v -1.931063 0.456727 0.242643
v -1.929713 0.434426 0.263458
v -1.878218 0.436589 0.250629
v -1.876111 0.429797 0.245448
v -1.867708 0.412930 0.268252
v -1.869322 0.418410 0.274988
v -1.919739 0.443912 0.270689
v -1.922512 0.420146 0.283042
v -1.911524 0.427172 0.293700
v -1.911465 0.445660 0.269456
v -1.902791 0.427979 0.293614
v -1.772658 -0.005695 0.161164
v -1.754303 -0.056777 0.143172
v -1.738841 -0.061248 0.128275
v -1.769865 -0.096750 0.114340
v -1.690116 -0.064487 0.131508
v -1.709342 -0.110789 0.119883
v -1.992510 -0.043442 0.022034
v -1.957212 -0.019567 0.028506
v -1.951947 -0.016946 -0.000891
v -1.981072 -0.040268 0.048115
v -1.942960 0.010017 0.011341
v -1.952029 -0.024781 0.059400
v -1.970722 -0.044657 0.079862
v -1.937792 -0.035068 0.095773
v -1.950713 0.005913 0.034475
v -1.949226 0.035251 0.008648
v -1.943513 -0.001303 0.067621
v -1.927372 -0.009368 0.102785
v -1.958585 0.032558 0.045048
v -1.960088 0.047270 0.015427
v -1.973951 0.055460 0.030503
v -1.988612 0.062457 0.048241
v -1.972324 0.038348 0.087639
v -1.951835 0.019615 0.080030
v -1.956635 0.034167 0.127289
v -1.934371 0.016005 0.118274
v -1.962919 -0.292636 0.048395
v -1.950465 -0.292742 0.069042
v -1.956437 -0.295556 0.047157
v -1.961526 -0.299832 0.024583
v -1.956275 -0.290313 0.072541
v -1.968221 -0.297477 0.024022
v -1.962828 -0.309199 0.007133
v -1.999655 -0.307684 0.058455
v -1.992850 -0.305601 0.084373
v -1.995687 -0.315395 0.081636
v -2.004262 -0.312822 0.034227
v -2.001296 -0.317630 0.059096
v -1.993732 -0.317291 0.088677
v -2.005555 -0.323496 0.038339
v -2.005128 -0.322072 0.038261
v -2.005163 -0.331347 0.025096
v -2.005308 -0.323438 0.016030
v -2.005911 -0.331218 0.022432
v -2.003354 -0.346064 0.010705
v -2.002412 -0.349707 0.011560
v -2.002586 -0.339628 0.002586
v -1.969421 -0.308180 0.005558
v -1.960155 -0.324369 -0.005171
v -1.966664 -0.324531 -0.007934
v -1.954070 -0.343530 -0.013149
v -1.996119 -0.361554 -0.005979
v -1.960090 -0.346119 -0.016388
v -1.945782 -0.363617 -0.017479
v -1.997718 -0.364998 0.002978
v -1.994651 -0.370305 0.005141
v -1.951330 -0.367848 -0.020478
v -1.936607 -0.380288 -0.017272
v -1.989892 -0.384853 0.000150
v -1.985233 -0.390782 0.004740
v -1.987309 -0.384144 -0.009533
v -1.981510 -0.401456 0.002499
v -1.975505 -0.409930 0.012105
v -1.941678 -0.386053 -0.018762
v -1.927614 -0.393125 -0.010421
v -1.977641 -0.403364 -0.006291
v -1.932047 -0.400190 -0.011290
v -1.919369 -0.403049 0.002974
v -1.967858 -0.417718 0.002897
v -1.922691 -0.410664 0.003457
v -1.911613 -0.409906 0.021402
v -1.972907 -0.413896 0.011014
v -1.967009 -0.419391 0.024789
v -1.957826 -0.427648 0.019526
v -1.964171 -0.422423 0.026062
v -1.958375 -0.424013 0.045853
v -1.913781 -0.417251 0.023468
v -1.905457 -0.411824 0.040092
v -1.956224 -0.428322 0.044506
v -1.948820 -0.434434 0.040738
v -1.907022 -0.418950 0.044192
v -1.902317 -0.408345 0.057683
v -1.904179 -0.415075 0.062722
v -1.950579 -0.430221 0.063006
v -1.951841 -0.425448 0.074880
v -1.948012 -0.426943 0.079628
v -1.942436 -0.436193 0.061658
v -1.939529 -0.432408 0.080338
v -1.658612 0.156031 -0.107584
v -1.665322 0.158195 -0.112328
v -1.657601 0.163794 -0.103797
v -1.657026 0.150596 -0.110643
v -1.663541 0.169194 -0.107087
v -1.663079 0.150976 -0.116436
v -1.649392 0.169842 -0.101815
v -1.645407 0.133220 -0.120934
v -1.651276 0.178258 -0.104142
v -1.650760 0.132619 -0.127409
v -1.640378 0.175812 -0.107023
v -1.633237 0.117500 -0.129447
v -1.641800 0.168159 -0.103821
v -1.638751 0.116710 -0.135819
v -1.633113 0.171868 -0.110205
v -1.628611 0.111981 -0.132222
v -1.636261 0.165139 -0.106276
v -1.632879 0.109638 -0.139248
v -1.619217 0.153304 -0.121757
v -1.619370 0.107416 -0.141641
v -1.623113 0.147479 -0.117244
v -1.619629 0.110536 -0.133833
v -1.606109 0.136966 -0.131080
v -1.608318 0.117658 -0.132424
v -1.610586 0.131912 -0.126152
v -1.603362 0.117310 -0.139655
v -1.603044 0.127329 -0.135668
v -1.608084 0.123978 -0.129860
v -1.688898 -0.140531 -0.170115
v -1.682965 -0.143423 -0.165410
v -1.691339 -0.146864 -0.168666
v -1.674942 -0.124231 -0.174588
v -1.684878 -0.148094 -0.164544
v -1.669374 -0.127959 -0.169214
v -1.692442 -0.157022 -0.167131
v -1.658279 -0.105600 -0.176816
v -1.685590 -0.154332 -0.163749
v -1.653185 -0.110039 -0.171290
v -1.677628 -0.160740 -0.165592
v -1.650412 -0.100534 -0.177474
v -1.680290 -0.166943 -0.170564
v -1.647688 -0.106514 -0.171893
v -1.670897 -0.159651 -0.167435
v -1.640077 -0.106724 -0.172750
v -1.670212 -0.165431 -0.173385
v -1.638733 -0.100815 -0.178718
v -1.665519 -0.156782 -0.168824
v -1.635619 -0.110596 -0.173511
v -1.663023 -0.161619 -0.175259
v -1.631292 -0.107373 -0.179842
v -1.649176 -0.145537 -0.177950
v -1.633697 -0.117896 -0.173901
v -1.652430 -0.141603 -0.171452
v -1.628524 -0.117822 -0.180420
v -1.635357 -0.123464 -0.173822
v -1.631115 -0.126314 -0.180352
vn -0.1052 -0.7800 0.6169
vn 0.1140 -0.7446 0.6577
vn -0.0222 -0.9065 0.4216
vn 0.2358 0.6902 0.6842
vn 0.3989 0.7604 0.5126
vn 0.4613 0.4388 0.7712
vn 0.4411 -0.0939 0.8925
vn -0.1778 -0.2171 0.9598
vn 0.0648 -0.1326 0.9891
vn -0.1647 0.2463 -0.9551
vn -0.1607 0.2320 -0.9593
vn -0.1587 0.2248 -0.9614
vn -0.1773 0.2354 -0.9556
vn -0.1802 0.2102 -0.9609
vn -0.1934 0.2298 -0.9538
vn -0.1850 0.2638 -0.9467
vn -0.2053 0.1460 -0.9677
vn -0.1968 0.3235 -0.9255
vn -0.2114 0.1681 -0.9628
vn -0.2439 0.1097 -0.9636
vn -0.2069 0.2582 -0.9437
vn -0.2134 0.3735 -0.9027
vn -0.2333 0.1617 -0.9589
vn -0.2798 0.0656 -0.9578
vn -0.2038 0.2832 -0.9371
vn -0.2099 0.4064 -0.8892
vn -0.2429 0.1342 -0.9607
vn -0.2900 0.0460 -0.9559
vn -0.2026 0.2350 -0.9506
vn -0.1807 0.3293 -0.9268
vn -0.1826 0.4371 -0.8807
vn -0.2398 0.0948 -0.9662
vn -0.2762 0.0258 -0.9607
vn -0.1409 0.3889 -0.9104
vn -0.1474 0.4863 -0.8613
vn -0.1584 0.2960 -0.9420
vn -0.2035 0.2026 -0.9579
vn -0.0854 0.4669 -0.8802
vn -0.1037 0.4770 -0.8728
vn -0.1041 0.3680 -0.9240
vn -0.1545 0.2821 -0.9469
vn -0.0396 0.4407 -0.8968
vn -0.1850 0.1922 -0.9638
vn -0.2236 0.0346 -0.9741
vn -0.2196 -0.0050 -0.9756
vn -0.2073 0.0643 -0.9762
vn -0.0197 0.0315 -0.9993
vn -0.0092 -0.0730 -0.9973
vn -0.0245 -0.1758 -0.9841
vn -0.0240 0.1602 -0.9868
vn -0.1992 0.0911 -0.9757
vn -0.1636 0.2068 -0.9646
vn -0.0323 0.2704 -0.9622
vn -0.1989 0.0095 -0.9800
vn -0.1130 0.3171 -0.9416
vn -0.2963 0.2606 -0.9189
vn -0.2367 0.3658 -0.9001
vn -0.3486 0.1481 -0.9255
vn -0.1433 0.1977 -0.9697
vn -0.1812 0.0888 -0.9794
vn -0.3537 0.0494 -0.9341
vn -0.2199 -0.0296 -0.9751
vn -0.1909 -0.1366 -0.9721
vn -0.1965 -0.2068 -0.9585
vn -0.3590 -0.1094 -0.9269
vn -0.1829 -0.0427 -0.9822
vn -0.1465 -0.3082 -0.9400
vn -0.0822 0.0946 -0.9921
vn -0.0144 -0.3352 -0.9421
vn -0.0059 0.2215 -0.9752
vn -0.1862 -0.1268 -0.9743
vn -0.2225 0.0349 -0.9743
vn -0.1973 -0.0475 -0.9792
vn -0.2087 0.0963 -0.9732
vn -0.1632 -0.2885 -0.9435
vn -0.2057 0.0320 -0.9781
vn -0.1981 0.1482 -0.9689
vn -0.1821 -0.2436 -0.9526
vn -0.2044 0.0815 -0.9755
vn -0.1789 0.1703 -0.9690
vn -0.2099 -0.1514 -0.9659
vn -0.1548 -0.4151 -0.8965
vn -0.1928 0.1015 -0.9760
vn -0.1634 0.1429 -0.9762
vn -0.1527 0.1058 -0.9826
vn -0.1650 -0.3762 -0.9117
vn -0.1624 0.0783 -0.9836
vn -0.1088 0.0703 -0.9916
vn -0.2308 0.0323 -0.9725
vn -0.0966 0.0821 -0.9919
vn -0.2313 0.0076 -0.9729
vn -0.1125 0.1098 -0.9876
vn -0.0883 0.0275 -0.9957
vn -0.0953 0.1393 -0.9857
vn -0.1356 0.0210 -0.9905
vn -0.1266 -0.0090 -0.9919
vn -0.1623 0.1671 -0.9725
vn -0.1454 0.2050 -0.9679
vn -0.1924 -0.0376 -0.9806
vn -0.1901 -0.0451 -0.9807
vn -0.2745 -0.1055 -0.9558
vn -0.2007 0.0418 -0.9788
vn -0.2900 -0.1283 -0.9484
vn -0.3046 0.2264 -0.9252
vn -0.2301 0.2505 -0.9404
vn -0.2501 0.1320 -0.9592
vn -0.2506 -0.0069 -0.9681
vn -0.2942 0.1504 -0.9438
vn -0.3519 -0.1739 -0.9198
vn -0.4835 0.2222 -0.8467
vn -0.3434 -0.1546 -0.9264
vn -0.3324 -0.1415 -0.9325
vn -0.3419 -0.1365 -0.9298
vn -0.3556 -0.1412 -0.9239
vn -0.3306 -0.1245 -0.9355
vn -0.3688 -0.0049 -0.9295
vn -0.3318 -0.0254 -0.9430
vn -0.3051 -0.1744 -0.9362
vn -0.3226 -0.1476 -0.9350
vn -0.2982 -0.2140 -0.9302
vn -0.3232 -0.3075 -0.8950
vn -0.2473 -0.2225 -0.9430
vn -0.2444 -0.1455 -0.9587
vn -0.2864 -0.3210 -0.9027
vn -0.2630 -0.3387 -0.9034
vn -0.2069 -0.0918 -0.9740
vn -0.2253 -0.4044 -0.8864
vn -0.2108 -0.4345 -0.8756
vn -0.2423 -0.3496 -0.9050
vn -0.2287 -0.1660 -0.9593
vn -0.2050 -0.4944 -0.8447
vn -0.2399 -0.6318 -0.7371
vn -0.2208 -0.4309 -0.8750
vn -0.2435 -0.2911 -0.9252
vn -0.2332 -0.0596 -0.9706
vn -0.2043 -0.0251 -0.9786
vn -0.2403 -0.1781 -0.9542
vn -0.2343 -0.0591 -0.9704
vn -0.2098 -0.2948 -0.9322
vn -0.2143 -0.3935 -0.8940
vn -0.1608 -0.4692 -0.8683
vn -0.1681 -0.5625 -0.8095
vn -0.1406 -0.5229 -0.8407
vn -0.1359 -0.6034 -0.7858
vn -0.1888 -0.5690 -0.8004
vn -0.0849 -0.8373 -0.5401
vn -0.1988 -0.7217 -0.6631
vn -0.3231 -0.9150 -0.2417
vn -0.2367 -0.9601 -0.1489
vn -0.0697 -0.9976 -0.0024
vn -0.1557 -0.7699 -0.6189
vn -0.0184 -0.9998 0.0115
vn -0.1256 -0.7982 -0.5891
vn 0.0240 -0.9997 0.0033
vn 0.0628 -0.9976 -0.0290
vn 0.0285 -0.7655 -0.6429
vn 0.0861 -0.9666 -0.2413
vn 0.0197 -0.5901 -0.8071
vn -0.0518 -0.7419 -0.6685
vn 0.0089 -0.4668 -0.8843
vn -0.0921 -0.5786 -0.8104
vn -0.1171 -0.4400 -0.8903
vn -0.2825 -0.5575 -0.7806
vn -0.3325 -0.2848 -0.8991
vn -0.3070 -0.4160 -0.8560
vn -0.1695 -0.3495 -0.9215
vn -0.1281 -0.4681 -0.8744
vn -0.0772 -0.6031 -0.7939
vn -0.2155 -0.7855 -0.5801
vn -0.0699 -0.9912 -0.1128
vn 0.1044 -0.9914 -0.0793
vn -0.0024 -0.8032 -0.5957
vn 0.1948 -0.9788 -0.0639
vn 0.0785 -0.8316 -0.5498
vn -0.0095 -0.6415 -0.7670
vn -0.0874 -0.4974 -0.8631
vn 0.0786 -0.8762 -0.4754
vn 0.2234 -0.9741 0.0356
vn -0.0354 -0.6930 -0.7201
vn -0.1339 -0.5350 -0.8342
vn -0.1693 -0.3850 -0.9072
vn -0.0199 -0.5396 -0.8417
vn -0.1771 -0.2158 -0.9602
vn -0.0803 -0.3584 -0.9301
vn -0.0714 -0.1654 -0.9836
vn -0.0890 -0.0220 -0.9958
vn 0.4708 -0.0841 -0.8782
vn 0.4362 -0.0021 -0.8998
vn 0.4542 0.0100 -0.8908
vn 0.5531 -0.2444 -0.7965
vn 0.2312 0.0278 -0.9725
vn 0.2731 0.1690 -0.9470
vn 0.3782 0.2822 -0.8817
vn 0.4929 0.3478 -0.7976
vn 0.0910 -0.6801 -0.7275
vn 0.6441 -0.3305 -0.6898
vn 0.7354 -0.3200 -0.5974
vn 0.1959 -0.8654 -0.4612
vn 0.3230 -0.9442 0.0639
vn 0.1317 0.3392 -0.9314
vn 0.5321 0.2694 -0.8027
vn -0.0925 0.3087 -0.9467
vn 0.1134 0.3728 -0.9210
vn 0.4933 0.1655 -0.8540
vn -0.1769 0.4538 -0.8734
vn 0.1649 0.3722 -0.9134
vn 0.4914 0.1730 -0.8536
vn -0.0692 0.4087 -0.9100
vn 0.2199 0.3779 -0.8993
vn 0.5167 0.1705 -0.8391
vn -0.1231 0.5111 -0.8507
vn -0.0227 0.4454 -0.8951
vn 0.2439 0.4155 -0.8763
vn 0.5944 0.2345 -0.7693
vn -0.0599 0.5425 -0.8379
vn 0.3037 0.4679 -0.8300
vn 0.6431 0.1320 -0.7543
vn -0.0106 0.5790 -0.8153
vn 0.0132 0.5009 -0.8654
vn 0.0533 0.5420 -0.8387
vn 0.0310 0.6348 -0.7720
vn 0.3750 0.4842 -0.7905
vn 0.6284 0.2411 -0.7396
vn 0.6311 0.3358 -0.6992
vn 0.0882 0.5982 -0.7965
vn 0.4331 0.5940 -0.6779
vn 0.6959 0.3235 -0.6412
vn 0.0330 0.6887 -0.7243
vn 0.4332 0.6836 -0.5874
vn 0.7179 0.3267 -0.6147
vn 0.0859 0.7745 -0.6267
vn 0.1159 0.8302 -0.5453
vn 0.4263 0.7178 -0.5505
vn 0.6901 0.4224 -0.5877
vn 0.1559 0.8601 -0.4857
vn 0.4300 0.7555 -0.4943
vn 0.7355 0.4798 -0.4784
vn 0.1667 0.8873 -0.4300
vn 0.5114 0.7994 -0.3153
vn 0.8421 0.4286 -0.3274
vn 0.1833 0.9068 -0.3795
vn 0.6109 0.7717 -0.1772
vn 0.9099 0.3467 -0.2278
vn 0.2448 0.9518 -0.1848
vn 0.7834 0.6144 -0.0938
vn 0.9676 0.2201 -0.1240
vn 0.3175 0.9478 -0.0280
vn 0.9185 0.3886 0.0727
vn 0.9995 0.0195 -0.0254
vn 0.5501 0.8291 0.0998
vn 0.9636 0.1456 0.2240
vn 0.9911 -0.1320 -0.0145
vn 0.9635 0.0168 0.2671
vn 0.8518 0.1549 0.5004
vn 0.8142 0.3374 0.4725
vn 0.7392 0.5967 0.3123
vn 0.8919 0.2918 0.3456
vn 0.8786 0.1689 0.4467
vn 0.7713 0.5783 0.2658
vn 0.5128 0.8583 -0.0201
vn 0.9837 0.1204 0.1332
vn 0.9847 0.0508 0.1666
vn 0.9421 0.1293 0.3095
vn 0.9627 0.2615 -0.0700
vn 0.9481 0.1865 0.2575
vn 0.9424 0.1376 0.3047
vn 0.9633 0.2294 0.1394
vn 0.9371 0.2233 0.2683
vn 0.9325 0.1666 0.3206
vn 0.7776 0.5603 -0.2852
vn 0.9177 0.2918 0.2697
vn 0.9319 0.1924 0.3074
vn 0.9263 0.2065 0.3151
vn 0.9210 0.3236 0.2171
vn 0.9365 0.2138 0.2779
vn 0.9085 0.2664 0.3220
vn 0.9032 0.3770 0.2050
vn 0.8937 0.2749 0.3546
vn 0.9151 0.2991 0.2705
vn 0.8696 0.4186 0.2619
vn 0.8186 0.3212 0.4762
vn 0.8990 0.3534 0.2586
vn 0.8005 0.4681 0.3743
vn 0.7726 0.3607 0.5225
vn 0.7703 0.6002 0.2155
vn 0.7639 0.5029 0.4045
vn 0.8245 0.3521 0.4430
vn 0.7898 0.4899 0.3691
vn 0.7262 0.6691 0.1578
vn 0.6984 0.6870 0.2008
vn 0.7108 0.6754 0.1966
vn 0.5675 0.8227 -0.0342
vn 0.6041 0.7907 -0.0993
vn 0.3630 0.8706 -0.3321
vn 0.3608 0.9036 -0.2308
vn 0.0098 0.8904 -0.4550
vn 0.5700 0.8216 -0.0097
vn 0.4568 0.8596 0.2287
vn 0.3667 0.9221 -0.1234
vn 0.0375 0.9402 -0.3385
vn 0.6973 0.6500 0.3021
vn 0.3055 0.9520 0.0184
vn 0.8281 0.5443 0.1338
vn 0.0944 0.9652 -0.2438
vn 0.4641 0.8777 -0.1194
vn 0.0201 0.9987 0.0468
vn 0.5666 0.8009 -0.1936
vn 0.1631 0.9704 -0.1781
vn -0.1783 0.9837 0.0239
vn -0.1039 0.9602 -0.2592
vn -0.1525 0.9569 -0.2471
vn -0.0270 0.9925 -0.1194
vn -0.2499 0.9373 -0.2429
vn 0.1133 0.8974 -0.4265
vn -0.2584 0.8748 -0.4098
vn -0.2216 0.8340 -0.5054
vn -0.5241 0.7854 -0.3293
vn -0.4328 0.7338 -0.5237
vn -0.5309 0.8385 -0.1230
vn -0.2228 0.9719 -0.0761
vn -0.5008 0.8587 0.1085
vn -0.0733 0.9967 -0.0342
vn -0.4454 0.8819 0.1544
vn 0.0229 0.9832 -0.1813
vn -0.3509 0.9310 0.1003
vn 0.1302 0.9828 -0.1310
vn 0.0217 0.9342 -0.3562
vn -0.3207 0.9413 -0.1055
vn 0.1490 0.9398 -0.3076
vn 0.1834 0.9429 -0.2781
vn 0.3921 0.8764 0.2797
vn 0.1076 0.9534 -0.2819
vn 0.2607 0.9409 -0.2160
vn 0.2461 0.8990 -0.3623
vn 0.2054 0.9092 -0.3622
vn 0.3440 0.9031 -0.2569
vn 0.1062 0.8828 -0.4576
vn 0.2578 0.8910 -0.3737
vn 0.1923 0.8930 -0.4069
vn 0.1140 0.8516 -0.5117
vn 0.1913 0.8631 -0.4674
vn 0.2644 0.8762 -0.4031
vn 0.2380 0.8509 -0.4683
vn 0.2582 0.9041 -0.3404
vn 0.2110 0.9520 -0.2216
vn 0.5170 0.7926 0.3231
vn 0.1783 0.8596 -0.4788
vn 0.1885 0.9790 -0.0783
vn 0.4356 0.7993 0.4141
vn 0.1487 0.9149 -0.3752
vn 0.1727 0.8221 -0.5425
vn 0.2257 0.9725 0.0581
vn 0.4392 0.7231 0.5331
vn 0.4781 0.5882 0.6522
vn 0.1454 0.9559 -0.2553
vn 0.2720 0.9393 0.2090
vn 0.5680 0.4011 0.7187
vn 0.1768 0.9784 -0.1074
vn 0.2922 0.8457 0.4466
vn 0.6131 0.2550 0.7477
vn 0.2872 0.6688 0.6857
vn 0.2290 0.9734 -0.0019
vn 0.2284 0.9303 0.2869
vn 0.2339 0.7807 0.5795
vn 0.2145 0.9402 -0.2647
vn 0.2648 0.9561 -0.1252
vn 0.2688 0.9466 0.1779
vn 0.2897 0.8227 0.4890
vn 0.1768 0.9027 -0.3923
vn 0.2277 0.9160 -0.3302
vn 0.2790 0.9446 -0.1730
vn 0.3051 0.9354 0.1787
vn 0.3030 0.9203 0.2476
vn 0.3141 0.8373 0.4476
vn 0.2750 0.8944 0.3528
vn 0.2821 0.8480 0.4487
vn 0.2887 0.9556 0.0595
vn 0.3105 0.9504 -0.0171
vn 0.2759 0.9353 -0.2216
vn 0.2050 0.8911 -0.4048
vn 0.1571 0.8817 -0.4449
vn 0.1746 0.8517 -0.4940
vn 0.1171 0.8013 -0.5867
vn 0.0986 0.8098 -0.5784
vn 0.1526 0.8574 -0.4915
vn 0.0037 0.6494 -0.7604
vn 0.0225 0.6774 -0.7353
vn -0.0757 0.5557 -0.8279
vn 0.0926 0.7414 -0.6646
vn 0.1389 0.7955 -0.5899
vn 0.0992 0.7407 -0.6645
vn 0.0309 0.6645 -0.7467
vn -0.0032 0.6494 -0.7604
vn -0.0603 0.5748 -0.8161
vn -0.0948 0.5473 -0.8315
vn -0.1637 0.4898 -0.8563
vn -0.1579 0.5059 -0.8480
vn -0.1251 0.5077 -0.8524
vn -0.2812 0.4701 -0.8366
vn -0.3590 0.4841 -0.7980
vn -0.1621 0.4747 -0.8651
vn -0.3724 0.4622 -0.8048
vn -0.5101 0.4798 -0.7139
vn -0.2766 0.4337 -0.8575
vn -0.2313 0.4467 -0.8643
vn -0.2602 0.4218 -0.8685
vn -0.1842 0.4525 -0.8726
vn -0.2352 0.4143 -0.8792
vn -0.1605 0.4595 -0.8735
vn -0.1972 0.4342 -0.8790
vn -0.1752 0.4477 -0.8769
vn -0.2026 0.4080 -0.8902
vn -0.1991 0.3859 -0.9008
vn -0.2727 0.3476 -0.8971
vn -0.2408 0.3508 -0.9050
vn -0.1792 0.3695 -0.9118
vn -0.2526 0.2837 -0.9251
vn -0.3278 0.3068 -0.8935
vn -0.1517 0.3450 -0.9263
vn -0.3526 0.2755 -0.8943
vn -0.4909 0.2606 -0.8314
vn -0.1923 0.2620 -0.9457
vn -0.1360 0.2714 -0.9528
vn -0.1071 0.2872 -0.9519
vn -0.4867 0.2379 -0.8406
vn -0.5835 0.2278 -0.7795
vn -0.1070 0.2964 -0.9491
vn -0.1057 0.3278 -0.9388
vn -0.1131 0.3171 -0.9416
vn -0.1023 0.3521 -0.9303
vn -0.1130 0.3263 -0.9385
vn -0.1135 0.3641 -0.9244
vn -0.1189 0.3468 -0.9304
vn -0.1133 0.3733 -0.9207
vn -0.1024 0.4076 -0.9074
vn -0.1318 0.3745 -0.9178
vn -0.1007 0.3919 -0.9145
vn -0.1059 0.3840 -0.9172
vn -0.1168 0.4503 -0.8852
vn -0.1683 0.4041 -0.8991
vn -0.0746 0.4463 -0.8918
vn -0.0641 0.5123 -0.8564
vn -0.1218 0.4869 -0.8649
vn -0.1882 0.4295 -0.8833
vn -0.0614 0.5570 -0.8282
vn 0.0061 0.6142 -0.7891
vn -0.0160 0.5643 -0.8254
vn 0.0753 0.6894 -0.7204
vn -0.0402 0.5177 -0.8546
vn 0.0501 0.6331 -0.7724
vn 0.1393 0.8020 -0.5809
vn 0.1292 0.7551 -0.6427
vn 0.1447 0.7877 -0.5988
vn 0.0899 0.7113 -0.6971
vn -0.0022 0.5967 -0.8024
vn -0.0841 0.4423 -0.8929
vn -0.1026 0.3984 -0.9115
vn -0.0721 0.4932 -0.8669
vn -0.0971 0.4153 -0.9045
vn -0.0584 0.5278 -0.8473
vn -0.0950 0.4181 -0.9034
vn 0.0129 0.6446 -0.7644
vn -0.0396 0.5268 -0.8491
vn 0.0701 0.7056 -0.7052
vn 0.0409 0.6382 -0.7688
vn -0.0164 0.5228 -0.8523
vn 0.1115 0.7715 -0.6264
vn 0.0588 0.6868 -0.7245
vn 0.0478 0.6076 -0.7928
vn 0.0116 0.5159 -0.8566
vn 0.0484 0.6464 -0.7614
vn 0.0900 0.7453 -0.6606
vn 0.2199 0.8305 -0.5117
vn 0.1935 0.8484 -0.4927
vn 0.2135 0.8119 -0.5433
vn 0.2176 0.8264 -0.5194
vn 0.1733 0.8337 -0.5243
vn 0.2574 0.8722 -0.4159
vn 0.2104 0.8211 -0.5306
vn 0.3446 0.8925 -0.2911
vn 0.2945 0.8482 -0.4403
vn 0.2772 0.8916 -0.3579
vn 0.4033 0.8460 -0.3487
vn 0.3865 0.8349 -0.3918
vn 0.2297 0.8764 -0.4232
vn 0.3067 0.8548 -0.4187
vn 0.3721 0.8777 -0.3020
vn 0.4506 0.8548 -0.2573
vn 0.5902 0.7893 -0.1691
vn 0.5092 0.8270 -0.2383
vn 0.8418 0.5225 0.1353
vn 0.8542 0.4898 0.1744
vn 0.6281 0.7651 -0.1417
vn 0.8768 0.4456 0.1804
vn 0.6528 0.7455 -0.1349
vn 0.9628 0.2629 0.0624
vn 0.5336 0.8111 -0.2395
vn 0.7776 0.5798 -0.2432
vn 0.9036 0.3476 -0.2503
vn 0.6486 0.6704 -0.3605
vn 0.3675 0.8311 -0.4173
vn 0.6397 0.6413 -0.4237
vn 0.4548 0.7166 -0.5289
vn 0.5025 0.7925 -0.3456
vn 0.6088 0.7296 -0.3115
vn 0.4385 0.8227 -0.3618
vn 0.3873 0.9168 -0.0978
vn 0.3218 0.8326 -0.4508
vn 0.3231 0.9214 -0.2157
vn 0.4025 0.8503 -0.3392
vn 0.5073 0.7850 -0.3554
vn 0.3127 0.8379 -0.4474
vn 0.4243 0.7867 -0.4484
vn 0.4426 0.7150 -0.5413
vn 0.2692 0.8438 -0.4642
vn 0.1872 0.8038 -0.5647
vn 0.3849 0.7398 -0.5518
vn 0.2583 0.8205 -0.5100
vn 0.2327 0.6996 -0.6756
vn 0.0927 0.8170 -0.5691
vn 0.3123 0.7454 -0.5890
vn 0.0866 0.7813 -0.6181
vn 0.2187 0.7981 -0.5615
vn 0.2367 0.7813 -0.5775
vn 0.2569 0.7205 -0.6441
vn 0.1514 0.6506 -0.7441
vn 0.1506 0.6424 -0.7514
vn 0.1137 0.5955 -0.7953
vn 0.1028 0.5259 -0.8443
vn 0.0086 0.5454 -0.8381
vn 0.1238 0.4308 -0.8939
vn -0.0340 0.4571 -0.8888
vn 0.0844 0.3974 -0.9138
vn -0.0895 0.3800 -0.9206
vn 0.0224 0.3411 -0.9398
vn 0.0359 -0.9620 0.2705
vn -0.0765 -0.9971 0.0004
vn -0.1264 -0.9531 0.2752
vn -0.3464 -0.9381 0.0043
vn -0.5809 -0.8034 0.1309
vn -0.6376 -0.7692 0.0425
vn -0.9241 -0.1507 0.3511
vn -0.9491 -0.2821 0.1401
vn -0.9685 0.2008 0.1475
vn -0.8106 0.3937 0.4334
vn -0.8803 0.4700 0.0644
vn -0.5621 0.7933 0.2339
vn -0.5763 0.8133 -0.0803
vn -0.2629 -0.0687 -0.9624
vn -0.2439 -0.0541 -0.9683
vn -0.2438 -0.0541 -0.9683
vn -0.1996 -0.0400 -0.9791
vn -0.1595 -0.0109 -0.9871
vn -0.1312 0.0060 -0.9913
vn -0.1213 0.0256 -0.9923
vn -0.1213 0.0257 -0.9923
vn -0.1163 0.0354 -0.9926
vn -0.0301 0.9978 -0.0598
vn -0.0000 0.9974 -0.0715
vn 0.0173 0.9953 -0.0950
vn 0.0398 0.9928 -0.1128
vn 0.0569 0.9891 -0.1360
vn 0.0673 0.9854 -0.1567
vn 0.0844 0.9731 -0.2142
vn 0.0844 0.9732 -0.2141
vn 0.0210 0.9708 -0.2389
vn -0.0589 0.9843 -0.1664
vn -0.2670 0.9636 -0.0170
vn -0.2876 0.9525 0.1006
vn 0.3326 0.9425 0.0330
vn 0.3521 0.9356 0.0259
vn 0.3674 0.9301 0.0021
vn 0.3816 0.9241 -0.0196
vn 0.3912 0.9194 -0.0405
vn 0.3955 0.9166 -0.0588
vn 0.3750 0.9214 -0.1014
vn 0.3672 0.9240 -0.1066
vn 0.3079 0.9442 -0.1170
vn 0.2606 0.9627 -0.0731
vn 0.0368 0.9959 0.0828
vn 0.0036 0.9880 0.1542
vn 0.4904 0.8504 0.1909
vn 0.5715 0.8065 0.1515
vn 0.5751 0.8087 0.1236
vn 0.6068 0.7892 0.0947
vn 0.6160 0.7858 0.0561
vn 0.6195 0.7844 0.0309
vn 0.5957 0.8032 -0.0031
vn 0.5301 0.8479 0.0056
vn 0.4940 0.8687 0.0374
vn 0.3397 0.9336 0.1137
vn 0.3331 0.9333 0.1344
vn 0.1139 -0.7446 0.6578
vn -0.0391 -0.6959 0.7171
vn 0.1803 -0.7400 0.6480
vn -0.1051 -0.7800 0.6169
vn -0.1320 -0.6818 0.7195
vn -0.1492 -0.8047 0.5746
vn -0.1740 -0.6791 0.7131
vn -0.1957 -0.8227 0.5337
vn -0.2692 -0.8278 0.4923
vn -0.1967 -0.9351 0.2946
vn -0.1489 -0.9298 0.3367
vn -0.2900 -0.9533 0.0845
vn -0.2928 -0.9530 0.0772
vn -0.1998 -0.9728 0.1170
vn -0.2821 -0.8249 0.4899
vn -0.1587 -0.9792 0.1264
vn -0.2786 -0.9597 0.0376
vn -0.2800 -0.8453 0.4551
vn -0.2497 -0.9682 0.0176
vn -0.2273 -0.8758 0.4257
vn -0.2127 -0.9764 0.0370
vn -0.1608 -0.8906 0.4255
vn -0.2046 -0.9759 0.0764
vn -0.1442 -0.8799 0.4528
vn -0.0733 -0.9937 0.0845
vn -0.1053 -0.8796 0.4639
vn -0.0690 -0.6074 0.7914
vn 0.1530 -0.9856 0.0714
vn -0.1144 -0.7004 0.7046
vn 0.0545 -0.8901 0.4524
vn 0.2758 -0.9612 -0.0021
vn 0.0456 -0.5444 0.8376
vn 0.1806 -0.8973 0.4027
vn 0.2665 -0.9625 -0.0497
vn 0.1144 -0.5485 0.8283
vn 0.1905 -0.9079 0.3733
vn 0.2495 -0.9638 -0.0939
vn 0.0791 -0.5439 0.8354
vn 0.0235 0.1209 0.9924
vn -0.1115 0.0476 0.9926
vn 0.1794 -0.9157 0.3596
vn 0.2324 -0.9679 -0.0957
vn 0.0080 -0.5327 0.8463
vn -0.1756 -0.0366 0.9838
vn 0.1744 -0.9134 0.3679
vn 0.2482 -0.9657 -0.0764
vn 0.0065 -0.5176 0.8556
vn -0.1548 -0.0720 0.9853
vn 0.2060 -0.8935 0.3990
vn 0.3226 -0.9438 -0.0718
vn 0.0508 -0.4953 0.8672
vn -0.0941 -0.0802 0.9923
vn -0.0250 -0.0767 0.9967
vn 0.1326 -0.4820 0.8661
vn 0.0255 -0.0869 0.9959
vn 0.2834 -0.8611 0.4221
vn 0.3685 -0.9245 -0.0981
vn 0.1735 -0.4601 0.8707
vn 0.0130 -0.1069 0.9942
vn 0.3131 -0.8571 0.4091
vn 0.3081 -0.9237 -0.2275
vn 0.2818 -0.9587 0.0373
vn 0.0943 -0.3907 0.9157
vn -0.2255 -0.2133 0.9506
vn -0.1716 -0.4232 0.8896
vn 0.1641 -0.7377 0.6548
vn 0.1728 -0.9679 0.1823
vn -0.1568 -0.7404 0.6536
vn -0.0459 -0.9900 0.1333
vn -0.0589 -0.6351 0.7702
vn -0.0389 -0.4268 0.9035
vn -0.2958 -0.4618 0.8362
vn -0.2505 -0.4898 0.8351
vn 0.2445 -0.7286 0.6398
vn -0.3708 -0.7716 0.5169
vn -0.5223 -0.8469 0.0998
vn -0.1035 -0.9129 0.3949
vn -0.0396 -0.9476 0.3171
vn -0.5279 -0.8478 -0.0505
vn -0.0771 -0.9776 0.1959
vn -0.4964 -0.8552 -0.1492
vn -0.1015 -0.9934 0.0527
vn -0.4600 -0.8304 -0.3145
vn -0.0979 -0.9792 -0.1775
vn -0.3553 -0.8740 -0.3315
vn 0.3057 -0.9358 -0.1755
vn 0.2747 -0.9612 -0.0271
vn -0.3833 -0.8831 -0.2707
vn 0.1420 -0.9494 0.2801
vn -0.4596 -0.8533 -0.2462
vn -0.4697 -0.8552 -0.2190
vn 0.1645 -0.9296 0.3298
vn -0.4616 -0.8570 -0.2291
vn 0.3005 -0.9102 0.2852
vn -0.4789 -0.8446 -0.2394
vn 0.1599 -0.9226 0.3512
vn -0.4985 -0.8414 -0.2086
vn -0.0024 -0.9023 0.4310
vn -0.4759 -0.8323 -0.2843
vn -0.4594 -0.8171 -0.3483
vn -0.1451 -0.9002 0.4105
vn -0.8148 0.4412 0.3760
vn -0.9050 0.3006 0.3012
vn -0.9310 0.1904 0.3116
vn -0.1373 0.9731 0.1851
vn -0.0665 0.9566 0.2837
vn 0.1779 0.9609 0.2123
vn 0.1578 0.9830 0.0934
vn 0.7470 0.6638 -0.0368
vn 0.7110 0.6936 -0.1159
vn -0.9177 0.1905 0.3486
vn -0.9598 0.0957 0.2640
vn -0.9477 0.1064 0.3009
vn -0.4911 0.8572 0.1553
vn -0.4342 0.8626 0.2598
vn -0.2458 0.9479 0.2025
vn -0.2694 0.9593 0.0850
vn 0.3816 0.9236 -0.0369
vn 0.3516 0.9265 -0.1341
vn 0.4570 -0.8504 -0.2607
vn -0.2092 -0.9687 -0.1340
vn 0.3822 -0.8370 -0.3916
vn -0.1244 -0.9903 0.0616
vn -0.4020 -0.9151 -0.0311
vn -0.2987 -0.9401 0.1643
vn -0.8428 -0.2875 0.4551
vn -0.8850 -0.1811 0.4290
vn -0.8459 0.0335 0.5322
vn -0.8805 -0.0591 0.4703
vn -0.2218 0.0597 -0.9733
vn -0.2603 0.0799 -0.9622
vn -0.2624 0.0874 -0.9610
vn -0.2438 0.0770 -0.9668
vn -0.2240 0.0672 -0.9723
vn -0.1979 0.0591 -0.9784
vn -0.1769 0.0738 -0.9815
vn -0.1616 0.1028 -0.9815
vn -0.1561 0.1450 -0.9770
vn -0.1582 0.1524 -0.9756
vn -0.1474 0.2123 -0.9660
vn -0.1544 0.2015 -0.9672
vn -0.1564 0.2088 -0.9654
vn -0.1567 0.2176 -0.9634
vn -0.1412 0.2536 -0.9570
vn -0.1432 0.2607 -0.9548
vn -0.1453 0.2768 -0.9499
vn -0.1492 0.2908 -0.9451
vn -0.1439 0.3085 -0.9403
vn -0.1459 0.3154 -0.9377
vn -0.1406 0.3330 -0.9324
vn -0.1425 0.3490 -0.9262
vn -0.1426 0.3490 -0.9262
vn -0.1482 0.3782 -0.9138
vn -0.1445 0.4112 -0.9000
vn -0.1170 0.4411 -0.8898
vn -0.0877 0.4638 -0.8816
vn -0.5336 -0.4494 -0.7165
vn -0.6557 -0.3330 -0.6776
vn -0.5280 -0.4483 -0.7213
vn -0.4956 -0.5120 -0.7016
vn -0.4956 -0.5121 -0.7016
vn -0.5168 -0.5412 -0.6634
vn -0.5481 -0.5455 -0.6341
vn -0.5956 -0.5319 -0.6020
vn -0.5955 -0.5319 -0.6020
vn -0.6389 -0.5039 -0.5813
vn -0.6623 -0.4770 -0.5778
vn -0.6623 -0.4770 -0.5777
vn -0.6604 -0.4606 -0.5931
vn -0.6604 -0.4606 -0.5930
vn -0.6548 -0.4572 -0.6018
vn -0.1562 -0.3041 -0.9397
vn -0.1818 -0.3029 -0.9355
vn -0.1020 -0.3125 -0.9444
vn -0.0807 -0.3224 -0.9432
vn -0.0473 -0.3560 -0.9333
vn -0.0473 -0.3559 -0.9333
vn 0.0175 -0.3972 -0.9176
vn 0.0175 -0.3971 -0.9176
vn 0.0801 -0.4301 -0.8992
vn 0.1230 -0.4420 -0.8885
vn 0.1702 -0.4268 -0.8882
vn 0.2147 -0.4339 -0.8750
vn 0.2106 -0.4314 -0.8772
vn 0.2589 -0.4401 -0.8598
vn 0.2651 -0.4364 -0.8598
vn 0.2974 -0.4376 -0.8486
vn -0.3656 0.7997 -0.4762
vn -0.2259 0.8424 -0.4892
vn -0.2112 0.8441 -0.4929
vn -0.2308 0.8526 -0.4688
vn -0.2382 0.8517 -0.4668
vn -0.2654 0.8598 -0.4362
vn -0.2654 0.8599 -0.4361
vn -0.2602 0.8715 -0.4156
vn -0.2621 0.8682 -0.4213
vn -0.3134 0.8604 -0.4018
vn -0.3205 0.8589 -0.3995
vn -0.4007 0.8348 -0.3776
vn -0.3936 0.8370 -0.3802
vn -0.4562 0.8158 -0.3555
vn -0.4494 0.8183 -0.3583
vn -0.4577 0.8262 -0.3283
vn -0.4578 0.8262 -0.3283
vn -0.4257 0.8471 -0.3180
vn -0.4256 0.8472 -0.3181
vn -0.4096 0.8564 -0.3143
vn 0.5376 0.1029 -0.8369
vn 0.0968 0.3687 -0.9245
vn 0.0720 0.2756 -0.9586
vn 0.5465 0.1849 -0.8168
vn 0.1187 0.4438 -0.8882
vn 0.5588 0.2590 -0.7878
vn 0.4331 -0.8020 -0.4113
vn 0.4184 -0.8395 -0.3466
vn 0.4352 -0.8314 -0.3456
vn 0.4322 -0.7842 -0.4453
vn 0.4238 -0.7714 -0.4748
vn 0.4148 -0.7718 -0.4819
vn 0.2936 -0.8294 -0.4754
vn 0.3535 -0.8118 -0.4647
vn 0.1970 -0.8897 -0.4119
vn 0.1719 -0.8946 -0.4125
vn 0.1792 -0.8847 -0.4303
vn 0.1048 -0.9507 -0.2919
vn -0.3779 0.8726 -0.3096
vn -0.3966 0.8801 -0.2611
vn -0.3779 0.8726 -0.3095
vn -0.4047 0.8842 -0.2332
vn -0.3896 0.8824 -0.2638
vn -0.3725 0.8824 -0.2876
vn -0.3762 0.8493 -0.3703
vn -0.3744 0.8542 -0.3609
vn -0.4757 0.7935 -0.3796
vn -0.5399 0.7708 -0.3382
vn -0.7946 0.5888 -0.1482
vn -0.8021 0.5883 -0.1023
vn 0.0536 -0.8873 -0.4580
vn 0.0080 -0.9380 -0.3466
vn 0.0584 -0.9214 -0.3843
vn 0.0487 -0.8660 -0.4976
vn 0.0677 -0.8394 -0.5392
vn 0.0806 -0.8241 -0.5607
vn -0.0433 -0.8260 -0.5620
vn 0.0427 -0.8233 -0.5659
vn -0.1472 -0.8497 -0.5063
vn -0.2117 -0.8557 -0.4722
vn -0.2227 -0.8600 -0.4591
vn -0.3980 -0.8884 -0.2290
vn -0.2558 -0.8024 -0.5391
vn -0.5560 -0.7803 -0.2862
vn -0.5254 -0.7718 -0.3582
vn -0.1902 -0.7890 -0.5842
vn -0.1240 -0.8206 -0.5579
vn -0.1241 -0.8206 -0.5579
vn -0.1173 -0.8637 -0.4902
vn -0.1361 -0.8864 -0.4424
vn -0.1612 -0.9068 -0.3895
vn -0.1659 -0.9234 -0.3462
vn -0.1744 -0.9404 -0.2919
vn -0.1554 -0.9440 -0.2912
vn -0.7302 -0.4766 -0.4895
vn -0.5127 -0.4955 -0.7011
vn -0.5276 -0.4914 -0.6930
vn -0.3538 -0.5664 -0.7443
vn -0.4517 -0.5331 -0.7153
vn -0.3079 -0.6217 -0.7202
vn -0.2931 -0.6334 -0.7162
vn -0.3151 -0.6366 -0.7038
vn -0.3624 -0.6436 -0.6741
vn -0.3786 -0.6409 -0.6678
vn -0.4161 -0.6394 -0.6466
vn -0.4278 -0.6406 -0.6376
vn -0.1050 -0.6080 0.7869
vn -0.0411 -0.4202 0.9065
vn -0.0389 -0.4267 0.9035
vn -0.1533 -0.5736 0.8047
vn -0.1740 -0.6790 0.7132
vn -0.0925 -0.3865 0.9176
vn -0.2149 -0.5189 0.8274
vn -0.2692 -0.8277 0.4925
vn -0.0254 -0.1015 0.9945
vn -0.2477 -0.5202 0.8173
vn -0.2821 -0.8247 0.4901
vn -0.1150 -0.0448 0.9923
vn -0.1630 -0.0167 0.9865
vn -0.2444 -0.5501 0.7985
vn -0.2800 -0.8452 0.4553
vn -0.1358 -0.0095 0.9907
vn -0.1844 -0.5906 0.7856
vn -0.2273 -0.8758 0.4258
vn -0.1607 -0.8905 0.4256
vn -0.0618 -0.0131 0.9980
vn -0.1442 -0.8798 0.4529
vn -0.0690 -0.6073 0.7914
vn 0.0294 0.0055 0.9996
vn 0.0927 0.1245 0.9879
vn -0.1144 -0.7003 0.7046
vn 0.0456 -0.5443 0.8377
vn 0.0235 0.1210 0.9924
vn 0.1144 -0.5484 0.8284
vn 0.1031 0.6023 0.7916
vn 0.1803 0.6115 0.7704
vn 0.1330 0.6219 0.7717
vn 0.0115 0.5828 0.8126
vn 0.1673 0.8524 0.4954
vn -0.0250 0.5414 0.8404
vn 0.0846 0.8641 0.4961
vn 0.0622 0.8519 0.5201
vn 0.0281 0.4930 0.8696
vn 0.1125 0.8427 0.5266
vn 0.0706 0.9957 0.0606
vn 0.0525 0.1625 0.9853
vn 0.0655 0.9939 0.0882
vn 0.1099 0.9929 0.0452
vn 0.0015 0.9129 -0.4083
vn 0.0111 0.8999 -0.4360
vn 0.1236 0.9767 0.1754
vn 0.0275 0.9259 -0.3769
vn 0.2387 0.8317 0.5012
vn 0.1956 0.9340 0.2991
vn 0.1003 0.8468 0.5223
vn 0.1108 0.9327 -0.3432
vn 0.1029 0.9235 0.3695
vn -0.1106 0.5735 0.8117
vn -0.1116 0.0478 0.9926
vn -0.2217 0.8069 0.5476
vn -0.3136 0.4150 0.8541
vn -0.1757 -0.0364 0.9838
vn -0.1620 0.9465 0.2792
vn -0.3392 0.2908 0.8946
vn -0.1549 -0.0719 0.9853
vn -0.4475 0.7096 0.5442
vn -0.2858 0.2456 0.9263
vn -0.0941 -0.0800 0.9923
vn -0.4834 0.6738 0.5589
vn -0.2185 0.2361 0.9468
vn -0.0251 -0.0766 0.9967
vn -0.4169 0.6817 0.6012
vn -0.1549 0.2271 0.9615
vn 0.0255 -0.0868 0.9959
vn -0.3562 0.6934 0.6264
vn -0.1146 0.1972 0.9736
vn 0.0130 -0.1068 0.9942
vn -0.3192 0.7020 0.6366
vn -0.1277 0.1356 0.9825
vn -0.2255 -0.2132 0.9506
vn -0.3549 0.0160 0.9348
vn -0.3274 0.6853 0.6506
vn -0.3972 0.5467 0.7371
vn -0.5982 0.2815 0.7503
vn -0.3639 0.9312 -0.0216
vn -0.4922 0.8705 0.0042
vn -0.5929 0.7416 0.3137
vn -0.7528 0.5566 0.3512
vn -0.6233 0.7817 0.0219
vn -0.5895 0.8073 -0.0257
vn -0.4200 0.8902 -0.1767
vn -0.6021 0.7535 -0.2640
vn -0.4644 0.8362 -0.2919
vn -0.2642 0.8097 -0.5241
vn -0.1850 0.9110 -0.3686
vn -0.5023 0.7059 -0.4994
vn -0.0389 0.6464 -0.7620
vn 0.1072 0.7992 -0.5915
vn -0.3349 0.6134 -0.7152
vn 0.2035 0.3023 -0.9313
vn 0.4208 0.4713 -0.7752
vn 0.5889 -0.0089 -0.8082
vn -0.3656 0.4049 -0.8381
vn 0.3834 -0.1159 -0.9163
vn 0.0003 0.1027 -0.9947
vn -0.2292 0.2110 -0.9502
vn -0.4972 0.4991 -0.7098
vn -0.3621 0.2087 -0.9085
vn -0.0985 -0.0169 -0.9950
vn -0.2717 0.0925 -0.9579
vn -0.4193 0.2299 -0.8783
vn -0.2894 -0.0112 -0.9571
vn -0.1744 -0.0900 -0.9805
vn 0.1522 -0.2019 -0.9675
vn 0.0092 -0.2278 -0.9737
vn 0.4172 -0.4582 -0.7848
vn 0.5527 -0.4346 -0.7111
vn 0.4125 -0.7515 -0.5148
vn 0.2371 -0.4712 -0.8496
vn 0.3646 -0.7557 -0.5441
vn 0.2492 -0.9071 -0.3392
vn 0.0990 -0.4320 -0.8964
vn 0.2558 -0.9102 -0.3257
vn 0.1188 -0.9752 -0.1869
vn 0.2649 -0.7356 -0.6235
vn 0.1696 -0.9744 -0.1475
vn -0.0458 -0.9900 0.1332
vn 0.1729 -0.9680 0.1822
vn 0.2248 -0.8999 -0.3737
vn 0.2143 -0.9562 -0.1993
vn 0.2818 -0.9587 0.0372
vn 0.3081 -0.9238 -0.2275
vn 0.1570 -0.6813 -0.7150
vn 0.1699 -0.8611 -0.4792
vn 0.2178 -0.9159 -0.3372
vn 0.2827 -0.7630 -0.5814
vn 0.3685 -0.9244 -0.0983
vn 0.0715 -0.7620 -0.6437
vn 0.3417 -0.7943 -0.5023
vn 0.3226 -0.9438 -0.0720
vn 0.1585 -0.7629 -0.6268
vn 0.3001 -0.8258 -0.4774
vn 0.2482 -0.9657 -0.0766
vn 0.2252 -0.4328 -0.8729
vn 0.2363 -0.8539 -0.4637
vn 0.2324 -0.9679 -0.0959
vn 0.2033 -0.4637 -0.8624
vn 0.2259 -0.8547 -0.4674
vn 0.2495 -0.9638 -0.0941
vn 0.1629 -0.5093 -0.8450
vn 0.2566 -0.8442 -0.4706
vn 0.2666 -0.9625 -0.0499
vn 0.1666 -0.5446 -0.8220
vn 0.2861 -0.8234 -0.4901
vn 0.2758 -0.9612 -0.0023
vn 0.1902 -0.5369 -0.8219
vn 0.3009 -0.7986 -0.5212
vn 0.1530 -0.9857 0.0712
vn 0.2202 -0.5090 -0.8321
vn 0.2255 -0.4838 -0.8456
vn 0.2093 -0.7947 -0.5697
vn 0.1639 -0.4474 -0.8792
vn -0.0196 -0.8239 -0.5663
vn -0.0734 -0.9937 0.0843
vn 0.0136 -0.4583 -0.8887
vn -0.1920 -0.8150 -0.5466
vn -0.2046 -0.9759 0.0762
vn -0.0829 -0.4893 -0.8682
vn -0.1970 -0.8369 -0.5107
vn -0.2127 -0.9764 0.0368
vn -0.0906 -0.5521 -0.8288
vn -0.2107 -0.8650 -0.4553
vn -0.2497 -0.9682 0.0174
vn -0.1240 -0.6093 -0.7832
vn -0.2460 -0.8880 -0.3885
vn -0.2785 -0.9597 0.0374
vn -0.1843 -0.6319 -0.7528
vn -0.0666 -0.3168 -0.9461
vn -0.2754 -0.9069 -0.3190
vn -0.2928 -0.9531 0.0770
vn -0.2900 -0.9533 0.0844
vn -0.2302 -0.6482 -0.7258
vn -0.1514 -0.2584 -0.9541
vn -0.1822 -0.2017 -0.9623
vn -0.0215 -0.3381 -0.9409
vn -0.0615 0.0765 -0.9952
vn -0.0237 -0.3317 -0.9431
vn -0.0060 -0.0059 -1.0000
vn 0.0404 -0.3368 -0.9407
vn 0.1132 0.0122 -0.9935
vn 0.1706 -0.3050 -0.9370
vn 0.2064 -0.2611 -0.9430
vn 0.1754 -0.1942 -0.9652
vn 0.2331 0.0204 -0.9722
vn 0.1042 -0.1140 -0.9880
vn 0.1820 0.0883 -0.9793
vn 0.0551 -0.0540 -0.9970
vn 0.0644 0.1935 -0.9790
vn 0.0416 0.0083 -0.9991
vn -0.0038 0.2854 -0.9584
vn 0.0469 0.0675 -0.9966
vn -0.0344 0.3474 -0.9371
vn 0.0164 0.0584 -0.9982
vn -0.0527 0.3584 -0.9321
vn -0.0549 0.5072 -0.8601
vn -0.0828 0.5132 -0.8543
vn -0.1472 0.2838 -0.9475
vn -0.1221 0.4778 -0.8700
vn -0.1064 -0.0935 -0.9899
vn -0.2126 0.7545 -0.6209
vn -0.2798 0.3919 -0.8764
vn -0.0036 0.4967 -0.8679
vn -0.2185 0.7777 -0.5895
vn 0.0942 0.5077 -0.8563
vn -0.2193 0.8131 -0.5392
vn 0.1982 0.5195 -0.8312
vn -0.1459 0.8810 -0.4501
vn 0.1542 0.5292 -0.8344
vn 0.0501 0.9313 -0.3607
vn 0.0374 0.5473 -0.8361
vn 0.1584 0.9317 -0.3267
vn -0.0461 0.5758 -0.8163
vn -0.3917 0.9127 0.1163
vn -0.4419 0.8969 0.0186
vn -0.3980 0.9173 -0.0079
vn -0.2536 0.7345 -0.6295
vn -0.4255 0.6845 -0.5920
vn -0.5717 0.5551 -0.6042
vn -0.4483 0.2664 -0.8533
vn -0.3005 0.0834 -0.9501
vn -0.1541 -0.2097 -0.9655
vn -0.0051 -0.4728 -0.8812
vn -0.1094 -0.2375 -0.9652
vn -0.0234 -0.3891 -0.9209
vn 0.0539 -0.6152 -0.7865
vn 0.1011 0.6581 -0.7461
vn 0.0814 0.7238 -0.6852
vn 0.0746 0.5341 -0.8421
vn 0.1240 0.7701 -0.6257
vn 0.0817 0.8021 -0.5915
vn 0.1527 0.8574 -0.4914
vn 0.0514 0.8684 -0.4932
vn 0.1066 0.8876 -0.4481
vn 0.1888 0.8818 -0.4323
vn 0.1202 0.9206 -0.3716
vn 0.0748 0.8963 -0.4370
vn 0.1805 0.9384 -0.2945
vn 0.1959 0.9129 -0.3581
vn 0.2517 0.8742 -0.4152
vn 0.2676 0.9401 -0.2110
vn 0.3354 0.9345 -0.1194
vn 0.4875 0.8729 -0.0192
vn 0.2896 0.8926 -0.3455
vn 0.4207 0.8709 -0.2540
vn 0.4668 0.8772 -0.1122
vn 0.4894 0.8454 -0.2138
vn 0.6025 0.7967 -0.0470
vn 0.6818 0.7262 0.0882
vn 0.6774 0.7200 0.1507
vn 0.6399 0.7683 -0.0120
vn 0.7600 0.6455 0.0754
vn 0.8128 0.5377 0.2241
vn 0.7787 0.6139 0.1291
vn 0.8372 0.5185 0.1736
vn 0.8269 0.4972 0.2627
vn 0.8425 0.4990 0.2031
vn 0.8765 0.2376 0.4187
vn 0.8827 0.3318 0.3328
vn 0.8940 0.3027 0.3303
vn 0.8788 0.2301 0.4180
vn 0.8217 0.0059 0.5699
vn 0.8584 0.1414 0.4931
vn 0.8673 0.1716 0.4673
vn 0.8373 0.0551 0.5440
vn 0.7672 0.1066 0.6325
vn 0.7773 0.1620 0.6079
vn 0.7529 -0.0000 0.6581
vn 0.7342 -0.0497 0.6771
vn 0.6705 0.0993 0.7352
vn 0.6786 0.1364 0.7218
vn 0.6457 0.0223 0.7633
vn 0.6359 -0.0225 0.7714
vn 0.5836 0.0235 0.8117
vn 0.5892 0.0507 0.8064
vn 0.4974 -0.0825 0.8636
vn 0.5675 -0.0237 0.8230
vn 0.5589 -0.0435 0.8281
vn 0.4842 -0.1196 0.8667
vn 0.3130 -0.2744 0.9093
vn 0.4756 -0.1794 0.8612
vn 0.4627 -0.2242 0.8577
vn 0.2888 -0.3622 0.8862
vn 0.1167 -0.3585 0.9262
vn 0.2686 -0.5245 0.8079
vn 0.2720 -0.6539 0.7061
vn 0.0924 -0.4304 0.8979
vn 0.1313 -0.5431 0.8293
vn 0.2408 -0.6334 0.7354
vn 0.3366 -0.8488 0.4076
vn 0.1075 -0.4092 0.9061
vn 0.0345 -0.3913 0.9196
vn 0.0628 -0.3984 0.9150
vn 0.4253 -0.6809 0.5962
vn 0.6540 -0.7495 0.1024
vn 0.3606 -0.4344 0.8254
vn 0.2015 -0.4295 0.8803
vn 0.1294 -0.4510 0.8831
vn 0.0698 -0.4524 0.8891
vn 0.1195 -0.4994 0.8581
vn 0.0565 -0.4791 0.8759
vn 0.0934 -0.4997 0.8611
vn 0.1669 -0.5788 0.7982
vn 0.1246 -0.5765 0.8076
vn 0.1345 -0.6038 0.7857
vn 0.1587 -0.6670 0.7280
vn 0.1499 -0.7122 0.6858
vn 0.1412 -0.7281 0.6707
vn 0.0900 -0.8374 0.5392
vn 0.1070 -0.8337 0.5418
vn 0.0075 -0.9153 0.4028
vn 0.1339 -0.8259 0.5477
vn 0.1475 -0.8054 0.5741
vn 0.0238 -0.9178 0.3963
vn -0.0716 -0.9601 0.2704
vn -0.0648 -0.9611 0.2686
vn 0.0492 -0.9218 0.3845
vn 0.0725 -0.9237 0.3761
vn -0.0258 -0.9694 0.2441
vn 0.0004 -0.9702 0.2424
vn -0.2338 0.9399 0.2489
vn 0.4379 0.8971 0.0589
vn 0.3335 0.9304 -0.1522
vn -0.1126 0.8551 0.5061
vn -0.2635 0.7761 0.5729
vn -0.4980 0.8130 0.3019
vn -0.5066 0.6697 0.5429
vn -0.7365 0.5605 0.3787
vn -0.3936 0.5838 0.7101
vn 0.6755 -0.7065 -0.2110
vn -0.0803 -0.9967 0.0105
vn 0.6138 -0.7002 -0.3645
vn 0.0531 -0.9605 0.2733
vn 0.0565 -0.9653 0.2549
vn -0.0879 -0.9957 -0.0290
vn 0.0720 -0.9593 0.2732
vn 0.0133 -0.9962 -0.0863
vn -0.6555 -0.4872 0.5770
vn -0.6512 -0.7216 0.2351
vn -0.7043 -0.1746 0.6881
vn -0.1350 0.4602 -0.8775
vn -0.1259 0.4553 -0.8814
vn -0.1350 0.4603 -0.8775
vn -0.1334 0.4449 -0.8856
vn -0.1244 0.4306 -0.8939
vn -0.1190 0.4023 -0.9078
vn -0.1153 0.3800 -0.9178
vn 0.4273 0.6168 -0.6611
vn 0.4385 0.6041 -0.6654
vn 0.3877 0.6438 -0.6597
vn 0.3371 0.6644 -0.6670
vn 0.3421 0.6630 -0.6659
vn 0.2757 0.6816 -0.6778
vn 0.2758 0.6816 -0.6778
vn 0.2050 0.7092 -0.6746
vn 0.2140 0.7036 -0.6776
vn 0.1182 0.7384 -0.6640
vn 0.0644 0.7479 -0.6607
vn 0.0676 0.7514 -0.6564
vn 0.0195 0.7511 -0.6599
vn -0.0330 0.7456 -0.6655
vn -0.0330 0.7457 -0.6655
vn -0.0331 0.7456 -0.6655
vn 0.2089 0.8879 0.4098
vn 0.2044 0.9311 0.3020
vn 0.2747 0.8571 0.4358
vn 0.2053 0.8168 0.5391
vn 0.3088 0.7781 0.5469
vn 0.1803 0.7131 0.6775
vn 0.4217 0.6872 0.5916
vn 0.3037 0.6670 0.6803
vn 0.1555 0.5843 0.7965
vn 0.4031 0.6247 0.6687
vn 0.2735 0.5453 0.7924
vn 0.1386 0.4304 0.8919
vn 0.3684 0.5114 0.7764
vn 0.2560 0.4073 0.8767
vn 0.1263 0.2543 0.9589
vn 0.3503 0.3897 0.8517
vn 0.2486 0.2591 0.9333
vn 0.3447 0.2754 0.8974
vn 0.1325 0.0614 0.9893
vn 0.3424 0.1130 0.9327
vn 0.2476 0.0892 0.9648
vn 0.1364 -0.1109 0.9844
vn 0.2461 -0.0933 0.9647
vn 0.3414 -0.0619 0.9379
vn 0.1415 -0.2717 0.9519
vn 0.2511 -0.2464 0.9361
vn 0.3347 -0.2265 0.9147
vn 0.2438 -0.3853 0.8900
vn 0.3213 -0.3676 0.8727
vn 0.1482 -0.3968 0.9058
vn 0.3029 -0.4774 0.8249
vn 0.2245 -0.4851 0.8452
vn 0.1436 -0.4929 0.8582
vn 0.2794 -0.5658 0.7757
vn 0.2073 -0.5750 0.7915
vn 0.1320 -0.5756 0.8070
vn 0.2574 -0.6482 0.7166
vn 0.1848 -0.6568 0.7311
vn 0.1112 -0.6618 0.7414
vn 0.2287 -0.7271 0.6473
vn 0.1553 -0.7347 0.6604
vn 0.0795 -0.7344 0.6741
vn 0.0468 -0.7993 0.5992
vn 0.1194 -0.8110 0.5728
vn 0.1774 -0.8126 0.5551
vn -0.0072 -0.8700 0.4930
vn 0.0572 -0.8870 0.4582
vn -0.0749 -0.9310 0.3572
vn 0.1130 -0.8928 0.4361
vn -0.0127 -0.9455 0.3254
vn 0.0333 -0.9538 0.2986
vn -0.8542 -0.2342 -0.4643
vn -0.8438 -0.4002 -0.3575
vn -0.8008 -0.3842 -0.4594
vn -0.9000 -0.2429 -0.3618
vn -0.8900 -0.0641 -0.4514
vn -0.8964 -0.4428 0.0180
vn -0.9339 -0.0476 -0.3545
vn -0.8698 0.2960 -0.3948
vn -0.9691 -0.2468 -0.0034
vn -0.8915 0.3444 -0.2943
vn -0.6356 0.7143 -0.2930
vn -0.9992 -0.0200 -0.0351
vn -0.9317 0.3568 -0.0682
vn -0.6355 0.7364 -0.2320
vn -0.3292 0.9201 -0.2120
vn -0.8970 0.4140 0.1551
vn -0.3388 0.9213 -0.1909
vn -0.1470 0.9738 -0.1734
vn -0.6476 0.7497 -0.1364
vn -0.1640 0.9707 -0.1755
vn -0.3713 0.9131 -0.1684
vn 0.0235 0.9781 -0.2068
vn 0.0332 0.9788 -0.2019
vn -0.1933 0.9628 -0.1890
vn -0.6535 0.7547 -0.0581
vn -0.3997 0.9027 -0.1594
vn -0.7529 0.5566 0.3512
vn -0.6233 0.7816 0.0219
vn -0.5984 0.2814 0.7502
vn -0.4199 0.8902 -0.1767
vn -0.9171 0.0786 0.3908
vn -0.3551 0.0160 0.9347
vn -0.8273 -0.1762 0.5333
vn -0.7138 -0.4119 0.5665
vn -0.2256 -0.2133 0.9506
vn -0.1758 0.9461 -0.2721
vn -0.1850 0.9110 -0.3685
vn 0.1073 0.7992 -0.5914
vn 0.0084 0.9680 -0.2507
vn 0.1653 0.8560 -0.4899
vn 0.2272 0.9380 -0.2619
vn 0.2304 0.9391 -0.2549
vn 0.2087 0.9234 -0.3220
vn 0.4376 0.8272 -0.3525
vn 0.4138 0.8499 -0.3263
vn 0.5884 0.7001 -0.4044
vn 0.4157 0.7929 -0.4454
vn 0.6115 0.6532 -0.4465
vn 0.7478 0.4450 -0.4927
vn 0.5087 0.5345 -0.6749
vn 0.4209 0.4713 -0.7750
vn 0.6042 0.6177 -0.5034
vn 0.7449 0.4221 -0.5166
vn 0.8375 0.1701 -0.5192
vn 0.7135 0.3801 -0.5886
vn 0.8175 0.1833 -0.5459
vn 0.8490 -0.1153 -0.5157
vn 0.6628 0.0625 -0.7462
vn 0.5889 -0.0088 -0.8082
vn 0.7821 0.1710 -0.5993
vn 0.8413 -0.1079 -0.5296
vn 0.7789 -0.1177 -0.6159
vn 0.5950 -0.4021 -0.6959
vn 0.7822 -0.3955 -0.4813
vn 0.7736 -0.4157 -0.4782
vn 0.6017 -0.6946 -0.3942
vn 0.7379 -0.3930 -0.5487
vn 0.5985 -0.7030 -0.3841
vn 0.4516 -0.8302 -0.3268
vn 0.5612 -0.6866 -0.4623
vn 0.4118 -0.7798 -0.4715
vn 0.4122 -0.8434 -0.3444
vn 0.4410 -0.8346 -0.3300
vn 0.2959 -0.9151 -0.2739
vn 0.2595 -0.9058 -0.3350
vn 0.2760 -0.9134 -0.2993
vn 0.0881 -0.9721 -0.2172
vn 0.2926 -0.9140 -0.2809
vn -0.2055 -0.9783 0.0257
vn -0.0458 -0.9900 0.1331
vn 0.0810 -0.9734 -0.2142
vn -0.2769 -0.9587 -0.0656
vn 0.0692 -0.9732 -0.2191
vn -0.2789 -0.9511 -0.1328
vn -0.2801 -0.9470 -0.1574
vn 0.5313 0.3270 0.7815
vn -0.0459 0.9974 0.0560
vn 0.0734 0.9574 0.2793
vn 0.6184 0.3430 0.7070
vn 0.6657 -0.1911 0.7213
vn 0.0986 0.9201 0.3791
vn 0.7454 -0.1493 0.6496
vn 0.6446 0.3283 0.6905
vn 0.1067 0.9133 0.3931
vn 0.5461 -0.6644 0.5103
vn 0.6657 -0.1913 0.7213
vn 0.6251 0.3291 0.7078
vn 0.1337 0.9032 0.4079
vn 0.1589 -0.9860 -0.0498
vn 0.1171 -0.9870 -0.1100
vn 0.6434 -0.6078 0.4654
vn 0.1876 -0.9821 -0.0186
vn 0.7518 -0.1403 0.6443
vn 0.6622 -0.5931 0.4580
vn 0.6366 -0.6186 0.4606
vn 0.1560 -0.9861 -0.0572
vn 0.7331 -0.1467 0.6641
vn 0.7313 -0.6115 0.3021
vn 0.1617 -0.9832 -0.0849
vn 0.1243 -0.9858 -0.1129
vn 0.8549 -0.1098 0.5071
vn 0.8271 -0.5576 0.0697
vn 0.8193 -0.5463 0.1743
vn 0.1458 -0.9838 -0.1040
vn 0.9790 -0.0211 0.2028
vn 0.7327 0.4043 0.5475
vn 0.1709 0.9302 0.3249
vn 0.0991 0.9650 0.2426
vn 0.8268 0.4849 0.2851
vn 0.1388 0.9549 0.2624
vn 0.9506 -0.0101 0.3104
vn 0.7938 0.4835 0.3690
vn 0.7427 0.4820 0.4648
vn 0.2650 0.8964 0.3553
vn 0.9001 -0.0210 0.4351
vn 0.6701 0.4644 0.5790
vn 0.1142 0.8909 0.4396
vn 0.8224 -0.0265 0.5683
vn 0.7697 -0.5607 0.3053
vn 0.3281 -0.9412 0.0800
vn 0.7120 -0.5354 0.4542
vn 0.1482 -0.9800 0.1331
vn 0.7319 -0.0493 0.6796
vn 0.6131 0.3591 0.7037
vn -0.0575 0.8825 0.4668
vn 0.6724 -0.4526 0.5858
vn 0.2822 0.5871 0.7588
vn -0.2092 0.8237 0.5270
vn -0.2090 0.5780 0.7888
vn 0.5637 0.1589 0.8105
vn 0.2783 0.1162 0.9534
vn -0.2577 0.2941 0.9204
vn 0.5958 -0.0794 0.7992
vn 0.2751 -0.1412 0.9510
vn -0.2137 -0.1941 0.9574
vn -0.2144 -0.5981 0.7723
vn 0.5848 -0.3182 0.7461
vn 0.2854 -0.3958 0.8728
vn -0.1531 -0.8141 0.5602
vn 0.3031 -0.8237 0.4792
vn -0.0711 -0.9669 0.2452
vn 0.7289 -0.2301 0.6448
vn 0.7091 -0.0516 0.7032
vn 0.8085 -0.0661 0.5848
vn 0.6227 -0.2148 0.7524
vn 0.6777 -0.0883 0.7300
vn 0.5155 -0.4515 0.7283
vn 0.5948 -0.2495 0.7642
vn 0.7678 -0.1328 0.6268
vn 0.4625 -0.4153 0.7833
vn 0.6575 -0.2725 0.7024
vn 0.8178 -0.1260 0.5615
vn 0.4308 -0.4630 0.7746
vn 0.7191 -0.2499 0.6484
vn 0.8551 -0.1170 0.5051
vn 0.5132 -0.3584 0.7799
vn 0.8079 -0.2109 0.5503
vn 0.8666 -0.1271 0.4826
vn 0.8664 -0.1199 0.4846
vn 0.6991 -0.2418 0.6729
vn 0.8136 -0.1686 0.5564
vn 0.8658 -0.0800 0.4939
vn 0.7710 -0.2354 0.5917
vn 0.8493 -0.1192 0.5142
vn 0.9334 -0.1097 0.3418
vn 0.7549 -0.2501 0.6063
vn 0.9337 -0.1868 0.3054
vn 0.9212 -0.0842 0.3799
vn 0.7065 -0.2475 0.6630
vn 0.8334 -0.1118 0.5412
vn 0.8246 -0.0591 0.5626
vn 0.7117 -0.3692 0.5977
vn 0.8364 -0.1270 0.5332
vn 0.9533 -0.1830 0.2401
vn 0.7776 -0.5080 0.3705
vn 0.6220 -0.2078 0.7549
vn 0.9441 -0.2286 0.2376
vn 0.9292 -0.2980 -0.2185
vn 0.9318 -0.3016 -0.2019
vn 0.8054 -0.2361 0.5438
vn 0.9300 -0.2793 0.2390
vn 0.9292 -0.2922 -0.2261
vn 0.9105 -0.3653 -0.1939
vn 0.8858 -0.3134 0.3423
vn 0.7855 -0.5751 -0.2287
vn 0.8056 -0.2293 0.5463
vn 0.7989 -0.4820 0.3599
vn 0.5816 -0.7374 -0.3435
vn 0.7617 -0.2485 0.5984
vn 0.5411 -0.1483 0.8278
vn 0.6858 -0.2865 0.6690
vn 0.8427 -0.3046 0.4440
vn 0.7840 -0.3155 0.5347
vn 0.8549 -0.2665 0.4451
vn 0.7667 -0.4097 0.4943
vn 0.6910 -0.3256 0.6453
vn 0.6921 -0.3469 0.6330
vn 0.7262 -0.3963 0.5617
vn 0.6651 -0.6670 0.3359
vn 0.5842 -0.4645 0.6656
vn 0.5855 -0.4957 0.6415
vn 0.4074 -0.8481 0.3388
vn 0.4630 -0.8000 -0.3815
vn 0.3383 -0.6926 0.6371
vn 0.1559 -0.9409 0.3007
vn 0.3646 -0.9309 0.0227
vn 0.2817 -0.7442 0.6056
vn 0.0569 -0.7716 0.6335
vn -0.0235 -0.7836 0.6208
vn -0.0384 -0.9031 0.4277
vn 0.0170 -0.8502 0.5262
vn -0.1158 -0.7158 0.6886
vn -0.1844 -0.5905 0.7857
vn -0.1821 -0.8125 0.5538
vn 0.0524 -0.7679 0.6384
vn -0.1590 -0.8065 0.5695
vn 0.3173 -0.6699 0.6712
vn -0.1546 -0.7905 0.5927
vn 0.6048 -0.4953 0.6236
vn 0.2124 -0.5360 0.8171
vn 0.6092 -0.3556 0.7088
vn 0.4765 -0.4105 0.7775
vn 0.6691 -0.3782 0.6398
vn 0.4840 -0.3531 0.8007
vn 0.8142 -0.2090 0.5416
vn 0.5522 -0.3360 0.7630
vn 0.7932 -0.2120 0.5708
vn 0.7661 -0.3004 0.5682
vn 0.7247 -0.3023 0.6192
vn 0.7284 -0.2706 0.6295
vn 0.6484 -0.2937 0.7024
vn 0.5370 -0.1980 0.8200
vn 0.6237 -0.4667 0.6270
vn 0.5043 -0.4944 0.7080
vn 0.6243 -0.3736 0.6860
vn 0.3851 -0.3859 0.8383
vn 0.5658 -0.3941 0.7242
vn 0.1495 -0.4671 0.8715
vn 0.5157 -0.3800 0.7679
vn 0.3631 -0.4557 0.8127
vn 0.4615 -0.4862 0.7421
vn 0.2323 -0.5816 0.7796
vn 0.2323 -0.5817 0.7796
vn 0.0227 -0.6048 0.7961
vn 0.0219 -0.4979 0.8669
vn -0.1561 -0.6612 0.7338
vn -0.0505 -0.5865 0.8084
vn -0.1218 -0.4958 0.8598
vn -0.2699 -0.7813 0.5628
vn -0.2848 -0.6589 0.6962
vn -0.2428 -0.6933 0.6785
vn -0.4450 -0.6255 0.6409
vn -0.2986 -0.5165 0.8025
vn -0.4291 -0.6967 0.5749
vn -0.2359 -0.4470 0.8629
vn -0.4755 -0.5083 0.7180
vn -0.4881 -0.5947 0.6388
vn -0.2971 -0.3914 0.8709
vn -0.0680 -0.6602 0.7480
vn -0.5743 -0.3652 0.7327
vn 0.1884 -0.4480 0.8739
vn -0.0643 -0.4503 0.8906
vn 0.3155 -0.5346 0.7840
vn 0.1504 -0.5755 0.8038
vn 0.3586 -0.1958 0.9127
vn 0.2582 -0.3723 0.8915
vn 0.2672 -0.3770 0.8868
vn 0.1195 -0.4993 0.8581
vn 0.3248 -0.5524 0.7677
vn 0.1407 -0.3514 0.9256
vn 0.2835 -0.5213 0.8049
vn 0.2773 -0.5464 0.7903
vn 0.1168 -0.5862 0.8017
vn 0.0388 -0.5775 0.8155
vn -0.0013 -0.6090 0.7932
vn -0.1236 -0.3231 0.9383
vn -0.1661 -0.5708 0.8041
vn -0.2115 -0.6036 0.7687
vn -0.1922 -0.6676 0.7193
vn -0.3580 -0.7323 0.5792
vn -0.1716 -0.5934 0.7864
vn -0.4176 -0.6119 0.6717
vn -0.6077 -0.7376 0.2944
vn -0.1746 -0.6197 0.7652
vn -0.6386 -0.5071 0.5788
vn -0.7241 -0.4733 0.5016
vn -0.5374 -0.5581 0.6322
vn -0.3612 -0.2874 0.8871
vn -0.4949 -0.4507 0.7429
vn -0.2802 -0.2353 0.9306
vn -0.4427 -0.5177 0.7321
vn -0.7078 -0.4031 0.5801
vn -0.6073 -0.5397 0.5831
vn -0.6879 -0.5519 0.4714
vn -0.8108 -0.5847 0.0263
vn -0.8957 -0.3700 0.2465
vn -0.8448 -0.2328 0.4819
vn -0.4172 -0.3961 0.8179
vn -0.7079 -0.2785 0.6491
vn -0.9094 0.0463 0.4133
vn -0.9927 -0.1170 0.0306
vn -0.9360 -0.2985 -0.1863
vn -0.7243 -0.0224 0.6891
vn -0.9904 0.1239 -0.0614
vn -0.9568 -0.0542 -0.2857
vn -0.8833 0.2593 -0.3906
vn -0.8882 0.4530 -0.0769
vn -0.8974 0.3172 0.3067
vn -0.7560 0.5568 0.3441
vn -0.6874 0.2897 0.6661
vn -0.6184 0.5737 0.5371
vn -0.5551 -0.1942 0.8088
vn -0.6016 -0.0814 0.7947
vn -0.4013 0.4810 0.7795
vn -0.4992 0.6419 0.5821
vn -0.3193 0.7020 0.6367
vn -0.1294 0.6147 0.7781
vn -0.5302 0.1508 0.8343
vn -0.2941 0.3559 0.8871
vn -0.1389 0.4668 0.8734
vn -0.0713 0.7154 0.6951
vn -0.3027 0.7072 0.6389
vn -0.3643 0.8189 0.4435
vn -0.1177 0.2828 0.9519
vn -0.0768 0.2946 0.9525
vn -0.1694 0.1415 0.9753
vn -0.1562 0.1607 0.9746
vn -0.3739 -0.0464 0.9263
vn -0.1296 -0.0321 0.9910
vn -0.0260 -0.0361 0.9990
vn 0.1185 -0.0838 0.9894
vn -0.5145 -0.1280 0.8479
vn 0.0487 -0.1130 0.9924
vn 0.0495 0.0777 0.9957
vn -0.2556 0.0996 0.9617
vn -0.1694 -0.1090 0.9795
vn -0.0150 -0.0739 0.9972
vn -0.0325 -0.2741 0.9612
vn -0.4658 0.0224 0.8846
vn -0.0294 0.0966 0.9949
vn 0.1613 0.2724 0.9486
vn 0.0977 0.2434 0.9650
vn -0.1586 -0.1469 0.9764
vn 0.1480 -0.0416 0.9881
vn 0.6526 -0.0079 0.7577
vn 0.0267 -0.0120 0.9996
vn 0.6834 -0.2237 0.6950
vn -0.1382 -0.1169 0.9835
vn -0.0733 -0.1887 0.9793
vn -0.0756 -0.2052 0.9758
vn -0.2537 -0.1556 0.9547
vn -0.0902 -0.1934 0.9770
vn -0.0575 -0.2406 0.9689
vn -0.3243 -0.1978 0.9250
vn -0.1407 -0.2070 0.9682
vn 0.6114 -0.3156 0.7256
vn -0.1459 -0.2966 0.9438
vn 0.5810 -0.3428 0.7382
vn 0.3885 -0.2664 0.8821
vn 0.3495 -0.3501 0.8691
vn 0.4688 -0.0017 0.8833
vn 0.0452 0.2812 0.9586
vn -0.1625 0.6745 0.7202
vn 0.0685 -0.2533 0.9650
vn -0.0379 -0.0059 0.9993
vn -0.3130 0.1534 0.9373
vn -0.0585 -0.2729 0.9603
vn 0.0303 -0.3208 0.9467
vn -0.1191 -0.0950 0.9883
vn 0.0807 -0.3146 0.9458
vn -0.4824 -0.0475 0.8747
vn -0.3037 -0.2653 0.9151
vn -0.0019 -0.4496 0.8932
vn -0.1269 -0.2997 0.9456
vn -0.5350 -0.0765 0.8414
vn -0.3874 -0.5298 0.7545
vn -0.2213 -0.6365 0.7388
vn -0.6289 -0.6877 0.3627
vn -0.7822 -0.4999 0.3717
vn -0.6068 -0.0508 0.7933
vn -0.5711 -0.1086 0.8137
vn -0.7901 0.1431 0.5960
vn -0.2538 0.3221 0.9120
vn -0.4006 0.6911 0.6015
vn -0.0401 0.5498 0.8344
vn -0.1820 0.8710 0.4563
vn 0.1018 0.0769 0.9918
vn 0.1903 0.1559 0.9693
vn -0.4313 0.0896 0.8977
vn -0.4742 0.0125 0.8803
vn 0.2268 -0.1725 0.9585
vn 0.2492 -0.1330 0.9593
vn 0.1068 -0.4731 0.8745
vn 0.0231 -0.1776 0.9838
vn -0.3803 -0.3397 0.8602
vn -0.1139 -0.1755 0.9779
vn 0.0868 -0.4382 0.8947
vn 0.0128 -0.2774 0.9607
vn 0.1421 -0.4777 0.8670
vn 0.2628 -0.6994 0.6647
vn 0.2798 -0.6650 0.6925
vn 0.3206 -0.5037 0.8022
vn 0.3175 -0.3451 0.8832
vn 0.3964 -0.3594 0.8448
vn -0.0881 0.2216 0.9711
vn -0.2040 -0.2960 0.9332
vn -0.1614 0.3894 0.9068
vn 0.1593 -0.2428 0.9569
vn 0.0968 -0.2608 0.9605
vn -0.3538 -0.2777 0.8932
vn -0.2915 -0.3021 0.9076
vn 0.3623 -0.1127 0.9252
vn -0.4119 -0.3226 0.8522
vn 0.2257 -0.0502 0.9729
vn -0.1925 -0.2775 0.9412
vn 0.0409 -0.1394 0.9894
vn 0.2489 -0.1660 0.9542
vn 0.0356 -0.1575 0.9869
vn 0.0538 -0.2658 0.9625
vn 0.2739 -0.2798 0.9201
vn -0.0512 -0.0760 0.9958
vn 0.0566 -0.3213 0.9453
vn 0.2104 -0.3696 0.9050
vn -0.1737 -0.0440 0.9838
vn -0.2658 -0.2960 0.9174
vn -0.0967 -0.5908 0.8010
vn -0.2604 -0.7803 0.5686
vn -0.1553 -0.3160 0.9360
vn -0.4546 -0.7141 0.5324
vn -0.5576 -0.8039 0.2069
vn -0.6796 -0.6706 0.2975
vn -0.4408 -0.3298 0.8348
vn -0.7075 -0.2150 0.6732
vn -0.8643 -0.1470 0.4810
vn -0.3402 -0.3777 0.8612
vn -0.6544 0.5273 0.5419
vn -0.2010 -0.3195 0.9260
vn -0.2329 0.6097 0.7576
vn -0.4391 0.7978 0.4131
vn 0.0139 -0.3164 0.9485
vn -0.3957 0.3533 0.8477
vn 0.0878 0.0898 0.9921
vn 0.1285 0.1439 0.9812
vn -0.2687 -0.0528 0.9618
vn 0.0282 -0.0696 0.9972
vn 0.2905 -0.2413 0.9259
vn 0.3361 -0.2354 0.9119
vn 0.2645 -0.6552 0.7077
vn 0.1653 -0.2643 0.9502
vn 0.1761 -0.6532 0.7365
vn 0.0359 -0.9620 0.2707
vn -0.1263 -0.9530 0.2753
vn -0.0228 -0.6023 0.7979
vn -0.3036 -0.2818 0.9102
vn -0.2826 -0.7401 0.6102
vn -0.5809 -0.8034 0.1310
vn -0.4415 -0.5637 0.6981
vn -0.7146 -0.3734 0.5916
vn -0.9241 -0.1507 0.3513
vn -0.8106 0.3936 0.4336
vn -0.1429 0.1797 0.9733
vn -0.5621 0.7933 0.2340
vn -0.1370 0.1154 0.9838
vn 0.0699 -0.1229 0.9899
vn -0.2986 -0.4552 0.8388
vn -0.6567 -0.4416 0.6114
vn -0.6250 -0.4901 0.6076
vn -0.2755 -0.3152 0.9082
vn 0.1408 -0.4076 0.9022
vn -0.2183 -0.2520 0.9428
vn -0.3718 -0.4319 0.8217
vn -0.0102 -0.3791 0.9253
vn -0.2747 -0.2341 0.9326
vn 0.0760 -0.2426 0.9671
vn -0.4037 -0.0785 0.9115
vn -0.2310 -0.1579 0.9601
vn -0.5179 -0.1126 0.8480
vn -0.2542 -0.2288 0.9397
vn 0.0624 -0.2225 0.9729
vn 0.0095 -0.3023 0.9532
vn -0.0235 -0.2073 0.9780
vn -0.0112 -0.2115 0.9773
vn -0.0336 -0.3061 0.9514
vn -0.1078 -0.3026 0.9470
vn 0.1594 -0.2428 0.9569
vn 0.1569 -0.3074 0.9385
vn 0.0696 -0.2928 0.9536
vn 0.0809 -0.1604 0.9837
vn 0.1104 -0.2084 0.9718
vn 0.1875 -0.2588 0.9476
vn 0.1156 -0.1991 0.9731
vn 0.1612 -0.1770 0.9709
vn -0.0880 -0.2008 0.9757
vn -0.0382 -0.2196 0.9749
vn 0.0391 -0.2781 0.9598
vn 0.0960 -0.4525 0.8866
vn 0.2709 -0.5710 0.7749
vn 0.0188 -0.3080 0.9512
vn 0.1181 -0.6001 0.7911
vn 0.1628 -0.8389 0.5193
vn 0.0728 -0.8407 0.5366
vn 0.0527 -0.3553 0.9333
vn 0.0416 -0.4900 0.8707
vn 0.0390 -0.6093 0.7920
vn 0.0933 -0.8276 0.5535
vn 0.1242 -0.4038 0.9064
vn 0.1263 -0.5818 0.8035
vn 0.1031 -0.8084 0.5795
vn 0.1481 -0.3500 0.9250
vn 0.0125 -0.5767 0.8169
vn -0.0318 -0.7966 0.6036
vn 0.0459 -0.4035 0.9138
vn -0.0815 -0.8095 0.5814
vn -0.1130 -0.4484 0.8867
vn 0.0286 -0.3616 0.9319
vn -0.1666 -0.4068 0.8982
vn -0.1173 -0.5412 0.8327
vn -0.0762 -0.6762 0.7327
vn -0.0453 -0.8503 0.5244
vn 0.0402 -0.8895 0.4552
vn -0.1525 -0.4805 0.8636
vn 0.0121 -0.7886 0.6148
vn 0.1790 -0.9563 0.2312
vn -0.0403 -0.6454 0.7627
vn 0.1615 -0.8681 0.4695
vn 0.2537 -0.9512 0.1758
vn -0.0560 -0.5184 0.8533
vn 0.2471 -0.8825 0.4002
vn 0.4104 -0.9045 0.1158
vn 0.1418 -0.7204 0.6788
vn 0.9514 -0.2461 -0.1850
vn 0.9504 -0.2562 -0.1761
vn 0.4124 -0.8504 0.3267
vn 0.9572 -0.2707 -0.1029
vn 0.2347 -0.7411 0.6291
vn 0.3925 -0.7262 0.5644
vn 0.9785 -0.1687 0.1186
vn 0.2124 -0.5360 0.8170
vn 0.3616 -0.5344 0.7640
vn 0.4096 -0.3457 0.8442
vn 0.9162 0.1302 0.3790
vn 0.1372 -0.5274 0.8385
vn 0.1939 -0.4217 0.8857
vn 0.4203 -0.3187 0.8495
vn 0.8674 0.2500 0.4303
vn 0.1958 -0.4466 0.8730
vn 0.3915 -0.4382 0.8091
vn 0.8786 0.1690 0.4467
vn -0.0472 -0.3907 0.9193
vn 0.0721 -0.4039 0.9120
vn 0.1158 -0.5630 0.8183
vn 0.3336 -0.3477 0.8762
vn 0.0049 -0.5023 0.8647
vn -0.0183 -0.5315 0.8469
vn -0.0331 -0.3539 0.9347
vn -0.0605 -0.3140 0.9475
vn -0.1437 -0.4074 0.9019
vn -0.1343 -0.3576 0.9241
vn -0.1907 -0.3897 0.9010
vn -0.1251 -0.2840 0.9506
vn 0.0083 -0.3905 0.9206
vn -0.2009 -0.3196 0.9260
vn 0.1407 -0.3609 0.9219
vn -0.0229 -0.3283 0.9443
vn -0.0403 -0.2847 0.9578
vn 0.1382 -0.2968 0.9449
vn -0.0429 -0.2285 0.9726
vn -0.1847 -0.1945 0.9634
vn 0.0388 -0.1320 0.9905
vn 0.0050 -0.1420 0.9899
vn -0.1790 -0.3775 0.9085
vn 0.1862 -0.1120 0.9761
vn -0.1737 -0.0691 0.9824
vn -0.1243 -0.6054 0.7862
vn -0.2526 -0.6589 0.7085
vn -0.3407 -0.4573 0.8214
vn -0.3062 -0.4098 0.8592
vn -0.0276 -0.0940 0.9952
vn -0.3781 -0.5046 0.7762
vn -0.3214 -0.2777 0.9053
vn -0.1741 -0.4710 0.8648
vn 0.0287 -0.2327 0.9721
vn -0.1929 -0.5524 0.8110
vn -0.0237 -0.2311 0.9726
vn 0.1140 -0.0686 0.9911
vn 0.0047 -0.2392 0.9709
vn 0.1746 -0.1971 0.9647
vn -0.3463 -0.4814 0.8052
vn -0.1449 -0.3914 0.9087
vn -0.0734 -0.4444 0.8928
vn -0.2499 -0.2925 0.9230
vn -0.1445 -0.3607 0.9214
vn -0.1666 -0.4365 0.8841
vn -0.1432 -0.5707 0.8085
vn -0.2190 -0.5218 0.8245
vn -0.3714 -0.3933 0.8411
vn -0.5042 -0.6347 0.5856
vn -0.2966 -0.5551 0.7771
vn -0.2230 -0.7246 0.6521
vn -0.4202 -0.6354 0.6478
vn -0.4076 -0.4942 0.7679
vn -0.2908 -0.4212 0.8591
vn -0.2629 -0.3510 0.8987
vn -0.5108 -0.3290 0.7942
vn -0.4219 -0.3095 0.8522
vn -0.5110 -0.1602 0.8445
vn -0.2720 -0.1684 0.9474
vn -0.2057 -0.2566 0.9444
vn -0.1730 -0.1589 0.9720
vn -0.2832 -0.3249 0.9023
vn -0.3129 -0.2192 0.9241
vn -0.3484 -0.2440 0.9050
vn -0.4181 -0.7270 -0.5447
vn -0.4123 -0.7151 -0.5645
vn -0.3625 -0.2276 -0.9038
vn -0.3682 -0.1713 -0.9138
vn -0.4638 -0.7185 -0.5182
vn -0.1351 0.4511 -0.8822
vn -0.4164 -0.1629 -0.8944
vn -0.5493 -0.6383 -0.5393
vn -0.4805 -0.1691 -0.8605
vn -0.0699 0.5708 -0.8181
vn 0.3655 0.9281 0.0717
vn 0.3418 0.9386 0.0469
vn 0.3842 0.9182 0.0969
vn -0.2460 0.3797 -0.8918
vn -0.4186 0.0108 -0.9081
vn -0.0716 0.7849 -0.6155
vn -0.0837 0.8050 -0.5874
vn -0.0906 0.7600 -0.6436
vn -0.0881 0.7075 -0.7012
vn -0.0610 0.7232 -0.6879
vn -0.1140 0.6788 -0.7255
vn -0.0880 0.6200 -0.7797
vn -0.1145 0.6412 -0.7588
vn -0.1483 0.6226 -0.7684
vn -0.1313 0.5971 -0.7913
vn -0.1552 0.5910 -0.7916
vn -0.1889 0.4977 -0.8465
vn -0.1683 0.5251 -0.8343
vn -0.1948 0.4723 -0.8597
vn -0.1915 0.4511 -0.8717
vn -0.1974 0.3794 -0.9039
vn -0.2101 0.3603 -0.9089
vn -0.2188 0.3560 -0.9085
vn -0.2125 0.2793 -0.9364
vn -0.2271 0.2755 -0.9341
vn -0.2362 0.2806 -0.9303
vn -0.2311 0.2182 -0.9481
vn -0.2521 0.2032 -0.9461
vn -0.2706 0.1170 -0.9555
vn -0.2612 0.2084 -0.9425
vn -0.2759 0.1401 -0.9509
vn -0.2798 0.1549 -0.9475
vn 0.2734 0.6291 0.7277
vn 0.2794 0.7481 0.6019
vn 0.2500 0.6289 0.7362
vn 0.2934 0.7175 0.6318
vn 0.3010 0.5956 0.7448
vn 0.3141 0.8372 0.4477
vn 0.2903 0.6872 0.6660
vn 0.2473 0.5215 0.8166
vn 0.2897 0.8227 0.4891
vn 0.2346 0.6155 0.7524
vn 0.2835 0.4159 0.8641
vn 0.2339 0.7806 0.5797
vn 0.2940 0.4912 0.8199
vn 0.5272 -0.0304 0.8492
vn 0.2871 0.6688 0.6858
vn 0.5636 0.0661 0.8234
vn 0.6131 0.2549 0.7478
vn 0.9373 -0.3043 -0.1701
vn 0.9505 -0.2562 -0.1761
vn 0.4104 -0.9045 0.1157
vn 0.3903 -0.9171 -0.0814
vn 0.8985 -0.3433 -0.2736
vn 0.2537 -0.9512 0.1756
vn 0.3594 -0.8924 -0.2729
vn 0.8730 -0.3501 -0.3395
vn 0.2496 -0.9670 -0.0516
vn 0.2265 -0.8199 -0.5258
vn -0.0126 -0.4415 -0.8972
vn -0.0653 -0.4239 -0.9034
vn 0.2105 -0.9360 -0.2822
vn 0.1335 -0.8473 -0.5141
vn -0.0184 -0.3978 -0.9173
vn 0.1234 -0.8190 -0.5603
vn -0.0783 -0.3288 -0.9411
vn 0.1765 -0.9311 -0.3191
vn 0.0336 -0.8033 -0.5947
vn -0.1005 -0.7882 -0.6072
vn -0.1825 -0.2619 -0.9477
vn -0.1963 -0.2487 -0.9485
vn 0.0691 -0.9417 -0.3292
vn 0.1977 -0.9786 -0.0566
vn 0.1790 -0.9563 0.2310
vn -0.1187 -0.7966 -0.5927
vn -0.1776 -0.2341 -0.9559
vn -0.1682 -0.2567 -0.9517
vn 0.0671 -0.9826 0.1733
vn 0.0402 -0.8895 0.4551
vn -0.0454 -0.8504 0.5242
vn 0.0873 -0.9946 -0.0557
vn -0.0451 -0.9688 0.2437
vn -0.0815 -0.8097 0.5812
vn -0.0514 -0.9507 -0.3059
vn -0.0369 -0.9992 -0.0152
vn -0.0788 -0.9546 -0.2873
vn -0.1066 -0.8014 -0.5886
vn -0.1565 -0.2446 -0.9569
vn -0.0678 -0.9974 0.0224
vn -0.0570 -0.9680 -0.2445
vn -0.1050 -0.7935 -0.5994
vn -0.1305 -0.1851 -0.9740
vn -0.0778 -0.9534 0.2914
vn -0.0318 -0.7968 0.6035
vn -0.1110 -0.7753 -0.6218
vn -0.0764 -0.1934 -0.9781
vn -0.0553 -0.9412 0.3332
vn -0.1775 -0.6300 -0.7561
vn -0.0717 -0.2257 -0.9716
vn -0.0511 -0.9944 0.0926
vn -0.1191 -0.7190 -0.6847
vn -0.0611 -0.9702 -0.2343
vn -0.1091 -0.8972 -0.4279
vn -0.1800 -0.8202 -0.5430
vn -0.0638 -0.9591 -0.2759
vn -0.0155 -0.9961 0.0868
vn 0.0356 -0.9987 -0.0353
vn -0.0390 -0.9645 -0.2610
vn -0.1559 -0.8984 -0.4105
vn 0.0489 -0.9473 0.3167
vn 0.1031 -0.8085 0.5794
vn 0.1091 -0.9683 0.2248
vn 0.0933 -0.8277 0.5533
vn 0.0090 -0.9981 0.0604
vn 0.0729 -0.8408 0.5364
vn -0.1429 -0.9361 -0.3213
vn 0.1628 -0.8390 0.5193
vn -0.0126 -0.9996 0.0262
vn -0.0307 0.9577 0.2861
vn -0.6450 0.7421 0.1822
vn -0.5162 0.7850 0.3425
vn -0.1728 0.9842 0.0385
vn -0.6585 0.7489 -0.0737
vn 0.2314 0.9505 0.2074
vn -0.2973 0.9063 -0.3005
vn -0.6289 0.7042 -0.3294
vn 0.1156 0.9905 -0.0750
vn 0.8123 0.5057 -0.2904
vn 0.8486 0.5091 -0.1438
vn 0.6071 0.7007 0.3748
vn -0.3715 0.6382 -0.6744
vn -0.6371 0.3945 -0.6622
vn -0.3048 0.8809 -0.3621
vn -0.4643 0.5987 -0.6527
vn -0.3867 0.2962 -0.8733
vn -0.6040 0.2284 -0.7635
vn -0.4401 0.2620 -0.8589
vn -0.3272 -0.0403 -0.9441
vn -0.5164 -0.0320 -0.8558
vn -0.4476 -0.2425 -0.8607
vn -0.4054 -0.0587 -0.9123
vn -0.2312 -0.4585 -0.8581
vn -0.4677 -0.6793 -0.5656
vn -0.3327 -0.4443 -0.8318
vn -0.1454 -0.8134 -0.5632
vn -0.4320 -0.8151 -0.3859
vn -0.2268 -0.7912 -0.5680
vn -0.4872 -0.3761 -0.7882
vn -0.5288 -0.0367 -0.8479
vn -0.5482 0.2645 -0.7934
vn -0.4589 0.0216 -0.8882
vn -0.5716 0.5172 -0.6370
vn -0.5145 0.2754 -0.8120
vn 0.4894 0.1806 -0.8531
vn 0.4931 0.1489 -0.8571
vn -0.7564 0.6090 -0.2385
vn -0.1583 0.3296 0.9308
vn -0.5210 -0.3120 -0.7945
vn 0.4893 0.1239 -0.8633
vn -0.8960 0.4180 -0.1498
vn -0.7060 0.6251 0.3331
vn -0.5070 0.8321 -0.2247
vn -0.7187 0.4032 -0.5666
vn -0.4246 0.7762 -0.4661
vn -0.6348 0.3651 -0.6810
vn -0.6047 0.3921 -0.6933
vn -0.3077 0.8128 -0.4946
vn -0.6331 0.2888 -0.7182
vn -0.4873 0.4556 -0.7450
vn -0.2437 0.8312 -0.4997
vn -0.6415 0.2204 -0.7348
vn -0.0676 -0.8182 -0.5710
vn -0.3892 -0.8056 -0.4466
vn -0.6181 -0.7096 -0.3381
vn -0.5110 0.3469 -0.7865
vn -0.5418 0.2672 -0.7969
vn -0.4789 -0.7027 -0.5261
vn -0.4618 0.3022 -0.8339
vn -0.4036 -0.6734 -0.6194
vn -0.4296 0.3824 -0.8180
vn -0.4325 0.3028 -0.8493
vn -0.2639 -0.7297 -0.6309
vn -0.4276 0.2734 -0.8616
vn -0.3970 0.4942 -0.7734
vn -0.4498 0.3691 -0.8133
vn -0.3891 0.4907 -0.7796
vn -0.0926 0.8078 -0.5821
vn -0.4398 0.3496 -0.8273
vn -0.2168 0.4681 -0.8567
vn 0.1687 0.7309 -0.6613
vn 0.2414 0.5671 -0.7875
vn -0.3605 0.2000 -0.9110
vn -0.1267 0.2661 -0.9556
vn 0.3339 0.3507 -0.8750
vn -0.4477 0.0338 -0.8936
vn -0.9657 0.0231 -0.2585
vn -0.9678 -0.0366 -0.2489
vn -0.9675 -0.0788 -0.2403
vn -0.3756 -0.0813 -0.9232
vn -0.3222 -0.0057 -0.9466
vn -0.0890 -0.0219 -0.9958
vn 0.3393 -0.0431 -0.9397
vn -0.2733 -0.1309 -0.9530
vn -0.0621 -0.2063 -0.9765
vn 0.3219 -0.2665 -0.9085
vn 0.3507 -0.4232 -0.8354
vn -0.2210 -0.1211 -0.9677
vn 0.0517 -0.3062 -0.9506
vn 0.2412 -0.7197 -0.6511
vn -0.2894 -0.1527 -0.9450
vn -0.0863 -0.4352 -0.8962
vn -0.0284 -0.8332 -0.5523
vn -0.3843 -0.2105 -0.8989
vn -0.3132 -0.4355 -0.8440
vn -0.3654 -0.4534 -0.8130
vn -0.0489 -0.8669 -0.4960
vn -0.4383 -0.2475 -0.8641
vn -0.4193 -0.0638 -0.9056
vn -0.3540 0.8404 -0.4104
vn -0.4909 0.7611 -0.4240
vn -0.4700 -0.4509 -0.7588
vn -0.0697 -0.9102 -0.4083
vn -0.4984 -0.1172 -0.8590
vn -0.6480 0.6692 -0.3636
vn -0.5451 -0.2876 -0.7875
vn -0.6200 -0.4512 -0.6419
vn -0.1593 -0.9232 -0.3498
vn -0.6040 -0.1993 -0.7717
vn -0.7909 0.5893 -0.1651
vn -0.6726 -0.2708 -0.6887
vn -0.4049 0.8231 -0.3982
vn -0.1506 0.8443 -0.5143
vn -0.7363 -0.3784 -0.5610
vn -0.7594 -0.4445 -0.4751
vn -0.1389 -0.9447 -0.2970
vn -0.5145 -0.6323 -0.5792
vn -0.7952 -0.5475 -0.2607
vn -0.3110 -0.9486 0.0587
vn -0.6917 -0.6711 -0.2670
vn -0.0770 -0.3661 0.9274
vn 0.4998 -0.2277 0.8357
vn -0.4130 -0.7113 -0.5688
vn -0.3117 -0.9102 -0.2728
vn 0.8452 -0.2571 0.4686
vn 0.0421 -0.9737 -0.2239
vn 0.9546 -0.2393 -0.1774
vn 0.3293 -0.9195 0.2146
vn 0.0152 -0.9864 -0.1636
vn -0.4139 -0.8734 -0.2566
vn 0.1313 -0.9447 0.3005
vn -0.1083 -0.9921 0.0639
vn -0.0913 -0.9868 0.1340
vn -0.0913 -0.9867 0.1341
vn 0.1313 -0.9446 0.3007
vn -0.2585 -0.7204 0.6436
vn 0.1193 -0.6139 0.7803
vn -0.3250 -0.6141 0.7192
vn 0.3292 -0.9195 0.2147
vn -0.4641 -0.2548 0.8483
vn 0.9913 -0.0630 -0.1155
vn 0.9546 -0.2392 -0.1773
vn 0.0505 -0.2185 0.9745
vn 0.4076 -0.5945 0.6932
vn 0.9992 -0.0303 -0.0251
vn -0.4568 -0.1155 0.8820
vn 0.4064 -0.2037 0.8907
vn 0.9991 -0.0274 0.0325
vn 0.4224 -0.0566 0.9046
vn 0.0214 -0.0469 0.9987
vn -0.4564 -0.0502 0.8884
vn 0.9331 0.3594 0.0091
vn 0.8486 0.5090 -0.1438
vn 0.3226 0.7293 0.6034
vn 0.9801 0.1530 0.1268
vn -0.0306 0.9577 0.2862
vn 0.3321 0.4613 0.8227
vn -0.4088 0.7876 0.4611
vn -0.5162 0.7850 0.3426
vn 0.1081 0.7460 0.6571
vn 0.1495 0.4585 0.8760
vn -0.3074 0.4015 0.8627
vn -0.2791 0.3554 0.8921
vn -0.5969 -0.8021 0.0187
vn -0.2687 -0.9587 0.0930
vn -0.5653 -0.8000 0.2012
vn -0.3607 -0.9084 -0.2115
vn -0.7135 -0.6832 -0.1553
vn 0.0266 -0.9991 -0.0319
vn 0.6842 -0.5589 -0.4684
vn 0.7207 -0.6344 -0.2796
vn -0.4988 -0.7015 -0.5091
vn -0.8215 -0.5273 -0.2170
vn -0.1196 -0.9362 -0.3304
vn 0.5900 -0.7332 -0.3380
vn -0.8872 -0.3446 -0.3067
vn -0.3988 -0.6817 -0.6134
vn -0.6217 -0.2063 -0.7556
vn -0.9080 -0.0236 -0.4183
vn -0.8779 0.1774 -0.4448
vn -0.4659 -0.1467 -0.8726
vn -0.4766 0.3530 -0.8051
vn -0.7219 0.5176 -0.4594
vn -0.7247 -0.4364 -0.5333
vn 0.1220 -0.8657 0.4855
vn -0.2860 0.7218 -0.6302
vn -0.5886 0.6912 -0.4192
vn -0.3267 0.3471 -0.8791
vn -0.0732 0.9414 -0.3293
vn -0.3301 0.9439 0.0076
vn -0.1541 0.7236 -0.6728
vn -0.5032 0.3976 -0.7673
vn -0.6563 -0.0020 -0.7545
vn -0.3221 0.7763 -0.5418
vn -0.6890 0.4146 -0.5945
vn -0.7799 0.0205 -0.6256
vn 0.0079 0.9223 -0.3864
vn -0.5283 0.7876 -0.3172
vn 0.0595 0.9978 -0.0276
vn -0.3430 0.8930 0.2915
vn 0.1750 0.9437 0.2807
vn -0.1257 0.8830 0.4522
vn 0.4944 0.8581 0.1388
vn 0.1973 0.9676 -0.1577
vn -0.2193 0.9345 -0.2804
vn 0.7155 0.6834 0.1449
vn 0.9010 0.3549 -0.2494
vn -0.2829 0.9591 0.0058
vn -0.2450 0.5981 0.7630
vn -0.6046 0.7710 0.2000
vn -0.4314 0.8377 0.3349
vn -0.2439 0.9689 -0.0424
vn -0.4979 0.8316 -0.2461
vn -0.2167 0.9755 -0.0372
vn -0.4936 0.8467 -0.1986
vn -0.5005 0.8353 -0.2276
vn -0.2053 0.9785 0.0176
vn -0.5085 0.8433 -0.1740
vn -0.1313 0.9882 -0.0792
vn -0.5162 0.7567 -0.4012
vn -0.4874 0.8414 -0.2335
vn -0.3847 0.8441 -0.3735
vn -0.3954 0.7883 -0.4714
vn -0.3405 0.7909 -0.5085
vn -0.0842 0.9782 -0.1898
vn -0.3654 0.7261 -0.5825
vn -0.3843 0.7415 -0.5501
vn -0.3683 -0.1043 -0.9238
vn -0.6893 -0.2002 -0.6962
vn -0.4261 0.6771 -0.6000
vn -0.8590 -0.2811 -0.4280
vn -0.7246 -0.3026 -0.6192
vn -0.3867 0.6015 -0.6991
vn -0.5779 -0.3612 -0.7318
vn -0.3479 0.6869 -0.6381
vn -0.3002 0.7807 -0.5481
vn -0.0803 0.9690 -0.2337
vn -0.3490 0.6596 -0.6657
vn -0.3022 0.7674 -0.5655
vn 0.0428 0.9040 -0.4254
vn -0.3344 0.6004 -0.7265
vn -0.3354 0.4660 -0.8187
vn -0.7976 -0.0535 -0.6008
vn -0.1965 0.6315 -0.7501
vn -0.2794 0.5392 -0.7944
vn 0.2454 0.6609 -0.7092
vn 0.2229 0.8130 -0.5379
vn -0.1396 0.5057 -0.8514
vn 0.2422 0.4845 -0.8406
vn -0.3069 0.4235 -0.8523
vn -0.2546 0.4388 -0.8618
vn -0.1004 0.4464 -0.8892
vn 0.2201 0.4327 -0.8743
vn -0.2981 0.3173 -0.9003
vn -0.1348 0.3032 -0.9433
vn 0.1522 0.2496 -0.9563
vn 0.0634 0.0476 -0.9969
vn -0.2561 0.1541 -0.9543
vn -0.0379 -0.0900 -0.9952
vn -0.4153 0.3320 -0.8470
vn -0.8962 0.3681 -0.2478
vn -0.9074 0.3348 -0.2540
vn -0.3592 0.1617 -0.9192
vn -0.3589 0.1929 -0.9132
vn -0.0763 0.9578 -0.2771
vn -0.0407 0.9607 -0.2746
vn -0.4151 0.1418 -0.8987
vn -0.3371 0.1039 -0.9357
vn -0.0833 -0.1537 -0.9846
vn -0.1792 -0.3455 -0.9211
vn -0.4098 -0.0685 -0.9096
vn -0.3632 -0.6568 -0.6608
vn -0.3835 0.1048 -0.9176
vn -0.4426 -0.1306 -0.8872
vn -0.3959 -0.6944 -0.6009
vn -0.4172 0.1502 -0.8963
vn -0.2529 0.9249 -0.2840
vn -0.4171 0.0602 -0.9068
vn -0.5177 -0.1663 -0.8392
vn -0.4681 -0.6912 -0.5506
vn -0.5159 0.0176 -0.8565
vn -0.5269 0.0623 -0.8477
vn -0.5198 0.8389 -0.1614
vn -0.6173 -0.1792 -0.7661
vn -0.4972 -0.7447 -0.4453
vn -0.5813 0.0263 -0.8133
vn -0.2974 0.8811 -0.3678
vn 0.0130 0.8262 -0.5632
vn -0.6693 0.1221 -0.7329
vn -0.6104 -0.0426 -0.7909
vn -0.7309 -0.2439 -0.6374
vn -0.7155 -0.1603 -0.6800
vn -0.8776 -0.4383 -0.1943
vn -0.6802 -0.7331 0.0009
vn -0.4942 -0.3332 0.8029
vn -0.8814 -0.2853 -0.3766
vn -0.7997 -0.3747 -0.4691
vn -0.1006 -0.7627 0.6389
vn -0.6270 0.4237 -0.6537
vn 0.3615 0.1427 -0.9214
vn 0.3201 0.1968 -0.9267
vn 0.2765 0.2499 -0.9279
vn -0.5645 -0.6513 0.5071
vn -0.5652 -0.8000 0.2014
vn -0.2687 -0.9587 0.0931
vn -0.2092 -0.8323 0.5133
vn -0.5514 -0.4155 0.7234
vn 0.0267 -0.9991 -0.0318
vn -0.5178 -0.3613 0.7755
vn -0.1226 -0.6193 0.7755
vn 0.2402 -0.6911 0.6817
vn 0.1367 -0.9088 0.3942
vn 0.9115 -0.4098 0.0348
vn 0.8124 -0.5722 -0.1120
vn 0.3790 -0.7972 0.4699
vn 0.1774 -0.9816 0.0705
vn 0.5174 -0.7540 0.4046
vn 0.3327 -0.9057 -0.2629
vn -0.0185 -0.9609 -0.2764
vn 0.5003 -0.8058 0.3169
vn -0.0581 -0.9398 -0.3367
vn 0.3203 -0.8831 -0.3430
vn 0.0930 -0.7320 -0.6749
vn -0.2608 -0.5973 -0.7584
vn 0.2333 -0.9476 0.2182
vn -0.2886 -0.2782 -0.9161
vn -0.2979 -0.5293 -0.7944
vn -0.6731 -0.1936 -0.7138
vn -0.7111 -0.1499 -0.6869
vn 0.0118 -0.6848 -0.7286
vn -0.5232 0.1366 -0.8412
vn -0.8824 0.0701 -0.4652
vn -0.3921 -0.2309 -0.8905
vn 0.1266 -0.9208 -0.3690
vn -0.1041 -0.6415 -0.7600
vn -0.6470 0.4596 -0.6084
vn -0.9376 0.2213 -0.2683
vn -0.5649 0.1695 -0.8075
vn -0.5008 -0.1934 -0.8437
vn -0.6409 0.7511 -0.1582
vn -0.9523 0.3006 -0.0525
vn -0.9084 0.3750 0.1847
vn -0.6219 0.5421 -0.5652
vn -0.4980 0.8130 0.3017
vn -0.4709 0.8596 -0.1982
vn -0.2339 0.9399 0.2488
vn 0.2253 0.9672 0.1173
vn 0.3334 0.9304 -0.1524
vn -0.7418 0.6681 -0.0590
vn -0.0073 0.5695 0.8219
vn -0.7128 0.1133 -0.6922
vn -0.8207 0.3197 -0.4735
vn -0.9519 0.2351 -0.1968
vn -0.2906 0.2953 0.9101
vn -0.7066 0.0833 -0.7027
vn -0.9115 0.3938 -0.1187
vn -0.6367 0.7387 0.2213
vn -0.5858 0.8059 -0.0860
vn -0.8524 0.1091 -0.5113
vn -0.8462 0.2866 -0.4493
vn -0.6511 0.6531 -0.3866
vn -0.7382 0.1187 -0.6640
vn -0.5572 0.6692 -0.4917
vn -0.5761 0.0611 -0.8151
vn -0.4795 0.6806 -0.5539
vn -0.6696 -0.0739 -0.7390
vn -0.5012 0.0721 -0.8623
vn -0.4468 0.6741 -0.5882
vn -0.5085 -0.1291 -0.8514
vn -0.4044 0.0978 -0.9093
vn -0.1302 0.6820 -0.7197
vn -0.4180 -0.1810 -0.8902
vn -0.3255 -0.1391 -0.9353
vn 0.0919 0.4074 -0.9086
vn -0.2332 -0.2176 -0.9478
vn 0.2494 0.1144 -0.9616
vn -0.3666 -0.3338 -0.8684
vn -0.1701 -0.1471 -0.9744
vn 0.2643 0.1828 -0.9470
vn -0.3731 -0.2407 -0.8960
vn -0.3627 -0.3070 -0.8799
vn -0.0880 -0.1876 -0.9783
vn 0.2449 -0.0910 -0.9653
vn -0.3032 -0.2416 -0.9218
vn -0.4706 -0.2595 -0.8433
vn -0.8682 -0.4887 -0.0862
vn -0.8774 -0.4610 -0.1329
vn -0.8822 -0.4309 -0.1898
vn -0.2074 -0.3733 -0.9042
vn -0.3553 -0.2868 -0.8897
vn 0.1037 -0.8813 -0.4611
vn 0.0747 -0.8812 -0.4668
vn -0.4519 -0.2698 -0.8503
vn -0.1257 -0.8974 -0.4229
vn -0.5810 -0.3017 -0.7559
vn -0.2891 -0.9246 -0.2483
vn -0.6108 -0.2192 -0.7609
vn 0.1066 -0.8671 -0.4866
vn 0.3946 -0.6739 -0.6246
vn 0.2733 0.2251 -0.9352
vn 0.2439 0.3133 -0.9178
vn -0.4188 -0.0885 -0.9038
vn 0.3054 0.1130 -0.9455
vn -0.0940 -0.6571 -0.7479
vn -0.1074 -0.7899 -0.6038
vn -0.3863 0.6052 -0.6961
vn -0.6033 0.4698 -0.6444
vn -0.8981 0.0957 -0.4293
vn 0.0482 -0.9340 -0.3540
vn 0.1651 -0.9484 0.2705
vn -0.1700 -0.6930 -0.7006
vn -0.7927 0.2395 -0.5607
vn -0.0275 -0.8148 -0.5791
vn -0.2104 -0.5595 -0.8017
vn -0.7078 0.3437 -0.6171
vn 0.2433 -0.9429 -0.2275
vn 0.6975 -0.6978 0.1632
vn 0.3869 -0.9128 -0.1311
vn 0.0984 -0.9152 -0.3908
vn 0.2230 -0.9616 -0.1598
vn -0.0174 -0.8718 -0.4895
vn 0.2237 -0.9412 -0.2531
vn -0.0828 -0.7345 -0.6736
vn -0.2205 -0.4481 -0.8664
vn -0.6506 0.4114 -0.6383
vn -0.0075 -0.7973 -0.6035
vn 0.1474 -0.8419 -0.5191
vn 0.1826 -0.7563 -0.6282
vn -0.1409 -0.5374 -0.8315
vn -0.0111 -0.5981 -0.8014
vn 0.4593 -0.6043 -0.6511
vn 0.2306 -0.5081 -0.8298
vn -0.2186 -0.3667 -0.9043
vn -0.0493 -0.3890 -0.9199
vn 0.1695 -0.3919 -0.9043
vn 0.3066 0.1258 0.9435
vn 0.0446 0.0678 0.9967
vn 0.0443 0.0428 0.9981
vn 0.3927 -0.0529 0.9181
vn 0.1717 -0.2226 0.9597
vn 0.4420 0.1985 0.8748
vn 0.2247 -0.2797 0.9334
vn 0.2883 0.7251 0.6254
vn 0.7532 0.5563 0.3511
vn 0.4990 -0.3571 0.7896
vn 0.3550 -0.3881 0.8505
vn 0.4503 -0.5979 0.6631
vn 0.5174 -0.7540 0.4047
vn 0.3790 -0.7972 0.4700
vn 0.5003 -0.8057 0.3170
vn 0.4344 -0.4248 0.7942
vn 0.3758 -0.0749 0.9237
vn 0.1185 -0.5913 0.7977
vn 0.2333 -0.9476 0.2183
vn -0.0405 -0.2121 0.9764
vn -0.2120 0.6111 0.7627
vn 0.0252 -0.3857 0.9223
vn 0.3934 0.4739 0.7878
vn 0.9012 -0.1583 0.4035
vn 0.0918 -0.6404 0.7625
vn 0.6975 -0.6977 0.1633
vn 0.4301 0.5318 0.7296
vn 0.6136 0.6588 0.4353
vn 0.3835 0.6808 0.6240
vn 0.6338 0.1948 0.7485
vn 0.5644 0.6563 0.5008
vn -0.1089 0.0652 0.9919
vn 0.6173 0.2387 0.7496
vn 0.4342 0.7077 0.5573
vn 0.3736 -0.3098 0.8744
vn -0.2193 -0.0484 0.9745
vn -0.4209 -0.1561 0.8936
vn 0.5012 -0.2758 0.8202
vn 0.1583 -0.6063 0.7794
vn -0.5671 -0.2045 0.7979
vn 0.2390 -0.7688 0.5931
vn 0.2056 -0.7899 0.5777
vn 0.3330 -0.5908 0.7349
vn 0.1597 -0.8484 0.5047
vn 0.3785 -0.6110 0.6953
vn 0.6548 -0.7347 -0.1774
vn 0.6252 -0.7050 -0.3349
vn 0.4487 -0.1246 0.8850
vn 0.3642 -0.9033 0.2269
vn 0.4536 0.3392 0.8242
vn 0.2621 0.0692 0.9626
vn 0.1894 -0.5668 0.8018
vn 0.3032 0.5041 0.8087
vn 0.3561 0.7916 0.4965
vn 0.3635 0.2475 0.8981
vn 0.6699 -0.1411 0.7289
vn 0.8893 0.4054 0.2116
vn 0.3881 0.5999 0.6997
vn 0.4258 0.8030 0.4170
vn 0.8832 0.4093 0.2291
vn -0.7764 -0.6124 0.1491
vn -0.7823 -0.4999 0.3716
vn -0.6290 -0.6876 0.3626
vn -0.9032 -0.3761 0.2066
vn -0.7902 0.1432 0.5959
vn -0.9781 -0.1720 0.1174
vn -0.8881 0.3382 0.3114
vn -0.4007 0.6912 0.6014
vn -0.8567 0.5130 0.0543
vn -0.4298 0.8725 0.2325
vn -0.1820 0.8711 0.4562
vn -0.4404 0.8953 -0.0671
vn -0.1926 0.9492 0.2489
vn -0.9599 0.0897 -0.2657
vn -0.9533 0.1346 -0.2705
vn -0.8421 0.0742 -0.5341
vn -0.8492 0.0048 -0.5280
vn -0.3266 -0.0902 -0.9408
vn -0.9680 0.0057 -0.2509
vn -0.3355 -0.1765 -0.9254
vn 0.3256 -0.1965 -0.9248
vn -0.8575 -0.1321 -0.4972
vn -0.9743 -0.0759 -0.2118
vn 0.3011 -0.2819 -0.9110
vn 0.9277 -0.2075 -0.3104
vn -0.8557 -0.2614 -0.4467
vn -0.9757 -0.1480 -0.1614
vn -0.3636 -0.3583 -0.8599
vn 0.2600 -0.4456 -0.8567
vn -0.8557 -0.3703 -0.3615
vn -0.9752 -0.1955 -0.1037
vn -0.3835 -0.5249 -0.7599
vn -0.8522 -0.4467 -0.2726
vn -0.9712 -0.2351 -0.0374
vn -0.3923 -0.6683 -0.6320
vn 0.2296 -0.5920 -0.7726
vn 0.2024 -0.7220 -0.6616
vn -0.8508 -0.5000 -0.1615
vn -0.9674 -0.2507 0.0361
vn -0.3975 -0.7748 -0.4916
vn 0.2014 -0.8166 -0.5410
vn -0.8469 -0.5305 -0.0365
vn -0.3947 -0.8526 -0.3424
vn -0.8383 -0.5349 0.1057
vn -0.9598 -0.2505 0.1266
vn -0.3791 -0.9096 -0.1700
vn 0.2107 -0.8912 -0.4017
vn -0.8249 -0.5138 0.2356
vn -0.9501 -0.2322 0.2082
vn -0.7993 -0.4801 0.3616
vn -0.9342 -0.2118 0.2871
vn -0.3124 -0.8577 0.4083
vn -0.3714 -0.9279 0.0317
vn -0.3526 -0.9054 0.2365
vn 0.3116 -0.9415 0.1286
vn 0.3408 -0.8949 0.2882
vn 0.2736 -0.9604 -0.0526
vn 0.9418 -0.3303 -0.0626
vn 0.2370 -0.9409 -0.2417
vn 0.9325 -0.3495 -0.0913
vn 0.9223 -0.3605 -0.1392
vn 0.7480 0.6085 -0.2649
vn 0.7170 0.5734 -0.3963
vn 0.2851 0.8581 -0.4272
vn 0.3178 0.9105 -0.2644
vn 0.7739 0.6228 -0.1149
vn 0.3494 0.9346 -0.0661
vn 0.3791 0.9144 0.1420
vn 0.7858 0.6171 0.0411
vn 0.3982 0.8593 0.3210
vn 0.9124 -0.3689 -0.1771
vn 0.7962 0.5781 0.1786
vn 0.4021 0.7783 0.4823
vn 0.9066 -0.3565 -0.2257
vn 0.8006 0.5188 0.2998
vn 0.4042 0.6696 0.6231
vn 0.9052 -0.3370 -0.2590
vn 0.8030 0.4326 0.4099
vn 0.3960 0.5276 0.7515
vn 0.9049 -0.3168 -0.2844
vn 0.7982 0.3196 0.5107
vn 0.3734 0.3537 0.8576
vn 0.9080 -0.2900 -0.3025
vn 0.9111 -0.2588 -0.3208
vn 0.7907 0.1759 0.5864
vn 0.9164 -0.2249 -0.3313
vn 0.7706 0.0321 0.6366
vn 0.3544 0.1679 0.9199
vn 0.7362 -0.0336 0.6760
vn 0.3360 0.0852 0.9380
vn -0.9649 0.0562 0.2567
vn -0.9738 0.0236 0.2264
vn -0.9193 -0.2660 0.2900
vn -0.9061 -0.2208 0.3610
vn -0.9612 0.0811 0.2638
vn -0.6164 -0.7059 0.3489
vn -0.8884 -0.1811 0.4219
vn -0.9605 0.0884 0.2639
vn -0.5766 -0.6619 0.4790
vn -0.8732 -0.1408 0.4665
vn -0.9568 0.1060 0.2707
vn -0.5258 -0.6009 0.6021
vn -0.4785 -0.5250 0.7038
vn -0.8584 -0.0988 0.5034
vn -0.9505 0.1237 0.2850
vn -0.4376 -0.4467 0.7804
vn -0.8447 -0.0565 0.5322
vn -0.9450 0.1484 0.2915
vn -0.4156 -0.3711 0.8304
vn -0.8333 -0.0065 0.5527
vn -0.9395 0.1832 0.2894
vn -0.3930 -0.2868 0.8737
vn -0.8216 0.0709 0.5657
vn -0.9314 0.2243 0.2866
vn -0.3653 -0.1672 0.9157
vn -0.8070 0.1585 0.5689
vn -0.9292 0.2348 0.2855
vn -0.3332 -0.0118 0.9428
vn 0.3735 -0.3595 0.8551
vn -0.7943 0.2277 0.5632
vn 0.3343 -0.4726 0.8154
vn 0.4289 -0.2037 0.8801
vn 0.7207 -0.4501 0.5272
vn 0.7526 -0.3672 0.5465
vn 0.6909 -0.5158 0.5065
vn 0.7856 -0.2610 0.5610
vn 0.2933 -0.5575 0.7766
vn 0.6694 -0.5746 0.4709
vn 0.2652 -0.6386 0.7224
vn 0.6499 -0.6395 0.4106
vn 0.1829 -0.8246 0.5354
vn 0.6225 -0.7138 0.3208
vn 0.1132 -0.9080 0.4033
vn 0.5787 -0.7861 0.2173
vn 0.0402 -0.9643 0.2618
vn 0.5230 -0.8447 0.1136
vn 0.4742 -0.0494 0.8791
vn 0.8107 -0.1461 0.5670
vn -0.2888 0.1322 0.9482
vn 0.5072 0.1120 0.8545
vn 0.8309 -0.0143 0.5562
vn 0.8439 0.1000 0.5271
vn -0.2555 0.2693 0.9286
vn 0.5347 0.2410 0.8099
vn 0.8478 0.1700 0.5023
vn -0.7835 0.2722 0.5586
vn -0.9292 0.2348 0.2856
vn -0.2123 0.3756 0.9022
vn 0.5495 0.3341 0.7658
vn 0.8542 0.2341 0.4643
vn -0.7753 0.3165 0.5466
vn -0.1785 0.4664 0.8664
vn -0.7628 0.3535 0.5415
vn -0.9268 0.2453 0.2844
vn -0.1464 0.5708 0.8079
vn 0.5591 0.4262 0.7111
vn 0.8559 0.3149 0.4101
vn -0.7426 0.4268 0.5161
vn -0.9245 0.2724 0.2666
vn -0.1250 0.6877 0.7151
vn 0.5629 0.5442 0.6221
vn 0.8663 0.3960 0.3046
vn -0.7263 0.5037 0.4677
vn -0.9182 0.3096 0.2472
vn -0.1430 0.7996 0.5833
vn 0.5599 0.6646 0.4949
vn 0.8596 0.4842 0.1633
vn -0.7227 0.5644 0.3989
vn -0.9158 0.3299 0.2291
vn -0.1520 0.9028 0.4022
vn 0.5449 0.7780 0.3127
vn 0.8379 0.5458 0.0033
vn -0.7247 0.6172 0.3065
vn -0.9164 0.3492 0.1956
vn 0.5165 0.8500 0.1039
vn 0.8022 0.5836 -0.1257
vn -0.1666 0.9664 0.1959
vn 0.4752 0.8768 -0.0731
vn 0.7772 0.5873 -0.2259
vn -0.7260 0.6588 0.1971
vn -0.9164 0.3627 0.1695
vn 0.4331 0.8789 -0.2001
vn 0.7550 0.5684 -0.3269
vn -0.1855 0.9823 0.0267
vn -0.7306 0.6745 0.1063
vn -0.9185 0.3707 0.1375
vn -0.7157 0.6976 0.0324
vn -0.9208 0.3733 0.1129
vn -0.9355 0.3323 0.1199
vn -0.2131 0.9722 -0.0972
vn -0.7475 0.6635 -0.0314
vn -0.9329 0.3457 0.1010
vn 0.3969 0.8569 -0.3289
vn -0.2434 0.9446 -0.2201
vn -0.7709 0.6283 -0.1050
vn -0.9344 0.3480 0.0763
vn -0.9404 0.3347 0.0602
vn 0.3540 0.8028 -0.4797
vn 0.7247 0.5226 -0.4491
vn -0.2867 0.8899 -0.3548
vn -0.7975 0.5808 -0.1636
vn -0.9501 0.3071 0.0557
vn 0.3197 0.7186 -0.6176
vn 0.6970 0.4531 -0.5557
vn 0.6856 0.4214 -0.5936
vn -0.3354 0.8126 -0.4766
vn 0.3024 0.6342 -0.7116
vn 0.6797 0.3827 -0.6257
vn -0.8311 0.5223 -0.1910
vn -0.3708 0.7384 -0.5633
vn -0.8555 0.4750 -0.2061
vn -0.9593 0.2759 0.0610
vn -0.4060 0.6642 -0.6277
vn 0.2753 0.5535 -0.7861
vn 0.6678 0.3189 -0.6726
vn -0.8750 0.4325 -0.2177
vn -0.9574 0.2876 0.0271
vn -0.4365 0.5868 -0.6820
vn 0.2534 0.4716 -0.8446
vn 0.6516 0.2532 -0.7151
vn -0.4624 0.5026 -0.7305
vn -0.8878 0.3895 -0.2453
vn -0.9618 0.2735 0.0109
vn 0.6192 0.1916 -0.7615
vn -0.4697 0.4161 -0.7787
vn -0.8866 0.3619 -0.2881
vn -0.9641 0.2656 -0.0046
vn 0.1796 0.2884 -0.9405
vn 0.5781 0.1352 -0.8047
vn -0.4729 0.3286 -0.8176
vn -0.8845 0.3274 -0.3323
vn -0.9676 0.2520 -0.0138
vn 0.1455 0.1997 -0.9690
vn 0.5311 0.0686 -0.8445
vn -0.8972 0.2674 -0.3515
vn -0.9704 0.2408 -0.0191
vn -0.8965 0.2303 -0.3784
vn -0.4890 0.2127 -0.8460
vn -0.4905 0.1490 -0.8586
vn 0.1095 0.0767 -0.9910
vn 0.0841 0.0126 -0.9964
vn 0.4969 -0.0301 -0.8673
vn 0.4760 -0.0845 -0.8754
vn -0.9806 0.1868 -0.0593
vn -0.9759 0.2165 -0.0263
vn -0.9269 0.1586 -0.3401
vn -0.9273 0.1114 -0.3574
vn -0.5643 0.0160 -0.8254
vn -0.9818 0.1712 -0.0828
vn -0.5834 -0.0653 -0.8095
vn 0.0590 -0.1359 -0.9890
vn -0.9452 0.0124 -0.3264
vn -0.9894 0.1444 -0.0122
vn -0.9919 0.1273 -0.0038
vn 0.0331 -0.2208 -0.9748
vn 0.4664 -0.2029 -0.8610
vn 0.4621 -0.2660 -0.8460
vn 0.4528 -0.4022 -0.7957
vn -0.6389 -0.2131 -0.7392
vn -0.9657 -0.0593 -0.2526
vn -0.9957 0.0902 0.0230
vn -0.0113 -0.3948 -0.9187
vn 0.4320 -0.5472 -0.7169
vn -0.6792 -0.3696 -0.6341
vn -0.0522 -0.5740 -0.8172
vn -0.0759 -0.7324 -0.6766
vn 0.4127 -0.6795 -0.6066
vn -0.9739 -0.1363 -0.1814
vn -0.6951 -0.5141 -0.5024
vn -0.0856 -0.8543 -0.5127
vn 0.3882 -0.7825 -0.4868
vn -0.9718 -0.2107 -0.1056
vn -0.9974 0.0528 0.0497
vn -0.6895 -0.6282 -0.3604
vn -0.0880 -0.9293 -0.3587
vn 0.3858 -0.8463 -0.3674
vn -0.9633 -0.2667 -0.0307
vn -0.9963 0.0256 0.0822
vn -0.6798 -0.7018 -0.2129
vn -0.0829 -0.9760 -0.2012
vn 0.3949 -0.8856 -0.2445
vn 0.4217 -0.8988 -0.1195
vn -0.9511 -0.3052 0.0475
vn -0.9933 0.0058 0.1153
vn -0.6628 -0.7451 -0.0745
vn -0.0579 -0.9975 -0.0411
vn 0.4709 -0.8822 -0.0033
vn -0.9414 -0.3117 0.1291
vn -0.9879 0.0034 0.1551
vn -0.6494 -0.7578 0.0644
vn -0.9284 -0.3016 0.2171
vn -0.9822 0.0086 0.1875
vn -0.6325 -0.7453 0.2108
vn -0.0161 -0.9935 0.1127
vn 0.0402 -0.9643 0.2617
vn 0.3363 0.6567 -0.6750
vn 0.3110 0.5979 -0.7388
vn 0.3530 0.6436 -0.6791
vn 0.3047 0.5906 -0.7473
vn 0.2948 0.6485 -0.7018
vn 0.2853 0.5323 -0.7970
vn 0.2883 0.5262 -0.8000
vn 0.2672 0.4521 -0.8510
vn 0.2656 0.4431 -0.8562
vn 0.2408 0.3674 -0.8984
vn 0.2408 0.3673 -0.8984
vn 0.2184 0.2907 -0.9316
vn 0.2166 0.2817 -0.9347
vn 0.1601 0.2597 -0.9523
vn 0.1499 0.2569 -0.9547
vn 0.0776 0.1490 -0.9858
vn 0.0226 0.1253 -0.9919
vn 0.1098 0.2700 -0.9566
vn 0.0003 -0.0531 -0.9986
vn -0.1302 0.0556 -0.9899
vn -0.0612 -0.0545 -0.9966
vn -0.0338 -0.2136 -0.9763
vn -0.1674 -0.0876 -0.9820
vn -0.1045 -0.2096 -0.9722
vn -0.1366 -0.3837 -0.9133
vn -0.2284 -0.3805 -0.8961
vn -0.0589 -0.3858 -0.9207
vn -0.2455 -0.5536 -0.7958
vn -0.1611 -0.5603 -0.8125
vn -0.0858 -0.5605 -0.8237
vn -0.2609 -0.6994 -0.6654
vn -0.1803 -0.7131 -0.6775
vn -0.1121 -0.7171 -0.6878
vn -0.2615 -0.8137 -0.5191
vn -0.1925 -0.8325 -0.5194
vn -0.1291 -0.8430 -0.5222
vn -0.2626 -0.8950 -0.3605
vn -0.1929 -0.9125 -0.3607
vn -0.1292 -0.9230 -0.3624
vn -0.2466 -0.9508 -0.1877
vn -0.1736 -0.9659 -0.1921
vn -0.1187 -0.9733 -0.1964
vn -0.2078 -0.9782 0.0010
vn -0.1371 -0.9905 -0.0099
vn -0.0851 -0.9961 -0.0217
vn -0.1475 -0.9705 0.1906
vn -0.0794 -0.9834 0.1630
vn -0.0306 -0.9892 0.1435
vn -0.0128 -0.9455 0.3253
vn 0.0333 -0.9538 0.2985
vn -0.1778 -0.9761 0.1253
vn -0.1675 -0.9803 0.1043
vn -0.2883 -0.9571 -0.0268
vn -0.2828 -0.9571 -0.0625
vn -0.3725 -0.9136 -0.1628
vn -0.1370 -0.9889 0.0582
vn -0.0948 -0.9942 0.0501
vn -0.2243 -0.9637 -0.1450
vn -0.2516 -0.9606 -0.1178
vn -0.3557 -0.9157 -0.1870
vn -0.3127 -0.9238 -0.2208
vn -0.2722 -0.9368 -0.2198
vn -0.3037 -0.8947 -0.3276
vn -0.3887 -0.8582 -0.3352
vn -0.4081 -0.8558 -0.3179
vn -0.3607 -0.8551 -0.3725
vn -0.3435 -0.8439 -0.4121
vn -0.4292 -0.7383 -0.5203
vn -0.4639 -0.7370 -0.4915
vn -0.4846 -0.6412 -0.5950
vn -0.3720 -0.7411 -0.5589
vn -0.3112 -0.7361 -0.6011
vn -0.4538 -0.5432 -0.7064
vn -0.5164 -0.4231 -0.7445
vn -0.2757 -0.5558 -0.7842
vn -0.4528 -0.3035 -0.8383
vn -0.5189 -0.2426 -0.8197
vn -0.3239 -0.3611 -0.8745
vn -0.2562 -0.3542 -0.8994
vn -0.4153 -0.1883 -0.8900
vn -0.5085 -0.1038 -0.8548
vn -0.4071 -0.2696 -0.8727
vn -0.3190 -0.1791 -0.9307
vn -0.3105 -0.2021 -0.9288
vn -0.2809 -0.1758 -0.9435
vn -0.2956 -0.1127 -0.9486
vn 0.0845 0.0373 -0.9957
vn 0.1445 0.1187 -0.9823
vn 0.1570 0.0240 -0.9873
vn 0.0719 0.1312 -0.9887
vn 0.1301 0.2277 -0.9650
vn -0.0878 0.0523 -0.9948
vn 0.0565 0.2316 -0.9712
vn -0.0954 0.1393 -0.9856
vn -0.3500 0.0096 -0.9367
vn -0.0949 0.2356 -0.9672
vn -0.3430 0.1261 -0.9308
vn -0.3566 0.2181 -0.9085
vn -0.7810 0.0280 -0.6239
vn -0.7938 0.1530 -0.5887
vn -0.8015 -0.1136 -0.5871
vn -0.9581 0.0999 -0.2684
vn -0.9540 -0.0347 -0.2979
vn -0.9377 -0.1966 -0.2865
vn -0.9947 -0.0824 -0.0612
vn -0.9963 0.0846 -0.0173
vn -0.9611 -0.2730 -0.0418
vn -0.9917 -0.1120 0.0637
vn -0.9931 0.0757 0.0893
vn -0.9563 -0.2895 0.0418
vn -0.9121 0.4091 0.0256
vn -0.9529 0.2938 0.0748
vn -0.9103 0.3992 0.1096
vn -0.9484 0.3157 -0.0288
vn -0.9843 0.1745 0.0279
vn -0.8794 0.4210 -0.2223
vn -0.9783 0.2011 -0.0500
vn -0.8965 0.3513 -0.2701
vn -0.9191 0.2714 -0.2858
vn -0.7594 0.3018 -0.5764
vn -0.7277 0.3737 -0.5751
vn -0.7371 0.4340 -0.5181
vn -0.2549 0.2193 -0.9418
vn -0.2313 0.2985 -0.9260
vn -0.2445 0.3732 -0.8949
vn 0.0282 0.3111 -0.9500
vn 0.0108 0.2263 -0.9740
vn -0.0128 0.1473 -0.9890
vn 0.1390 0.2701 -0.9527
vn 0.1165 0.1997 -0.9729
vn 0.1788 0.2566 -0.9498
vn 0.0842 0.1265 -0.9884
vn 0.1681 0.1979 -0.9657
vn 0.1509 0.1207 -0.9812
vn 0.1670 0.2378 -0.9569
vn 0.3685 0.3123 -0.8756
vn 0.2711 0.2326 -0.9340
vn 0.2566 0.3399 -0.9048
vn 0.4499 0.3855 -0.8056
vn 0.0440 0.2840 -0.9578
vn 0.3518 0.4412 -0.8256
vn 0.0996 0.4173 -0.9033
vn 0.1564 0.5469 -0.8225
vn -0.0304 0.6334 -0.7732
vn -0.4673 0.6708 -0.5759
vn -0.5636 0.6023 -0.5653
vn -0.6700 0.7060 -0.2295
vn -0.7131 0.6425 -0.2805
vn -0.7770 0.5592 -0.2893
vn -0.8244 0.5618 -0.0684
vn -0.8906 0.4499 -0.0668
vn -0.9157 0.4016 0.0101
vn -0.7507 0.6603 -0.0213
vn -0.8569 0.5146 0.0296
vn -0.7713 0.6340 0.0553
vn -0.0919 -0.9828 0.1600
vn 0.3243 -0.9014 0.2869
vn 0.6718 -0.7371 -0.0730
vn -0.0380 -0.9942 -0.1002
vn 0.7985 -0.5909 -0.1154
vn 0.8166 -0.5450 -0.1901
vn -0.1828 -0.9818 -0.0514
vn -0.1587 -0.9792 0.1263
vn -0.0294 -0.9542 -0.2978
vn 0.8178 -0.5006 -0.2839
vn -0.2252 -0.9737 -0.0350
vn -0.1998 -0.9728 0.1169
vn -0.2234 -0.9450 -0.2389
vn -0.0787 -0.8948 -0.4396
vn 0.8179 -0.4617 -0.3433
vn 0.6583 -0.6100 -0.4411
vn -0.2475 -0.9454 -0.2119
vn -0.1475 -0.7920 -0.5924
vn 0.3740 -0.6522 -0.6593
vn -0.2498 -0.8862 -0.3902
vn -0.1757 -0.5489 -0.8172
vn 0.1637 -0.4302 -0.8878
vn -0.2497 -0.7598 -0.6003
vn -0.2561 -0.8861 -0.3863
vn -0.2833 -0.9186 -0.2755
vn -0.2408 -0.6823 -0.6902
vn -0.2434 -0.7468 -0.6189
vn -0.2136 -0.5240 -0.8245
vn -0.2143 -0.5076 -0.8345
vn -0.1705 -0.1895 -0.9670
vn -0.1751 -0.1992 -0.9642
vn -0.1797 -0.2088 -0.9613
vn -0.1046 -0.1858 -0.9770
vn 0.3485 -0.1641 -0.9228
vn 0.3819 -0.1403 -0.9135
vn -0.0474 0.0641 -0.9968
vn 0.6195 -0.0018 -0.7850
vn -0.1368 0.0780 -0.9875
vn -0.1347 0.0706 -0.9884
vn -0.1119 0.2782 -0.9540
vn -0.1237 0.2107 -0.9697
vn -0.1103 0.2715 -0.9561
vn -0.0140 0.2592 -0.9657
vn 0.6373 0.0081 -0.7705
vn 0.7757 0.0415 -0.6297
vn -0.0880 0.4101 -0.9078
vn -0.0877 0.4193 -0.9036
vn -0.0056 0.4048 -0.9144
vn 0.8152 0.0215 -0.5788
vn 0.7953 0.0611 -0.6032
vn -0.0709 0.5529 -0.8302
vn 0.0291 0.5289 -0.8482
vn 0.7862 0.1800 -0.5912
vn -0.0690 0.5474 -0.8340
vn 0.0599 0.6661 -0.7435
vn 0.7847 0.1876 -0.5909
vn 0.7703 0.3032 -0.5610
vn -0.0209 0.6955 -0.7183
vn 0.0873 0.8302 -0.5505
vn 0.5784 0.5769 -0.5768
vn 0.7459 0.5394 -0.3906
vn -0.0203 0.7034 -0.7105
vn 0.0466 0.8489 -0.5265
vn 0.1766 0.9601 -0.2169
vn 0.6268 0.7405 -0.2426
vn 0.7882 0.6035 -0.1204
vn 0.0405 0.8553 -0.5165
vn 0.2647 0.9597 0.0941
vn 0.8257 0.5618 0.0507
vn 0.1256 0.9705 -0.2056
vn 0.3056 0.9074 0.2885
vn 0.7791 0.5864 0.2214
vn 0.1729 0.9794 0.1046
vn 0.3246 0.8404 0.4340
vn 0.7735 0.5588 0.2989
vn 0.3990 0.7604 0.5125
vn 0.2358 0.6902 0.6841
vn 0.1833 0.9378 0.2950
vn 0.1984 0.8699 0.4515
vn 0.1988 0.6865 0.6994
vn 0.1628 0.8747 0.4564
vn 0.1651 0.6873 0.7073
vn 0.1620 0.9439 0.2877
vn 0.1108 0.3846 0.9164
vn 0.1492 0.3558 0.9226
vn 0.1486 0.9849 0.0893
vn 0.1130 0.9715 -0.2083
vn 0.0396 0.8854 -0.4631
vn -0.0628 0.5712 -0.8184
vn -0.0804 0.5894 -0.8038
vn -0.0728 0.5987 -0.7976
vn -0.1275 0.1617 -0.9786
vn 0.2156 0.2995 0.9294
vn 0.4613 0.4387 0.7711
vn 0.4783 0.2975 0.8263
vn 0.7470 -0.0524 0.6628
vn 0.0856 0.1220 0.9888
vn 0.1913 0.0628 0.9795
vn 0.7117 -0.1641 0.6831
vn 0.0649 -0.1325 0.9891
vn 0.0223 -0.1124 0.9934
vn -0.2336 -0.2234 0.9463
vn -0.2958 -0.4617 0.8362
vn -0.1713 0.9699 -0.1731
vn 0.0733 0.9574 0.2793
vn -0.0459 0.9974 0.0561
vn -0.1492 0.9801 -0.1311
vn -0.2970 0.8667 -0.4008
vn -0.3331 0.7899 -0.5149
vn -0.1316 0.9897 0.0561
vn 0.0986 0.9201 0.3790
vn -0.1889 0.9742 -0.1237
vn -0.3815 0.4838 -0.7877
vn -0.3238 0.7108 -0.6245
vn -0.3404 0.9392 0.0452
vn -0.4189 0.4966 -0.7602
vn -0.3550 0.9339 -0.0417
vn -0.4380 0.7975 -0.4149
vn -0.6016 0.7437 -0.2914
vn -0.6362 0.7450 -0.2004
vn -0.3319 0.9430 0.0250
vn 0.1066 0.9133 0.3931
vn 0.1336 0.9032 0.4079
vn -0.7209 0.5855 -0.3709
vn -0.8225 0.3881 -0.4157
vn -0.3598 0.9314 -0.0561
vn -0.2793 0.9598 -0.0289
vn 0.1708 0.9302 0.3249
vn -0.6846 0.5787 -0.4432
vn -0.8581 0.1069 -0.5022
vn -0.8211 0.1484 -0.5512
vn -0.7792 0.4045 -0.4787
vn -0.8105 0.0883 -0.5790
vn -0.5892 0.4641 -0.6613
vn -0.6233 0.1168 -0.7732
vn -0.4531 0.1455 -0.8795
vn -0.4082 0.1441 -0.9014
vn -0.7753 -0.1356 -0.6169
vn -0.5839 -0.1321 -0.8010
vn -0.4223 -0.1228 -0.8981
vn -0.3701 -0.1215 -0.9210
vn -0.8237 -0.1074 -0.5567
vn -0.3147 -0.4803 -0.8187
vn -0.2688 -0.5239 -0.8083
vn -0.1217 -0.8242 -0.5530
vn -0.4570 -0.5081 -0.7300
vn -0.1023 -0.8963 -0.4314
vn 0.1170 -0.9870 -0.1100
vn 0.1589 -0.9860 -0.0499
vn -0.1779 -0.9060 -0.3840
vn -0.6419 -0.4948 -0.5859
vn -0.3837 -0.8422 -0.3787
vn 0.1874 -0.9821 -0.0187
vn -0.6457 -0.5616 -0.5174
vn -0.3200 -0.8562 -0.4056
vn 0.1559 -0.9861 -0.0573
vn -0.7250 -0.3281 -0.6055
vn -0.3299 -0.8284 -0.4526
vn -0.2552 -0.8713 -0.4192
vn 0.1615 -0.9832 -0.0849
vn -0.6853 -0.3190 -0.6547
vn -0.7759 0.1525 -0.6121
vn -0.6636 -0.3273 -0.6727
vn -0.6572 0.5677 -0.4958
vn -0.7489 0.1321 -0.6494
vn -0.5855 0.7586 -0.2860
vn -0.7785 0.3460 -0.5236
vn -0.2231 0.9730 0.0584
vn -0.2899 0.9474 0.1352
vn -0.7192 0.6907 -0.0753
vn -0.2881 0.9442 0.1597
vn 0.1387 0.9549 0.2624
vn -0.9116 0.3248 -0.2519
vn -0.7554 0.6552 0.0061
vn -0.4492 0.8872 0.1053
vn -0.7969 0.1031 -0.5953
vn -0.9493 0.2729 -0.1560
vn -0.7932 -0.1354 -0.5937
vn -0.9442 0.0298 -0.3280
vn -0.9770 -0.0014 -0.2131
vn -0.9030 0.4238 -0.0714
vn -0.9786 -0.0189 -0.2051
vn -0.9368 -0.2508 -0.2437
vn -0.9137 -0.2248 -0.3386
vn -0.7277 -0.6115 -0.3106
vn -0.5885 -0.5919 -0.5508
vn -0.1972 -0.9154 -0.3509
vn -0.2637 -0.9425 -0.2055
vn -0.7566 -0.6119 -0.2305
vn -0.2504 -0.9517 -0.1774
vn 0.1242 -0.9858 -0.1129
vn -0.8844 -0.4009 -0.2392
vn -0.3691 -0.9016 -0.2256
vn 0.1456 -0.9839 -0.1041
vn -0.9826 -0.0235 -0.1841
vn -0.8638 -0.4463 -0.2339
vn -0.4415 -0.8576 -0.2638
vn -0.2544 -0.9360 -0.2433
vn 0.3281 -0.9413 0.0799
vn -0.7370 -0.6184 -0.2729
vn -0.2678 -0.9512 -0.1535
vn 0.1481 -0.9800 0.1329
vn -0.5702 -0.7913 -0.2207
vn -0.2636 -0.9614 -0.0793
vn -0.0713 -0.9669 0.2451
vn -0.4865 -0.8363 -0.2529
vn -0.3468 -0.9308 0.1153
vn -0.6252 -0.7131 -0.3173
vn -0.5741 -0.7814 -0.2446
vn -0.8318 -0.4406 -0.3375
vn -0.4798 -0.7989 0.3627
vn -0.1532 -0.8141 0.5601
vn -0.2145 -0.5981 0.7722
vn -0.9076 -0.2752 -0.3170
vn -0.5568 -0.5848 0.5899
vn -0.2139 -0.1941 0.9574
vn -0.4605 -0.8622 0.2111
vn -0.6208 -0.1587 0.7677
vn -0.2578 0.2941 0.9203
vn -0.5306 -0.5657 0.6312
vn -0.6305 -0.1530 0.7609
vn -0.6137 0.3561 0.7047
vn -0.5459 0.6477 0.5316
vn -0.2092 0.5781 0.7887
vn -0.5675 0.3539 0.7434
vn -0.4980 0.7922 0.3528
vn -0.2093 0.8237 0.5269
vn -0.5396 0.7394 0.4026
vn -0.4544 0.8661 0.2084
vn -0.0576 0.8825 0.4668
vn -0.6475 0.7619 0.0138
vn -0.4263 0.8926 0.1468
vn 0.1141 0.8910 0.4395
vn 0.2649 0.8964 0.3553
vn -0.5399 0.8359 0.0990
vn -0.3305 0.9393 0.0923
vn -0.6347 0.7727 0.0092
vn -0.6933 0.7205 0.0158
vn -0.7265 0.6832 -0.0737
vn -0.7846 0.6144 -0.0831
vn -0.8801 0.4706 -0.0634
vn -0.8771 0.4370 -0.1991
vn -0.9365 0.2741 -0.2186
vn -0.9611 -0.0069 -0.2762
vn -0.9487 -0.0149 -0.3159
vn -0.8310 -0.4298 -0.3532
vn -0.9495 -0.0246 -0.3127
vn -0.8856 0.4041 -0.2288
vn -0.6401 -0.6375 -0.4288
vn -0.7053 0.6778 -0.2076
vn 0.3647 -0.7701 0.5235
vn 0.2524 0.6758 0.6925
vn 0.3880 -0.3526 0.8515
vn 0.3108 0.2621 0.9136
vn -0.7775 0.6283 -0.0275
vn 0.1661 0.1556 0.9738
vn -0.9512 0.2503 -0.1805
vn -0.9765 -0.0436 -0.2112
vn 0.1033 -0.1212 0.9872
vn -0.9190 -0.3219 -0.2277
vn 0.1995 -0.3580 0.9122
vn -0.7306 -0.6380 -0.2434
vn -0.1666 0.9626 0.2137
vn -0.2743 0.9336 0.2303
vn 0.2527 0.6105 0.7506
vn 0.3873 0.5159 0.7641
vn 0.5182 0.0993 0.8495
vn 0.0571 0.7680 0.6380
vn -0.4078 0.8735 0.2660
vn 0.6249 0.1569 0.7648
vn 0.6680 -0.3634 0.6493
vn 0.4156 0.5191 0.7468
vn -0.3918 0.8801 0.2683
vn 0.7401 -0.2796 0.6116
vn 0.6037 -0.7716 0.2006
vn 0.5305 -0.8427 0.0918
vn 0.6614 0.1886 0.7260
vn 0.7756 -0.2255 0.5896
vn 0.5731 -0.8120 0.1106
vn 0.6170 0.1624 0.7700
vn 0.7363 -0.2492 0.6291
vn 0.5629 -0.8227 0.0790
vn 0.3388 0.5533 0.7610
vn -0.3529 0.8852 0.3033
vn 0.7017 -0.2640 0.6618
vn 0.5552 -0.8284 0.0746
vn 0.5763 0.1214 0.8082
vn 0.8057 -0.1958 0.5590
vn 0.6134 -0.7876 0.0585
vn 0.6069 -0.7947 0.0110
vn 0.3112 0.5328 0.7870
vn 0.4124 0.5541 0.7231
vn -0.2966 0.8859 0.3567
vn 0.6944 0.1853 0.6953
vn 0.4820 0.6667 0.5685
vn -0.2253 0.9006 0.3717
vn 0.8208 0.2870 0.4939
vn 0.9273 -0.1114 0.3574
vn 0.6388 -0.7690 -0.0258
vn 0.8109 0.2817 0.5130
vn 0.4480 0.6877 0.5712
vn -0.2796 0.8834 0.3760
vn 0.9087 -0.2009 0.3658
vn 0.6386 -0.7684 0.0423
vn 0.6772 0.2040 0.7069
vn 0.3641 0.5879 0.7223
vn -0.2351 0.8365 0.4950
vn 0.7776 -0.2407 0.5809
vn 0.5479 -0.8171 0.1794
vn 0.2947 0.4746 0.8294
vn -0.2544 0.7880 0.5607
vn 0.5690 0.1184 0.8138
vn 0.2730 0.3523 0.8952
vn -0.2168 0.6795 0.7009
vn 0.1802 0.1849 0.9661
vn 0.4690 0.0482 0.8819
vn 0.3103 -0.0643 0.9485
vn 0.3841 -0.2825 0.8790
vn 0.5510 -0.2342 0.8009
vn 0.4302 -0.7479 0.5055
vn 0.4952 -0.7894 0.3628
vn 0.6594 -0.2336 0.7146
vn 0.1451 0.9623 -0.2301
vn 0.2893 0.9392 0.1852
vn 0.3142 0.9243 0.2166
vn 0.1907 0.9802 -0.0541
vn 0.2713 0.9197 0.2837
vn -0.0323 0.8774 -0.4786
vn -0.1706 0.6992 -0.6943
vn 0.1203 0.9921 -0.0348
vn -0.1883 0.6778 -0.7107
vn -0.3570 0.3454 -0.8679
vn -0.1001 0.9096 -0.4032
vn 0.0367 0.9959 0.0828
vn 0.3024 0.8727 0.3834
vn -0.2277 0.9233 -0.3092
vn -0.3045 0.6237 -0.7199
vn -0.3642 0.3433 -0.8657
vn -0.4064 0.0478 -0.9125
vn -0.3981 0.0179 -0.9172
vn -0.4235 0.3387 -0.8402
vn -0.4059 -0.3482 -0.8450
vn -0.2972 -0.6658 -0.6843
vn -0.4701 0.1236 -0.8739
vn -0.4724 -0.3822 -0.7942
vn -0.2561 -0.8200 -0.5119
vn -0.1531 -0.9659 -0.2087
vn -0.1636 -0.9486 -0.2710
vn -0.3333 -0.7876 -0.5183
vn -0.1827 -0.9635 -0.1958
vn -0.4430 -0.8079 -0.3886
vn -0.1672 -0.9808 -0.1004
vn -0.6185 -0.3429 -0.7070
vn -0.4788 -0.8087 -0.3417
vn -0.7256 -0.3914 -0.5660
vn -0.6540 0.1373 -0.7439
vn -0.5072 -0.7780 -0.3708
vn -0.1585 -0.9836 -0.0861
vn -0.7131 -0.4772 -0.5136
vn -0.7693 0.1219 -0.6272
vn -0.5259 -0.7307 -0.4353
vn -0.1926 -0.9763 -0.0982
vn -0.7873 -0.2008 -0.5830
vn -0.7868 0.1152 -0.6063
vn -0.5178 -0.7108 -0.4760
vn -0.1741 -0.9748 -0.1395
vn -0.7689 -0.1667 -0.6172
vn -0.5034 -0.7231 -0.4730
vn -0.0898 -0.9761 -0.1980
vn -0.7373 -0.1611 -0.6560
vn -0.7334 0.3644 -0.5740
vn -0.6825 -0.4067 -0.6072
vn -0.7011 0.3384 -0.6276
vn -0.5737 -0.7570 -0.3127
vn -0.7672 0.1000 -0.6335
vn -0.8349 -0.3849 -0.3935
vn -0.5693 -0.7735 -0.2784
vn -0.0347 -0.9802 -0.1949
vn -0.8702 -0.3996 -0.2881
vn -0.9190 0.0764 -0.3869
vn -0.4638 -0.8320 -0.3043
vn -0.1201 -0.9679 -0.2206
vn -0.1742 -0.9679 -0.1813
vn -0.7735 -0.5589 -0.2989
vn -0.4541 -0.8362 -0.3075
vn -0.1620 -0.9865 -0.0256
vn -0.7188 -0.5750 -0.3907
vn -0.4811 -0.8540 -0.1982
vn -0.3636 -0.9300 0.0538
vn -0.6558 -0.6600 -0.3664
vn -0.6259 -0.7715 -0.1148
vn -0.4784 -0.8506 0.2181
vn -0.6152 -0.7521 -0.2363
vn -0.6601 -0.7370 0.1452
vn -0.4219 -0.7435 0.5189
vn -0.8478 -0.4220 -0.3213
vn -0.6715 -0.6557 0.3451
vn -0.2774 -0.5272 0.8031
vn -0.7229 -0.6676 0.1784
vn -0.6154 -0.4505 0.6468
vn -0.1803 -0.2095 0.9610
vn -0.7567 -0.4022 0.5155
vn -0.5576 -0.0641 0.8276
vn -0.7189 0.0276 0.6945
vn -0.3753 0.4891 0.7874
vn -0.0769 0.2946 0.9525
vn -0.4182 0.5862 0.6939
vn -0.2520 0.7961 0.5503
vn -0.0003 0.6425 0.7663
vn -0.2467 0.8465 0.4718
vn -0.2954 0.8560 0.4243
vn -0.0217 0.8100 0.5860
vn 0.3209 0.5710 0.7557
vn -0.1997 0.9470 0.2518
vn 0.0735 0.8991 0.4316
vn 0.4150 0.6264 0.6599
vn 0.0500 0.9453 0.3223
vn 0.3022 0.8433 0.4444
vn -0.1283 0.9700 0.2063
vn 0.0213 0.9847 0.1727
vn 0.3645 0.8794 0.3061
vn -0.1581 0.9805 0.1170
vn 0.0460 0.9811 0.1881
vn 0.4093 0.8758 0.2560
vn -0.2694 0.9621 0.0430
vn -0.5576 0.8277 -0.0632
vn -0.3799 0.9210 0.0863
vn -0.4896 0.8714 -0.0315
vn 0.3976 0.6562 0.6413
vn -0.4172 0.9078 -0.0425
vn 0.3241 0.2687 0.9071
vn -0.3332 0.9390 0.0850
vn -0.6120 0.7901 -0.0329
vn 0.1877 0.1632 0.9686
vn -0.5785 0.8078 -0.1130
vn -0.8087 0.5729 -0.1333
vn -0.7377 0.6318 -0.2379
vn -0.7831 0.5710 -0.2462
vn -0.7984 0.5560 -0.2313
vn -0.8932 0.2992 -0.3356
vn -0.8932 0.3074 -0.3282
vn 0.0736 -0.2444 0.9669
vn -0.9204 0.3135 -0.2336
vn 0.1251 -0.4831 0.8665
vn -0.9459 0.0274 -0.3234
vn -0.9231 0.0167 -0.3841
vn 0.2049 -0.5282 0.8240
vn -0.9012 -0.2526 -0.3523
vn 0.3838 -0.7774 0.4983
vn -0.8591 -0.3725 -0.3510
vn -0.8854 -0.2608 -0.3847
vn -0.8704 -0.3513 -0.3449
vn -0.9299 -0.0625 -0.3626
vn -0.8594 -0.3356 -0.3856
vn -0.9374 0.0569 -0.3437
vn -0.9370 -0.1172 -0.3290
vn -0.9019 0.3106 -0.3003
vn -0.9150 0.3387 -0.2191
vn -0.7043 0.7032 -0.0970
vn -0.9296 0.3130 -0.1946
vn -0.9570 -0.0793 -0.2790
vn -0.7264 0.6850 -0.0551
vn -0.9647 0.0804 -0.2507
vn -0.9415 0.2837 -0.1817
vn -0.8926 0.2917 -0.3438
vn -0.8373 0.5378 -0.0981
vn -0.7633 0.6009 -0.2373
vn -0.7124 0.3130 -0.6281
vn -0.6135 0.5889 -0.5261
vn -0.4416 0.8959 -0.0486
vn -0.4986 0.8637 0.0737
vn -0.4789 0.7604 -0.4387
vn -0.3068 0.9196 -0.2453
vn 0.0638 0.9959 0.0635
vn -0.0232 0.9997 0.0049
vn -0.4891 0.7880 -0.3739
vn -0.7528 0.3815 -0.5365
vn -0.0404 0.9988 0.0285
vn -0.7509 0.3649 -0.5505
vn -0.4991 0.8077 -0.3139
vn -0.7327 0.3499 -0.5837
vn -0.6374 0.6371 -0.4333
vn -0.6140 0.3502 -0.7074
vn -0.6085 0.6438 -0.4640
vn -0.4968 0.6341 -0.5925
vn -0.3154 0.9293 -0.1920
vn -0.2948 0.9476 -0.1232
vn 0.0019 0.9915 0.1297
vn -0.0314 0.9952 0.0924
vn 0.3289 0.8437 0.4243
vn 0.3349 0.8434 0.4202
vn 0.3651 0.8454 0.3900
vn 0.4382 0.8460 0.3036
vn 0.0565 0.9895 0.1333
vn 0.1399 0.9675 0.2107
vn 0.4950 0.8250 0.2728
vn -0.1494 0.9651 0.2150
vn -0.2603 0.9540 0.1488
vn -0.5295 -0.5555 -0.6411
vn -0.4593 -0.8171 -0.3483
vn -0.4760 -0.8322 -0.2843
vn -0.5445 -0.5544 -0.6294
vn -0.5226 -0.0096 -0.8526
vn -0.6415 -0.5616 -0.5225
vn -0.4986 -0.8414 -0.2086
vn -0.5133 0.0349 -0.8575
vn -0.4682 0.1479 -0.8712
vn -0.4154 0.3344 -0.8459
vn -0.5285 0.0129 -0.8489
vn -0.3985 0.3697 -0.8394
vn -0.6431 0.0276 -0.7653
vn -0.7140 -0.5507 -0.4324
vn -0.7488 -0.5134 -0.4193
vn -0.4790 -0.8445 -0.2394
vn -0.7892 0.0083 -0.6140
vn -0.7403 -0.4999 -0.4496
vn -0.4617 -0.8569 -0.2292
vn -0.4698 -0.8552 -0.2191
vn -0.8135 0.2297 -0.5343
vn -0.6772 0.4547 -0.5784
vn -0.7290 -0.4739 -0.4940
vn -0.4597 -0.8532 -0.2462
vn -0.8034 0.2278 -0.5501
vn -0.5390 0.4084 -0.7367
vn -0.5836 0.6533 -0.4824
vn -0.4293 0.6101 -0.6660
vn -0.6098 0.6713 -0.4213
vn -0.4025 0.8457 -0.3504
vn -0.2889 0.5570 -0.7786
vn -0.5866 0.6744 -0.4485
vn -0.2300 0.8272 -0.5127
vn -0.2962 0.5555 -0.7770
vn -0.3445 0.4880 -0.8020
vn -0.2962 0.5554 -0.7770
vn -0.0916 0.7704 -0.6309
vn -0.0981 0.7773 -0.6215
vn -0.1149 0.7731 -0.6237
vn 0.0945 0.9675 -0.2344
vn 0.1363 0.9291 -0.3438
vn 0.1332 0.9391 -0.3167
vn 0.1837 0.9321 -0.3123
vn 0.3637 0.9303 0.0470
vn 0.5413 0.8345 0.1034
vn 0.3387 0.9317 0.1310
vn 0.4474 0.8759 0.1805
vn 0.6931 0.6302 0.3500
vn 0.5311 0.7266 0.4359
vn -0.0202 0.9983 -0.0552
vn 0.2597 0.9437 0.2050
vn 0.4975 0.7480 0.4394
vn -0.2447 0.9589 -0.1435
vn 0.2398 0.9452 0.2216
vn 0.5208 0.7415 0.4230
vn -0.2150 0.9596 -0.1815
vn 0.2465 0.9528 0.1770
vn 0.5303 0.7367 0.4196
vn 0.2773 0.9506 0.1398
vn 0.5454 0.7141 0.4388
vn -0.1792 0.9505 -0.2537
vn 0.2918 0.9503 0.1087
vn 0.5827 0.6759 0.4513
vn -0.5645 0.6591 -0.4969
vn -0.1618 0.9366 -0.3107
vn 0.3735 0.9033 0.2111
vn -0.7689 0.2271 -0.5977
vn 0.0579 0.9866 -0.1526
vn 0.3690 0.8772 0.3071
vn 0.6697 0.6145 0.4170
vn -0.1274 0.9908 0.0459
vn -0.3426 0.8110 -0.4743
vn -0.5359 0.6333 -0.5584
vn -0.5165 0.8386 -0.1732
vn -0.5311 0.6052 -0.5930
vn -0.7364 0.2157 -0.6412
vn -0.6630 0.4137 -0.6240
vn -0.7324 0.5995 -0.3228
vn -0.7171 -0.4496 -0.5326
vn -0.7696 0.0004 -0.6386
vn -0.7050 -0.5285 -0.4728
vn -0.7388 -0.5589 -0.3765
vn -0.3834 -0.8830 -0.2707
vn -0.8357 0.3943 -0.3822
vn -0.9082 0.0337 -0.4172
vn -0.8287 -0.4580 -0.3218
vn -0.9647 0.0331 -0.2614
vn -0.8998 0.3937 -0.1882
vn -0.6984 -0.6145 -0.3669
vn -0.3555 -0.8739 -0.3315
vn -0.9232 -0.2044 -0.3255
vn -0.9368 0.2664 -0.2266
vn -0.9059 -0.2376 -0.3507
vn -0.7148 -0.5942 -0.3688
vn -0.4601 -0.8303 -0.3146
vn -0.7840 0.6161 -0.0760
vn -0.6179 0.7860 0.0192
vn -0.7703 0.6301 -0.0979
vn -0.2078 0.9584 0.1958
vn -0.4694 0.8757 0.1130
vn 0.2673 0.9140 0.3051
vn 0.0103 0.9550 0.2963
vn 0.4208 0.8461 0.3272
vn 0.7218 0.5850 0.3699
vn -0.4441 0.8926 0.0779
vn 0.4129 0.8419 0.3475
vn 0.6567 0.6365 0.4046
vn 0.5955 0.6241 0.5059
vn 0.2206 0.9294 0.2959
vn 0.3695 0.8428 0.3914
vn 0.5049 0.6371 0.5824
vn -0.0579 0.9717 0.2292
vn 0.3657 0.8053 0.4667
vn 0.4181 0.5841 0.6957
vn 0.2613 0.9183 0.2976
vn -0.0750 0.9855 0.1519
vn 0.2704 0.7307 0.6269
vn 0.3193 0.2411 0.9165
vn 0.2966 0.8492 0.4370
vn 0.1290 0.5435 0.8294
vn 0.1700 0.0235 0.9852
vn 0.1867 0.7918 0.5816
vn -0.1869 0.9786 0.0862
vn -0.1731 0.9460 0.2739
vn -0.0048 0.6875 0.7262
vn -0.0586 0.8205 0.5686
vn -0.1656 0.9855 0.0357
vn -0.0595 0.2389 0.9692
vn -0.3378 0.9411 -0.0143
vn -0.3873 -0.1644 0.9072
vn -0.0615 -0.3455 0.9364
vn -0.2693 0.4215 0.8659
vn -0.5950 -0.4242 0.6827
vn -0.3014 -0.5773 0.7589
vn -0.5929 0.0263 0.8048
vn -0.7860 -0.2424 0.5688
vn -0.7351 -0.5623 0.3788
vn -0.3709 -0.7715 0.5169
vn -0.8867 -0.3638 0.2852
vn -0.8162 -0.2301 0.5300
vn -0.7488 -0.6628 0.0021
vn -0.5224 -0.8468 0.0998
vn -0.9019 -0.4270 -0.0657
vn -0.7099 -0.6801 -0.1833
vn -0.5280 -0.8477 -0.0506
vn -0.8385 -0.4966 -0.2242
vn -0.9673 -0.2531 -0.0144
vn -0.9435 -0.1217 -0.3083
vn -0.8081 -0.4934 -0.3217
vn -0.7145 -0.6358 -0.2920
vn -0.4966 -0.8551 -0.1493
vn -0.8661 -0.3306 -0.3748
vn -0.9346 -0.0727 -0.3482
vn -0.9226 -0.0157 -0.3854
vn -0.9295 0.1013 -0.3546
vn -0.9208 0.1168 -0.3721
vn -0.9376 0.2214 -0.2683
vn -0.9379 0.2291 -0.2604
vn -0.7476 0.6506 -0.1330
vn -0.8392 0.4655 -0.2813
vn -0.4649 0.8852 0.0187
vn -0.7053 0.6778 -0.2077
vn -0.5461 0.8317 -0.1003
vn -0.4047 0.9144 -0.0051
vn -0.6928 0.6892 -0.2121
vn -0.4477 0.8896 -0.0900
vn -0.2223 0.9748 0.0158
vn -0.5727 0.8075 -0.1416
vn -0.8574 0.4130 -0.3071
vn -0.7131 0.6679 -0.2131
vn -0.8574 0.4130 -0.3072
vn -0.9233 0.0992 -0.3711
vn -0.9004 0.3953 -0.1816
vn -0.9282 -0.3207 -0.1887
vn -0.9552 0.0951 -0.2804
vn 0.1561 -0.9291 0.3351
vn -0.1072 -0.7285 0.6766
vn -0.0866 -0.6191 0.7805
vn -0.6325 0.0692 0.7715
vn 0.0348 -0.4372 0.8987
vn -0.2695 0.4728 0.8390
vn -0.7780 0.6226 -0.0848
vn 0.2675 -0.1765 0.9473
vn -0.6234 0.7819 -0.0028
vn 0.4489 0.0661 0.8911
vn -0.3222 0.9398 0.1141
vn 0.7033 0.0458 0.7094
vn 0.0116 0.9856 0.1687
vn 0.6931 0.6301 0.3502
vn 0.5311 0.7265 0.4360
vn 0.6119 0.1350 0.7793
vn 0.6857 0.1308 0.7160
vn 0.4975 0.7479 0.4395
vn 0.5972 -0.3739 0.7097
vn 0.4528 -0.3383 0.8250
vn 0.7797 0.1290 0.6127
vn 0.5209 0.7414 0.4230
vn 0.2881 -0.6472 0.7058
vn 0.7564 0.1697 0.6317
vn 0.5303 0.7366 0.4197
vn 0.7254 -0.4022 0.5586
vn 0.4457 -0.6854 0.5759
vn -0.0023 -0.9023 0.4312
vn -0.1450 -0.9002 0.4106
vn 0.1600 -0.9225 0.3512
vn 0.5600 -0.6938 0.4529
vn 0.3005 -0.9101 0.2852
vn 0.6385 -0.3971 0.6593
vn 0.4711 -0.6978 0.5396
vn 0.1646 -0.9295 0.3299
vn 0.6820 0.2058 0.7018
vn 0.5454 0.7140 0.4389
vn 0.6683 -0.3572 0.6526
vn 0.4607 -0.7250 0.5120
vn 0.1422 -0.9494 0.2801
vn 0.7419 0.1547 0.6524
vn 0.5828 0.6758 0.4514
vn 0.6712 -0.7226 0.1653
vn 0.2748 -0.9611 -0.0271
vn 0.3059 -0.9358 -0.1755
vn 0.8805 0.1614 0.4457
vn 0.6698 0.6144 0.4170
vn 0.7219 0.5848 0.3699
vn 0.8815 -0.3313 0.3366
vn 0.9137 0.2248 0.3386
vn 0.6568 0.6363 0.4046
vn 0.9330 -0.2843 0.2207
vn 0.7555 -0.6541 0.0369
vn 0.8945 -0.3010 0.3304
vn 0.8741 0.2450 0.4195
vn 0.5584 -0.8248 0.0889
vn -0.0977 -0.9793 -0.1775
vn 0.7443 -0.6362 0.2029
vn 0.8086 -0.3303 0.4869
vn 0.8077 0.2105 0.5508
vn 0.5956 0.6239 0.5059
vn 0.6700 -0.6178 0.4116
vn 0.7085 -0.3311 0.6232
vn 0.7197 0.1707 0.6730
vn 0.5050 0.6370 0.5825
vn 0.4389 -0.8436 0.3093
vn -0.1014 -0.9934 0.0527
vn 0.5832 -0.6077 0.5391
vn 0.3734 -0.8184 0.4369
vn -0.0769 -0.9776 0.1960
vn 0.5995 -0.3279 0.7302
vn 0.5060 -0.5698 0.6475
vn 0.3279 -0.7758 0.5391
vn -0.0394 -0.9475 0.3172
vn 0.6381 0.0447 0.7687
vn 0.5380 -0.2855 0.7932
vn 0.5791 0.0636 0.8128
vn 0.4182 0.5840 0.6957
vn 0.3194 0.2409 0.9165
vn 0.4359 -0.2013 0.8772
vn 0.1702 0.0233 0.9851
vn 0.4344 -0.5187 0.7363
vn 0.2468 -0.4713 0.8467
vn -0.0613 -0.3456 0.9364
vn -0.3013 -0.5773 0.7589
vn 0.2505 -0.7424 0.6214
vn -0.1034 -0.9128 0.3950
vn 0.0729 -0.6992 0.7112
vn -0.8711 -0.0113 0.4910
vn -0.9043 -0.3188 0.2841
vn -0.8812 -0.2740 0.3852
vn -0.8254 -0.2469 0.5076
vn -0.2756 -0.9536 0.1214
vn -0.8169 -0.0693 0.5726
vn -0.8716 0.1232 0.4745
vn -0.1090 -0.8872 0.4483
vn 0.0079 -0.9999 0.0097
vn 0.0203 -0.7264 0.6869
vn 0.7386 -0.6728 -0.0416
vn 0.6089 -0.7601 -0.2269
vn 0.1794 -0.9284 0.3255
vn 0.8044 -0.5889 0.0780
vn 0.3079 -0.7669 0.5631
vn 0.8505 -0.4769 0.2218
vn 0.1099 -0.5037 0.8569
vn 0.3923 -0.5545 0.7339
vn -0.7850 -0.0243 0.6190
vn 0.1674 -0.2806 0.9451
vn 0.4449 -0.3341 0.8309
vn 0.8815 -0.3391 0.3286
vn 0.9279 -0.1445 0.3438
vn -0.7827 0.0755 0.6178
vn 0.5052 -0.0552 0.8612
vn 0.9547 0.1561 0.2534
vn 0.2302 -0.0076 0.9731
vn 0.5338 0.3705 0.7601
vn 0.9026 0.4282 0.0451
vn -0.7813 0.1355 0.6092
vn -0.8698 0.1652 0.4650
vn 0.4258 0.8557 0.2942
vn 0.8590 0.5088 -0.0565
vn 0.4740 0.7469 0.4664
vn 0.1183 0.8949 0.4303
vn 0.2460 0.4112 0.8777
vn 0.1987 0.7862 0.5851
vn -0.7076 0.2599 0.6570
vn -0.7264 0.3851 0.5693
vn -0.6612 0.5339 0.5270
vn -0.6166 0.5347 0.5779
vn 0.3338 0.7463 0.5759
vn 0.8848 0.3714 0.2815
vn 0.8410 0.5102 0.1798
vn 0.3781 0.5497 0.7449
vn -0.0023 0.7324 0.6809
vn 0.4309 0.1430 0.8910
vn 0.9078 0.0909 0.4094
vn 0.0720 0.5393 0.8390
vn -0.7943 0.2034 0.5724
vn -0.8273 0.2573 0.4994
vn 0.1283 0.1193 0.9845
vn 0.4311 -0.1136 0.8951
vn 0.8998 -0.0636 0.4317
vn 0.8963 -0.1606 0.4133
vn -0.8733 0.0561 0.4839
vn -0.8934 0.1485 0.4240
vn -0.8200 0.0109 0.5723
vn -0.9207 -0.0709 0.3837
vn 0.1315 -0.1289 0.9829
vn 0.4307 -0.2914 0.8541
vn 0.8862 -0.2912 0.3603
vn -0.8132 -0.0615 0.5787
vn -0.8395 -0.1536 0.5212
vn 0.1308 -0.3077 0.9425
vn -0.8520 -0.2176 0.4762
vn -0.9364 -0.1735 0.3052
vn 0.1315 -0.5340 0.8352
vn 0.4194 -0.5089 0.7518
vn 0.8604 -0.4541 0.2313
vn -0.8224 -0.3624 0.4385
vn 0.0849 -0.7746 0.6267
vn -0.8619 -0.4079 0.3011
vn -0.9041 -0.3686 0.2163
vn -0.0037 -0.9582 0.2861
vn 0.2868 -0.9353 0.2073
vn 0.8265 -0.5624 -0.0239
vn 0.3679 -0.7498 0.5499
vn 0.0076 0.7973 0.6035
vn 0.6998 0.6309 0.3351
vn 0.5632 0.7914 0.2375
vn 0.1687 0.6178 0.7680
vn -0.2538 0.6869 0.6810
vn 0.4225 0.2505 0.8711
vn 0.8425 0.3525 0.4074
vn -0.0694 0.5097 0.8575
vn -0.8249 -0.0867 0.5586
vn -0.8893 -0.0935 0.4476
vn 0.1855 0.1460 0.9717
vn 0.5236 0.0595 0.8499
vn 0.8865 0.2436 0.3934
vn 0.9095 0.1955 0.3669
vn -0.8792 -0.2433 0.4097
vn -0.9078 -0.1969 0.3702
vn -0.7433 -0.2524 0.6195
vn -0.7810 -0.3512 0.5164
vn 0.2871 -0.0388 0.9571
vn 0.5760 -0.0539 0.8156
vn 0.9394 0.0926 0.3301
vn -0.7077 -0.3178 0.6310
vn 0.3445 -0.1675 0.9237
vn -0.6378 -0.4161 0.6481
vn -0.6869 -0.5301 0.4971
vn -0.6145 -0.4966 0.6130
vn 0.4118 -0.3614 0.8366
vn 0.6347 -0.2432 0.7335
vn 0.9675 -0.0779 0.2404
vn -0.5946 -0.6478 0.4762
vn -0.7207 -0.6305 0.2881
vn -0.5939 -0.7250 0.3487
vn 0.4430 -0.6131 0.6542
vn 0.4016 -0.8472 0.3478
vn 0.6617 -0.4976 0.5608
vn 0.6211 -0.7426 0.2506
vn 0.9703 -0.2415 0.0119
vn 0.6202 -0.7844 0.0064
vn -0.1243 -0.9903 0.0617
vn 0.4571 -0.8504 -0.2606
vn 0.0971 -0.9068 0.4103
vn 0.7271 -0.6698 0.1510
vn -0.0846 -0.8532 0.5147
vn -0.2986 -0.9401 0.1644
vn -0.8427 -0.2874 0.4552
vn 0.2588 -0.7446 0.6153
vn -0.7794 -0.1049 0.6177
vn 0.7987 -0.5582 0.2249
vn 0.0735 -0.6911 0.7190
vn -0.7454 -0.0501 0.6647
vn -0.7792 0.1105 0.6170
vn 0.1871 -0.5194 0.8338
vn -0.6290 -0.0307 0.7768
vn -0.6121 0.0565 0.7887
vn -0.7149 0.1796 0.6758
vn 0.2877 -0.3056 0.9077
vn 0.3706 -0.5778 0.7272
vn 0.4772 -0.3556 0.8036
vn 0.8717 -0.4082 0.2713
vn 0.9454 -0.1872 0.2670
vn 0.3896 0.0121 0.9209
vn 0.5743 -0.0465 0.8173
vn 0.9822 0.1006 0.1590
vn -0.4445 0.1870 0.8760
vn 0.6299 0.3478 0.6945
vn 0.9535 0.3012 -0.0078
vn 0.5965 0.6546 0.4644
vn -0.4525 0.3910 0.8015
vn -0.6831 0.3237 0.6547
vn 0.4403 0.4033 0.8022
vn 0.4078 0.7072 0.5776
vn -0.4731 0.5701 0.6717
vn -0.7351 0.3867 0.5568
vn -0.4084 -0.7496 -0.5209
vn -0.3608 -0.8315 -0.4225
vn -0.8937 -0.4368 -0.1024
vn -0.8472 -0.5304 0.0315
vn -0.1610 -0.9689 -0.1879
vn -0.9076 -0.3815 0.1753
vn -0.9540 -0.2970 0.0410
vn -0.6283 -0.7131 0.3110
vn 0.0743 -0.9950 -0.0675
vn -0.4899 0.5861 0.6453
vn -0.3004 -0.8198 0.4876
vn 0.1876 -0.9803 -0.0611
vn -0.6842 -0.5721 0.4522
vn -0.5311 0.5496 0.6448
vn -0.2962 0.7351 0.6098
vn -0.2751 0.6883 0.6713
vn -0.5379 0.4696 0.7001
vn -0.3436 0.7256 0.5962
vn -0.3686 -0.6813 0.6324
vn -0.4410 0.4888 0.7527
vn -0.3582 0.7053 0.6117
vn -0.0770 -0.8354 0.5442
vn 0.2764 -0.9600 -0.0452
vn -0.3834 0.5306 0.7559
vn -0.1528 -0.6947 0.7028
vn 0.0893 -0.8021 0.5905
vn 0.4093 -0.9119 -0.0290
vn 0.0166 -0.6576 0.7532
vn -0.3371 0.5258 0.7809
vn -0.3458 0.7163 0.6060
vn 0.2324 -0.5727 0.7861
vn -0.2423 0.4790 0.8437
vn -0.3541 0.7029 0.6169
vn 0.3063 -0.7181 0.6249
vn 0.5713 -0.8187 -0.0588
vn -0.1563 0.5291 0.8340
vn 0.4970 -0.4029 0.7685
vn -0.0746 0.5909 0.8033
vn -0.3396 0.6771 0.6528
vn 0.5664 -0.5567 0.6077
vn 0.7635 -0.1100 0.6364
vn 0.8342 -0.2543 0.4893
vn 0.7513 -0.6470 -0.1302
vn 0.9625 0.0587 0.2648
vn 0.8639 -0.4209 -0.2767
vn -0.0698 0.7023 0.7085
vn 0.8896 0.2101 0.4055
vn 0.9649 0.2554 0.0615
vn 0.8622 -0.2959 -0.4112
vn 0.8911 0.4068 0.2011
vn -0.0682 0.7585 0.6481
vn -0.3419 0.6895 0.6386
vn 0.9270 0.3614 -0.1002
vn 0.8233 -0.2397 -0.5145
vn 0.7338 -0.1809 -0.6548
vn -0.0564 0.7983 0.5997
vn -0.3149 0.7180 0.6207
vn 0.8529 0.5199 0.0472
vn 0.7989 0.4991 -0.3357
vn 0.5372 -0.1022 -0.8373
vn -0.0277 0.8720 0.4888
vn 0.7286 0.6580 -0.1902
vn -0.1589 0.9004 0.4050
vn -0.3105 0.7364 0.6010
vn 0.4050 0.7766 -0.4826
vn 0.4737 0.6175 -0.6280
vn 0.3347 -0.0779 -0.9391
vn 0.0755 0.7650 -0.6396
vn -0.2662 0.9093 0.3199
vn -0.3315 0.7126 0.6183
vn 0.1534 0.6070 -0.7798
vn -0.0699 0.5706 -0.8182
vn 0.2372 -0.0864 -0.9676
vn 0.1305 -0.1319 -0.9826
vn -0.1394 0.7055 -0.6948
vn -0.3433 0.8810 0.3255
vn -0.3663 0.7129 0.5980
vn -0.2632 0.4432 -0.8569
vn 0.0737 -0.2512 -0.9651
vn -0.0432 -0.2512 -0.9670
vn -0.4474 0.8487 0.2821
vn -0.3906 0.6932 0.6058
vn -0.3422 0.6118 -0.7132
vn -0.4946 0.2830 -0.8217
vn -0.2873 -0.4068 -0.8672
vn -0.7512 0.0322 -0.6592
vn -0.8298 0.1759 -0.5296
vn -0.5817 0.4443 -0.6813
vn -0.5445 0.7718 0.3285
vn -0.6441 0.6612 0.3846
vn -0.4204 0.6654 0.6168
vn -0.3764 -0.5652 -0.7341
vn -0.7513 0.0321 -0.6592
vn -0.2874 -0.4070 -0.8671
vn -0.8704 -0.2080 -0.4462
vn -0.4075 -0.6161 -0.6740
vn -0.8944 -0.2845 -0.3450
vn -0.9670 -0.1483 -0.2071
vn -0.9489 -0.0647 -0.3089
vn -0.8299 0.1758 -0.5295
vn -0.6442 0.6611 0.3846
vn -0.6881 0.5597 0.4617
vn -0.8050 0.4406 0.3974
vn -0.4008 0.6664 0.6287
vn -0.1882 0.8441 -0.5021
vn -0.2442 0.8003 -0.5476
vn -0.5574 0.7500 -0.3561
vn -0.9786 0.1279 0.1610
vn -0.9820 0.1204 0.1454
vn -0.5914 0.7071 -0.3875
vn -0.3224 0.7255 -0.6081
vn -0.9725 0.1427 0.1843
vn -0.6623 0.6223 -0.4173
vn -0.3417 0.6613 -0.6678
vn -0.9664 0.1537 0.2060
vn -0.6681 0.5789 -0.4674
vn -0.3337 0.5522 -0.7640
vn -0.9635 0.1609 0.2137
vn -0.6720 0.4880 -0.5570
vn -0.4410 0.4166 -0.7950
vn -0.9571 0.1787 0.2279
vn -0.7469 0.4049 -0.5274
vn -0.5382 0.3390 -0.7716
vn -0.9507 0.2031 0.2343
vn -0.8207 0.3340 -0.4635
vn -0.5482 0.2646 -0.7934
vn -0.9452 0.2205 0.2407
vn -0.8174 0.2742 -0.5067
vn -0.5258 0.1835 -0.8306
vn -0.9378 0.2444 0.2468
vn -0.8773 0.2536 -0.4075
vn 0.0706 0.4165 -0.9064
vn 0.1955 -0.6005 -0.7754
vn 0.2240 -0.6386 -0.7362
vn 0.0589 0.3739 -0.9256
vn 0.1664 -0.5604 -0.8113
vn -0.0039 0.6410 -0.7675
vn -0.0858 0.9096 -0.4065
vn -0.0632 0.8579 -0.5098
vn -0.1887 0.9525 0.2391
vn -0.1785 0.9533 0.2435
vn -0.1433 0.9628 0.2291
vn -0.0899 0.9504 -0.2977
vn -0.0636 0.9179 -0.3917
vn -0.0738 0.9748 -0.2105
vn -0.0915 0.9771 0.1923
vn -0.2366 0.0793 -0.9684
vn -0.2428 0.1342 -0.9607
vn 0.1756 0.1354 -0.9751
vn 0.2813 0.2351 -0.9304
vn -0.2393 0.2556 -0.9367
vn 0.9635 0.1705 -0.2063
vn 0.9634 0.1479 -0.2235
vn 0.3021 0.3197 -0.8981
vn 0.9657 0.1851 -0.1822
vn 0.2980 0.3895 -0.8715
vn -0.1974 0.3795 -0.9039
vn 0.9758 0.1376 -0.1697
vn 0.2660 0.3586 -0.8948
vn -0.1825 0.4463 -0.8760
vn 0.9638 -0.0955 -0.2489
vn -0.1652 0.5047 -0.8473
vn 0.2746 0.3049 -0.9119
vn 0.8894 -0.3174 -0.3290
vn -0.1618 0.5585 -0.8136
vn 0.2797 0.3218 -0.9046
vn 0.8598 -0.3707 -0.3512
vn -0.1220 0.6015 -0.7895
vn 0.2815 0.3616 -0.8888
vn 0.8459 -0.3910 -0.3627
vn 0.2853 0.4479 -0.8473
vn -0.0738 0.6510 -0.7555
vn 0.8529 -0.3808 -0.3570
vn -0.6121 0.6148 -0.4974
vn -0.8881 0.4532 -0.0770
vn -0.8832 0.2595 -0.3906
vn -0.6247 0.7319 -0.2722
vn -0.4061 0.7703 -0.4917
vn -0.6500 0.7449 0.1502
vn -0.7560 0.5569 0.3440
vn -0.4130 0.8489 -0.3297
vn -0.1890 0.8686 -0.4580
vn -0.0108 0.9476 -0.3192
vn 0.1768 0.9540 -0.2421
vn -0.3624 0.9217 -0.1387
vn 0.3334 0.9304 -0.1523
vn -0.5526 0.8332 -0.0231
vn -0.2151 0.9765 0.0130
vn -0.0182 0.9967 0.0791
vn 0.3993 0.8993 -0.1783
vn -0.3820 0.9065 0.1799
vn 0.1346 0.9881 -0.0741
vn 0.3903 0.8673 -0.3091
vn -0.1816 0.9545 0.2364
vn -0.4410 0.8346 0.3300
vn -0.4911 0.7398 0.4599
vn -0.6195 0.5726 0.5370
vn -0.4991 0.6419 0.5821
vn -0.2347 0.8775 0.4182
vn -0.2817 0.7824 0.5554
vn -0.0376 0.9565 0.2892
vn -0.0524 0.7725 0.6329
vn -0.1293 0.6148 0.7780
vn -0.0417 0.8681 0.4947
vn -0.0427 0.8327 0.5521
vn -0.0712 0.7154 0.6950
vn -0.3643 0.8189 0.4434
vn -0.3124 0.9425 0.1188
vn -0.0282 0.9323 0.3606
vn -0.2468 0.9529 -0.1761
vn -0.0397 0.9928 0.1127
vn -0.2125 0.9244 -0.3168
vn -0.1535 0.8962 -0.4163
vn -0.0086 0.9956 -0.0933
vn -0.0595 0.8487 -0.5255
vn -0.0227 0.9932 0.1140
vn 0.1074 0.9604 -0.2570
vn 0.0834 0.7460 -0.6607
vn 0.2802 0.8238 -0.4928
vn -0.0804 -0.9967 0.0104
vn 0.4159 -0.8921 -0.1765
vn 0.6137 -0.7002 -0.3647
vn -0.4194 -0.8843 -0.2051
vn -0.2821 -0.8191 0.4994
vn -0.2874 -0.8977 -0.3341
vn -0.0880 -0.9957 -0.0291
vn 0.0132 -0.9962 -0.0862
vn -0.6276 -0.7785 -0.0045
vn -0.2304 -0.8763 -0.4231
vn -0.9241 -0.3734 -0.0815
vn -0.5308 -0.6517 -0.5418
vn -0.9447 -0.3103 -0.1065
vn -0.9666 -0.0864 -0.2414
vn -0.5225 -0.6843 -0.5087
vn -0.6068 -0.3029 -0.7349
vn -0.9254 0.0964 -0.3664
vn -0.6010 -0.2836 -0.7472
vn -0.7146 -0.5619 -0.4167
vn -0.4310 0.1454 -0.8905
vn -0.7075 0.4517 -0.5436
vn -0.8629 -0.4562 -0.2173
vn -0.2929 0.5128 -0.8070
vn -0.5835 0.5890 -0.5591
vn -0.4268 0.7292 -0.5349
vn -0.9879 0.0838 -0.1306
vn -0.8546 -0.4770 0.2052
vn -0.8538 -0.2514 -0.4559
vn -0.8840 0.1971 -0.4240
vn -0.8634 0.1443 -0.4834
vn -0.7931 -0.3169 -0.5202
vn -0.8148 -0.1881 -0.5484
vn -0.8298 0.1616 -0.5341
vn -0.8192 -0.2247 -0.5277
vn -0.7526 -0.2366 -0.6145
vn -0.7121 -0.2612 -0.6517
vn -0.7542 0.1759 -0.6326
vn -0.5951 -0.3503 -0.7233
vn -0.7898 0.0979 -0.6055
vn -0.6053 0.1308 -0.7852
vn -0.5513 -0.3774 -0.7440
vn -0.7248 0.1087 -0.6803
vn -0.7127 -0.1844 -0.6768
vn -0.5924 0.2070 -0.7786
vn -0.4930 0.1960 -0.8476
vn -0.4211 0.5302 -0.7359
vn -0.3460 0.5114 -0.7866
vn 0.3170 0.1880 -0.9296
vn 0.2795 0.1464 -0.9489
vn -0.1746 0.7548 -0.6322
vn -0.3335 0.5434 -0.7704
vn 0.3830 0.2838 -0.8791
vn -0.1037 0.8327 -0.5439
vn -0.2258 0.7768 -0.5879
vn -0.1106 0.7447 -0.6582
vn -0.1027 0.9067 -0.4091
vn 0.1355 0.8975 -0.4197
vn 0.1516 0.9827 -0.1061
vn 0.0726 0.9360 -0.3444
vn 0.3396 0.9327 -0.1211
vn 0.1882 0.9694 0.1574
vn 0.0659 0.9593 -0.2745
vn 0.5025 0.8510 0.1527
vn 0.2135 0.8674 0.4495
vn 0.6136 0.6589 0.4352
vn 0.3835 0.6809 0.6240
vn 0.4246 0.8769 0.2254
vn 0.5644 0.6564 0.5007
vn 0.4342 0.7078 0.5572
vn 0.2846 0.9569 -0.0573
vn 0.3409 0.9020 0.2651
vn 0.3560 0.7917 0.4964
vn 0.2268 0.9736 -0.0264
vn 0.3037 0.9324 0.1959
vn 0.2537 0.9653 -0.0620
vn 0.1545 0.9620 -0.2249
vn 0.2221 0.9738 -0.0495
vn 0.3598 0.9112 0.2008
vn 0.8832 0.4092 0.2292
vn 0.7975 0.4280 0.4252
vn 0.1763 0.9842 -0.0148
vn 0.3255 0.9344 0.1447
vn 0.6309 0.2796 0.7237
vn 0.1582 0.9503 -0.2681
vn 0.4189 0.9056 0.0660
vn 0.7405 0.5086 0.4394
vn 0.2024 0.9722 -0.1176
vn 0.4444 0.8537 -0.2714
vn 0.7001 0.6733 -0.2377
vn 0.1895 0.9010 -0.3901
vn 0.2388 0.8812 -0.4081
vn 0.3716 0.7910 -0.4860
vn 0.6118 0.6467 -0.4554
vn 0.5569 0.5966 -0.5779
vn 0.1913 0.8681 -0.4580
vn 0.2250 0.8426 -0.4893
vn 0.3333 0.7289 -0.5980
vn 0.5091 0.4205 -0.7510
vn 0.1971 0.8563 -0.4775
vn 0.2854 0.5323 -0.7970
vn 0.4050 0.0725 -0.9114
vn 0.1996 0.7579 -0.6210
vn 0.1539 0.3129 -0.9372
vn 0.2739 -0.0667 -0.9595
vn 0.1055 0.6097 -0.7856
vn 0.1135 0.7608 -0.6389
vn 0.0486 0.7845 -0.6182
vn -0.4661 -0.0305 -0.8842
vn -0.5296 0.0451 -0.8471
vn -0.6418 0.1812 -0.7452
vn 0.0516 0.8304 -0.5547
vn -0.6682 0.2193 -0.7109
vn 0.0419 0.8833 -0.4669
vn -0.5444 0.2420 -0.8032
vn 0.1791 0.9664 -0.1843
vn 0.0239 0.9193 -0.3928
vn -0.4676 0.2523 -0.8472
vn -0.0641 0.6549 -0.7529
vn -0.7836 0.6198 0.0420
vn -0.8305 0.5503 0.0861
vn -0.8766 0.4587 0.1457
vn -0.1727 0.4945 -0.8518
vn -0.0014 0.4906 -0.8714
vn 0.1985 0.9751 -0.0992
vn 0.2054 0.9725 -0.1102
vn -0.1810 0.3761 -0.9087
vn -0.0875 0.2462 -0.9653
vn 0.0685 -0.1584 -0.9850
vn -0.3340 0.1851 -0.9242
vn -0.0332 -0.3502 -0.9361
vn -0.3305 -0.3454 -0.8783
vn -0.5456 0.0801 -0.8342
vn -0.4522 0.2889 -0.8438
vn -0.5578 0.1004 -0.8239
vn -0.5070 0.2712 -0.8181
vn -0.4574 0.1997 -0.8666
vn -0.5208 0.2271 -0.8230
vn -0.5844 0.1955 -0.7875
vn -0.3863 0.3894 -0.8361
vn -0.1639 0.9837 -0.0745
vn -0.5121 0.1171 -0.8509
vn -0.4976 0.3520 -0.7928
vn -0.2679 0.9572 0.1096
vn -0.5716 0.0709 -0.8175
vn -0.6585 0.1274 -0.7417
vn -0.0740 0.9912 -0.1100
vn 0.1677 0.9159 -0.3647
vn 0.8882 -0.1623 -0.4298
vn 0.6639 -0.2727 -0.6964
vn 0.8892 -0.1554 -0.4304
vn 0.7098 -0.0945 -0.6980
vn 0.8971 -0.1206 -0.4251
vn -0.5427 -0.4442 -0.7129
vn -0.6145 -0.5303 -0.5842
vn -0.6414 -0.5226 -0.5618
vn 0.7147 -0.0101 -0.6993
vn -0.4920 -0.2582 -0.8314
vn -0.6924 -0.4930 -0.5268
vn 0.0043 0.3740 -0.9274
vn -0.5051 -0.2041 -0.8386
vn -0.7175 -0.4865 -0.4985
vn -0.8122 0.0635 -0.5799
vn 0.2939 0.4657 -0.8347
vn 0.3191 0.2525 -0.9135
vn 0.0552 0.3966 -0.9163
vn -0.7186 0.4031 -0.5667
vn -0.9120 0.3172 -0.2600
vn -0.9105 0.3398 -0.2357
vn -0.6903 0.4673 -0.5523
vn -0.9008 0.3761 -0.2168
vn 0.3393 0.3203 -0.8844
vn -0.6710 0.5251 -0.5234
vn -0.8923 0.4078 -0.1937
vn 0.3715 0.3913 -0.8419
vn -0.0037 0.3422 -0.9396
vn 0.0325 0.4212 -0.9064
vn 0.3979 0.4659 -0.7903
vn -0.6559 0.5828 -0.4796
vn -0.8846 0.4333 -0.1722
vn 0.0510 0.4970 -0.8663
vn -0.6364 0.6472 -0.4196
vn -0.8715 0.4718 -0.1335
vn 0.4418 0.5376 -0.7181
vn 0.0765 0.5777 -0.8127
vn -0.3482 0.5487 -0.7601
vn -0.7610 0.1743 -0.6249
vn 0.4462 0.5969 -0.6668
vn 0.1044 0.6615 -0.7427
vn 0.1307 0.7367 -0.6634
vn 0.6016 0.7469 -0.2831
vn -0.0376 0.6918 -0.7211
vn 0.1897 0.9456 -0.2644
vn 0.1204 0.8044 -0.5817
vn -0.0245 0.7600 -0.6495
vn 0.2212 0.9127 -0.3436
vn -0.0702 0.6023 -0.7952
vn -0.3574 0.7746 -0.5217
vn -0.0914 0.5271 -0.8448
vn -0.3900 0.6911 -0.6085
vn -0.4150 0.6181 -0.6677
vn -0.1167 0.4503 -0.8852
vn -0.4431 0.5459 -0.7111
vn -0.1463 0.3624 -0.9205
vn -0.4679 0.4772 -0.7438
vn 0.7085 0.2392 -0.6639
vn -0.2129 0.2883 -0.9336
vn 0.7127 0.1686 -0.6809
vn 0.1152 0.6724 -0.7312
vn -0.4924 0.3146 -0.8115
vn -0.4897 0.4026 -0.7733
vn 0.7066 0.0622 -0.7049
vn 0.9005 -0.0857 -0.4263
vn 0.7088 0.1116 -0.6965
vn 0.8985 -0.0683 -0.4337
vn 0.9033 -0.0362 -0.4275
vn 0.9073 -0.0014 -0.4204
vn 0.7046 0.3170 -0.6348
vn 0.9099 0.0384 -0.4131
vn 0.7050 0.4016 -0.5846
vn 0.9158 0.0955 -0.3901
vn 0.7139 0.4936 -0.4967
vn 0.9241 0.1507 -0.3512
vn -0.3166 0.8521 -0.4168
vn 0.7199 0.5805 -0.3805
vn 0.9315 0.2127 -0.2950
vn -0.2894 0.9187 -0.2688
vn 0.0385 0.8753 -0.4820
vn 0.7286 0.6413 -0.2405
vn 0.9407 0.2634 -0.2138
vn -0.2735 0.9559 -0.1073
vn 0.7135 0.6877 -0.1340
vn 0.9500 0.2819 -0.1343
vn -0.2609 0.9651 0.0229
vn 0.1186 0.9785 -0.1687
vn 0.1467 0.9887 -0.0299
vn 0.0823 0.9370 -0.3394
vn 0.2305 0.9727 -0.0274
vn 0.1979 0.9629 -0.1832
vn 0.1742 0.9234 -0.3419
vn 0.1880 0.9753 0.1157
vn 0.2333 0.9722 -0.0201
vn -0.2848 0.9525 0.1079
vn 0.2625 0.9563 0.1289
vn 0.7925 0.6082 0.0446
vn 0.2692 0.8991 0.3453
vn -0.0457 0.8359 0.5470
vn 0.8679 0.4489 0.2127
vn 0.9162 0.2812 0.2856
vn 0.1686 0.6178 0.7680
vn 0.4849 0.1798 0.8559
vn 0.4651 0.4124 0.7833
vn 0.4817 0.0776 0.8729
vn 0.3852 0.7018 0.5992
vn 0.3505 0.8630 0.3639
vn 0.4321 0.6794 0.5930
vn 0.4963 0.4695 0.7303
vn 0.5171 0.4260 0.7424
vn 0.3290 0.7726 0.5430
vn 0.3777 0.7527 0.5393
vn 0.2581 0.8829 0.3923
vn 0.3127 0.8750 0.3696
vn 0.2006 0.9663 0.1615
vn 0.2577 0.9534 0.1566
vn 0.1701 0.9854 -0.0120
vn 0.1974 0.9647 -0.1741
vn 0.1405 0.9770 -0.1607
vn 0.1742 0.9321 -0.3177
vn 0.1141 0.9493 -0.2930
vn 0.1538 0.8792 -0.4509
vn 0.1379 0.8796 -0.4553
vn 0.0749 0.8963 -0.4370
vn 0.1165 0.8998 -0.4205
vn 0.0103 0.8422 -0.5391
vn 0.0887 0.9231 -0.3742
vn -0.1089 0.1596 -0.9812
vn -0.0623 0.6796 -0.7309
vn -0.1607 -0.3674 -0.9161
vn -0.8799 -0.4740 -0.0313
vn -0.7976 -0.5848 -0.1479
vn -0.7947 -0.6043 -0.0572
vn -0.9345 -0.3409 -0.1028
vn -0.9467 -0.3221 -0.0048
vn -0.8722 -0.4652 -0.1510
vn -0.7753 -0.5411 -0.3257
vn -0.8901 -0.3465 -0.2962
vn -0.8350 -0.4425 -0.3270
vn -0.6492 -0.4538 -0.6105
vn -0.7337 -0.2365 -0.6370
vn -0.6711 -0.3388 -0.6594
vn -0.2659 -0.1950 -0.9441
vn -0.3332 0.0316 -0.9423
vn -0.2984 -0.0807 -0.9510
vn -0.0658 -0.0397 -0.9970
vn -0.1254 0.1543 -0.9800
vn -0.0972 0.0575 -0.9936
vn 0.0569 0.0701 -0.9959
vn 0.0295 0.1273 -0.9914
vn -0.0048 0.1817 -0.9833
vn 0.1176 0.1114 -0.9868
vn 0.0498 0.1814 -0.9822
vn 0.0798 0.1415 -0.9867
vn 0.5589 0.2590 -0.7877
vn 0.1381 0.5263 -0.8390
vn 0.1188 0.4438 -0.8882
vn 0.5823 0.3177 -0.7483
vn 0.1731 0.6124 -0.7714
vn 0.6024 0.3923 -0.6952
vn 0.1961 0.6797 -0.7067
vn 0.9537 -0.3005 -0.0079
vn 0.6252 0.4501 -0.6377
vn 0.2204 0.7361 -0.6400
vn 0.9501 -0.3117 -0.0134
vn 0.9485 -0.3152 -0.0316
vn 0.6500 0.4914 -0.5796
vn 0.2503 0.7977 -0.5487
vn 0.7170 0.5734 -0.3964
vn 0.6832 0.5324 -0.4998
vn 0.9453 -0.3228 -0.0471
vn 0.3407 -0.8949 0.2882
vn 0.3760 -0.8309 0.4101
vn 0.3912 -0.7754 0.4958
vn -0.2648 -0.7957 0.5448
vn -0.3123 -0.8577 0.4084
vn -0.7992 -0.4801 0.3616
vn -0.2236 -0.7318 0.6438
vn -0.7734 -0.4339 0.4620
vn -0.9179 -0.1892 0.3487
vn -0.7441 -0.4002 0.5349
vn -0.9008 -0.1660 0.4013
vn -0.1931 -0.6756 0.7115
vn -0.7199 -0.3587 0.5942
vn -0.8875 -0.1413 0.4386
vn 0.4060 -0.7292 0.5508
vn 0.4193 -0.6716 0.6109
vn -0.1635 -0.6081 0.7769
vn -0.6964 -0.3161 0.6443
vn -0.8732 -0.1086 0.4751
vn -0.8568 -0.0663 0.5113
vn 0.4434 -0.5965 0.6690
vn -0.1379 -0.5234 0.8409
vn -0.6717 -0.2565 0.6949
vn -0.8460 -0.0239 0.5326
vn 0.4707 -0.5298 0.7055
vn -0.1196 -0.4488 0.8856
vn -0.6624 -0.1909 0.7244
vn -0.8416 0.0185 0.5398
vn 0.9569 -0.2902 -0.0098
vn 0.5464 0.1849 -0.8169
vn -0.6550 -0.1253 0.7452
vn -0.8353 0.0757 0.5445
vn 0.9588 -0.2839 -0.0090
vn 0.5376 0.1028 -0.8369
vn 0.5028 -0.4656 0.7283
vn -0.0973 -0.3728 0.9228
vn 0.5434 -0.3784 0.7493
vn -0.0642 -0.2675 0.9614
vn -0.6494 -0.0429 0.7593
vn -0.8239 0.1383 0.5496
vn -0.0235 -0.1338 0.9907
vn -0.6402 0.0593 0.7659
vn -0.8099 0.2184 0.5444
vn 0.5955 -0.2564 0.7613
vn -0.6182 0.1811 0.7649
vn 0.0181 0.0432 0.9989
vn -0.5807 0.3174 0.7496
vn -0.7864 0.2962 0.5421
vn 0.0526 0.2471 0.9676
vn -0.5390 0.4419 0.7170
vn -0.7657 0.3816 0.5178
vn 0.6353 -0.1051 0.7651
vn -0.5066 0.5642 0.6520
vn -0.7514 0.4551 0.4778
vn 0.0840 0.4381 0.8950
vn 0.6501 0.0744 0.7562
vn 0.0981 0.6105 0.7859
vn 0.6595 0.2572 0.7063
vn -0.4951 0.6614 0.5634
vn -0.7466 0.5117 0.4251
vn 0.1105 0.7422 0.6610
vn 0.6585 0.4244 0.6214
vn -0.4940 0.7314 0.4701
vn -0.7464 0.5561 0.3655
vn 0.1080 0.8379 0.5351
vn 0.6583 0.5500 0.5139
vn -0.5038 0.7796 0.3719
vn -0.7501 0.5895 0.2996
vn 0.0970 0.9137 0.3947
vn -0.5185 0.8176 0.2505
vn -0.7586 0.6108 0.2270
vn 0.0842 0.9692 0.2315
vn -0.5460 0.8282 0.1261
vn -0.7757 0.6151 0.1411
vn -0.7924 0.6076 0.0539
vn -0.5781 0.8159 -0.0129
vn -0.8121 0.5831 -0.0218
vn 0.0527 0.9977 0.0422
vn -0.6143 0.7763 -0.1411
vn -0.8284 0.5527 -0.0910
vn 0.0184 0.9891 -0.1464
vn -0.6408 0.7259 -0.2498
vn -0.8399 0.5229 -0.1455
vn -0.0445 0.9446 -0.3250
vn -0.6632 0.6703 -0.3330
vn -0.8541 0.4837 -0.1911
vn -0.0944 0.8680 -0.4875
vn -0.6793 0.6144 -0.4013
vn -0.8643 0.4516 -0.2212
vn -0.1215 0.7798 -0.6141
vn -0.1478 0.6892 -0.7093
vn -0.6916 0.5602 -0.4559
vn -0.8697 0.4229 -0.2546
vn -0.1637 0.6038 -0.7802
vn -0.7007 0.5058 -0.5031
vn -0.8806 0.3868 -0.2737
vn -0.1756 0.5240 -0.8334
vn -0.7131 0.4564 -0.5322
vn -0.8912 0.3520 -0.2862
vn -0.2005 0.4557 -0.8672
vn -0.7347 0.4012 -0.5470
vn -0.9100 0.2981 -0.2881
vn -0.2224 0.3783 -0.8985
vn -0.7613 0.3313 -0.5574
vn -0.9259 0.2432 -0.2891
vn -0.2453 0.2856 -0.9264
vn -0.9365 0.2058 -0.2839
vn -0.8035 0.1875 -0.5650
vn -0.2769 0.0828 -0.9573
vn -0.2725 0.1570 -0.9492
vn 0.3487 0.0165 -0.9371
vn 0.3409 -0.0505 -0.9388
vn 0.3556 0.1252 -0.9262
vn 0.9288 -0.1731 -0.3276
vn 0.9195 -0.1801 -0.3494
vn 0.7488 -0.1647 0.6420
vn 0.9315 -0.1557 -0.3287
vn 0.7142 -0.2191 0.6648
vn 0.3000 -0.0839 0.9502
vn 0.2844 -0.1464 0.9475
vn 0.6822 -0.3179 0.6584
vn 0.2555 -0.2697 0.9284
vn 0.9355 -0.1453 -0.3220
vn 0.6585 -0.3992 0.6380
vn 0.2343 -0.3711 0.8985
vn 0.3723 0.2175 -0.9023
vn 0.9394 -0.1349 -0.3153
vn 0.6364 -0.4689 0.6124
vn 0.2048 -0.4514 0.8685
vn 0.3831 0.2837 -0.8791
vn 0.9437 -0.1207 -0.3081
vn 0.6175 -0.5274 0.5835
vn 0.1870 -0.5286 0.8280
vn 0.4062 0.3516 -0.8435
vn 0.9469 -0.1135 -0.3008
vn 0.6033 -0.5865 0.5404
vn 0.1584 -0.6063 0.7793
vn 0.4346 0.4135 -0.8001
vn 0.9525 -0.1030 -0.2865
vn 0.5913 -0.6497 0.4778
vn 0.1353 -0.6854 0.7155
vn 0.4660 0.4809 -0.7427
vn 0.5744 -0.7107 0.4062
vn 0.1021 -0.7706 0.6291
vn 0.0687 -0.8558 0.5127
vn 0.9584 -0.0855 -0.2722
vn 0.5006 0.5641 -0.6566
vn 0.5569 -0.7703 0.3108
vn 0.0328 -0.9333 0.3576
vn 0.9663 -0.0635 -0.2493
vn 0.5226 -0.8309 0.1913
vn -0.0143 -0.9850 0.1719
vn 0.5365 0.6445 -0.5447
vn 0.9749 -0.0385 -0.2194
vn 0.4887 -0.8711 0.0492
vn -0.0456 -0.9983 -0.0372
vn 0.5725 0.7172 -0.3974
vn 0.9818 -0.0235 -0.1884
vn 0.6100 0.7590 -0.2276
vn 0.4568 -0.8830 -0.1078
vn 0.6287 0.7760 -0.0502
vn 0.9889 -0.0109 -0.1480
vn 0.4279 -0.8664 -0.2575
vn -0.0775 -0.9704 -0.2286
vn 0.6397 0.7590 0.1215
vn 0.9940 -0.0132 -0.1083
vn 0.4054 -0.8253 -0.3930
vn -0.0931 -0.9118 -0.4000
vn 0.6515 0.7082 0.2718
vn 0.9960 -0.0331 -0.0829
vn 0.4000 -0.7621 -0.5091
vn -0.0972 -0.8331 -0.5446
vn 0.6561 0.6437 0.3939
vn 0.9974 -0.0428 -0.0588
vn 0.9975 -0.0627 -0.0331
vn 0.4028 -0.6816 -0.6109
vn -0.0949 -0.7295 -0.6774
vn 0.9950 -0.0999 -0.0064
vn 0.4195 -0.5754 -0.7021
vn -0.0872 -0.5869 -0.8050
vn 0.9894 -0.1444 0.0122
vn 0.4428 -0.4330 -0.7852
vn -0.0656 -0.4063 -0.9114
vn 0.9818 -0.1895 0.0162
vn 0.4682 -0.2802 -0.8380
vn -0.0291 -0.2038 -0.9786
vn 0.9744 -0.2245 0.0109
vn 0.4983 -0.1364 -0.8562
vn 0.0032 -0.0110 -0.9999
vn 0.9686 -0.2488 0.0037
vn 0.5173 -0.0081 -0.8558
vn 0.0419 0.1470 -0.9883
vn 0.9621 -0.2727 -0.0035
vn -0.8437 -0.4003 -0.3575
vn -0.7381 -0.5668 -0.3659
vn -0.8008 -0.3843 -0.4594
vn -0.7689 -0.5794 -0.2702
vn -0.6164 -0.7756 -0.1361
vn -0.5986 -0.7776 -0.1923
vn -0.2803 -0.9469 -0.1574
vn -0.2790 -0.9511 -0.1327
vn -0.2771 -0.9586 -0.0655
vn -0.6523 -0.7569 0.0396
vn -0.8053 -0.5919 0.0328
vn -0.8963 -0.4430 0.0180
vn -0.7137 -0.4120 0.5664
vn -0.5197 -0.7779 0.3534
vn -0.2057 -0.9783 0.0259
vn -0.0459 -0.9900 0.1332
vn -0.1570 -0.7405 0.6535
vn -0.1718 -0.4233 0.8896
vn -0.6195 -0.5871 0.5210
vn 0.3768 -0.9055 -0.1950
vn 0.6036 -0.7717 0.2004
vn 0.5304 -0.8427 0.0918
vn 0.2522 -0.9145 -0.3163
vn 0.1853 -0.8303 -0.5257
vn 0.1418 -0.7976 -0.5863
vn -0.1137 -0.5705 -0.8134
vn -0.0862 -0.6162 -0.7829
vn -0.3585 -0.2777 -0.8913
vn -0.3547 -0.2686 -0.8956
vn -0.1141 -0.6256 -0.7718
vn -0.4697 -0.0896 -0.8783
vn -0.4572 -0.0604 -0.8873
vn -0.4070 -0.2695 -0.8727
vn -0.1836 -0.7309 -0.6573
vn -0.5508 0.2001 -0.8103
vn -0.5358 0.2359 -0.8107
vn -0.5047 -0.1195 -0.8550
vn -0.5213 -0.3298 -0.7870
vn -0.1649 -0.8394 -0.5179
vn 0.2495 -0.9446 -0.2132
vn 0.5730 -0.8121 0.1105
vn 0.1932 -0.9337 -0.3016
vn 0.5628 -0.8228 0.0788
vn -0.3574 -0.6872 -0.6325
vn 0.1697 -0.9211 -0.3504
vn 0.5552 -0.8284 0.0745
vn -0.6118 -0.3935 -0.6862
vn 0.2005 -0.9062 -0.3723
vn 0.6068 -0.7948 0.0109
vn -0.3344 -0.6761 -0.6566
vn -0.7167 -0.1948 -0.6697
vn -0.7328 -0.2188 -0.6443
vn -0.6145 -0.1698 -0.7704
vn -0.8229 0.0016 -0.5682
vn -0.7352 0.0715 -0.6740
vn -0.6017 0.1480 -0.7849
vn -0.8549 0.4352 -0.2825
vn -0.7799 0.4599 -0.4246
vn -0.6457 0.5559 -0.5234
vn -0.8278 0.2626 -0.4958
vn -0.6509 0.7591 -0.0008
vn -0.6813 0.7274 -0.0819
vn -0.8061 0.2645 -0.5294
vn -0.5559 0.8207 -0.1318
vn -0.4079 0.8735 0.2659
vn -0.3919 0.8800 0.2683
vn -0.2744 0.9337 0.2302
vn -0.6829 0.7170 -0.1402
vn -0.3529 0.8851 0.3032
vn -0.2966 0.8859 0.3566
vn -0.4926 0.8409 -0.2239
vn -0.1667 0.9626 0.2136
vn -0.5119 0.8141 -0.2743
vn -0.5843 0.5573 -0.5900
vn -0.5780 0.5522 -0.6008
vn -0.6482 0.7590 -0.0610
vn -0.6112 0.7892 0.0593
vn -0.7820 0.3136 -0.5386
vn -0.6883 0.7083 0.1570
vn -0.2797 0.8834 0.3760
vn -0.7638 0.5230 -0.3781
vn -0.8838 0.4202 -0.2057
vn -0.6902 -0.1749 -0.7021
vn -0.7686 0.1146 -0.6293
vn -0.6693 -0.1409 -0.7295
vn -0.2972 -0.6659 -0.6843
vn -0.6787 -0.1700 -0.7144
vn -0.5427 -0.4442 -0.7128
vn -0.0676 -0.8181 -0.5710
vn 0.2286 -0.9025 -0.3651
vn 0.2160 -0.9481 -0.2335
vn -0.2159 -0.8744 -0.4346
vn 0.2112 -0.9554 -0.2065
vn 0.6386 -0.7691 -0.0259
vn -0.6391 -0.5407 -0.5470
vn -0.2976 -0.8994 -0.3201
vn 0.1988 -0.9515 -0.2350
vn 0.6385 -0.7685 0.0422
vn -0.2547 -0.9027 -0.3467
vn 0.1918 -0.9536 -0.2321
vn 0.5479 -0.8172 0.1792
vn -0.2333 -0.8880 -0.3962
vn 0.1920 -0.9659 -0.1735
vn 0.4951 -0.7895 0.3626
vn 0.1622 -0.9866 -0.0169
vn 0.4302 -0.7480 0.5054
vn -0.0184 -0.9503 -0.3109
vn 0.1210 -0.9846 0.1263
vn -0.0099 -0.9895 -0.1442
vn 0.1477 -0.8314 0.5357
vn 0.3840 -0.2827 0.8790
vn 0.0078 -0.9999 0.0097
vn -0.2340 -0.9020 -0.3628
vn 0.1328 -0.4727 0.8712
vn 0.3102 -0.0644 0.9485
vn -0.0708 -0.8955 0.4395
vn -0.0627 -0.9842 0.1658
vn -0.1983 -0.6667 0.7185
vn 0.0401 -0.2456 0.9685
vn -0.1582 0.0183 0.9872
vn 0.1801 0.1849 0.9661
vn -0.1415 -0.6469 0.7493
vn -0.4721 0.4374 0.7653
vn -0.2169 0.6795 0.7009
vn -0.5639 -0.0988 0.8199
vn -0.3476 -0.4279 0.8343
vn -0.7287 0.2652 0.6314
vn -0.4255 -0.0007 0.9050
vn -0.2520 -0.3646 0.8964
vn -0.6021 0.5096 0.6146
vn 0.4248 -0.2204 0.8780
vn -0.7649 0.5624 0.3139
vn -0.6355 0.6560 0.4072
vn -0.7675 0.6278 0.1293
vn -0.5798 0.7609 0.2914
vn -0.2545 0.7880 0.5606
vn -0.9043 0.3221 -0.2801
vn -0.7620 0.6441 -0.0669
vn -0.5763 0.8054 0.1385
vn -0.2352 0.8365 0.4949
vn -0.8496 0.5177 -0.1012
vn -0.8153 0.5778 0.0376
vn -0.9298 0.3611 -0.0713
vn -0.9367 0.1216 -0.3282
vn -0.9649 0.0731 -0.2522
vn -0.9666 -0.0769 -0.2446
vn -0.9040 0.0435 -0.4253
vn -0.8006 -0.2762 -0.5317
vn -0.8811 -0.3589 -0.3079
vn -0.8686 -0.3511 -0.3497
vn -0.7294 -0.5915 -0.3436
vn -0.6255 -0.6795 -0.3835
vn -0.5645 -0.6862 -0.4587
vn -0.8277 -0.3263 -0.4567
vn -0.8948 -0.0665 -0.4416
vn -0.6803 -0.5053 -0.5309
vn -0.8958 -0.0760 -0.4379
vn -0.8012 -0.3125 -0.5104
vn -0.3921 -0.7818 -0.4849
vn -0.6618 -0.5354 -0.5248
vn -0.3370 -0.8186 -0.4651
vn -0.8188 -0.3132 -0.4811
vn -0.3481 -0.8057 -0.4793
vn 0.6509 -0.5894 0.4785
vn -0.4611 -0.8086 -0.3654
vn 0.5236 -0.3865 0.7593
vn -0.7569 -0.5095 -0.4093
vn 0.3393 -0.0544 0.9391
vn -0.8625 -0.3284 -0.3851
vn -0.9257 -0.1796 -0.3330
vn 0.2841 0.1441 0.9479
vn -0.9677 0.0706 -0.2419
vn 0.3060 0.3121 0.8994
vn -0.9202 0.2075 -0.3319
vn 0.1581 0.7335 0.6611
vn -0.9607 0.1783 0.2127
vn -0.9310 0.1902 0.3116
vn -0.9050 0.3004 0.3011
vn -0.9212 0.2992 0.2486
vn -0.9199 0.3701 0.1300
vn -0.9814 0.1033 0.1616
vn -0.9733 0.2239 0.0495
vn -0.1983 0.9800 0.0149
vn -0.1374 0.9731 0.1850
vn -0.2703 0.9416 -0.2008
vn 0.0957 0.9937 -0.0588
vn 0.7110 0.6936 -0.1160
vn 0.6668 0.7156 -0.2079
vn 0.6041 0.7151 -0.3516
vn 0.0090 0.9612 -0.2756
vn 0.5262 0.6124 -0.5900
vn -0.0861 0.8013 -0.5920
vn -0.3574 0.7774 -0.5177
vn -0.1408 0.5296 -0.8365
vn 0.5006 0.4193 -0.7574
vn -0.4129 0.5097 -0.7548
vn -0.9926 0.1195 -0.0193
vn -0.9751 -0.0415 0.2180
vn -0.9776 0.0086 0.2104
vn -0.9979 0.0173 -0.0621
vn -0.9594 -0.0764 0.2715
vn -0.4321 0.2573 -0.8643
vn -0.9614 -0.1010 0.2558
vn -0.1544 0.2821 -0.9469
vn 0.4955 0.2615 -0.8283
vn -0.4233 0.0010 -0.9060
vn -0.9779 -0.2024 -0.0514
vn -0.9640 -0.1314 0.2310
vn -0.1613 0.0214 -0.9867
vn 0.4868 0.0914 -0.8687
vn -0.3896 -0.3332 -0.8586
vn -0.9440 -0.3300 -0.0056
vn -0.9628 -0.2217 0.1543
vn -0.1349 -0.3144 -0.9397
vn 0.4978 -0.1716 -0.8501
vn -0.0443 -0.6545 -0.7547
vn 0.5618 -0.4317 -0.7057
vn -0.3102 -0.6682 -0.6763
vn 0.0388 -0.8381 -0.5442
vn 0.6110 -0.5701 -0.5493
vn -0.2450 -0.8530 -0.4609
vn 0.0946 -0.9195 -0.3816
vn 0.6491 -0.6337 -0.4209
vn 0.7317 -0.6308 -0.2583
vn -0.9155 -0.4009 0.0334
vn 0.1768 -0.9727 -0.1504
vn 0.8265 -0.5624 -0.0241
vn 0.2867 -0.9353 0.2073
vn -0.9019 -0.4261 0.0704
vn -0.9040 -0.3687 0.2163
vn -0.1827 -0.9343 -0.3062
vn -0.8335 -0.5374 0.1282
vn -0.8619 -0.4080 0.3011
vn -0.1080 -0.9915 -0.0725
vn -0.0036 -0.9582 0.2860
vn 0.9786 -0.1969 -0.0598
vn 0.4315 -0.4719 0.7688
vn 0.9582 -0.2799 -0.0587
vn 0.5584 -0.2386 0.7945
vn 0.1175 -0.2065 0.9714
vn -0.0250 -0.3904 0.9203
vn -0.4331 -0.2238 0.8731
vn -0.3460 -0.0970 0.9332
vn 0.6616 0.1719 0.7299
vn 0.9950 -0.0406 -0.0910
vn 0.9690 0.1836 -0.1657
vn 0.3030 0.2013 0.9315
vn -0.1354 0.1510 0.9792
vn 0.0775 0.4003 0.9131
vn 0.6169 0.5960 0.5140
vn 0.9011 0.3549 -0.2492
vn 0.4945 0.8580 0.1389
vn 0.1751 0.9437 0.2808
vn 0.3735 0.6844 0.6262
vn -0.0036 0.8200 0.5724
vn -0.1255 0.8830 0.4523
vn -0.7748 -0.0094 -0.6321
vn -0.6034 0.4837 -0.6340
vn -0.8877 0.1328 -0.4408
vn -0.5629 0.3152 -0.7641
vn -0.2879 0.5606 -0.7764
vn -0.3346 0.6218 -0.7081
vn -0.4915 0.1236 -0.8620
vn -0.5317 -0.2641 -0.8047
vn -0.3427 0.4048 -0.8478
vn -0.0610 0.7233 -0.6879
vn -0.4815 0.0793 -0.8728
vn -0.5508 -0.2892 -0.7829
vn -0.3995 0.4389 -0.8048
vn -0.5324 0.2541 -0.8075
vn -0.6805 -0.2310 -0.6954
vn -0.2961 0.6705 -0.6803
vn -0.5587 0.2909 -0.7767
vn -0.7363 -0.1949 -0.6479
vn -0.3343 0.6508 -0.6817
vn -0.3130 0.6394 -0.7023
vn -0.6169 0.3801 -0.6892
vn -0.8367 -0.1049 -0.5375
vn -0.9206 -0.0133 -0.3903
vn -0.3570 0.6418 -0.6787
vn -0.6843 0.4403 -0.5812
vn -0.9638 0.0156 -0.2661
vn -0.0149 0.8489 -0.5284
vn -0.7072 0.4813 -0.5179
vn -0.9715 0.1533 -0.1809
vn -0.4320 0.6861 -0.5853
vn -0.6479 0.6084 -0.4584
vn -0.7673 0.5858 -0.2610
vn -0.3943 0.7615 -0.5144
vn -0.3744 0.8170 -0.4386
vn -0.4698 0.8363 -0.2828
vn -0.0162 0.8912 -0.4534
vn 0.0149 0.9216 -0.3878
vn -0.0759 0.9262 -0.3692
vn -0.2788 0.9323 -0.2304
vn -0.0519 0.9843 -0.1688
vn 0.3596 0.9000 -0.2465
vn 0.3106 0.9117 -0.2690
vn 0.4492 0.8766 -0.1727
vn 0.2589 0.9208 -0.2918
vn 0.4654 0.8808 -0.0866
vn 0.4863 0.8570 -0.1704
vn -0.0056 0.8983 -0.4393
vn 0.4257 0.9020 0.0726
vn -0.1027 0.9067 -0.4092
vn 0.2395 0.9659 -0.0985
vn 0.1223 0.9888 -0.0861
vn -0.1870 0.8172 -0.5452
vn -0.0633 0.9437 -0.3247
vn -0.0899 0.7671 -0.6352
vn -0.1805 0.5895 -0.7873
vn -0.0027 0.6867 -0.7269
vn -0.0114 0.8578 -0.5139
vn 0.1097 0.7504 -0.6518
vn 0.4448 0.7756 -0.4478
vn 0.4613 0.7982 -0.3873
vn 0.7733 0.6341 0.0036
vn 0.5072 0.7851 -0.3554
vn 0.7761 0.6298 -0.0320
vn 0.2808 0.9058 -0.3174
vn 0.6723 0.7230 -0.1590
vn 0.8705 0.4625 0.1682
vn 0.8597 0.4739 0.1905
vn 0.8122 0.5800 0.0631
vn 0.5171 0.8559 -0.0054
vn 0.0935 0.9785 -0.1838
vn 0.0265 0.9947 -0.0990
vn 0.3041 0.9460 0.1126
vn 0.6534 0.7320 0.1932
vn 0.1869 0.9667 0.1747
vn 0.4246 0.8300 0.3617
vn 0.7077 0.6273 0.3250
vn 0.8648 0.4785 0.1522
vn 0.4544 0.7302 0.5102
vn 0.8877 0.3835 0.2548
vn 0.3050 0.8303 0.4665
vn 0.7247 0.5186 0.4537
vn 0.4782 0.6246 0.6174
vn 0.3297 0.7497 0.5738
vn 0.3490 0.8833 0.3129
vn 0.3647 0.6659 0.6508
vn 0.4393 0.8534 0.2807
vn 0.4286 0.7308 0.5312
vn 0.5199 0.8095 0.2728
vn 0.5132 0.7077 0.4856
vn 0.4709 0.4340 0.7681
vn 0.5890 0.7777 0.2199
vn 0.5464 0.4379 0.7139
vn 0.6736 0.7374 0.0501
vn 0.6677 0.6529 0.3577
vn 0.7892 0.5608 0.2505
vn 0.6935 0.7192 0.0420
vn 0.5737 0.6810 0.4551
vn 0.7097 0.5483 0.4423
vn 0.6209 0.4581 0.6361
vn 0.8107 0.4460 0.3794
vn 0.7728 0.2113 0.5984
vn 0.8179 0.2943 0.4944
vn 0.8082 0.5211 0.2743
vn 0.6564 0.0270 0.7539
vn 0.7705 0.5573 0.3094
vn 0.7266 0.0555 0.6848
vn 0.5494 0.0692 0.8327
vn 0.8137 0.3916 0.4295
vn 0.4340 -0.0386 0.9001
vn 0.7798 0.1120 0.6159
vn 0.3844 0.2723 0.8821
vn 0.7186 0.0106 0.6953
vn 0.5127 0.2243 0.8287
vn 0.3656 -0.0954 0.9259
vn 0.6807 0.1713 0.7122
vn 0.4729 -0.3799 0.7950
vn 0.2819 -0.7336 0.6184
vn 0.8887 0.0390 0.4569
vn 0.5829 -0.4357 0.6858
vn 0.9151 0.1902 0.3556
vn 0.8977 0.2504 0.3626
vn 0.6591 -0.4137 0.6281
vn 0.7146 -0.2672 0.6466
vn 0.1348 -0.6934 0.7079
vn 0.2223 -0.7844 0.5790
vn -0.1858 -0.7392 0.6473
vn 0.2874 -0.7997 0.5271
vn -0.0451 -0.9129 0.4058
vn -0.3123 -0.9259 0.2124
vn -0.5028 -0.6993 0.5081
vn 0.0365 -0.9688 0.2453
vn -0.6747 -0.7266 -0.1299
vn -0.8497 -0.5098 0.1346
vn -0.9463 -0.3016 -0.1162
vn -0.1534 -0.9882 -0.0035
vn -0.7902 -0.4814 -0.3793
vn -0.8878 0.1327 -0.4408
vn -0.7749 -0.0095 -0.6321
vn -0.5317 -0.2643 -0.8046
vn -0.3664 -0.8544 -0.3684
vn -0.4651 -0.6500 -0.6009
vn -0.5508 -0.2894 -0.7829
vn -0.5262 -0.6601 -0.5361
vn -0.3950 -0.8769 -0.2740
vn -0.6703 -0.6067 -0.4273
vn -0.6805 -0.2312 -0.6953
vn -0.5168 -0.8430 -0.1491
vn -0.1726 -0.9850 -0.0044
vn 0.0730 -0.9564 0.2828
vn -0.1670 -0.9642 0.2060
vn -0.5932 -0.7994 -0.0946
vn -0.7269 -0.5820 -0.3646
vn -0.7363 -0.1951 -0.6479
vn -0.8260 -0.5071 -0.2462
vn -0.8367 -0.1051 -0.5374
vn -0.7004 -0.7137 -0.0086
vn -0.9164 -0.3846 -0.1111
vn -0.9206 -0.0135 -0.3902
vn -0.8120 -0.5759 0.0951
vn -0.9518 -0.3059 -0.0205
vn -0.9639 0.0155 -0.2660
vn -0.5482 -0.7206 0.4244
vn -0.9983 0.0523 -0.0253
vn -0.8585 -0.4829 0.1726
vn -0.9534 -0.2169 0.2097
vn -0.9356 0.3467 -0.0663
vn -0.7674 0.5857 -0.2609
vn -0.9721 0.2127 0.0985
vn -0.6275 0.7615 -0.1625
vn -0.4699 0.8363 -0.2827
vn -0.2789 0.9323 -0.2303
vn -0.8165 0.5766 0.0302
vn -0.2203 0.9708 -0.0946
vn -0.0518 0.9843 -0.1687
vn -0.1753 0.9522 0.2503
vn -0.5567 0.8229 0.1138
vn -0.1541 0.9859 0.0649
vn -0.1354 0.9261 0.3522
vn -0.2090 0.7185 0.6633
vn -0.8598 0.4499 0.2413
vn -0.6219 0.7045 0.3419
vn -0.0822 0.7530 0.6529
vn -0.9373 0.0213 0.3478
vn -0.5799 0.5146 0.6315
vn 0.0003 0.4643 0.8857
vn 0.0239 0.2908 0.9565
vn -0.6818 0.0421 0.7303
vn -0.4658 0.2492 0.8491
vn 0.1350 0.0789 0.9877
vn 0.2895 -0.1037 0.9515
vn -0.2721 0.0124 0.9622
vn 0.1789 -0.1142 0.9772
vn -0.4811 -0.1207 0.8683
vn -0.0912 -0.2498 0.9640
vn -0.8058 -0.1649 0.5687
vn -0.6132 -0.3567 0.7048
vn -0.8614 -0.3491 0.3689
vn -0.5701 -0.4964 0.6547
vn -0.5331 -0.6465 0.5457
vn 0.0305 -0.4243 0.9050
vn -0.0413 -0.5918 0.8050
vn -0.0479 -0.6536 0.7553
vn 0.3291 -0.2771 0.9027
vn 0.3578 -0.3572 0.8628
vn 0.5112 -0.1756 0.8414
vn 0.6804 -0.0385 0.7319
vn 0.3923 -0.3837 0.8360
vn 0.4139 -0.3770 0.8286
vn 0.7018 0.1630 0.6935
vn 0.3797 -0.3481 0.8571
vn 0.7231 0.4339 0.5374
vn -0.4434 -0.0631 0.8941
vn 0.0238 0.2909 0.9565
vn -0.6972 0.0897 0.7113
vn -0.2091 0.7185 0.6633
vn 0.6601 0.6489 0.3783
vn -0.7532 0.3797 0.5371
vn -0.7375 0.6035 0.3031
vn -0.1755 0.9521 0.2504
vn 0.5651 0.8122 0.1447
vn -0.5748 0.8116 0.1040
vn 0.6607 0.7472 0.0718
vn 0.4126 0.9035 -0.1161
vn 0.0534 0.9372 -0.3447
vn 0.4718 0.8628 -0.1816
vn 0.3358 -0.3636 0.8690
vn 0.0955 -0.8492 0.5194
vn 0.0284 -0.7925 0.6092
vn 0.0663 -0.6913 0.7195
vn -0.3037 -0.9141 0.2687
vn -0.3834 -0.8472 0.3677
vn -0.8847 0.3235 0.3357
vn -0.8591 0.3169 0.4018
vn -0.8092 0.4147 0.4163
vn -0.8003 0.4505 0.3956
vn 0.0456 0.9882 0.1465
vn 0.1058 0.9744 0.1985
vn 0.3483 0.9335 0.0858
vn -0.7933 0.5200 0.3166
vn 0.3293 0.9439 0.0236
vn 0.8060 0.5587 -0.1953
vn 0.7946 0.5608 -0.2326
vn 0.7432 0.5611 -0.3645
vn -0.0372 0.9977 -0.0572
vn 0.2384 0.9555 -0.1737
vn 0.0833 0.8718 -0.4827
vn 0.6341 0.5188 -0.5733
vn -0.8663 0.4533 0.2098
vn -0.1923 0.9104 -0.3664
vn -0.0808 0.6506 -0.7551
vn 0.5214 0.3613 -0.7731
vn -0.9119 0.3905 0.1264
vn -0.9102 0.4141 -0.0092
vn -0.3470 0.6908 -0.6343
vn -0.9332 0.3447 -0.1021
vn -0.8255 0.3099 -0.4717
vn -0.4513 0.4471 -0.7723
vn -0.9582 0.2306 -0.1695
vn -0.8954 0.0806 -0.4378
vn -0.1859 0.4150 -0.8906
vn 0.4461 0.2109 -0.8698
vn -0.5067 0.2304 -0.8307
vn -0.9960 0.0271 -0.0856
vn -0.9828 -0.1849 0.0007
vn -0.2482 0.1888 -0.9501
vn 0.3921 0.0606 -0.9179
vn 0.3546 -0.1721 -0.9190
vn -0.5519 -0.0783 -0.8302
vn -0.2931 -0.1200 -0.9485
vn 0.3564 -0.4532 -0.8171
vn -0.9941 -0.1020 -0.0354
vn -0.5506 -0.4555 -0.6995
vn -0.2897 -0.5003 -0.8159
vn -0.2417 -0.7507 -0.6148
vn 0.3716 -0.6361 -0.6763
vn -0.5086 -0.7045 -0.4950
vn -0.1917 -0.8695 -0.4553
vn 0.4040 -0.7170 -0.5682
vn -0.9716 -0.1757 0.1587
vn -0.4633 -0.8192 -0.3380
vn -0.1253 -0.9549 -0.2692
vn 0.4679 -0.7694 -0.4348
vn 0.6088 -0.7601 -0.2271
vn 0.0079 -0.9999 0.0096
vn -0.9598 -0.2010 0.1959
vn -0.9043 -0.3187 0.2841
vn -0.3996 -0.9027 -0.1596
vn -0.2757 -0.9536 0.1212
vn -0.8812 -0.2741 0.3851
vn -0.9289 -0.2871 0.2340
vn -0.1037 -0.9170 0.3852
vn -0.0919 -0.9828 0.1601
vn 0.3243 -0.9014 0.2870
vn 0.4278 0.1089 0.8973
vn 0.3142 0.9243 0.2167
vn 0.2892 0.9392 0.1852
vn 0.3291 0.0828 0.9407
vn 0.3458 -0.3276 0.8793
vn 0.2318 -0.3077 0.9228
vn 0.6202 0.0877 0.7795
vn 0.7178 0.1528 0.6793
vn 0.3025 0.8726 0.3835
vn 0.5690 -0.3612 0.7388
vn 0.6903 0.1413 0.7096
vn 0.3290 0.8436 0.4244
vn 0.7114 -0.3482 0.6105
vn 0.6298 0.1420 0.7636
vn 0.3349 0.8433 0.4203
vn 0.6736 0.1344 0.7267
vn 0.3651 0.8453 0.3901
vn 0.5831 -0.3645 0.7261
vn 0.4802 -0.7799 0.4014
vn 0.8736 0.1237 0.4706
vn 0.4383 0.8460 0.3037
vn 0.4951 0.8249 0.2728
vn 0.6121 -0.3856 0.6904
vn 0.4514 -0.7714 0.4485
vn 0.3538 -0.7885 0.5031
vn -0.1583 -0.9836 -0.0860
vn -0.1672 -0.9808 -0.1003
vn -0.1926 -0.9764 -0.0980
vn 0.3791 -0.7664 0.5186
vn -0.1827 -0.9635 -0.1957
vn 0.3849 -0.8012 0.4582
vn -0.1740 -0.9748 -0.1394
vn -0.1531 -0.9659 -0.2086
vn 0.0996 -0.7186 0.6883
vn 0.5695 -0.8023 0.1792
vn -0.0897 -0.9761 -0.1980
vn -0.0346 -0.9802 -0.1949
vn 0.8387 -0.3907 0.3794
vn 0.6334 -0.7738 0.0018
vn 0.9293 -0.3305 0.1649
vn 0.3337 -0.9389 -0.0847
vn -0.1199 -0.9680 -0.2206
vn 0.8150 -0.5710 0.0990
vn 0.9431 0.1739 0.2835
vn 0.9334 -0.3116 0.1777
vn 0.8141 0.4968 0.3007
vn 0.4094 0.8757 0.2560
vn 0.9692 -0.0531 0.2405
vn 0.8975 -0.3283 0.2944
vn 0.9347 -0.0021 0.3554
vn 0.7567 0.5179 0.3990
vn 0.3647 0.8793 0.3062
vn 0.8768 -0.0254 0.4802
vn 0.6716 0.4740 0.5694
vn 0.3024 0.8432 0.4444
vn 0.4151 0.6263 0.6599
vn 0.8296 -0.3505 0.4347
vn 0.7671 -0.0426 0.6401
vn 0.6741 0.0092 0.7385
vn 0.7397 -0.6406 0.2062
vn 0.7425 -0.3594 0.5652
vn 0.6814 -0.6399 0.3553
vn 0.2908 -0.9566 0.0171
vn -0.1740 -0.9679 -0.1812
vn 0.2198 -0.9603 0.1720
vn -0.1618 -0.9865 -0.0255
vn 0.6198 -0.6107 0.4928
vn 0.6407 -0.3496 0.6836
vn 0.5248 -0.6151 0.5884
vn 0.1255 -0.9296 0.3465
vn -0.3635 -0.9300 0.0539
vn 0.5153 0.0149 0.8569
vn 0.3209 0.5709 0.7557
vn -0.0092 -0.8494 0.5277
vn -0.4782 -0.8507 0.2182
vn -0.4217 -0.7436 0.5190
vn 0.3616 -0.5433 0.7577
vn 0.0621 -0.5488 0.8337
vn -0.2773 -0.5272 0.8032
vn 0.4818 -0.3375 0.8087
vn -0.1801 -0.2096 0.9611
vn -0.0767 0.2945 0.9526
vn 0.2595 0.1015 0.9604
vn -0.0002 0.6424 0.7664
vn 0.2876 -0.7478 -0.5984
vn -0.3715 -0.7817 -0.5010
vn 0.2732 -0.6980 -0.6619
vn -0.3535 -0.8410 -0.4096
vn 0.2578 -0.5904 -0.7648
vn -0.5393 -0.7352 -0.4107
vn -0.5067 -0.8004 -0.3205
vn -0.8335 -0.5510 -0.0419
vn -0.4105 -0.6349 -0.6545
vn -0.4376 -0.3952 -0.8077
vn 0.2544 -0.4205 -0.8709
vn -0.5839 -0.5918 -0.5557
vn -0.9728 -0.2165 0.0824
vn -0.9761 -0.1137 0.1853
vn -0.9862 -0.1588 0.0462
vn -0.9845 0.0334 0.1722
vn -0.6101 -0.3472 -0.7122
vn -0.9725 -0.1086 -0.2058
vn -0.9733 0.1795 0.1428
vn -0.4009 -0.0489 -0.9148
vn 0.2727 -0.1688 -0.9472
vn 0.3556 0.0360 -0.9339
vn -0.5741 -0.0036 -0.8188
vn -0.9718 0.1686 -0.1648
vn -0.9581 0.2421 0.1530
vn -0.9238 0.3596 -0.1316
vn -0.3117 0.2653 -0.9124
vn 0.4331 0.1674 -0.8857
vn -0.4848 0.3105 -0.8177
vn -0.8638 0.4991 -0.0689
vn -0.9172 0.3673 0.1545
vn -0.8884 0.4167 0.1928
vn -0.3850 0.5355 -0.7517
vn -0.2036 0.4860 -0.8499
vn 0.4960 0.2775 -0.8228
vn -0.8039 0.5941 0.0263
vn -0.8426 0.4515 0.2936
vn -0.2706 0.7209 -0.6380
vn -0.0911 0.6675 -0.7391
vn 0.6186 0.4111 -0.6696
vn -0.7199 0.6806 0.1361
vn -0.7974 0.4708 0.3775
vn -0.0965 0.9022 -0.4203
vn 0.0853 0.8517 -0.5171
vn 0.7768 0.4769 -0.4112
vn -0.5838 0.7538 0.3017
vn -0.7597 0.4721 0.4472
vn 0.1249 0.9897 -0.0701
vn 0.3068 0.9355 -0.1755
vn 0.4483 0.8886 0.0973
vn 0.8680 0.4411 -0.2281
vn 0.2596 0.9437 0.2051
vn -0.5687 0.6728 0.4732
vn -0.7471 0.4168 0.5178
vn 0.5234 0.8107 0.2623
vn 0.9108 0.3930 -0.1264
vn 0.9535 0.3013 -0.0079
vn 0.5965 0.6547 0.4643
vn -0.5378 0.6264 0.5643
vn -0.4730 0.5702 0.6717
vn 0.3345 0.8665 0.3705
vn 0.4078 0.7073 0.5775
vn 0.0013 -0.2645 0.9644
vn 0.1793 -0.4432 0.8783
vn 0.1574 -0.4113 0.8978
vn 0.1196 -0.2861 0.9507
vn -0.1452 -0.1920 0.9706
vn -0.1205 -0.1771 0.9768
vn -0.5520 0.8238 0.1287
vn -0.7867 0.6134 0.0692
vn -0.8215 0.5535 -0.1368
vn -0.5245 0.8180 0.2360
vn -0.9648 0.0553 -0.2571
vn -0.7472 0.5804 0.3238
vn -0.6546 0.5273 0.5418
vn -0.9985 -0.0176 -0.0526
vn -0.8870 -0.3537 -0.2968
vn -0.9544 -0.1089 0.2780
vn -0.8644 -0.1470 0.4809
vn -0.8391 -0.5231 -0.1495
vn -0.7416 -0.6129 -0.2729
vn -0.7183 -0.6621 -0.2136
vn -0.7028 -0.6844 -0.1941
vn -0.6644 -0.7473 0.0110
vn -0.7927 -0.5873 0.1634
vn -0.6796 -0.6706 0.2974
vn -0.3014 0.9509 -0.0708
vn 0.3516 0.9265 -0.1342
vn 0.3347 0.9143 -0.2283
vn 0.3227 0.8763 -0.3576
vn -0.3472 0.8951 -0.2798
vn 0.2900 0.7410 -0.6056
vn -0.5328 0.8462 -0.0058
vn -0.9598 0.0956 0.2639
vn -0.5708 0.7916 -0.2180
vn -0.9758 0.0834 0.2019
vn -0.9477 0.1062 0.3008
vn -0.9932 -0.0040 0.1166
vn -0.9876 0.1352 0.0795
vn -0.9777 -0.1794 0.1092
vn -0.5889 0.6014 -0.5399
vn -0.9989 -0.0200 -0.0423
vn -0.9771 -0.1499 -0.1509
vn -0.9594 -0.2758 0.0584
vn -0.5426 0.3209 -0.7763
vn -0.3674 0.7007 -0.6116
vn 0.2950 0.5344 -0.7921
vn -0.3147 0.4187 -0.8518
vn 0.3059 0.3829 -0.8717
vn -0.4742 0.0811 -0.8767
vn -0.2536 0.1795 -0.9505
vn 0.3036 0.2328 -0.9239
vn -0.9434 -0.2762 -0.1838
vn -0.8624 -0.3937 0.3183
vn -0.1828 -0.0426 -0.9822
vn 0.3637 -0.0037 -0.9315
vn -0.9088 -0.3965 -0.1299
vn -0.8651 -0.3936 0.3108
vn -0.3924 -0.1465 -0.9081
vn -0.8457 -0.5197 -0.1209
vn -0.8726 -0.4613 0.1607
vn -0.0663 -0.3348 -0.9399
vn -0.2664 -0.4352 -0.8600
vn 0.1223 -0.6327 -0.7647
vn 0.7311 -0.3472 -0.5873
vn -0.0898 -0.7365 -0.6704
vn 0.2805 -0.8010 -0.5289
vn 0.8296 -0.3635 -0.4239
vn -0.7391 -0.6707 -0.0623
vn -0.7968 -0.5916 0.1228
vn 0.0474 -0.8978 -0.4378
vn -0.6950 -0.7183 0.0311
vn -0.8153 -0.5526 0.1728
vn 0.3862 -0.8598 -0.3341
vn 0.9096 -0.3364 -0.2439
vn -0.6851 -0.7222 0.0954
vn 0.1603 -0.9560 -0.2457
vn 0.5076 -0.8565 -0.0935
vn 0.9703 -0.2416 0.0118
vn 0.6211 -0.7427 0.2505
vn -0.6650 -0.7267 0.1723
vn -0.7207 -0.6306 0.2880
vn -0.5939 -0.7251 0.3487
vn 0.2757 -0.9612 -0.0022
vn 0.4017 -0.8472 0.3477
vn 0.6202 0.3803 -0.6861
vn 0.4908 0.0270 -0.8708
vn 0.5511 0.6366 -0.5395
vn 0.4881 0.0172 -0.8726
vn 0.0683 -0.2427 -0.9677
vn 0.5331 0.6704 -0.5162
vn 0.5296 0.6725 -0.5169
vn -0.3947 -0.2835 -0.8740
vn 0.5181 0.6783 -0.5211
vn -0.6567 -0.1191 -0.7447
vn 0.2727 0.8511 -0.4486
vn -0.6567 -0.1191 -0.7446
vn 0.2910 0.8411 -0.4559
vn -0.6826 -0.0960 -0.7244
vn -0.2426 0.8960 -0.3718
vn -0.6826 -0.0959 -0.7245
vn -0.7044 -0.0632 -0.7070
vn -0.6137 0.6507 -0.4471
vn -0.6135 0.6474 -0.4522
vn -0.7803 0.1496 -0.6073
vn -0.7803 0.1496 -0.6072
vn 0.3911 -0.4830 -0.7834
vn 0.4858 -0.2509 -0.8373
vn 0.4006 -0.4924 -0.7727
vn 0.4854 -0.2444 -0.8395
vn 0.4061 -0.4882 -0.7725
vn 0.3515 0.2841 -0.8920
vn 0.3906 -0.4993 -0.7734
vn 0.0130 0.6143 -0.7889
vn 0.0964 -0.6495 -0.7542
vn -0.0030 0.6191 -0.7853
vn 0.0826 -0.6558 -0.7504
vn -0.3784 0.6443 -0.6646
vn -0.3161 -0.6328 -0.7069
vn -0.3050 -0.6399 -0.7053
vn -0.6098 0.5026 -0.6128
vn -0.6849 -0.3363 -0.6463
vn -0.6104 0.4974 -0.6164
vn -0.6292 0.4829 -0.6091
vn -0.7828 0.0107 -0.6222
vn -0.6469 0.4457 -0.6188
vn -0.6469 0.4456 -0.6188
vt 0.322266 0.510010
vt 0.319580 0.509277
vt 0.327881 0.509277
vt 0.249390 0.510010
vt 0.247559 0.509277
vt 0.253174 0.509277
vt 0.272217 0.509277
vt 0.277344 0.509277
vt 0.277344 0.510010
vt 0.859375 0.442871
vt 0.856934 0.448242
vt 0.861328 0.449219
vt 0.852539 0.456055
vt 0.864258 0.459473
vt 0.854980 0.470703
vt 0.847656 0.465332
vt 0.867676 0.469238
vt 0.842773 0.473633
vt 0.859375 0.475586
vt 0.871094 0.478027
vt 0.849609 0.479980
vt 0.835938 0.482422
vt 0.863281 0.484863
vt 0.875977 0.487793
vt 0.844238 0.487793
vt 0.829102 0.489258
vt 0.868164 0.496582
vt 0.880859 0.497070
vt 0.853027 0.500000
vt 0.836426 0.497070
vt 0.822754 0.495605
vt 0.874512 0.506592
vt 0.885254 0.505127
vt 0.827637 0.505371
vt 0.816895 0.500977
vt 0.841797 0.511719
vt 0.859375 0.510010
vt 0.815430 0.515869
vt 0.805664 0.509521
vt 0.829102 0.520508
vt 0.847168 0.524902
vt 0.867676 0.518311
vt 0.815430 0.526367
vt 0.859375 0.529785
vt 0.883789 0.518066
vt 0.894531 0.518799
vt 0.877930 0.528320
vt 0.868652 0.536865
vt 0.883789 0.534180
vt 0.899902 0.531494
vt 0.857422 0.539062
vt 0.868164 0.540283
vt 0.857422 0.542480
vt 0.844727 0.541748
vt 0.883301 0.537842
vt 0.844727 0.544922
vt 0.858887 0.546631
vt 0.846680 0.549316
vt 0.869629 0.544922
vt 0.860352 0.558105
vt 0.871094 0.556396
vt 0.883789 0.542480
vt 0.884277 0.554688
vt 0.899414 0.535400
vt 0.900391 0.552979
vt 0.900879 0.539795
vt 0.884277 0.562500
vt 0.918457 0.532715
vt 0.869141 0.575928
vt 0.919434 0.528809
vt 0.857422 0.571045
vt 0.907715 0.511475
vt 0.896973 0.501953
vt 0.909668 0.496582
vt 0.896973 0.493164
vt 0.921387 0.512695
vt 0.909180 0.482422
vt 0.896484 0.481445
vt 0.922363 0.497070
vt 0.907715 0.469238
vt 0.895020 0.469727
vt 0.921387 0.480957
vt 0.936035 0.512939
vt 0.904785 0.455566
vt 0.893066 0.458984
vt 0.890137 0.447266
vt 0.935547 0.495117
vt 0.901367 0.439453
vt 0.899414 0.436035
vt 0.904785 0.441406
vt 0.886230 0.435547
vt 0.912598 0.452637
vt 0.907715 0.441406
vt 0.891113 0.420898
vt 0.900391 0.432129
vt 0.880859 0.423828
vt 0.896973 0.420410
vt 0.902832 0.429688
vt 0.884766 0.408203
vt 0.875488 0.414551
vt 0.904785 0.416016
vt 0.910156 0.425293
vt 0.916992 0.422363
vt 0.897949 0.410156
vt 0.912598 0.412109
vt 0.877930 0.395996
vt 0.865723 0.401855
vt 0.888672 0.402832
vt 0.903809 0.401367
vt 0.892578 0.395020
vt 0.916504 0.403320
vt 0.881836 0.387207
vt 0.921875 0.411621
vt 0.919922 0.421875
vt 0.930176 0.403320
vt 0.923340 0.422852
vt 0.930664 0.415527
vt 0.941895 0.396484
vt 0.943359 0.403809
vt 0.945312 0.408203
vt 0.925781 0.428223
vt 0.937988 0.427734
vt 0.950195 0.413086
vt 0.936035 0.437012
vt 0.924316 0.431641
vt 0.948730 0.428711
vt 0.957031 0.420898
vt 0.922363 0.433594
vt 0.957520 0.439453
vt 0.969727 0.428223
vt 0.945801 0.446289
vt 0.930664 0.444336
vt 0.969238 0.444824
vt 0.979004 0.432129
vt 0.956543 0.462891
vt 0.937012 0.455566
vt 0.921387 0.448730
vt 0.916016 0.437012
vt 0.927734 0.461426
vt 0.917969 0.464355
vt 0.932617 0.477539
vt 0.943848 0.472168
vt 0.948242 0.491211
vt 0.962891 0.484863
vt 0.950195 0.511963
vt 0.962891 0.508545
vt 0.968262 0.465332
vt 0.971680 0.509277
vt 0.982422 0.450684
vt 0.983887 0.432617
vt 0.986328 0.449707
vt 0.984863 0.467773
vt 0.980957 0.467285
vt 0.980469 0.493164
vt 0.976074 0.492676
vt 0.976074 0.509766
vt 0.970703 0.526855
vt 0.965820 0.526855
vt 0.968262 0.531006
vt 0.952148 0.526123
vt 0.964355 0.531494
vt 0.936035 0.526855
vt 0.950684 0.530762
vt 0.935059 0.531250
vt 0.951172 0.535156
vt 0.918945 0.537598
vt 0.936035 0.535400
vt 0.916016 0.551025
vt 0.933594 0.551758
vt 0.946777 0.553467
vt 0.963867 0.535645
vt 0.968262 0.535400
vt 0.963867 0.556396
vt 0.958984 0.556152
vt 0.956055 0.580078
vt 0.951660 0.579102
vt 0.939453 0.574219
vt 0.928711 0.567871
vt 0.945312 0.597412
vt 0.950195 0.599609
vt 0.934082 0.590088
vt 0.921875 0.582275
vt 0.910156 0.574219
vt 0.916992 0.597168
vt 0.897949 0.567871
vt 0.905762 0.590820
vt 0.892578 0.584473
vt 0.880371 0.580078
vt 0.902832 0.594238
vt 0.891602 0.588623
vt 0.880371 0.584473
vt 0.915039 0.601562
vt 0.878418 0.583252
vt 0.868164 0.579346
vt 0.856934 0.574951
vt 0.846191 0.570312
vt 0.928223 0.603760
vt 0.925781 0.607178
vt 0.937012 0.612793
vt 0.939941 0.609375
vt 0.942383 0.614258
vt 0.845703 0.565918
vt 0.834473 0.566650
vt 0.846680 0.559570
vt 0.834473 0.561768
vt 0.823730 0.567383
vt 0.833984 0.551758
vt 0.822266 0.562988
vt 0.813477 0.569092
vt 0.832520 0.547363
vt 0.811523 0.565430
vt 0.802246 0.571289
vt 0.818848 0.554688
vt 0.817383 0.550049
vt 0.800781 0.568115
vt 0.792480 0.573486
vt 0.807129 0.556885
vt 0.791992 0.570557
vt 0.791504 0.574707
vt 0.798340 0.559082
vt 0.806152 0.552734
vt 0.797363 0.554688
vt 0.789551 0.561035
vt 0.779297 0.572998
vt 0.779785 0.576172
vt 0.765625 0.580322
vt 0.788574 0.556885
vt 0.764648 0.577148
vt 0.755371 0.584717
vt 0.777344 0.564453
vt 0.754395 0.581543
vt 0.745117 0.588867
vt 0.770508 0.566406
vt 0.763184 0.569092
vt 0.743164 0.586182
vt 0.731934 0.593994
vt 0.752930 0.572754
vt 0.730957 0.591064
vt 0.721680 0.598389
vt 0.741211 0.577148
vt 0.718750 0.596191
vt 0.708008 0.605225
vt 0.728516 0.581787
vt 0.705566 0.602295
vt 0.699219 0.611328
vt 0.715332 0.586670
vt 0.695801 0.609375
vt 0.689453 0.620117
vt 0.701172 0.593506
vt 0.685547 0.618164
vt 0.679199 0.632080
vt 0.688477 0.601807
vt 0.675781 0.630615
vt 0.672852 0.646729
vt 0.669434 0.646484
vt 0.658691 0.639648
vt 0.667480 0.624268
vt 0.678223 0.611572
vt 0.663574 0.622070
vt 0.655273 0.637207
vt 0.675293 0.608398
vt 0.686523 0.598389
vt 0.660156 0.620117
vt 0.651855 0.635254
vt 0.640137 0.626465
vt 0.672363 0.606445
vt 0.649902 0.612305
vt 0.627930 0.615723
vt 0.659668 0.602539
vt 0.636230 0.603027
vt 0.614746 0.604980
vt 0.683105 0.596680
vt 0.623047 0.593506
vt 0.607910 0.599854
vt 0.645508 0.593262
vt 0.614746 0.586914
vt 0.599121 0.589600
vt 0.631836 0.583008
vt 0.604492 0.577148
vt 0.586914 0.576904
vt 0.622070 0.575439
vt 0.592285 0.565918
vt 0.576172 0.565674
vt 0.610840 0.565430
vt 0.583008 0.557129
vt 0.568359 0.554932
vt 0.598145 0.553467
vt 0.575684 0.548340
vt 0.560547 0.544678
vt 0.568359 0.539307
vt 0.591797 0.547119
vt 0.583496 0.539307
vt 0.577148 0.531738
vt 0.590820 0.531738
vt 0.584473 0.524414
vt 0.589844 0.517578
vt 0.597168 0.524170
vt 0.594727 0.509277
vt 0.598633 0.538330
vt 0.604980 0.543701
vt 0.604492 0.530518
vt 0.604004 0.515625
vt 0.604980 0.553955
vt 0.610840 0.535400
vt 0.613770 0.561035
vt 0.611328 0.522705
vt 0.614746 0.540527
vt 0.616699 0.527832
vt 0.623047 0.549805
vt 0.626465 0.526611
vt 0.623535 0.519287
vt 0.620605 0.511719
vt 0.636719 0.514404
vt 0.640625 0.501953
vt 0.618164 0.500488
vt 0.644531 0.525879
vt 0.605957 0.500244
vt 0.599121 0.498535
vt 0.608398 0.495605
vt 0.600586 0.494141
vt 0.620117 0.496582
vt 0.638184 0.498047
vt 0.639648 0.494141
vt 0.662598 0.493652
vt 0.662598 0.489746
vt 0.682617 0.487305
vt 0.682617 0.483398
vt 0.665039 0.503174
vt 0.694824 0.481445
vt 0.693848 0.478027
vt 0.687500 0.499023
vt 0.699707 0.478516
vt 0.697754 0.475098
vt 0.650879 0.517822
vt 0.672363 0.515625
vt 0.660645 0.532959
vt 0.694336 0.512695
vt 0.679199 0.526611
vt 0.704590 0.495117
vt 0.699219 0.519775
vt 0.708984 0.492188
vt 0.715820 0.510742
vt 0.720703 0.508301
vt 0.711426 0.489746
vt 0.723145 0.505615
vt 0.703125 0.475586
vt 0.699707 0.467773
vt 0.696289 0.469727
vt 0.722168 0.466309
vt 0.695312 0.457520
vt 0.692383 0.459961
vt 0.714844 0.456055
vt 0.731934 0.478516
vt 0.691895 0.449707
vt 0.688477 0.451660
vt 0.682617 0.441406
vt 0.708984 0.446777
vt 0.686035 0.438477
vt 0.676270 0.432617
vt 0.702637 0.437500
vt 0.679688 0.429199
vt 0.666016 0.425293
vt 0.668457 0.421875
vt 0.697266 0.424805
vt 0.688965 0.416504
vt 0.679199 0.406738
vt 0.711426 0.428223
vt 0.705078 0.409668
vt 0.692383 0.404297
vt 0.682617 0.388672
vt 0.721191 0.435059
vt 0.719727 0.415039
vt 0.709473 0.396973
vt 0.695801 0.389160
vt 0.696777 0.372559
vt 0.684570 0.373535
vt 0.695801 0.361816
vt 0.685547 0.358398
vt 0.701172 0.367188
vt 0.706543 0.378418
vt 0.713867 0.388184
vt 0.724121 0.403809
vt 0.726074 0.390625
vt 0.731934 0.419434
vt 0.740234 0.403320
vt 0.738281 0.390625
vt 0.729980 0.443848
vt 0.756836 0.401367
vt 0.751465 0.390625
vt 0.764648 0.384277
vt 0.750488 0.416504
vt 0.742676 0.429688
vt 0.751953 0.438965
vt 0.761719 0.426270
vt 0.759766 0.412598
vt 0.770508 0.413086
vt 0.772949 0.395508
vt 0.784180 0.386719
vt 0.774414 0.377930
vt 0.790039 0.405762
vt 0.791016 0.380859
vt 0.783203 0.372070
vt 0.794434 0.395508
vt 0.797852 0.371582
vt 0.790039 0.365723
vt 0.807129 0.376465
vt 0.802734 0.388672
vt 0.818848 0.380859
vt 0.807129 0.400879
vt 0.815918 0.392090
vt 0.802734 0.403809
vt 0.811523 0.401367
vt 0.802246 0.408203
vt 0.814453 0.402832
vt 0.819824 0.409180
vt 0.832520 0.384277
vt 0.832520 0.398438
vt 0.824219 0.415039
vt 0.848633 0.399414
vt 0.849609 0.381836
vt 0.836914 0.412109
vt 0.826172 0.417969
vt 0.860352 0.390137
vt 0.860840 0.377930
vt 0.854004 0.411133
vt 0.845215 0.419922
vt 0.837891 0.427734
vt 0.869629 0.386719
vt 0.871582 0.375488
vt 0.827637 0.423828
vt 0.825684 0.422852
vt 0.832031 0.436035
vt 0.820312 0.427246
vt 0.822754 0.430176
vt 0.816406 0.426270
vt 0.815918 0.440430
vt 0.825684 0.445801
vt 0.819824 0.456055
vt 0.806641 0.431152
vt 0.813477 0.424316
vt 0.809082 0.452637
vt 0.814941 0.467285
vt 0.801270 0.423828
vt 0.808594 0.418457
vt 0.799316 0.444824
vt 0.790527 0.434082
vt 0.794922 0.416504
vt 0.803223 0.411133
vt 0.781250 0.421875
vt 0.771484 0.437500
vt 0.781250 0.448242
vt 0.762207 0.451660
vt 0.791992 0.458496
vt 0.772949 0.463379
vt 0.738770 0.453613
vt 0.749512 0.465820
vt 0.742676 0.493164
vt 0.764160 0.479492
vt 0.784668 0.475586
vt 0.803223 0.466309
vt 0.811523 0.477539
vt 0.798828 0.478516
vt 0.809082 0.486816
vt 0.795898 0.493164
vt 0.807129 0.494629
vt 0.783691 0.497070
vt 0.795898 0.506348
vt 0.769043 0.500000
vt 0.787598 0.511963
vt 0.800293 0.522461
vt 0.751953 0.509277
vt 0.775391 0.517578
vt 0.793945 0.527100
vt 0.801758 0.529541
vt 0.784668 0.535889
vt 0.760254 0.524658
vt 0.734375 0.520020
vt 0.768555 0.540039
vt 0.731934 0.522949
vt 0.744629 0.532959
vt 0.742188 0.535400
vt 0.728027 0.525879
vt 0.704590 0.527588
vt 0.738281 0.538574
vt 0.687500 0.538086
vt 0.710938 0.536865
vt 0.669922 0.547607
vt 0.694336 0.549072
vt 0.678711 0.560547
vt 0.653809 0.538818
vt 0.664551 0.552002
vt 0.635254 0.537354
vt 0.644531 0.549072
vt 0.632812 0.560303
vt 0.654785 0.560303
vt 0.625488 0.570312
vt 0.636230 0.578857
vt 0.644043 0.570801
vt 0.649414 0.588867
vt 0.656250 0.581543
vt 0.659668 0.596191
vt 0.664551 0.571777
vt 0.666504 0.590332
vt 0.670898 0.594238
vt 0.675293 0.583740
vt 0.672852 0.563477
vt 0.681152 0.585693
vt 0.682129 0.577637
vt 0.689941 0.577881
vt 0.697754 0.586426
vt 0.703125 0.562744
vt 0.699707 0.588623
vt 0.721191 0.550049
vt 0.714355 0.582520
vt 0.709961 0.574463
vt 0.712402 0.580322
vt 0.731445 0.562256
vt 0.726562 0.575439
vt 0.728027 0.577637
vt 0.739258 0.570801
vt 0.740234 0.572754
vt 0.750488 0.552490
vt 0.750488 0.566650
vt 0.751465 0.569092
vt 0.760254 0.563232
vt 0.761719 0.565186
vt 0.764160 0.560547
vt 0.768066 0.562744
vt 0.753906 0.549072
vt 0.756836 0.547852
vt 0.767578 0.559326
vt 0.775391 0.557617
vt 0.776367 0.560059
vt 0.787598 0.554443
vt 0.796387 0.551758
vt 0.800293 0.541016
vt 0.805664 0.549805
vt 0.815918 0.536865
vt 0.816895 0.547363
vt 0.831055 0.531738
vt 0.832031 0.544434
vt 0.743652 0.626465
vt 0.732910 0.618408
vt 0.738281 0.635498
vt 0.722168 0.626465
vt 0.725098 0.643799
vt 0.713379 0.631836
vt 0.718750 0.647705
vt 0.708984 0.636230
vt 0.703125 0.636963
vt 0.709961 0.654297
vt 0.698242 0.642822
vt 0.702637 0.655762
vt 0.692871 0.647461
vt 0.922852 0.427734
vt 0.921875 0.424805
vt 0.919434 0.424805
vt 0.921875 0.430176
vt 0.917969 0.424805
vt 0.920898 0.431641
vt 0.911621 0.428223
vt 0.914551 0.434570
vt 0.904297 0.432129
vt 0.907227 0.438477
vt 0.905273 0.438477
vt 0.902832 0.433594
vt 0.903320 0.437500
vt 0.902344 0.436035
vt 0.647949 0.644531
vt 0.647949 0.656738
vt 0.655273 0.655273
vt 0.647461 0.666504
vt 0.659668 0.665283
vt 0.647949 0.675049
vt 0.663086 0.675781
vt 0.649414 0.680176
vt 0.651367 0.684570
vt 0.665039 0.685791
vt 0.654785 0.691895
vt 0.659180 0.700195
vt 0.583496 0.592529
vt 0.583008 0.605957
vt 0.589355 0.604492
vt 0.582031 0.616943
vt 0.595215 0.617676
vt 0.582520 0.625977
vt 0.583496 0.631104
vt 0.599609 0.627930
vt 0.586426 0.637451
vt 0.601562 0.638184
vt 0.588867 0.643066
vt 0.594238 0.650635
vt 0.591797 0.689453
vt 0.588867 0.701904
vt 0.597168 0.699707
vt 0.588867 0.710693
vt 0.602051 0.710205
vt 0.589844 0.718994
vt 0.605469 0.718994
vt 0.591309 0.724121
vt 0.593262 0.728516
vt 0.606445 0.729004
vt 0.597168 0.735107
vt 0.603027 0.742188
vt 0.311768 0.510010
vt 0.311768 0.509277
vt 0.311523 0.512451
vt 0.322266 0.512451
vt 0.310547 0.529053
vt 0.320068 0.528809
vt 0.317627 0.554443
vt 0.327148 0.528320
vt 0.327881 0.512451
vt 0.333496 0.553711
vt 0.333496 0.578125
vt 0.333496 0.527832
vt 0.315918 0.580566
vt 0.333496 0.512451
vt 0.333496 0.606934
vt 0.315918 0.608643
vt 0.333496 0.636475
vt 0.315918 0.637451
vt 0.333496 0.663086
vt 0.315430 0.663330
vt 0.333496 0.680420
vt 0.315186 0.679932
vt 0.333496 0.688232
vt 0.315186 0.688721
vt 0.297119 0.681641
vt 0.333496 0.697754
vt 0.297363 0.690430
vt 0.314941 0.698486
vt 0.333496 0.708008
vt 0.296875 0.698975
vt 0.315430 0.709473
vt 0.333496 0.731445
vt 0.297119 0.711426
vt 0.314697 0.732666
vt 0.333496 0.754517
vt 0.296631 0.734375
vt 0.276855 0.714355
vt 0.276611 0.737793
vt 0.314453 0.755737
vt 0.333496 0.781616
vt 0.295898 0.757568
vt 0.276611 0.760986
vt 0.314941 0.783203
vt 0.333496 0.811035
vt 0.295654 0.784424
vt 0.276123 0.786255
vt 0.315918 0.812622
vt 0.333496 0.841675
vt 0.296387 0.812988
vt 0.276611 0.813965
vt 0.278076 0.841797
vt 0.297363 0.841675
vt 0.279297 0.864380
vt 0.316162 0.844238
vt 0.333496 0.870605
vt 0.297363 0.867188
vt 0.279541 0.880127
vt 0.315918 0.878906
vt 0.333496 0.888977
vt 0.325195 0.899170
vt 0.295654 0.884216
vt 0.278564 0.890930
vt 0.294189 0.893494
vt 0.307861 0.894287
vt 0.317627 0.909363
vt 0.303467 0.903687
vt 0.312744 0.916626
vt 0.301025 0.510010
vt 0.289062 0.510010
vt 0.291260 0.509277
vt 0.298096 0.509277
vt 0.304932 0.509277
vt 0.217651 0.229492
vt 0.208618 0.221680
vt 0.215454 0.220215
vt 0.213623 0.207520
vt 0.205444 0.208496
vt 0.212280 0.196777
vt 0.204346 0.189941
vt 0.212158 0.183594
vt 0.204346 0.178223
vt 0.212280 0.173828
vt 0.204346 0.156738
vt 0.216064 0.158203
vt 0.215088 0.144043
vt 0.204346 0.143555
vt 0.214966 0.129395
vt 0.204346 0.128906
vt 0.204346 0.111816
vt 0.215332 0.108887
vt 0.204346 0.096191
vt 0.215698 0.086914
vt 0.204346 0.084961
vt 0.214722 0.074707
vt 0.204346 0.077148
vt 0.214478 0.062500
vt 0.204346 0.064453
vt 0.204712 0.059570
vt 0.214600 0.059082
vt 0.569336 0.482910
vt 0.569336 0.472168
vt 0.566406 0.472168
vt 0.573242 0.472168
vt 0.573242 0.482910
vt 0.588379 0.482910
vt 0.588379 0.472168
vt 0.591309 0.482910
vt 0.591309 0.472168
vt 0.500488 0.478027
vt 0.500488 0.467285
vt 0.498779 0.467285
vt 0.503906 0.467285
vt 0.503906 0.478027
vt 0.517578 0.478027
vt 0.517578 0.467285
vt 0.520020 0.478027
vt 0.520020 0.467285
vt 0.531738 0.257812
vt 0.534668 0.247070
vt 0.531738 0.247070
vt 0.534668 0.257812
vt 0.547363 0.247070
vt 0.547363 0.257812
vt 0.550293 0.257812
vt 0.550293 0.247070
vt 0.556152 0.257812
vt 0.556152 0.247070
vt 0.893066 0.511963
vt 0.894043 0.501709
vt 0.887695 0.503662
vt 0.883301 0.495605
vt 0.894043 0.493164
vt 0.893555 0.481934
vt 0.878418 0.486328
vt 0.873535 0.477051
vt 0.892090 0.470215
vt 0.870117 0.468262
vt 0.890625 0.459473
vt 0.866699 0.458496
vt 0.887695 0.448242
vt 0.864258 0.448242
vt 0.883789 0.437012
vt 0.861816 0.441895
vt 0.878418 0.425293
vt 0.859375 0.438965
vt 0.873047 0.416016
vt 0.865234 0.405762
vt 0.855957 0.413086
vt 0.847656 0.421875
vt 0.856934 0.441406
vt 0.840332 0.429688
vt 0.854492 0.447266
vt 0.834473 0.437988
vt 0.850098 0.454590
vt 0.828125 0.447266
vt 0.845215 0.463867
vt 0.822266 0.457520
vt 0.840332 0.471680
vt 0.817871 0.468262
vt 0.833496 0.480469
vt 0.814453 0.479004
vt 0.827148 0.487305
vt 0.812012 0.487305
vt 0.820801 0.493164
vt 0.810059 0.495117
vt 0.814941 0.499023
vt 0.808594 0.504150
vt 0.834961 0.298340
vt 0.843750 0.289551
vt 0.834961 0.289551
vt 0.843750 0.298340
vt 0.853027 0.289551
vt 0.853027 0.298340
vt 0.570801 0.778198
vt 0.578613 0.778076
vt 0.577637 0.765991
vt 0.579102 0.786377
vt 0.567383 0.787964
vt 0.579102 0.793579
vt 0.564941 0.795532
vt 0.578125 0.798096
vt 0.576660 0.802612
vt 0.573730 0.807983
vt 0.562500 0.802368
vt 0.569336 0.813599
vt 0.595703 0.777588
vt 0.601074 0.776855
vt 0.596191 0.766357
vt 0.594727 0.786377
vt 0.604492 0.786743
vt 0.594727 0.794189
vt 0.607422 0.795410
vt 0.595215 0.798706
vt 0.596680 0.802490
vt 0.609375 0.803589
vt 0.599121 0.808960
vt 0.603027 0.814331
vt 0.623047 0.654541
vt 0.629395 0.657715
vt 0.626953 0.645264
vt 0.631348 0.666992
vt 0.617676 0.667236
vt 0.630859 0.675293
vt 0.614258 0.678467
vt 0.630371 0.679688
vt 0.627930 0.685547
vt 0.624512 0.691895
vt 0.610352 0.688232
vt 0.618652 0.701416
vt 0.543945 0.638428
vt 0.552734 0.651611
vt 0.556152 0.643311
vt 0.558594 0.637451
vt 0.545410 0.628174
vt 0.560547 0.631592
vt 0.561035 0.625977
vt 0.549316 0.615723
vt 0.560547 0.616943
vt 0.555176 0.603760
vt 0.561523 0.604736
vt 0.563477 0.592285
vt 0.561523 0.745850
vt 0.567383 0.735840
vt 0.554199 0.732666
vt 0.556152 0.724609
vt 0.570312 0.729492
vt 0.571777 0.724121
vt 0.572266 0.719482
vt 0.560059 0.713135
vt 0.571777 0.711182
vt 0.568359 0.697754
vt 0.572266 0.701172
vt 0.572266 0.689209
vt 0.300781 0.512451
vt 0.288574 0.512451
vt 0.299316 0.529297
vt 0.287842 0.530029
vt 0.296875 0.555420
vt 0.276855 0.530518
vt 0.296387 0.582275
vt 0.276367 0.556396
vt 0.276367 0.583740
vt 0.296631 0.610352
vt 0.276367 0.612061
vt 0.297363 0.639404
vt 0.277100 0.640869
vt 0.297607 0.665283
vt 0.278320 0.666992
vt 0.278320 0.691406
vt 0.254639 0.642822
vt 0.254639 0.668945
vt 0.254639 0.693359
vt 0.254883 0.613037
vt 0.232300 0.643555
vt 0.255859 0.584717
vt 0.233643 0.613525
vt 0.236572 0.584717
vt 0.256592 0.557373
vt 0.237305 0.557373
vt 0.220093 0.584229
vt 0.266602 0.530518
vt 0.218628 0.613281
vt 0.220825 0.557129
vt 0.201416 0.612061
vt 0.202637 0.583496
vt 0.217896 0.642822
vt 0.200439 0.641357
vt 0.234009 0.670654
vt 0.217407 0.670166
vt 0.234985 0.694824
vt 0.199829 0.670166
vt 0.216553 0.694580
vt 0.254150 0.717773
vt 0.234497 0.719238
vt 0.253906 0.742432
vt 0.215576 0.719482
vt 0.254639 0.766113
vt 0.234375 0.743896
vt 0.255615 0.789429
vt 0.234619 0.768066
vt 0.257080 0.816406
vt 0.235474 0.791626
vt 0.259277 0.844360
vt 0.236938 0.818848
vt 0.262207 0.866089
vt 0.239868 0.848022
vt 0.265381 0.880981
vt 0.267334 0.891235
vt 0.243652 0.871338
vt 0.250488 0.886047
vt 0.255371 0.894104
vt 0.218384 0.851685
vt 0.222656 0.883911
vt 0.239258 0.899536
vt 0.247437 0.906799
vt 0.242188 0.923523
vt 0.230713 0.917297
vt 0.235352 0.944702
vt 0.214722 0.906555
vt 0.221924 0.936157
vt 0.211304 0.954956
vt 0.223877 0.967072
vt 0.208008 0.926758
vt 0.195679 0.967773
vt 0.206299 0.984459
vt 0.198486 0.943878
vt 0.176025 0.975708
vt 0.183716 0.993404
vt 0.155396 0.993034
vt 0.185425 0.953461
vt 0.186768 0.931030
vt 0.154175 0.977280
vt 0.169189 0.958649
vt 0.176025 0.938568
vt 0.193115 0.917297
vt 0.178101 0.920959
vt 0.163452 0.943207
vt 0.168823 0.924988
vt 0.179199 0.910767
vt 0.164185 0.911560
vt 0.160767 0.927124
vt 0.151855 0.960754
vt 0.150635 0.944275
vt 0.132935 0.973358
vt 0.130981 0.988220
vt 0.108521 0.976196
vt 0.134521 0.958374
vt 0.113953 0.964203
vt 0.092224 0.960754
vt 0.136841 0.942596
vt 0.098999 0.950500
vt 0.078125 0.946198
vt 0.118286 0.951660
vt 0.085999 0.936768
vt 0.066711 0.931152
vt 0.074524 0.924744
vt 0.104675 0.940582
vt 0.094421 0.926392
vt 0.086182 0.912170
vt 0.100464 0.894531
vt 0.123718 0.937683
vt 0.113098 0.928589
vt 0.105957 0.914917
vt 0.115906 0.890686
vt 0.100342 0.867676
vt 0.119141 0.921082
vt 0.117004 0.871094
vt 0.100342 0.839600
vt 0.117981 0.909607
vt 0.132568 0.890198
vt 0.117249 0.838867
vt 0.100342 0.810425
vt 0.133667 0.869629
vt 0.117249 0.810547
vt 0.100342 0.782715
vt 0.134521 0.838135
vt 0.116638 0.782715
vt 0.100342 0.756470
vt 0.134033 0.809692
vt 0.116516 0.755615
vt 0.100342 0.733398
vt 0.132812 0.781860
vt 0.116089 0.731689
vt 0.100342 0.709229
vt 0.131958 0.754883
vt 0.115601 0.707275
vt 0.100342 0.697266
vt 0.130859 0.731201
vt 0.129639 0.707275
vt 0.115295 0.695557
vt 0.129517 0.695068
vt 0.114563 0.685303
vt 0.100342 0.685547
vt 0.128906 0.686035
vt 0.114685 0.677246
vt 0.100342 0.675537
vt 0.129150 0.677979
vt 0.115234 0.660400
vt 0.100342 0.656738
vt 0.129517 0.660889
vt 0.115723 0.634277
vt 0.100342 0.629883
vt 0.130249 0.635254
vt 0.116028 0.604248
vt 0.100342 0.600586
vt 0.131226 0.606201
vt 0.146240 0.636719
vt 0.116089 0.577148
vt 0.100342 0.574951
vt 0.100342 0.553711
vt 0.131348 0.578613
vt 0.147583 0.607666
vt 0.146973 0.579590
vt 0.144531 0.662354
vt 0.164062 0.637939
vt 0.143433 0.679199
vt 0.163086 0.664795
vt 0.142944 0.687256
vt 0.162476 0.688721
vt 0.143433 0.694580
vt 0.144043 0.708984
vt 0.146362 0.732422
vt 0.162598 0.710938
vt 0.148315 0.755981
vt 0.163452 0.734375
vt 0.149292 0.781982
vt 0.164673 0.758179
vt 0.150391 0.809692
vt 0.165771 0.783691
vt 0.150757 0.838257
vt 0.166626 0.810913
vt 0.149536 0.869629
vt 0.166382 0.840088
vt 0.181763 0.786255
vt 0.182129 0.813721
vt 0.165405 0.871216
vt 0.181885 0.843506
vt 0.148804 0.890015
vt 0.198364 0.817383
vt 0.181152 0.874634
vt 0.180908 0.761108
vt 0.198242 0.789307
vt 0.179688 0.737305
vt 0.197632 0.765015
vt 0.178833 0.713623
vt 0.197632 0.741211
vt 0.178833 0.690430
vt 0.197998 0.717285
vt 0.179932 0.666992
vt 0.198730 0.693115
vt 0.181763 0.639404
vt 0.215210 0.744141
vt 0.215332 0.768188
vt 0.215820 0.791870
vt 0.216431 0.819946
vt 0.198486 0.848267
vt 0.199097 0.879761
vt 0.196899 0.899658
vt 0.180420 0.894287
vt 0.164551 0.891785
vt 0.148682 0.910156
vt 0.132935 0.911194
vt 0.149414 0.927368
vt 0.137817 0.926880
vt 0.128784 0.924683
vt 0.551270 0.825562
vt 0.533691 0.832031
vt 0.558594 0.832031
vt 0.545410 0.816895
vt 0.527832 0.823364
vt 0.541992 0.810425
vt 0.507324 0.832031
vt 0.524414 0.814697
vt 0.541992 0.802124
vt 0.508301 0.817505
vt 0.500488 0.832031
vt 0.500488 0.819092
vt 0.524414 0.804932
vt 0.541016 0.791870
vt 0.510742 0.804688
vt 0.500488 0.804077
vt 0.500488 0.790405
vt 0.525391 0.795532
vt 0.541016 0.785400
vt 0.513672 0.791992
vt 0.524902 0.789307
vt 0.540039 0.776489
vt 0.512207 0.779053
vt 0.500488 0.777832
vt 0.523926 0.780029
vt 0.538086 0.770020
vt 0.512207 0.767212
vt 0.523926 0.769897
vt 0.535645 0.757935
vt 0.500488 0.765503
vt 0.523438 0.759033
vt 0.534180 0.745117
vt 0.513184 0.754395
vt 0.500488 0.753052
vt 0.522461 0.750610
vt 0.531250 0.735840
vt 0.510254 0.740479
vt 0.500488 0.740479
vt 0.520508 0.738770
vt 0.509277 0.728760
vt 0.500488 0.728760
vt 0.519531 0.728271
vt 0.528809 0.727295
vt 0.509277 0.718018
vt 0.500488 0.717773
vt 0.519043 0.718750
vt 0.528320 0.720703
vt 0.509766 0.707764
vt 0.500488 0.707275
vt 0.500488 0.696533
vt 0.519531 0.708984
vt 0.527832 0.711426
vt 0.510742 0.696777
vt 0.500488 0.685059
vt 0.520996 0.698486
vt 0.530273 0.700684
vt 0.511719 0.685303
vt 0.500488 0.673096
vt 0.523926 0.686035
vt 0.539551 0.689453
vt 0.512695 0.673096
vt 0.525391 0.671631
vt 0.540527 0.671875
vt 0.551758 0.680908
vt 0.525391 0.659180
vt 0.512207 0.660645
vt 0.500488 0.661133
vt 0.553223 0.671875
vt 0.557617 0.673828
vt 0.551758 0.665039
vt 0.540039 0.655029
vt 0.525879 0.641113
vt 0.520020 0.646484
vt 0.517090 0.638672
vt 0.510254 0.648682
vt 0.500488 0.649414
vt 0.522949 0.631348
vt 0.508301 0.638428
vt 0.500488 0.638184
vt 0.515625 0.629150
vt 0.507812 0.628174
vt 0.500488 0.627197
vt 0.500488 0.616455
vt 0.507324 0.617432
vt 0.500488 0.605225
vt 0.514648 0.618408
vt 0.522461 0.619629
vt 0.507324 0.606201
vt 0.500488 0.593994
vt 0.506836 0.594482
vt 0.514648 0.606934
vt 0.522461 0.607178
vt 0.514648 0.595215
vt 0.522461 0.595703
vt 0.700684 0.163574
vt 0.687500 0.167969
vt 0.699707 0.168945
vt 0.687500 0.165039
vt 0.687500 0.154785
vt 0.702637 0.154297
vt 0.693848 0.150391
vt 0.701660 0.150391
vt 0.687500 0.150391
vt 0.982422 0.030273
vt 0.971191 0.027344
vt 0.971680 0.029785
vt 0.982910 0.027832
vt 0.981934 0.019531
vt 0.969238 0.019043
vt 0.981445 0.013672
vt 0.968262 0.012695
vt 0.976562 0.010742
vt 0.967773 0.010742
vt 0.986328 0.010742
vt 0.805176 0.408203
vt 0.808105 0.403320
vt 0.805176 0.405273
vt 0.810547 0.403809
vt 0.812500 0.405273
vt 0.805664 0.410156
vt 0.817871 0.410645
vt 0.810547 0.416504
vt 0.822266 0.416504
vt 0.814941 0.422363
vt 0.817871 0.423828
vt 0.823242 0.418457
vt 0.823242 0.421387
vt 0.819824 0.424316
vt 0.339355 0.928894
vt 0.327393 0.928894
vt 0.337646 0.956543
vt 0.351318 0.928894
vt 0.349609 0.957458
vt 0.363037 0.928894
vt 0.345459 0.990608
vt 0.361572 0.958344
vt 0.374023 0.928894
vt 0.358154 0.990608
vt 0.373535 0.958649
vt 0.384521 0.928894
vt 0.370850 0.990608
vt 0.384766 0.958618
vt 0.394775 0.928894
vt 0.382812 0.990608
vt 0.395264 0.958466
vt 0.393799 0.990608
vt 0.405029 0.928894
vt 0.404541 0.990608
vt 0.405762 0.958374
vt 0.415771 0.928894
vt 0.416504 0.958344
vt 0.415527 0.990608
vt 0.427246 0.928894
vt 0.427979 0.958313
vt 0.427002 0.990608
vt 0.439941 0.958313
vt 0.438965 0.990608
vt 0.439209 0.928894
vt 0.450928 0.990608
vt 0.452148 0.958191
vt 0.451904 0.928894
vt 0.462646 0.990608
vt 0.464355 0.958130
vt 0.464600 0.928894
vt 0.473877 0.990608
vt 0.476074 0.958099
vt 0.477783 0.928894
vt 0.484863 0.990608
vt 0.488037 0.958099
vt 0.490479 0.928894
vt 0.502930 0.928894
vt 0.499512 0.958099
vt 0.495850 0.990608
vt 0.514648 0.928894
vt 0.510742 0.958069
vt 0.525879 0.928894
vt 0.506836 0.990608
vt 0.521973 0.957977
vt 0.518555 0.990608
vt 0.088013 0.580811
vt 0.066895 0.563477
vt 0.088013 0.564453
vt 0.067322 0.580566
vt 0.088013 0.599365
vt 0.050507 0.562500
vt 0.067139 0.599121
vt 0.088013 0.620117
vt 0.050903 0.579834
vt 0.067566 0.619141
vt 0.088013 0.644043
vt 0.051392 0.597900
vt 0.051880 0.617432
vt 0.069946 0.640869
vt 0.088013 0.663086
vt 0.037628 0.614990
vt 0.072205 0.660645
vt 0.088013 0.677734
vt 0.054901 0.638672
vt 0.073059 0.677734
vt 0.057190 0.659912
vt 0.073425 0.691162
vt 0.088013 0.691650
vt 0.057526 0.678467
vt 0.038208 0.635742
vt 0.039673 0.657715
vt 0.022842 0.612305
vt 0.022842 0.632324
vt 0.022842 0.593750
vt 0.022842 0.654785
vt 0.036804 0.595947
vt 0.022842 0.576416
vt 0.036438 0.578125
vt 0.036652 0.561279
vt 0.022842 0.560059
vt 0.039429 0.680176
vt 0.022842 0.680420
vt 0.022842 0.708496
vt 0.058167 0.693115
vt 0.038879 0.706543
vt 0.073608 0.702637
vt 0.088013 0.701660
vt 0.057983 0.704834
vt 0.074280 0.714111
vt 0.088013 0.710449
vt 0.088013 0.722412
vt 0.057526 0.718262
vt 0.076111 0.725830
vt 0.088013 0.736328
vt 0.039246 0.734131
vt 0.022842 0.738525
vt 0.058655 0.730225
vt 0.079651 0.737793
vt 0.088013 0.748779
vt 0.058990 0.743408
vt 0.077637 0.752197
vt 0.088013 0.762939
vt 0.039520 0.761719
vt 0.022842 0.765869
vt 0.022842 0.792480
vt 0.059601 0.757324
vt 0.075806 0.766846
vt 0.059937 0.770630
vt 0.039093 0.788696
vt 0.074402 0.783325
vt 0.088013 0.781494
vt 0.088013 0.796143
vt 0.058075 0.786133
vt 0.073486 0.798950
vt 0.088013 0.815918
vt 0.056824 0.799316
vt 0.038757 0.817017
vt 0.022842 0.818726
vt 0.055206 0.818115
vt 0.071838 0.817871
vt 0.088013 0.837158
vt 0.037903 0.838867
vt 0.022842 0.841919
vt 0.053680 0.839111
vt 0.037170 0.861206
vt 0.022842 0.862793
vt 0.070618 0.838623
vt 0.037811 0.882812
vt 0.022842 0.882812
vt 0.053070 0.860962
vt 0.055695 0.882812
vt 0.069885 0.861084
vt 0.088013 0.861816
vt 0.072815 0.882812
vt 0.088013 0.882812
vt 0.122803 0.061523
vt 0.130737 0.061523
vt 0.130981 0.064453
vt 0.121399 0.075195
vt 0.105713 0.058594
vt 0.131836 0.077148
vt 0.106201 0.072754
vt 0.121094 0.088867
vt 0.131836 0.092285
vt 0.089722 0.056152
vt 0.120483 0.114258
vt 0.131836 0.115234
vt 0.079224 0.071289
vt 0.079651 0.056152
vt 0.090576 0.071289
vt 0.079224 0.086426
vt 0.105896 0.087402
vt 0.090759 0.085938
vt 0.090027 0.111816
vt 0.079224 0.112793
vt 0.105042 0.112793
vt 0.089966 0.128418
vt 0.079224 0.129395
vt 0.079224 0.137207
vt 0.104858 0.128418
vt 0.090759 0.136230
vt 0.091003 0.145508
vt 0.079224 0.149414
vt 0.105347 0.135254
vt 0.120117 0.129883
vt 0.131836 0.131348
vt 0.131836 0.138672
vt 0.120361 0.137207
vt 0.131836 0.149902
vt 0.105469 0.143066
vt 0.120483 0.145508
vt 0.120850 0.161621
vt 0.131836 0.168457
vt 0.105408 0.158203
vt 0.122009 0.176758
vt 0.131836 0.184570
vt 0.105896 0.173828
vt 0.090271 0.161621
vt 0.079224 0.168945
vt 0.089844 0.176758
vt 0.079834 0.188965
vt 0.105286 0.186035
vt 0.121216 0.187988
vt 0.130737 0.194824
vt 0.089661 0.188477
vt 0.120850 0.202148
vt 0.124878 0.204590
vt 0.117798 0.211426
vt 0.114746 0.200684
vt 0.111755 0.208984
vt 0.109863 0.213867
vt 0.103455 0.200195
vt 0.101990 0.208984
vt 0.101257 0.213867
vt 0.093140 0.212402
vt 0.092712 0.198730
vt 0.092590 0.207520
vt 0.086304 0.208496
vt 0.086914 0.200195
vt 0.081421 0.201172
vt 0.932617 0.949554
vt 0.920410 0.959656
vt 0.932617 0.957733
vt 0.917969 0.949463
vt 0.908203 0.964081
vt 0.932617 0.940887
vt 0.904297 0.953094
vt 0.894531 0.968628
vt 0.916504 0.940094
vt 0.889160 0.956879
vt 0.878418 0.972900
vt 0.901855 0.941284
vt 0.871582 0.960846
vt 0.866211 0.974136
vt 0.886230 0.943848
vt 0.853027 0.964233
vt 0.858398 0.977051
vt 0.842773 0.980377
vt 0.865723 0.951385
vt 0.833496 0.965637
vt 0.826660 0.983078
vt 0.848145 0.954773
vt 0.821289 0.968536
vt 0.812012 0.986313
vt 0.829102 0.956879
vt 0.805176 0.971771
vt 0.808105 0.987259
vt 0.825684 0.957611
vt 0.801270 0.973190
vt 0.804199 0.988945
vt 0.811523 0.960907
vt 0.797852 0.974731
vt 0.791504 0.991699
vt 0.800781 0.963501
vt 0.796875 0.963654
vt 0.785156 0.979691
vt 0.782227 0.981491
vt 0.788574 0.993557
vt 0.792969 0.964661
vt 0.780762 0.972351
vt 0.778320 0.973831
vt 0.772949 0.963501
vt 0.775879 0.962158
vt 0.768555 0.951996
vt 0.790039 0.958618
vt 0.770996 0.950439
vt 0.764160 0.936401
vt 0.787598 0.953247
vt 0.795410 0.959961
vt 0.791504 0.951874
vt 0.799316 0.959930
vt 0.793945 0.957092
vt 0.797852 0.957062
vt 0.795410 0.950867
vt 0.789062 0.944092
vt 0.784668 0.944946
vt 0.792969 0.943542
vt 0.768555 0.935181
vt 0.785156 0.931519
vt 0.781250 0.933594
vt 0.766602 0.920715
vt 0.761719 0.921753
vt 0.778809 0.919678
vt 0.765625 0.911438
vt 0.760254 0.913635
vt 0.782715 0.917969
vt 0.777832 0.902771
vt 0.764648 0.890442
vt 0.768555 0.890259
vt 0.780762 0.900757
vt 0.779297 0.886292
vt 0.783203 0.860840
vt 0.783203 0.884888
vt 0.785156 0.901611
vt 0.772461 0.860718
vt 0.786133 0.918396
vt 0.787598 0.886475
vt 0.788574 0.930725
vt 0.798828 0.914917
vt 0.803711 0.939880
vt 0.800293 0.926575
vt 0.806641 0.947998
vt 0.814453 0.936279
vt 0.809082 0.954376
vt 0.816406 0.943726
vt 0.817383 0.952118
vt 0.811035 0.956787
vt 0.817871 0.959473
vt 0.818359 0.954926
vt 0.824219 0.953522
vt 0.822266 0.950653
vt 0.827637 0.949890
vt 0.824707 0.933472
vt 0.833984 0.949677
vt 0.812500 0.922058
vt 0.848633 0.947876
vt 0.813477 0.911987
vt 0.866211 0.944092
vt 0.848145 0.930359
vt 0.830078 0.931274
vt 0.825195 0.914734
vt 0.831055 0.914001
vt 0.799805 0.899902
vt 0.817871 0.895752
vt 0.805664 0.883423
vt 0.833496 0.894165
vt 0.826172 0.881592
vt 0.791504 0.862061
vt 0.809570 0.863403
vt 0.787109 0.860840
vt 0.811523 0.841431
vt 0.828613 0.862915
vt 0.795410 0.838135
vt 0.846680 0.881226
vt 0.830566 0.841187
vt 0.849121 0.886353
vt 0.849609 0.862061
vt 0.837891 0.895996
vt 0.858887 0.885559
vt 0.850098 0.912476
vt 0.855469 0.895020
vt 0.864746 0.928772
vt 0.867676 0.912476
vt 0.882324 0.937378
vt 0.882324 0.924805
vt 0.886719 0.927917
vt 0.883301 0.913574
vt 0.899902 0.928955
vt 0.889160 0.915161
vt 0.916992 0.929749
vt 0.932129 0.930969
vt 0.901855 0.916443
vt 0.916992 0.918457
vt 0.932129 0.920288
vt 0.891602 0.903137
vt 0.904785 0.905823
vt 0.918945 0.907471
vt 0.932129 0.908813
vt 0.932129 0.898193
vt 0.886230 0.901306
vt 0.919922 0.895630
vt 0.932617 0.889709
vt 0.871582 0.896179
vt 0.888672 0.893188
vt 0.874512 0.884460
vt 0.895020 0.890015
vt 0.860840 0.879211
vt 0.876953 0.877808
vt 0.865723 0.862061
vt 0.907715 0.893860
vt 0.911133 0.880188
vt 0.898926 0.873657
vt 0.922363 0.885559
vt 0.934082 0.882263
vt 0.925293 0.875977
vt 0.915527 0.868286
vt 0.882812 0.865234
vt 0.902344 0.858887
vt 0.921387 0.860718
vt 0.930176 0.869263
vt 0.936523 0.875000
vt 0.907227 0.848755
vt 0.937012 0.862915
vt 0.941406 0.868774
vt 0.947266 0.865112
vt 0.944336 0.853760
vt 0.928711 0.854004
vt 0.936035 0.840698
vt 0.913086 0.841309
vt 0.926270 0.832886
vt 0.887207 0.850952
vt 0.893066 0.835571
vt 0.921875 0.813721
vt 0.930664 0.821411
vt 0.931152 0.811157
vt 0.929688 0.797485
vt 0.899902 0.820557
vt 0.907715 0.802612
vt 0.917480 0.779297
vt 0.929199 0.778687
vt 0.919434 0.775391
vt 0.930664 0.774536
vt 0.907227 0.773560
vt 0.909180 0.769897
vt 0.895508 0.790894
vt 0.897461 0.765137
vt 0.887695 0.807373
vt 0.885742 0.782104
vt 0.899902 0.760986
vt 0.913086 0.766357
vt 0.876953 0.825684
vt 0.902832 0.756836
vt 0.919922 0.750854
vt 0.891113 0.759277
vt 0.892578 0.754150
vt 0.907715 0.744385
vt 0.894531 0.749268
vt 0.883301 0.752319
vt 0.917969 0.734375
vt 0.929199 0.744629
vt 0.929199 0.735596
vt 0.883789 0.746338
vt 0.925781 0.731201
vt 0.928711 0.728516
vt 0.917969 0.730469
vt 0.916504 0.726562
vt 0.908203 0.732910
vt 0.906738 0.728516
vt 0.896484 0.738770
vt 0.891602 0.729492
vt 0.884277 0.739990
vt 0.890137 0.725098
vt 0.879395 0.726562
vt 0.864746 0.745361
vt 0.905762 0.724365
vt 0.877441 0.721680
vt 0.888672 0.720947
vt 0.912109 0.717041
vt 0.900879 0.714355
vt 0.922852 0.718506
vt 0.922852 0.710205
vt 0.927734 0.699463
vt 0.911621 0.704590
vt 0.923340 0.702148
vt 0.922363 0.697510
vt 0.911621 0.694336
vt 0.898926 0.698730
vt 0.925781 0.695557
vt 0.936523 0.688721
vt 0.911621 0.685303
vt 0.914062 0.680908
vt 0.928223 0.674316
vt 0.896973 0.686035
vt 0.896484 0.674805
vt 0.910156 0.665771
vt 0.925293 0.666504
vt 0.920898 0.658936
vt 0.909668 0.654785
vt 0.895996 0.668701
vt 0.898926 0.660645
vt 0.901855 0.651367
vt 0.884766 0.653564
vt 0.893066 0.642822
vt 0.877441 0.639160
vt 0.885742 0.629639
vt 0.869629 0.653809
vt 0.867676 0.642578
vt 0.875488 0.664551
vt 0.877441 0.669434
vt 0.852051 0.652344
vt 0.854980 0.642090
vt 0.844727 0.639404
vt 0.852539 0.662598
vt 0.859375 0.667969
vt 0.881348 0.679932
vt 0.864258 0.677246
vt 0.884766 0.695068
vt 0.870117 0.693115
vt 0.856934 0.677002
vt 0.863770 0.694580
vt 0.876465 0.707764
vt 0.889648 0.711182
vt 0.875000 0.717773
vt 0.859375 0.694580
vt 0.856934 0.727295
vt 0.854004 0.677490
vt 0.864746 0.712158
vt 0.854980 0.724365
vt 0.858887 0.732422
vt 0.842773 0.732422
vt 0.844727 0.720459
vt 0.844238 0.736816
vt 0.858887 0.706299
vt 0.850098 0.748535
vt 0.854492 0.694336
vt 0.843262 0.713135
vt 0.848633 0.676025
vt 0.837402 0.692627
vt 0.821289 0.718750
vt 0.849121 0.662842
vt 0.833008 0.672852
vt 0.838867 0.648438
vt 0.846191 0.666016
vt 0.832520 0.656738
vt 0.827148 0.647949
vt 0.835449 0.635254
vt 0.832520 0.660645
vt 0.823730 0.639404
vt 0.828613 0.625488
vt 0.819336 0.629150
vt 0.812988 0.651367
vt 0.808594 0.639648
vt 0.808594 0.627930
vt 0.810547 0.645996
vt 0.799316 0.625000
vt 0.814453 0.656250
vt 0.787109 0.626709
vt 0.790039 0.614990
vt 0.814941 0.670166
vt 0.793457 0.636719
vt 0.779297 0.637207
vt 0.776855 0.629639
vt 0.794922 0.643799
vt 0.781738 0.643555
vt 0.767090 0.636230
vt 0.766602 0.629639
vt 0.756348 0.629150
vt 0.768066 0.643066
vt 0.754395 0.636963
vt 0.751953 0.644043
vt 0.768066 0.650146
vt 0.733398 0.646729
vt 0.749512 0.652100
vt 0.726074 0.658447
vt 0.703613 0.664795
vt 0.710449 0.666260
vt 0.698242 0.677246
vt 0.708496 0.683105
vt 0.717285 0.681152
vt 0.729980 0.662354
vt 0.717773 0.685059
vt 0.710449 0.697754
vt 0.734375 0.669678
vt 0.752930 0.655762
vt 0.753418 0.662598
vt 0.770020 0.653809
vt 0.770020 0.661865
vt 0.783203 0.650146
vt 0.784668 0.654297
vt 0.796387 0.649902
vt 0.798340 0.654541
vt 0.785156 0.663574
vt 0.799316 0.666504
vt 0.770020 0.670898
vt 0.783691 0.674805
vt 0.798828 0.682617
vt 0.753418 0.669434
vt 0.769531 0.684082
vt 0.781250 0.688965
vt 0.754395 0.682617
vt 0.735840 0.685547
vt 0.767090 0.692383
vt 0.718750 0.690918
vt 0.752930 0.689453
vt 0.736328 0.691650
vt 0.762207 0.714111
vt 0.748047 0.711182
vt 0.729492 0.713867
vt 0.711914 0.716064
vt 0.695312 0.700195
vt 0.741699 0.735107
vt 0.697754 0.718750
vt 0.680664 0.704834
vt 0.684082 0.722656
vt 0.725098 0.734619
vt 0.714844 0.735840
vt 0.700195 0.738037
vt 0.686523 0.741455
vt 0.719238 0.753662
vt 0.703125 0.758423
vt 0.689453 0.762207
vt 0.736328 0.755615
vt 0.703125 0.782837
vt 0.690430 0.785522
vt 0.717773 0.780273
vt 0.702637 0.806519
vt 0.689941 0.809448
vt 0.715332 0.805054
vt 0.733398 0.779907
vt 0.729492 0.805420
vt 0.711914 0.827759
vt 0.699219 0.828491
vt 0.687012 0.829224
vt 0.682129 0.848755
vt 0.724609 0.828979
vt 0.695312 0.851196
vt 0.674805 0.866699
vt 0.708008 0.853027
vt 0.689941 0.873413
vt 0.672852 0.893799
vt 0.721191 0.855713
vt 0.687500 0.897522
vt 0.672363 0.914856
vt 0.703613 0.877136
vt 0.683594 0.921631
vt 0.670898 0.919434
vt 0.685547 0.917725
vt 0.696777 0.924622
vt 0.700684 0.901123
vt 0.698242 0.921509
vt 0.708984 0.927307
vt 0.712891 0.902893
vt 0.709961 0.923950
vt 0.719238 0.925415
vt 0.719727 0.929749
vt 0.716797 0.879272
vt 0.725098 0.904663
vt 0.737305 0.920532
vt 0.738770 0.923950
vt 0.729492 0.879883
vt 0.738281 0.903442
vt 0.751465 0.914185
vt 0.751465 0.917603
vt 0.734375 0.857056
vt 0.742188 0.879639
vt 0.751953 0.895996
vt 0.758789 0.911743
vt 0.760742 0.892029
vt 0.753418 0.878113
vt 0.748535 0.857300
vt 0.765625 0.859985
vt 0.738770 0.831543
vt 0.753418 0.833862
vt 0.743652 0.807129
vt 0.768066 0.836182
vt 0.748047 0.780396
vt 0.758789 0.809692
vt 0.751953 0.757690
vt 0.764160 0.783203
vt 0.757324 0.737305
vt 0.769531 0.762573
vt 0.772949 0.742188
vt 0.770996 0.815796
vt 0.780762 0.785767
vt 0.791016 0.747314
vt 0.772461 0.836182
vt 0.787598 0.769897
vt 0.775879 0.814941
vt 0.769043 0.860352
vt 0.775391 0.837524
vt 0.778809 0.816040
vt 0.787109 0.837036
vt 0.785645 0.787720
vt 0.791992 0.837769
vt 0.790039 0.817627
vt 0.788574 0.789185
vt 0.792480 0.773438
vt 0.794922 0.775635
vt 0.826172 0.737061
vt 0.824219 0.733887
vt 0.840332 0.729492
vt 0.820312 0.727783
vt 0.828613 0.741943
vt 0.832031 0.753906
vt 0.806152 0.783081
vt 0.851074 0.756104
vt 0.798828 0.796631
vt 0.833496 0.762085
vt 0.809082 0.787720
vt 0.802246 0.801147
vt 0.795410 0.817993
vt 0.799316 0.819702
vt 0.813965 0.789795
vt 0.806641 0.802734
vt 0.812012 0.819214
vt 0.829590 0.816895
vt 0.837402 0.765503
vt 0.845215 0.784668
vt 0.852539 0.841675
vt 0.854004 0.813477
vt 0.870605 0.845459
vt 0.872559 0.796265
vt 0.861328 0.778564
vt 0.876465 0.768555
vt 0.854492 0.759277
vt 0.865723 0.752197
vt 0.869141 0.756226
vt 0.870117 0.254883
vt 0.833008 0.254883
vt 0.833008 0.258789
vt 0.870117 0.258789
vt 0.903320 0.254883
vt 0.833008 0.270996
vt 0.903320 0.258789
vt 0.924805 0.254883
vt 0.924805 0.258789
vt 0.870117 0.270996
vt 0.870117 0.277344
vt 0.833008 0.277344
vt 0.903320 0.277344
vt 0.903320 0.270996
vt 0.924805 0.270996
vt 0.352295 0.511719
vt 0.341553 0.536621
vt 0.351807 0.536621
vt 0.361572 0.510986
vt 0.362549 0.491699
vt 0.363525 0.536621
vt 0.370850 0.488770
vt 0.372314 0.509766
vt 0.377686 0.536621
vt 0.380859 0.485840
vt 0.383789 0.509277
vt 0.391846 0.536621
vt 0.390137 0.483398
vt 0.395752 0.508057
vt 0.399414 0.481445
vt 0.409180 0.484375
vt 0.408203 0.509521
vt 0.406738 0.536621
vt 0.418213 0.487305
vt 0.420166 0.510742
vt 0.421875 0.536621
vt 0.427490 0.490234
vt 0.431152 0.512451
vt 0.436035 0.492676
vt 0.433594 0.536621
vt 0.440430 0.513672
vt 0.444824 0.536621
vt 0.658203 0.373047
vt 0.674316 0.359863
vt 0.656250 0.366211
vt 0.672363 0.372559
vt 0.659668 0.382324
vt 0.669922 0.386230
vt 0.651367 0.390137
vt 0.664551 0.399902
vt 0.645508 0.407715
vt 0.657227 0.415527
vt 0.643555 0.412109
vt 0.654297 0.419922
vt 0.656738 0.916443
vt 0.656738 0.912781
vt 0.640137 0.916321
vt 0.641602 0.912170
vt 0.624023 0.914307
vt 0.657715 0.893250
vt 0.623535 0.910034
vt 0.618652 0.912903
vt 0.620605 0.896301
vt 0.642090 0.893616
vt 0.625000 0.895020
vt 0.621582 0.875366
vt 0.626953 0.874390
vt 0.624512 0.850342
vt 0.642578 0.871460
vt 0.629395 0.849243
vt 0.632324 0.831543
vt 0.627930 0.828979
vt 0.627930 0.825073
vt 0.643555 0.847412
vt 0.657227 0.869751
vt 0.634766 0.819458
vt 0.629883 0.820679
vt 0.633789 0.803833
vt 0.671387 0.848022
vt 0.656738 0.847900
vt 0.673340 0.828857
vt 0.645508 0.830566
vt 0.658691 0.829468
vt 0.647949 0.815918
vt 0.638184 0.803345
vt 0.636719 0.788086
vt 0.659668 0.813232
vt 0.651855 0.798828
vt 0.641602 0.787598
vt 0.639160 0.763672
vt 0.675293 0.810669
vt 0.643066 0.763428
vt 0.638184 0.747070
vt 0.676758 0.788086
vt 0.638672 0.729492
vt 0.634277 0.730713
vt 0.663086 0.793091
vt 0.643066 0.746826
vt 0.653809 0.778809
vt 0.651367 0.739502
vt 0.644043 0.726074
vt 0.653809 0.756836
vt 0.664062 0.772095
vt 0.663574 0.750854
vt 0.661133 0.732422
vt 0.652344 0.717041
vt 0.677246 0.766113
vt 0.674805 0.745850
vt 0.669922 0.724854
vt 0.657227 0.711914
vt 0.665527 0.708252
vt 0.980957 0.127441
vt 0.986816 0.138184
vt 0.986816 0.126953
vt 0.980957 0.138672
vt 0.986816 0.148438
vt 0.965820 0.127930
vt 0.980957 0.149902
vt 0.986816 0.157227
vt 0.965820 0.139648
vt 0.962402 0.139648
vt 0.962402 0.127930
vt 0.962402 0.146973
vt 0.980957 0.162598
vt 0.986816 0.166016
vt 0.963867 0.150391
vt 0.964844 0.162109
vt 0.980469 0.173340
vt 0.986816 0.175293
vt 0.966309 0.173340
vt 0.981445 0.184570
vt 0.986816 0.185059
vt 0.986816 0.193359
vt 0.966309 0.184570
vt 0.981445 0.197266
vt 0.986816 0.201172
vt 0.965820 0.196777
vt 0.980469 0.208496
vt 0.986816 0.209961
vt 0.964844 0.209473
vt 0.947266 0.196289
vt 0.949707 0.183594
vt 0.950195 0.172363
vt 0.934570 0.182617
vt 0.950684 0.162598
vt 0.932617 0.169434
vt 0.930664 0.170410
vt 0.932617 0.183105
vt 0.947754 0.149414
vt 0.948242 0.144531
vt 0.928223 0.198730
vt 0.926758 0.196777
vt 0.942383 0.143555
vt 0.942383 0.139160
vt 0.937012 0.146973
vt 0.936523 0.149902
vt 0.928223 0.146973
vt 0.939941 0.159180
vt 0.927246 0.150391
vt 0.915527 0.146973
vt 0.927246 0.159180
vt 0.914062 0.150879
vt 0.897461 0.146973
vt 0.919922 0.166992
vt 0.919434 0.169434
vt 0.912598 0.173340
vt 0.912109 0.160645
vt 0.910645 0.171387
vt 0.903809 0.175293
vt 0.901855 0.173340
vt 0.894531 0.175781
vt 0.896973 0.160645
vt 0.891113 0.173340
vt 0.883789 0.175781
vt 0.882324 0.173340
vt 0.896484 0.150879
vt 0.886230 0.161133
vt 0.883789 0.150879
vt 0.884766 0.146973
vt 0.877930 0.164551
vt 0.874023 0.157715
vt 0.881348 0.146973
vt 0.871094 0.156250
vt 0.871094 0.170898
vt 0.864746 0.166992
vt 0.861328 0.165527
vt 0.878418 0.182129
vt 0.881348 0.183105
vt 0.879395 0.190918
vt 0.876953 0.191895
vt 0.866211 0.180664
vt 0.857422 0.178711
vt 0.853516 0.178223
vt 0.865723 0.192383
vt 0.856445 0.193848
vt 0.852051 0.194336
vt 0.855469 0.210449
vt 0.868164 0.201660
vt 0.859863 0.209961
vt 0.867188 0.225098
vt 0.870605 0.207520
vt 0.868652 0.219727
vt 0.875000 0.225098
vt 0.877441 0.210449
vt 0.875488 0.220703
vt 0.887207 0.222168
vt 0.888184 0.225098
vt 0.887695 0.213379
vt 0.884766 0.194336
vt 0.887207 0.192383
vt 0.899902 0.222656
vt 0.900879 0.225098
vt 0.895508 0.196777
vt 0.898438 0.194824
vt 0.900879 0.214355
vt 0.911621 0.222656
vt 0.913086 0.225098
vt 0.904785 0.200195
vt 0.906738 0.198730
vt 0.913574 0.203125
vt 0.914062 0.200684
vt 0.912109 0.214355
vt 0.925781 0.214844
vt 0.923828 0.222656
vt 0.923828 0.227051
vt 0.935059 0.210449
vt 0.933594 0.229004
vt 0.934082 0.232422
vt 0.941406 0.227539
vt 0.940918 0.232422
vt 0.951172 0.225098
vt 0.947754 0.208984
vt 0.950195 0.222168
vt 0.960938 0.227539
vt 0.964844 0.222656
vt 0.962891 0.237305
vt 0.965820 0.240234
vt 0.980469 0.223145
vt 0.986816 0.220215
vt 0.980957 0.240234
vt 0.986816 0.229004
vt 0.986816 0.236328
vt 0.986816 0.244141
vt 0.980469 0.254395
vt 0.986816 0.251953
vt 0.986816 0.262207
vt 0.962891 0.254883
vt 0.979980 0.268555
vt 0.966309 0.254883
vt 0.962891 0.268555
vt 0.986816 0.272949
vt 0.966309 0.269043
vt 0.962891 0.281738
vt 0.966309 0.281738
vt 0.980469 0.281738
vt 0.986816 0.281738
vt 0.962402 0.112793
vt 0.965332 0.112305
vt 0.962402 0.098633
vt 0.965820 0.098633
vt 0.986816 0.117676
vt 0.981445 0.112793
vt 0.980469 0.098633
vt 0.986816 0.108887
vt 0.986816 0.098633
vt 0.664551 0.135254
vt 0.654785 0.128418
vt 0.655273 0.135254
vt 0.669922 0.127930
vt 0.675293 0.135254
vt 0.655762 0.116211
vt 0.669922 0.113281
vt 0.655762 0.113281
vt 0.687012 0.126953
vt 0.686035 0.135254
vt 0.670410 0.116211
vt 0.684082 0.113281
vt 0.694824 0.135254
vt 0.686523 0.114746
vt 0.700195 0.127930
vt 0.703125 0.135254
vt 0.711914 0.135254
vt 0.700195 0.117188
vt 0.715332 0.127930
vt 0.721680 0.135254
vt 0.685059 0.107910
vt 0.682617 0.109375
vt 0.730469 0.128418
vt 0.731445 0.135254
vt 0.739746 0.135254
vt 0.715332 0.117188
vt 0.742188 0.128906
vt 0.748535 0.135254
vt 0.730469 0.117188
vt 0.715332 0.107422
vt 0.699219 0.106934
vt 0.730957 0.106445
vt 0.715332 0.097656
vt 0.694824 0.097168
vt 0.742676 0.117676
vt 0.733398 0.095215
vt 0.752930 0.128906
vt 0.759277 0.135254
vt 0.767090 0.128906
vt 0.771484 0.135254
vt 0.768066 0.118652
vt 0.753418 0.117676
vt 0.744629 0.103027
vt 0.755859 0.114746
vt 0.769043 0.114746
vt 0.754883 0.104980
vt 0.757324 0.105469
vt 0.758301 0.100098
vt 0.760742 0.101074
vt 0.760742 0.096680
vt 0.756836 0.095703
vt 0.760742 0.090820
vt 0.747559 0.091797
vt 0.757324 0.089844
vt 0.760742 0.082031
vt 0.756348 0.081543
vt 0.760742 0.071777
vt 0.732910 0.084473
vt 0.746582 0.082520
vt 0.756836 0.071777
vt 0.748535 0.073242
vt 0.756836 0.062012
vt 0.760742 0.061035
vt 0.748047 0.063965
vt 0.737793 0.072266
vt 0.731934 0.083008
vt 0.734863 0.072266
vt 0.732910 0.064453
vt 0.729492 0.062012
vt 0.727539 0.057129
vt 0.729492 0.055176
vt 0.724609 0.045898
vt 0.748535 0.050781
vt 0.756836 0.049316
vt 0.760742 0.048828
vt 0.748047 0.043457
vt 0.756836 0.030762
vt 0.760742 0.027832
vt 0.744141 0.033203
vt 0.726562 0.043945
vt 0.721680 0.035156
vt 0.750488 0.022461
vt 0.736328 0.028809
vt 0.751465 0.018555
vt 0.760742 0.023926
vt 0.740234 0.018066
vt 0.741211 0.013672
vt 0.723633 0.032227
vt 0.726074 0.023926
vt 0.727539 0.013672
vt 0.728027 0.008789
vt 0.712891 0.021484
vt 0.712891 0.011230
vt 0.713379 0.006348
vt 0.694336 0.010254
vt 0.694824 0.014648
vt 0.682129 0.015137
vt 0.712402 0.032715
vt 0.712402 0.035645
vt 0.703613 0.036621
vt 0.701172 0.034668
vt 0.700195 0.025391
vt 0.702148 0.048340
vt 0.689453 0.028809
vt 0.682617 0.020020
vt 0.669434 0.018555
vt 0.669434 0.022949
vt 0.673340 0.025391
vt 0.669434 0.038574
vt 0.685547 0.036133
vt 0.672852 0.040039
vt 0.669434 0.060059
vt 0.699707 0.050781
vt 0.700195 0.058105
vt 0.683105 0.046387
vt 0.672852 0.059570
vt 0.669434 0.076660
vt 0.682129 0.060547
vt 0.696777 0.063477
vt 0.697754 0.067383
vt 0.673340 0.076172
vt 0.669434 0.088379
vt 0.692871 0.075684
vt 0.694824 0.075195
vt 0.698730 0.084961
vt 0.697266 0.086914
vt 0.683594 0.077637
vt 0.673828 0.087891
vt 0.684570 0.089844
vt 0.672363 0.097168
vt 0.669434 0.100098
vt 0.675781 0.101074
vt 0.677246 0.098145
vt 0.681641 0.102539
vt 0.679688 0.104004
vt 0.714844 0.087891
vt 0.714355 0.085449
vt 0.646484 0.135254
vt 0.640625 0.127441
vt 0.637207 0.135254
vt 0.627441 0.135254
vt 0.627441 0.127441
vt 0.627441 0.116211
vt 0.639648 0.116211
vt 0.627441 0.113281
vt 0.640137 0.113281
vt 0.794434 0.150391
vt 0.787598 0.150391
vt 0.793457 0.157715
vt 0.782715 0.157227
vt 0.780273 0.150391
vt 0.792480 0.170898
vt 0.772461 0.150391
vt 0.779297 0.168945
vt 0.768555 0.155762
vt 0.764648 0.150391
vt 0.790527 0.189941
vt 0.753418 0.155762
vt 0.758301 0.150391
vt 0.750977 0.150391
vt 0.743164 0.150391
vt 0.764160 0.166992
vt 0.740234 0.154785
vt 0.734863 0.150391
vt 0.750000 0.166016
vt 0.772461 0.186523
vt 0.756836 0.180664
vt 0.729004 0.154785
vt 0.727051 0.150391
vt 0.737793 0.164062
vt 0.744629 0.178223
vt 0.717773 0.154785
vt 0.718750 0.150391
vt 0.709961 0.150391
vt 0.726074 0.162598
vt 0.714844 0.162598
vt 0.706055 0.169922
vt 0.716309 0.167969
vt 0.707520 0.172363
vt 0.731934 0.176758
vt 0.723633 0.173828
vt 0.712891 0.175781
vt 0.706055 0.176758
vt 0.728027 0.186523
vt 0.709473 0.180664
vt 0.704102 0.182129
vt 0.706055 0.188477
vt 0.719238 0.187988
vt 0.712402 0.188477
vt 0.708008 0.195801
vt 0.709473 0.198242
vt 0.703613 0.206055
vt 0.705078 0.208008
vt 0.700195 0.218262
vt 0.713867 0.201172
vt 0.702148 0.219727
vt 0.701660 0.233398
vt 0.709961 0.210449
vt 0.705078 0.239258
vt 0.702637 0.244141
vt 0.706543 0.223145
vt 0.708008 0.240234
vt 0.710449 0.244141
vt 0.712891 0.240723
vt 0.714844 0.244141
vt 0.710938 0.229980
vt 0.719238 0.240234
vt 0.721191 0.244141
vt 0.716797 0.232910
vt 0.714844 0.227539
vt 0.729004 0.240234
vt 0.730469 0.244141
vt 0.727539 0.233398
vt 0.725098 0.227539
vt 0.716797 0.226074
vt 0.725098 0.225098
vt 0.733398 0.225098
vt 0.734863 0.227051
vt 0.714844 0.219727
vt 0.717773 0.219238
vt 0.717285 0.212402
vt 0.720215 0.211426
vt 0.718750 0.205566
vt 0.721680 0.204590
vt 0.719727 0.197266
vt 0.722168 0.198242
vt 0.728516 0.189453
vt 0.740234 0.186523
vt 0.741211 0.185059
vt 0.752441 0.188477
vt 0.754395 0.187012
vt 0.752930 0.198730
vt 0.750488 0.197266
vt 0.747070 0.201660
vt 0.771484 0.201172
vt 0.791992 0.202637
vt 0.748047 0.203613
vt 0.742676 0.206543
vt 0.761230 0.208496
vt 0.743652 0.209473
vt 0.738281 0.213867
vt 0.777832 0.207520
vt 0.791504 0.206543
vt 0.781250 0.209473
vt 0.770996 0.211426
vt 0.773926 0.213867
vt 0.769043 0.218262
vt 0.771484 0.221191
vt 0.757324 0.214844
vt 0.740234 0.216797
vt 0.754395 0.223633
vt 0.764160 0.229980
vt 0.766602 0.234375
vt 0.763184 0.239746
vt 0.749512 0.232422
vt 0.754883 0.238281
vt 0.759277 0.244141
vt 0.754395 0.244141
vt 0.736328 0.233398
vt 0.740723 0.239746
vt 0.744141 0.244141
vt 0.839355 0.157227
vt 0.839355 0.150391
vt 0.832520 0.150391
vt 0.822754 0.159668
vt 0.823730 0.150391
vt 0.839355 0.168945
vt 0.814941 0.150391
vt 0.825195 0.178223
vt 0.839355 0.172363
vt 0.808594 0.159180
vt 0.807617 0.150391
vt 0.800781 0.150391
vt 0.807617 0.174316
vt 0.822266 0.176758
vt 0.806152 0.189453
vt 0.823242 0.191406
vt 0.827148 0.192871
vt 0.817383 0.203613
vt 0.819336 0.206543
vt 0.805176 0.206543
vt 0.805664 0.203613
vt 0.825195 0.010742
vt 0.835938 0.014160
vt 0.834473 0.010742
vt 0.817871 0.014648
vt 0.835449 0.023926
vt 0.815918 0.010742
vt 0.818359 0.023926
vt 0.834473 0.042969
vt 0.804199 0.015625
vt 0.805664 0.010742
vt 0.793945 0.010742
vt 0.804199 0.023438
vt 0.790527 0.014648
vt 0.782715 0.010742
vt 0.776855 0.013184
vt 0.777832 0.019531
vt 0.790527 0.020996
vt 0.778320 0.028320
vt 0.787598 0.030762
vt 0.786133 0.035156
vt 0.777344 0.031250
vt 0.805176 0.039551
vt 0.802734 0.041016
vt 0.818359 0.042480
vt 0.801758 0.052246
vt 0.798340 0.053223
vt 0.819824 0.060059
vt 0.835449 0.064453
vt 0.807129 0.078125
vt 0.803711 0.082520
vt 0.823730 0.081055
vt 0.823242 0.077148
vt 0.834961 0.079102
vt 0.834473 0.082031
vt 0.923828 0.645996
vt 0.912598 0.642578
vt 0.915527 0.635498
vt 0.905273 0.638184
vt 0.908691 0.628906
vt 0.898438 0.630127
vt 0.901367 0.623047
vt 0.890625 0.617188
vt 0.980469 0.319336
vt 0.988770 0.319336
vt 0.988770 0.317383
vt 0.980469 0.317383
vt 0.988770 0.313477
vt 0.972656 0.319336
vt 0.980469 0.313477
vt 0.988770 0.307617
vt 0.972656 0.317383
vt 0.964844 0.319336
vt 0.980469 0.307617
vt 0.988770 0.303711
vt 0.964844 0.317383
vt 0.956543 0.319336
vt 0.972656 0.313477
vt 0.972656 0.307617
vt 0.956543 0.317383
vt 0.947754 0.319336
vt 0.964844 0.313477
vt 0.947754 0.317383
vt 0.938965 0.319336
vt 0.956543 0.313477
vt 0.964844 0.307617
vt 0.956543 0.307617
vt 0.938965 0.317383
vt 0.930664 0.319336
vt 0.947754 0.313477
vt 0.947754 0.307617
vt 0.930664 0.317383
vt 0.938965 0.313477
vt 0.922852 0.317383
vt 0.922852 0.319336
vt 0.930664 0.313477
vt 0.938965 0.307617
vt 0.915039 0.317383
vt 0.915039 0.319336
vt 0.907227 0.317383
vt 0.907227 0.319336
vt 0.907227 0.313477
vt 0.922852 0.313477
vt 0.915039 0.313477
vt 0.915039 0.307617
vt 0.907227 0.307617
vt 0.922852 0.307617
vt 0.907227 0.303711
vt 0.930664 0.307617
vt 0.915039 0.303711
vt 0.922852 0.303711
vt 0.915039 0.298340
vt 0.907227 0.298340
vt 0.907227 0.289551
vt 0.915039 0.289551
vt 0.922852 0.298340
vt 0.922852 0.289551
vt 0.930664 0.289551
vt 0.930664 0.298340
vt 0.938965 0.289551
vt 0.930664 0.303711
vt 0.938965 0.298340
vt 0.947754 0.289551
vt 0.938965 0.303711
vt 0.947754 0.298340
vt 0.956543 0.289551
vt 0.947754 0.303711
vt 0.956543 0.298340
vt 0.964844 0.289551
vt 0.956543 0.303711
vt 0.964844 0.298340
vt 0.972656 0.289551
vt 0.964844 0.303711
vt 0.972656 0.303711
vt 0.972656 0.298340
vt 0.980469 0.303711
vt 0.980469 0.298340
vt 0.980469 0.289551
vt 0.988770 0.298340
vt 0.988770 0.289551
vt 0.736328 0.329590
vt 0.728027 0.329590
vt 0.728027 0.331543
vt 0.736328 0.331543
vt 0.745117 0.329590
vt 0.728027 0.334961
vt 0.745117 0.331543
vt 0.753418 0.329590
vt 0.736328 0.334961
vt 0.753418 0.331543
vt 0.761719 0.329590
vt 0.745117 0.334961
vt 0.753418 0.334961
vt 0.761719 0.331543
vt 0.770508 0.329590
vt 0.761719 0.334961
vt 0.770508 0.331543
vt 0.779297 0.329590
vt 0.770508 0.334961
vt 0.779297 0.331543
vt 0.788574 0.329590
vt 0.779297 0.334961
vt 0.788574 0.331543
vt 0.797852 0.329590
vt 0.788574 0.334961
vt 0.797852 0.331543
vt 0.806641 0.329590
vt 0.797852 0.334961
vt 0.788574 0.340332
vt 0.806641 0.331543
vt 0.779297 0.340332
vt 0.797852 0.340332
vt 0.779297 0.345215
vt 0.788574 0.345215
vt 0.770508 0.345215
vt 0.797852 0.345215
vt 0.770508 0.340332
vt 0.761719 0.345215
vt 0.761719 0.340332
vt 0.753418 0.340332
vt 0.753418 0.345215
vt 0.745117 0.340332
vt 0.745117 0.345215
vt 0.736328 0.340332
vt 0.736328 0.345215
vt 0.728027 0.340332
vt 0.728027 0.345215
vt 0.806641 0.340332
vt 0.806641 0.345215
vt 0.806641 0.334961
vt 0.814941 0.340332
vt 0.814941 0.345215
vt 0.822754 0.345215
vt 0.814941 0.334961
vt 0.822754 0.340332
vt 0.831055 0.345215
vt 0.814941 0.331543
vt 0.814941 0.329590
vt 0.822754 0.334961
vt 0.831055 0.340332
vt 0.839844 0.345215
vt 0.822754 0.331543
vt 0.822754 0.329590
vt 0.831055 0.334961
vt 0.831055 0.331543
vt 0.831055 0.329590
vt 0.839844 0.334961
vt 0.839844 0.340332
vt 0.849121 0.345215
vt 0.839844 0.331543
vt 0.839844 0.329590
vt 0.849121 0.334961
vt 0.849121 0.340332
vt 0.857910 0.345215
vt 0.849121 0.331543
vt 0.849121 0.329590
vt 0.857910 0.334961
vt 0.857910 0.340332
vt 0.866699 0.345215
vt 0.857910 0.331543
vt 0.857910 0.329590
vt 0.866699 0.334961
vt 0.866699 0.340332
vt 0.875488 0.345215
vt 0.866699 0.331543
vt 0.866699 0.329590
vt 0.875488 0.340332
vt 0.884277 0.345215
vt 0.875488 0.334961
vt 0.884277 0.340332
vt 0.892578 0.345215
vt 0.875488 0.331543
vt 0.875488 0.329590
vt 0.892578 0.340332
vt 0.899902 0.345215
vt 0.884277 0.334961
vt 0.884277 0.331543
vt 0.884277 0.329590
vt 0.892578 0.331543
vt 0.892578 0.329590
vt 0.892578 0.334961
vt 0.899902 0.331543
vt 0.899902 0.329590
vt 0.899902 0.340332
vt 0.899902 0.334961
vt 0.907227 0.331543
vt 0.907227 0.329590
vt 0.915039 0.329590
vt 0.907227 0.340332
vt 0.907227 0.345215
vt 0.907227 0.334961
vt 0.915039 0.331543
vt 0.923340 0.329590
vt 0.915039 0.340332
vt 0.915039 0.345215
vt 0.919434 0.345215
vt 0.915039 0.334961
vt 0.923340 0.340332
vt 0.923340 0.345215
vt 0.923340 0.331543
vt 0.923340 0.334961
vt 0.932129 0.331543
vt 0.932129 0.329590
vt 0.932129 0.334961
vt 0.932129 0.340332
vt 0.932129 0.345215
vt 0.941406 0.331543
vt 0.950684 0.329590
vt 0.941406 0.334961
vt 0.941406 0.340332
vt 0.941406 0.345215
vt 0.950684 0.334961
vt 0.950684 0.331543
vt 0.960938 0.329590
vt 0.950684 0.340332
vt 0.950684 0.345215
vt 0.960938 0.334961
vt 0.960938 0.331543
vt 0.970703 0.329590
vt 0.960938 0.340332
vt 0.960938 0.345215
vt 0.970703 0.334961
vt 0.970703 0.331543
vt 0.979492 0.329590
vt 0.970703 0.340332
vt 0.970703 0.345215
vt 0.979492 0.331543
vt 0.987793 0.329590
vt 0.987793 0.331543
vt 0.979492 0.334961
vt 0.987793 0.334961
vt 0.979492 0.340332
vt 0.987793 0.340332
vt 0.979492 0.345215
vt 0.987793 0.345215
vt 0.646484 0.329590
vt 0.637695 0.329590
vt 0.637695 0.331543
vt 0.646484 0.331543
vt 0.637695 0.334961
vt 0.647949 0.329102
vt 0.646484 0.334961
vt 0.637695 0.340332
vt 0.654297 0.331543
vt 0.657715 0.329590
vt 0.662598 0.329590
vt 0.646484 0.340332
vt 0.637695 0.345215
vt 0.646484 0.345215
vt 0.654297 0.345215
vt 0.654297 0.334961
vt 0.662598 0.331543
vt 0.671387 0.329590
vt 0.654297 0.340332
vt 0.662598 0.345215
vt 0.662598 0.334961
vt 0.662598 0.340332
vt 0.671387 0.340332
vt 0.671387 0.345215
vt 0.671387 0.331543
vt 0.671387 0.334961
vt 0.680176 0.340332
vt 0.680176 0.345215
vt 0.680176 0.331543
vt 0.680176 0.329590
vt 0.680176 0.334961
vt 0.689941 0.340332
vt 0.689941 0.345215
vt 0.689941 0.331543
vt 0.689941 0.329590
vt 0.689941 0.334961
vt 0.699707 0.340332
vt 0.699707 0.345215
vt 0.709473 0.345215
vt 0.699707 0.331543
vt 0.699707 0.329590
vt 0.699707 0.334961
vt 0.709473 0.340332
vt 0.718750 0.345215
vt 0.709473 0.331543
vt 0.709473 0.329590
vt 0.709473 0.334961
vt 0.718750 0.331543
vt 0.718750 0.329590
vt 0.718750 0.334961
vt 0.718750 0.340332
vt 0.732910 0.981491
vt 0.723633 0.990608
vt 0.732910 0.990608
vt 0.720703 0.967560
vt 0.732910 0.967560
vt 0.711426 0.990608
vt 0.708984 0.967560
vt 0.699219 0.990608
vt 0.696777 0.967560
vt 0.687012 0.990608
vt 0.684570 0.967560
vt 0.674316 0.990608
vt 0.671875 0.967560
vt 0.660156 0.990608
vt 0.659180 0.967560
vt 0.648438 0.990608
vt 0.646484 0.958862
vt 0.652344 0.959198
vt 0.637207 0.990608
vt 0.645996 0.948822
vt 0.635254 0.958679
vt 0.625977 0.990608
vt 0.634766 0.928894
vt 0.624512 0.958435
vt 0.624512 0.928894
vt 0.613770 0.958130
vt 0.613770 0.928894
vt 0.614746 0.990608
vt 0.603027 0.928894
vt 0.602539 0.958038
vt 0.603516 0.990608
vt 0.591309 0.928894
vt 0.591309 0.957977
vt 0.592285 0.990608
vt 0.579590 0.928894
vt 0.579590 0.957916
vt 0.580566 0.990608
vt 0.568359 0.928894
vt 0.567871 0.957886
vt 0.568359 0.990608
vt 0.557129 0.928894
vt 0.556152 0.957855
vt 0.555664 0.990608
vt 0.546875 0.928894
vt 0.544434 0.957855
vt 0.542480 0.990608
vt 0.536621 0.928894
vt 0.533203 0.957916
vt 0.530273 0.990608
vt 0.500488 0.582031
vt 0.507324 0.582275
vt 0.500488 0.569824
vt 0.508301 0.569336
vt 0.500488 0.557617
vt 0.515137 0.582275
vt 0.521973 0.582520
vt 0.522461 0.567627
vt 0.515625 0.568359
vt 0.508789 0.556396
vt 0.517578 0.554199
vt 0.524414 0.552734
vt 0.525391 0.548096
vt 0.509766 0.544922
vt 0.500488 0.545410
vt 0.518555 0.544189
vt 0.526367 0.543701
vt 0.511230 0.533936
vt 0.500488 0.533691
vt 0.500488 0.522461
vt 0.521484 0.533691
vt 0.530762 0.532471
vt 0.513184 0.519043
vt 0.500488 0.511963
vt 0.525391 0.520752
vt 0.535645 0.522705
vt 0.515625 0.505371
vt 0.500488 0.501221
vt 0.530273 0.508789
vt 0.543457 0.511475
vt 0.517090 0.496094
vt 0.500488 0.491699
vt 0.515625 0.491699
vt 0.532715 0.491699
vt 0.534180 0.498535
vt 0.549316 0.501465
vt 0.555176 0.491699
vt 0.637695 0.644043
vt 0.638672 0.656494
vt 0.639160 0.666748
vt 0.639160 0.675049
vt 0.639160 0.680420
vt 0.639160 0.686279
vt 0.639160 0.694092
vt 0.639160 0.702637
vt 0.572266 0.654541
vt 0.571777 0.645752
vt 0.571289 0.639160
vt 0.571289 0.632080
vt 0.571289 0.625977
vt 0.571289 0.615967
vt 0.572266 0.604248
vt 0.573242 0.591797
vt 0.582031 0.689209
vt 0.581055 0.701172
vt 0.580566 0.710938
vt 0.581055 0.719238
vt 0.581543 0.724365
vt 0.581543 0.729980
vt 0.582031 0.737793
vt 0.583008 0.746338
vt 0.100342 0.510010
vt 0.100342 0.509277
vt 0.103088 0.509277
vt 0.105896 0.510010
vt 0.106934 0.509277
vt 0.111328 0.509277
vt 0.106262 0.512451
vt 0.100342 0.512451
vt 0.111450 0.510010
vt 0.115234 0.509277
vt 0.107483 0.527832
vt 0.100342 0.527832
vt 0.112122 0.512451
vt 0.119263 0.510010
vt 0.121094 0.509277
vt 0.126953 0.509277
vt 0.114685 0.528564
vt 0.126953 0.510010
vt 0.133789 0.509277
vt 0.119690 0.512451
vt 0.134399 0.510010
vt 0.136353 0.509277
vt 0.127197 0.512451
vt 0.121826 0.528809
vt 0.115173 0.553223
vt 0.129883 0.553467
vt 0.128906 0.529053
vt 0.134033 0.512451
vt 0.135742 0.529297
vt 0.143921 0.553711
vt 0.140991 0.512451
vt 0.142578 0.529541
vt 0.140625 0.510010
vt 0.140625 0.509277
vt 0.145020 0.509277
vt 0.149414 0.510010
vt 0.151489 0.509277
vt 0.149780 0.512451
vt 0.153198 0.529785
vt 0.158569 0.512451
vt 0.164917 0.554443
vt 0.163330 0.529785
vt 0.158203 0.510010
vt 0.158081 0.509277
vt 0.164673 0.509277
vt 0.173706 0.530029
vt 0.171509 0.512451
vt 0.171265 0.510010
vt 0.171265 0.509277
vt 0.177856 0.509277
vt 0.184326 0.530273
vt 0.184448 0.510010
vt 0.184448 0.509277
vt 0.184448 0.512451
vt 0.196533 0.510010
vt 0.193604 0.509277
vt 0.202637 0.509277
vt 0.196411 0.512451
vt 0.208618 0.510010
vt 0.208740 0.509277
vt 0.213013 0.509277
vt 0.195068 0.530518
vt 0.208252 0.512451
vt 0.217285 0.510010
vt 0.217285 0.509277
vt 0.223755 0.509277
vt 0.205322 0.530762
vt 0.225830 0.510010
vt 0.229736 0.509277
vt 0.216919 0.512451
vt 0.233643 0.510010
vt 0.235718 0.509277
vt 0.225586 0.512451
vt 0.241455 0.510010
vt 0.241577 0.509277
vt 0.233276 0.512451
vt 0.240967 0.512451
vt 0.249146 0.512451
vt 0.238159 0.531250
vt 0.247437 0.531250
vt 0.229736 0.531006
vt 0.256836 0.531006
vt 0.256836 0.512451
vt 0.222778 0.531006
vt 0.214233 0.530762
vt 0.203613 0.556152
vt 0.184448 0.555420
vt 0.184082 0.581787
vt 0.165527 0.580566
vt 0.183350 0.610596
vt 0.165283 0.608643
vt 0.256836 0.510010
vt 0.256836 0.509277
vt 0.261475 0.509277
vt 0.267090 0.512451
vt 0.267090 0.510010
vt 0.267334 0.509277
vt 0.277100 0.512451
vt 0.283203 0.509277
vt 0.185669 0.494141
vt 0.210083 0.484375
vt 0.209106 0.488281
vt 0.188110 0.481934
vt 0.181885 0.495117
vt 0.180542 0.481934
vt 0.199097 0.469238
vt 0.213745 0.463379
vt 0.188965 0.471680
vt 0.172729 0.496094
vt 0.192383 0.458984
vt 0.173584 0.482422
vt 0.189697 0.467285
vt 0.181274 0.472656
vt 0.182007 0.467773
vt 0.183960 0.459473
vt 0.195190 0.443359
vt 0.214844 0.445312
vt 0.214844 0.416504
vt 0.181763 0.443359
vt 0.176147 0.459961
vt 0.194824 0.418945
vt 0.193115 0.403809
vt 0.214844 0.394531
vt 0.181396 0.417480
vt 0.167725 0.459961
vt 0.168579 0.443359
vt 0.174561 0.468262
vt 0.166870 0.468262
vt 0.173950 0.473633
vt 0.166504 0.473633
vt 0.166016 0.482910
vt 0.165527 0.497070
vt 0.159302 0.468750
vt 0.158813 0.474121
vt 0.158203 0.482910
vt 0.158203 0.497070
vt 0.159058 0.460449
vt 0.151367 0.483398
vt 0.149536 0.497070
vt 0.145752 0.496094
vt 0.151123 0.473633
vt 0.142578 0.482910
vt 0.122925 0.489746
vt 0.122925 0.468750
vt 0.143677 0.470215
vt 0.152222 0.469238
vt 0.142700 0.459961
vt 0.122925 0.449219
vt 0.151733 0.460938
vt 0.141846 0.445801
vt 0.122925 0.416016
vt 0.155518 0.444336
vt 0.143799 0.417480
vt 0.144653 0.402344
vt 0.122925 0.392578
vt 0.155396 0.416504
vt 0.168213 0.416504
vt 0.155518 0.402832
vt 0.181152 0.403320
vt 0.167603 0.403809
vt 0.184692 0.396973
vt 0.176880 0.396973
vt 0.192383 0.396973
vt 0.192505 0.392578
vt 0.184570 0.392090
vt 0.192993 0.384766
vt 0.214844 0.384277
vt 0.214844 0.370117
vt 0.176636 0.391602
vt 0.184692 0.383789
vt 0.192993 0.369141
vt 0.168091 0.396484
vt 0.176636 0.382812
vt 0.159424 0.396484
vt 0.168091 0.391113
vt 0.168213 0.382812
vt 0.180054 0.369629
vt 0.168335 0.369629
vt 0.159912 0.382324
vt 0.159790 0.391113
vt 0.152222 0.390625
vt 0.152100 0.395996
vt 0.145020 0.395508
vt 0.144775 0.391113
vt 0.152344 0.382812
vt 0.144897 0.382812
vt 0.122925 0.381348
vt 0.156738 0.369141
vt 0.146362 0.367676
vt 0.122925 0.366211
vt 0.168823 0.357422
vt 0.157104 0.355469
vt 0.146240 0.352539
vt 0.134766 0.347168
vt 0.122925 0.344238
vt 0.153564 0.345215
vt 0.135132 0.336914
vt 0.130859 0.323242
vt 0.145264 0.344727
vt 0.141602 0.323730
vt 0.142334 0.310547
vt 0.145630 0.332031
vt 0.149780 0.314453
vt 0.149414 0.331543
vt 0.151855 0.320801
vt 0.158447 0.332520
vt 0.157593 0.311035
vt 0.149658 0.305176
vt 0.158447 0.301270
vt 0.160645 0.348145
vt 0.164062 0.308105
vt 0.170776 0.299805
vt 0.156982 0.315430
vt 0.171387 0.307129
vt 0.183960 0.300781
vt 0.164917 0.312988
vt 0.171021 0.312012
vt 0.178467 0.308105
vt 0.184326 0.311035
vt 0.193604 0.306152
vt 0.176514 0.312988
vt 0.192871 0.314941
vt 0.201294 0.312012
vt 0.183472 0.316406
vt 0.197021 0.321777
vt 0.209106 0.320801
vt 0.187866 0.322266
vt 0.204468 0.335938
vt 0.212891 0.331543
vt 0.214844 0.349121
vt 0.194580 0.333984
vt 0.204224 0.351074
vt 0.192505 0.343750
vt 0.193237 0.353516
vt 0.190063 0.332520
vt 0.185425 0.345703
vt 0.180542 0.355957
vt 0.180420 0.332520
vt 0.177490 0.348145
vt 0.168945 0.349121
vt 0.169434 0.333008
vt 0.161499 0.319824
vt 0.170288 0.319336
vt 0.178345 0.320312
vt 0.157227 0.317383
vt 0.182983 0.318359
vt 0.156494 0.316895
vt 0.184204 0.318359
vt 0.160034 0.315430
vt 0.180298 0.315918
vt 0.179321 0.316406
vt 0.175781 0.313965
vt 0.175293 0.314453
vt 0.170898 0.313965
vt 0.171021 0.313477
vt 0.166016 0.314453
vt 0.165649 0.313477
vt 0.160645 0.315918
vt 0.069824 0.054199
vt 0.071167 0.062988
vt 0.062408 0.060547
vt 0.062805 0.063965
vt 0.049133 0.063477
vt 0.067322 0.067871
vt 0.071960 0.068359
vt 0.049164 0.065918
vt 0.033936 0.063965
vt 0.062622 0.073730
vt 0.073425 0.081055
vt 0.033722 0.067871
vt 0.024124 0.062988
vt 0.024124 0.068359
vt 0.049469 0.074219
vt 0.034607 0.076172
vt 0.024124 0.076660
vt 0.049500 0.085449
vt 0.034851 0.086426
vt 0.024124 0.089355
vt 0.063538 0.084961
vt 0.073975 0.099121
vt 0.034637 0.100586
vt 0.024124 0.102539
vt 0.049500 0.100098
vt 0.034637 0.110352
vt 0.024124 0.110352
vt 0.024124 0.116699
vt 0.063843 0.098633
vt 0.063721 0.107910
vt 0.073975 0.107422
vt 0.049591 0.109863
vt 0.064026 0.119141
vt 0.073975 0.119629
vt 0.049561 0.119629
vt 0.034637 0.120605
vt 0.024124 0.126465
vt 0.049072 0.131836
vt 0.063843 0.132324
vt 0.073975 0.136719
vt 0.034149 0.135254
vt 0.024124 0.141113
vt 0.049225 0.142578
vt 0.064148 0.143066
vt 0.073975 0.147949
vt 0.033600 0.145996
vt 0.024124 0.153809
vt 0.063721 0.156250
vt 0.074158 0.160645
vt 0.049500 0.157227
vt 0.062103 0.169434
vt 0.070984 0.172363
vt 0.062134 0.180176
vt 0.050018 0.171387
vt 0.050018 0.183105
vt 0.038605 0.181641
vt 0.038696 0.172363
vt 0.030807 0.176758
vt 0.025864 0.167969
vt 0.034576 0.159180
vt 0.296631 0.481934
vt 0.325928 0.471191
vt 0.323730 0.485352
vt 0.302002 0.459961
vt 0.329834 0.444824
vt 0.292725 0.458008
vt 0.282227 0.477051
vt 0.302490 0.447266
vt 0.283936 0.458008
vt 0.273193 0.476562
vt 0.293213 0.446777
vt 0.303711 0.436035
vt 0.331299 0.426270
vt 0.293701 0.439453
vt 0.284180 0.447266
vt 0.274414 0.457520
vt 0.264648 0.458008
vt 0.264160 0.476562
vt 0.274902 0.447266
vt 0.256592 0.457520
vt 0.252197 0.479004
vt 0.265869 0.446777
vt 0.257568 0.446289
vt 0.246094 0.458008
vt 0.225220 0.477051
vt 0.223633 0.460449
vt 0.246582 0.446289
vt 0.223511 0.444336
vt 0.246826 0.437012
vt 0.223389 0.429199
vt 0.257812 0.438965
vt 0.245483 0.424316
vt 0.257324 0.432129
vt 0.266113 0.438965
vt 0.244873 0.409180
vt 0.223389 0.410156
vt 0.256348 0.422363
vt 0.265625 0.431641
vt 0.245117 0.387207
vt 0.223389 0.387207
vt 0.260986 0.407227
vt 0.264893 0.421387
vt 0.245972 0.368164
vt 0.223389 0.367188
vt 0.261230 0.385742
vt 0.247559 0.357422
vt 0.223389 0.356934
vt 0.260986 0.367188
vt 0.276123 0.385742
vt 0.257568 0.358398
vt 0.275879 0.367676
vt 0.247070 0.352539
vt 0.265869 0.358398
vt 0.257812 0.352539
vt 0.246826 0.345703
vt 0.223389 0.343750
vt 0.257568 0.345215
vt 0.266357 0.352539
vt 0.237915 0.325684
vt 0.223389 0.326660
vt 0.223389 0.309082
vt 0.249390 0.328125
vt 0.234863 0.305664
vt 0.223389 0.292969
vt 0.248535 0.311523
vt 0.233887 0.288086
vt 0.230957 0.270996
vt 0.246094 0.300293
vt 0.248413 0.269043
vt 0.239746 0.258789
vt 0.245605 0.286621
vt 0.254150 0.261719
vt 0.252197 0.250488
vt 0.253906 0.271973
vt 0.265137 0.255859
vt 0.264648 0.244141
vt 0.262207 0.261230
vt 0.270508 0.253906
vt 0.279785 0.242188
vt 0.271240 0.258301
vt 0.278076 0.252441
vt 0.277344 0.257324
vt 0.285156 0.252930
vt 0.293213 0.244629
vt 0.283203 0.257812
vt 0.291504 0.255371
vt 0.305664 0.247070
vt 0.301270 0.262207
vt 0.292969 0.261719
vt 0.307617 0.258789
vt 0.318359 0.256836
vt 0.303467 0.270020
vt 0.312012 0.269531
vt 0.327148 0.269531
vt 0.318848 0.287598
vt 0.331299 0.290527
vt 0.307617 0.285156
vt 0.320312 0.305664
vt 0.331299 0.309082
vt 0.306641 0.297363
vt 0.317383 0.325684
vt 0.331299 0.326660
vt 0.304932 0.312988
vt 0.297119 0.296387
vt 0.299561 0.274902
vt 0.300293 0.287109
vt 0.292480 0.264648
vt 0.295654 0.274902
vt 0.288574 0.261230
vt 0.291992 0.266113
vt 0.287598 0.262207
vt 0.282471 0.258301
vt 0.290527 0.272949
vt 0.281982 0.259277
vt 0.289062 0.289062
vt 0.283691 0.271484
vt 0.286865 0.301758
vt 0.274658 0.292480
vt 0.276123 0.270996
vt 0.277100 0.258301
vt 0.276855 0.258789
vt 0.271484 0.259277
vt 0.271729 0.259766
vt 0.269043 0.270996
vt 0.265869 0.261230
vt 0.267090 0.261719
vt 0.261963 0.263672
vt 0.262451 0.264160
vt 0.261719 0.271973
vt 0.250244 0.286621
vt 0.260254 0.289551
vt 0.254150 0.298340
vt 0.262207 0.303223
vt 0.261475 0.313965
vt 0.274414 0.304199
vt 0.275879 0.312988
vt 0.290771 0.312012
vt 0.276367 0.329102
vt 0.261475 0.329102
vt 0.291016 0.329102
vt 0.265869 0.344727
vt 0.276123 0.344238
vt 0.276123 0.353027
vt 0.286133 0.343750
vt 0.285645 0.353027
vt 0.275879 0.359375
vt 0.285889 0.358887
vt 0.294922 0.352539
vt 0.295410 0.344238
vt 0.290771 0.368164
vt 0.295166 0.358887
vt 0.304688 0.357422
vt 0.306396 0.368652
vt 0.291260 0.386230
vt 0.276611 0.406738
vt 0.307861 0.387207
vt 0.276123 0.421387
vt 0.292236 0.407715
vt 0.275635 0.431152
vt 0.287354 0.421875
vt 0.275391 0.438965
vt 0.285645 0.431641
vt 0.284668 0.439453
vt 0.295166 0.432129
vt 0.297119 0.422363
vt 0.307373 0.421875
vt 0.308594 0.407715
vt 0.331299 0.407715
vt 0.331299 0.387207
vt 0.331299 0.367676
vt 0.331299 0.355957
vt 0.304932 0.352051
vt 0.318115 0.344238
vt 0.331299 0.343262
vt 0.305420 0.343750
vt 0.305176 0.328125
vt 0.364502 0.471191
vt 0.342285 0.471191
vt 0.341064 0.464355
vt 0.364014 0.464355
vt 0.369629 0.472168
vt 0.364746 0.452148
vt 0.339600 0.442871
vt 0.370850 0.465332
vt 0.378418 0.472168
vt 0.378906 0.466797
vt 0.371826 0.459473
vt 0.380371 0.458984
vt 0.372559 0.452148
vt 0.364990 0.442383
vt 0.364014 0.431641
vt 0.339600 0.431152
vt 0.372559 0.442383
vt 0.363525 0.414062
vt 0.339600 0.416016
vt 0.339600 0.396484
vt 0.375977 0.430664
vt 0.381104 0.442383
vt 0.364014 0.395996
vt 0.339600 0.374023
vt 0.377197 0.412598
vt 0.380859 0.451660
vt 0.390869 0.442383
vt 0.390381 0.451660
vt 0.391357 0.429688
vt 0.400879 0.442383
vt 0.389648 0.458496
vt 0.392090 0.411133
vt 0.399902 0.452148
vt 0.388916 0.466309
vt 0.387939 0.472656
vt 0.399414 0.458984
vt 0.399170 0.466797
vt 0.398193 0.471680
vt 0.409180 0.452148
vt 0.408691 0.465820
vt 0.408936 0.471191
vt 0.417236 0.469238
vt 0.408936 0.458984
vt 0.418945 0.463867
vt 0.432373 0.465820
vt 0.418701 0.451660
vt 0.432617 0.462891
vt 0.445557 0.460449
vt 0.445557 0.450195
vt 0.410156 0.442871
vt 0.418701 0.442871
vt 0.445557 0.439941
vt 0.407227 0.429688
vt 0.422852 0.429688
vt 0.445557 0.426758
vt 0.407715 0.411133
vt 0.424316 0.411621
vt 0.445557 0.412109
vt 0.423828 0.395020
vt 0.445557 0.395508
vt 0.406982 0.394043
vt 0.422119 0.376465
vt 0.445557 0.375000
vt 0.392334 0.394043
vt 0.406982 0.375488
vt 0.419922 0.365234
vt 0.377930 0.394531
vt 0.411133 0.366699
vt 0.419678 0.359863
vt 0.445557 0.355469
vt 0.410645 0.360352
vt 0.402100 0.367188
vt 0.392334 0.375977
vt 0.401855 0.360840
vt 0.392334 0.367676
vt 0.377441 0.375977
vt 0.382812 0.367676
vt 0.392578 0.360840
vt 0.364990 0.376465
vt 0.374268 0.367676
vt 0.365967 0.366211
vt 0.365967 0.359863
vt 0.339600 0.354004
vt 0.383301 0.360840
vt 0.374756 0.360352
vt 0.366211 0.350586
vt 0.375000 0.351074
vt 0.383789 0.351074
vt 0.354004 0.338379
vt 0.339600 0.337402
vt 0.366699 0.335449
vt 0.379883 0.337891
vt 0.366699 0.319336
vt 0.352539 0.315918
vt 0.339600 0.312500
vt 0.393066 0.351074
vt 0.393555 0.338867
vt 0.402100 0.351074
vt 0.392822 0.325195
vt 0.410889 0.352051
vt 0.406738 0.338867
vt 0.419922 0.351562
vt 0.419678 0.337402
vt 0.432129 0.340332
vt 0.445557 0.340332
vt 0.405762 0.323242
vt 0.433838 0.319824
vt 0.445557 0.317871
vt 0.445557 0.304199
vt 0.425049 0.317383
vt 0.432617 0.300781
vt 0.438477 0.277344
vt 0.416992 0.321289
vt 0.428223 0.281250
vt 0.427002 0.262207
vt 0.423096 0.299316
vt 0.416260 0.309570
vt 0.417480 0.266602
vt 0.414062 0.252930
vt 0.417236 0.283203
vt 0.406982 0.260254
vt 0.400146 0.250000
vt 0.410156 0.271973
vt 0.414795 0.289551
vt 0.411621 0.277832
vt 0.401855 0.266602
vt 0.404053 0.271484
vt 0.409424 0.279297
vt 0.398438 0.257324
vt 0.411621 0.292480
vt 0.388428 0.256348
vt 0.387695 0.249512
vt 0.396729 0.264160
vt 0.378174 0.257812
vt 0.375244 0.252441
vt 0.389648 0.263184
vt 0.382812 0.264648
vt 0.371094 0.261719
vt 0.364502 0.256348
vt 0.378418 0.267090
vt 0.384521 0.269043
vt 0.363770 0.267578
vt 0.354004 0.263184
vt 0.371582 0.270996
vt 0.354736 0.280762
vt 0.343750 0.278809
vt 0.365723 0.281250
vt 0.377441 0.271973
vt 0.371826 0.280762
vt 0.364014 0.294922
vt 0.352295 0.299316
vt 0.339600 0.299805
vt 0.364258 0.306152
vt 0.369873 0.291992
vt 0.371582 0.300293
vt 0.376465 0.291992
vt 0.377686 0.304199
vt 0.380371 0.313477
vt 0.379639 0.323242
vt 0.392578 0.315918
vt 0.384277 0.307617
vt 0.405029 0.313477
vt 0.392578 0.308594
vt 0.400879 0.307617
vt 0.409912 0.303223
vt 0.392090 0.294922
vt 0.402588 0.293457
vt 0.403076 0.280762
vt 0.397705 0.279785
vt 0.384766 0.294434
vt 0.391357 0.279785
vt 0.385254 0.280273
vt 0.377930 0.280762
vt 0.385742 0.270508
vt 0.378174 0.273926
vt 0.381836 0.271973
vt 0.376953 0.273438
vt 0.380615 0.270996
vt 0.385254 0.269531
vt 0.390381 0.267578
vt 0.390625 0.268555
vt 0.396240 0.268066
vt 0.390381 0.269531
vt 0.395752 0.268555
vt 0.395264 0.269531
vt 0.401123 0.270996
vt 0.399902 0.271484
vt 0.405029 0.273926
vt 0.403564 0.274414
vt 0.258057 0.063965
vt 0.258057 0.071289
vt 0.251709 0.064941
vt 0.251221 0.076660
vt 0.258057 0.078125
vt 0.243286 0.075195
vt 0.243896 0.061523
vt 0.250977 0.086914
vt 0.258057 0.087402
vt 0.230835 0.060547
vt 0.250000 0.099121
vt 0.258057 0.098633
vt 0.242920 0.088379
vt 0.230591 0.074707
vt 0.230713 0.087402
vt 0.242798 0.108398
vt 0.230469 0.107910
vt 0.250732 0.111816
vt 0.258057 0.112305
vt 0.241577 0.130371
vt 0.229858 0.130371
vt 0.250244 0.129883
vt 0.258057 0.128418
vt 0.229614 0.144043
vt 0.250000 0.144043
vt 0.258057 0.143066
vt 0.258057 0.155273
vt 0.241333 0.144043
vt 0.249634 0.157227
vt 0.258057 0.174316
vt 0.241577 0.154785
vt 0.230103 0.154785
vt 0.241943 0.166016
vt 0.250000 0.170898
vt 0.219238 0.168457
vt 0.230225 0.166016
vt 0.242676 0.175781
vt 0.250244 0.181641
vt 0.258057 0.187012
vt 0.230957 0.176270
vt 0.243530 0.189453
vt 0.250732 0.194824
vt 0.257324 0.206543
vt 0.219238 0.178223
vt 0.231445 0.188965
vt 0.219482 0.190918
vt 0.243530 0.204590
vt 0.232056 0.205078
vt 0.220947 0.206055
vt 0.250000 0.206055
vt 0.242554 0.216797
vt 0.249634 0.217773
vt 0.253906 0.218262
vt 0.249146 0.228027
vt 0.242676 0.225586
vt 0.241943 0.231445
vt 0.232910 0.218750
vt 0.233521 0.227051
vt 0.234375 0.232910
vt 0.225464 0.232422
vt 0.222656 0.218262
vt 0.223511 0.226562
vt 0.602051 0.330078
vt 0.602051 0.361328
vt 0.605469 0.339844
vt 0.605469 0.330078
vt 0.609863 0.339844
vt 0.605469 0.319824
vt 0.602051 0.307129
vt 0.609863 0.330078
vt 0.624512 0.339844
vt 0.609863 0.319824
vt 0.627441 0.330078
vt 0.627441 0.339844
vt 0.624512 0.330078
vt 0.627441 0.319824
vt 0.624512 0.319824
vt 0.627441 0.307129
vt 0.609863 0.307129
vt 0.624512 0.307129
vt 0.605469 0.307129
vt 0.609863 0.292969
vt 0.624512 0.292969
vt 0.627441 0.292969
vt 0.627441 0.278320
vt 0.605469 0.292969
vt 0.624512 0.278320
vt 0.627441 0.267578
vt 0.609863 0.278320
vt 0.624512 0.267578
vt 0.627441 0.257324
vt 0.605469 0.278320
vt 0.602051 0.278320
vt 0.624512 0.246094
vt 0.627441 0.246094
vt 0.624512 0.257324
vt 0.609863 0.246094
vt 0.609863 0.267578
vt 0.609863 0.257324
vt 0.605469 0.267578
vt 0.605469 0.257324
vt 0.605469 0.246094
vt 0.602051 0.257324
vt 0.588379 0.254395
vt 0.591309 0.264160
vt 0.591309 0.254395
vt 0.588379 0.264160
vt 0.573242 0.254395
vt 0.588379 0.274414
vt 0.591309 0.274414
vt 0.573242 0.264160
vt 0.569336 0.264160
vt 0.569336 0.254395
vt 0.573242 0.274414
vt 0.588379 0.289062
vt 0.591309 0.289062
vt 0.591309 0.302734
vt 0.566406 0.274414
vt 0.566406 0.254395
vt 0.569336 0.274414
vt 0.566406 0.302734
vt 0.573242 0.289062
vt 0.588379 0.302734
vt 0.591309 0.315918
vt 0.569336 0.289062
vt 0.569336 0.302734
vt 0.573242 0.302734
vt 0.569336 0.315918
vt 0.566406 0.325684
vt 0.573242 0.315918
vt 0.588379 0.315918
vt 0.591309 0.325684
vt 0.569336 0.325684
vt 0.573242 0.325684
vt 0.569336 0.335449
vt 0.566406 0.355957
vt 0.573242 0.335449
vt 0.588379 0.335449
vt 0.591309 0.335449
vt 0.588379 0.325684
vt 0.517578 0.252930
vt 0.520020 0.262695
vt 0.520020 0.252930
vt 0.517578 0.262695
vt 0.503906 0.252930
vt 0.517578 0.272461
vt 0.520020 0.272461
vt 0.503906 0.262695
vt 0.500488 0.262695
vt 0.500488 0.252930
vt 0.503906 0.272461
vt 0.517578 0.286133
vt 0.520020 0.286133
vt 0.520020 0.299805
vt 0.498779 0.272461
vt 0.498779 0.252930
vt 0.500488 0.272461
vt 0.498779 0.299805
vt 0.503906 0.286133
vt 0.517578 0.299805
vt 0.520020 0.312500
vt 0.500488 0.286133
vt 0.503906 0.299805
vt 0.500488 0.299805
vt 0.498779 0.322754
vt 0.500488 0.312500
vt 0.503906 0.312500
vt 0.517578 0.312500
vt 0.520020 0.322754
vt 0.500488 0.322754
vt 0.498779 0.342285
vt 0.500488 0.332520
vt 0.503906 0.322754
vt 0.503906 0.332520
vt 0.517578 0.322754
vt 0.517578 0.332520
vt 0.520020 0.332520
vt 0.531738 0.268066
vt 0.534668 0.268066
vt 0.531738 0.280762
vt 0.547363 0.268066
vt 0.534668 0.280762
vt 0.550293 0.268066
vt 0.531738 0.293945
vt 0.547363 0.280762
vt 0.550293 0.280762
vt 0.556152 0.280762
vt 0.547363 0.293945
vt 0.550293 0.293945
vt 0.550293 0.307617
vt 0.556152 0.307617
vt 0.547363 0.307617
vt 0.534668 0.293945
vt 0.534668 0.307617
vt 0.531738 0.307617
vt 0.531738 0.319824
vt 0.547363 0.319824
vt 0.534668 0.319824
vt 0.531738 0.330566
vt 0.550293 0.319824
vt 0.534668 0.330566
vt 0.531738 0.340820
vt 0.534668 0.340820
vt 0.550293 0.330566
vt 0.556152 0.330566
vt 0.547363 0.330566
vt 0.547363 0.340820
vt 0.550293 0.340820
vt 0.556152 0.340820
vt 0.462646 0.248047
vt 0.462646 0.259766
vt 0.465576 0.248047
vt 0.465576 0.259766
vt 0.462646 0.270020
vt 0.480713 0.259766
vt 0.480713 0.248047
vt 0.465576 0.270020
vt 0.462646 0.280762
vt 0.483398 0.248047
vt 0.465576 0.280762
vt 0.462646 0.292969
vt 0.480713 0.270020
vt 0.483398 0.259766
vt 0.489014 0.259766
vt 0.489014 0.248047
vt 0.483398 0.270020
vt 0.489014 0.270020
vt 0.480713 0.280762
vt 0.483398 0.280762
vt 0.489014 0.292969
vt 0.465576 0.292969
vt 0.462646 0.306152
vt 0.483398 0.292969
vt 0.480713 0.292969
vt 0.465576 0.306152
vt 0.462646 0.318359
vt 0.480713 0.306152
vt 0.483398 0.306152
vt 0.489014 0.306152
vt 0.480713 0.318359
vt 0.483398 0.318359
vt 0.489014 0.330078
vt 0.465576 0.318359
vt 0.462646 0.330078
vt 0.483398 0.330078
vt 0.480713 0.330078
vt 0.483398 0.340332
vt 0.489014 0.350586
vt 0.465576 0.330078
vt 0.480713 0.340332
vt 0.465576 0.340332
vt 0.462646 0.340332
vt 0.465576 0.350586
vt 0.462646 0.350586
vt 0.483398 0.350586
vt 0.480713 0.350586
vt 0.465576 0.362305
vt 0.462646 0.362305
vt 0.480713 0.362305
vt 0.483398 0.362305
vt 0.489014 0.362305
vt 0.465576 0.375488
vt 0.462646 0.375488
vt 0.462646 0.387695
vt 0.483398 0.375488
vt 0.489014 0.375488
vt 0.480713 0.375488
vt 0.465576 0.387695
vt 0.462646 0.397949
vt 0.483398 0.387695
vt 0.480713 0.387695
vt 0.483398 0.397949
vt 0.489014 0.397949
vt 0.480713 0.397949
vt 0.465576 0.397949
vt 0.462646 0.410156
vt 0.480713 0.410156
vt 0.483398 0.410156
vt 0.489014 0.410156
vt 0.465576 0.410156
vt 0.465576 0.424316
vt 0.462646 0.424316
vt 0.462891 0.430664
vt 0.480713 0.424316
vt 0.483398 0.424316
vt 0.489014 0.424316
vt 0.465576 0.437500
vt 0.462646 0.437500
vt 0.462646 0.449707
vt 0.483398 0.437500
vt 0.489014 0.449707
vt 0.480713 0.437500
vt 0.465576 0.449707
vt 0.462646 0.459473
vt 0.465576 0.459473
vt 0.480713 0.459473
vt 0.480713 0.449707
vt 0.483398 0.449707
vt 0.483398 0.459473
vt 0.489014 0.459473
vt 0.462646 0.470703
vt 0.465576 0.470703
vt 0.462646 0.482910
vt 0.465576 0.482910
vt 0.480713 0.482910
vt 0.480713 0.470703
vt 0.483398 0.470703
vt 0.483398 0.482910
vt 0.489014 0.470703
vt 0.659668 0.149414
vt 0.659668 0.161621
vt 0.668945 0.149414
vt 0.673828 0.161621
vt 0.673828 0.149414
vt 0.668945 0.161621
vt 0.659668 0.175293
vt 0.673828 0.175293
vt 0.668945 0.175293
vt 0.659668 0.192383
vt 0.673828 0.192383
vt 0.668945 0.192383
vt 0.659668 0.209961
vt 0.673828 0.209961
vt 0.668945 0.209961
vt 0.659668 0.229004
vt 0.673828 0.229004
vt 0.668945 0.229004
vt 0.659668 0.247070
vt 0.673828 0.247070
vt 0.668945 0.247070
vt 0.659668 0.260742
vt 0.673828 0.260742
vt 0.668945 0.260742
vt 0.659668 0.273926
vt 0.673828 0.273926
vt 0.668945 0.273926
vt 0.815918 0.270020
vt 0.773438 0.275879
vt 0.815918 0.275879
vt 0.773438 0.270020
vt 0.723633 0.275879
vt 0.723633 0.270020
vt 0.773438 0.259277
vt 0.815918 0.259277
vt 0.815918 0.256348
vt 0.773438 0.256348
vt 0.723633 0.256348
vt 0.723633 0.259277
vt 0.706543 0.270020
vt 0.706543 0.259277
vt 0.706543 0.256348
vt 0.650391 0.270996
vt 0.650391 0.256836
vt 0.642578 0.270996
vt 0.642578 0.256836
vt 0.650391 0.240723
vt 0.638184 0.256836
vt 0.638184 0.270996
vt 0.642578 0.240723
vt 0.638184 0.240723
vt 0.642578 0.225098
vt 0.650391 0.225098
vt 0.638184 0.225098
vt 0.642578 0.208496
vt 0.650391 0.208496
vt 0.638184 0.208496
vt 0.650391 0.193359
vt 0.642578 0.193359
vt 0.638184 0.193359
vt 0.650391 0.177734
vt 0.642578 0.177734
vt 0.638184 0.177734
vt 0.650391 0.161133
vt 0.642578 0.161133
vt 0.638184 0.161133
vt 0.642578 0.146973
vt 0.650391 0.146973
vt 0.638184 0.146973
vt 0.954590 0.864258
vt 0.955566 0.855835
vt 0.965820 0.866455
vt 0.947266 0.840942
vt 0.968262 0.859863
vt 0.969238 0.867188
vt 0.971191 0.859863
vt 0.972168 0.849487
vt 0.969238 0.848999
vt 0.973633 0.833130
vt 0.958008 0.843994
vt 0.971191 0.833008
vt 0.974609 0.814453
vt 0.978516 0.814209
vt 0.960938 0.828613
vt 0.979492 0.796753
vt 0.983887 0.795898
vt 0.964844 0.811279
vt 0.950684 0.825806
vt 0.940430 0.824097
vt 0.953125 0.807739
vt 0.940918 0.808716
vt 0.958984 0.794189
vt 0.939453 0.794434
vt 0.950195 0.793579
vt 0.940430 0.777832
vt 0.941895 0.774048
vt 0.949707 0.780151
vt 0.951172 0.776123
vt 0.959961 0.781860
vt 0.961914 0.777588
vt 0.969727 0.778442
vt 0.968750 0.783203
vt 0.979980 0.779297
vt 0.968262 0.795532
vt 0.979980 0.784668
vt 0.985352 0.778809
vt 0.984863 0.784058
vt 0.957520 0.031738
vt 0.954102 0.029297
vt 0.952148 0.043945
vt 0.951172 0.019043
vt 0.958496 0.010742
vt 0.950195 0.013672
vt 0.948242 0.010742
vt 0.936523 0.015137
vt 0.937012 0.010742
vt 0.926758 0.010742
vt 0.937988 0.023926
vt 0.926758 0.015137
vt 0.916992 0.010742
vt 0.927246 0.025391
vt 0.940430 0.035156
vt 0.914551 0.016602
vt 0.908203 0.010742
vt 0.949219 0.044434
vt 0.898926 0.016113
vt 0.897461 0.010742
vt 0.886230 0.010742
vt 0.953125 0.052734
vt 0.958496 0.054688
vt 0.955078 0.059570
vt 0.945312 0.051758
vt 0.951660 0.058594
vt 0.948730 0.063965
vt 0.952148 0.066406
vt 0.940430 0.056641
vt 0.944336 0.072266
vt 0.946777 0.073730
vt 0.942383 0.083008
vt 0.929199 0.041992
vt 0.938965 0.083008
vt 0.938477 0.092773
vt 0.936523 0.069824
vt 0.935059 0.092285
vt 0.934570 0.104980
vt 0.931641 0.080078
vt 0.929688 0.060547
vt 0.917480 0.064453
vt 0.917480 0.047852
vt 0.914551 0.027344
vt 0.898926 0.044434
vt 0.898926 0.026367
vt 0.897949 0.062500
vt 0.915039 0.065918
vt 0.884766 0.024902
vt 0.896973 0.060547
vt 0.881836 0.063477
vt 0.879395 0.062012
vt 0.883301 0.043945
vt 0.884277 0.014648
vt 0.875977 0.010742
vt 0.874512 0.014160
vt 0.866699 0.010742
vt 0.874512 0.023438
vt 0.864746 0.014160
vt 0.855957 0.010742
vt 0.873535 0.042969
vt 0.852539 0.015137
vt 0.844727 0.010742
vt 0.852051 0.024902
vt 0.864258 0.022949
vt 0.850098 0.045898
vt 0.862793 0.041504
vt 0.847168 0.069824
vt 0.859863 0.056152
vt 0.873047 0.060547
vt 0.857422 0.072754
vt 0.842773 0.084473
vt 0.842285 0.087402
vt 0.854492 0.083008
vt 0.845215 0.090820
vt 0.843750 0.093750
vt 0.866211 0.084473
vt 0.845703 0.102539
vt 0.844238 0.105469
vt 0.852539 0.090820
vt 0.848145 0.113770
vt 0.847168 0.116699
vt 0.852539 0.101074
vt 0.865723 0.093262
vt 0.855469 0.108398
vt 0.858398 0.121582
vt 0.856934 0.124512
vt 0.867676 0.129395
vt 0.866211 0.100098
vt 0.864746 0.114746
vt 0.869141 0.126953
vt 0.879395 0.134277
vt 0.873535 0.108398
vt 0.881348 0.131348
vt 0.893066 0.134277
vt 0.874512 0.121582
vt 0.895020 0.130859
vt 0.904785 0.131348
vt 0.884766 0.124023
vt 0.881348 0.110352
vt 0.882812 0.099121
vt 0.884277 0.108398
vt 0.885742 0.099609
vt 0.885254 0.089844
vt 0.881836 0.090332
vt 0.883301 0.082520
vt 0.879883 0.081543
vt 0.880859 0.074707
vt 0.869629 0.074219
vt 0.878418 0.075195
vt 0.890625 0.111816
vt 0.890625 0.109375
vt 0.897461 0.109863
vt 0.898926 0.112305
vt 0.895020 0.125488
vt 0.900391 0.103027
vt 0.904297 0.123047
vt 0.906738 0.127930
vt 0.914551 0.129395
vt 0.916504 0.124512
vt 0.924316 0.127930
vt 0.925293 0.124023
vt 0.923828 0.120117
vt 0.912598 0.116211
vt 0.905762 0.113770
vt 0.931152 0.104004
vt 0.920410 0.108887
vt 0.909668 0.101074
vt 0.923340 0.099609
vt 0.927734 0.088379
vt 0.904785 0.096680
vt 0.905273 0.089844
vt 0.915039 0.093262
vt 0.909180 0.087891
vt 0.911133 0.082031
vt 0.920410 0.084473
vt 0.916992 0.077148
vt 0.915039 0.077148
vt 0.598633 0.912109
vt 0.592285 0.905457
vt 0.587891 0.912109
vt 0.583008 0.904907
vt 0.575684 0.912109
vt 0.589844 0.901428
vt 0.601074 0.906311
vt 0.590332 0.885986
vt 0.575195 0.905151
vt 0.583496 0.887634
vt 0.584473 0.875061
vt 0.583496 0.901184
vt 0.576172 0.875000
vt 0.580566 0.864990
vt 0.573730 0.870239
vt 0.572754 0.874878
vt 0.562500 0.873413
vt 0.571289 0.876221
vt 0.562500 0.869141
vt 0.574707 0.861084
vt 0.561523 0.861084
vt 0.549316 0.869019
vt 0.548340 0.861084
vt 0.549805 0.873291
vt 0.536621 0.869019
vt 0.535645 0.861084
vt 0.537109 0.873169
vt 0.562500 0.875122
vt 0.549805 0.875000
vt 0.524414 0.873169
vt 0.524414 0.869019
vt 0.523438 0.861084
vt 0.537109 0.875000
vt 0.512207 0.868896
vt 0.512207 0.861084
vt 0.512207 0.872925
vt 0.524902 0.875000
vt 0.496582 0.868042
vt 0.502441 0.861084
vt 0.496826 0.871582
vt 0.512207 0.874634
vt 0.496582 0.873535
vt 0.492676 0.871582
vt 0.512695 0.899170
vt 0.492188 0.868652
vt 0.491699 0.872925
vt 0.500000 0.899109
vt 0.490479 0.869141
vt 0.525391 0.899536
vt 0.500000 0.900940
vt 0.538086 0.899536
vt 0.512695 0.900940
vt 0.525391 0.901306
vt 0.550781 0.899719
vt 0.538086 0.901306
vt 0.562988 0.900024
vt 0.550293 0.901489
vt 0.525391 0.904968
vt 0.574219 0.900452
vt 0.538086 0.904785
vt 0.582031 0.900330
vt 0.574707 0.902039
vt 0.562988 0.901794
vt 0.562988 0.904968
vt 0.562988 0.912109
vt 0.550293 0.904785
vt 0.550293 0.912109
vt 0.537598 0.912109
vt 0.524414 0.912109
vt 0.512695 0.904663
vt 0.511719 0.912109
vt 0.500488 0.904846
vt 0.499756 0.912109
vt 0.488525 0.904968
vt 0.487793 0.912109
vt 0.488525 0.900940
vt 0.476807 0.905151
vt 0.476074 0.912109
vt 0.476807 0.901123
vt 0.488525 0.899109
vt 0.465088 0.905396
vt 0.464600 0.912109
vt 0.465088 0.901428
vt 0.453613 0.905701
vt 0.453125 0.912109
vt 0.453369 0.901978
vt 0.465088 0.899719
vt 0.453369 0.900330
vt 0.476807 0.899353
vt 0.450684 0.870850
vt 0.462646 0.870483
vt 0.474365 0.870117
vt 0.447266 0.901123
vt 0.449463 0.856812
vt 0.447510 0.902649
vt 0.439941 0.871460
vt 0.447998 0.906006
vt 0.445312 0.901672
vt 0.445801 0.903015
vt 0.444580 0.907349
vt 0.440674 0.912109
vt 0.442627 0.903992
vt 0.440186 0.909119
vt 0.437744 0.904663
vt 0.424316 0.880188
vt 0.441406 0.903015
vt 0.431396 0.871948
vt 0.427734 0.872681
vt 0.424072 0.873291
vt 0.418701 0.857666
vt 0.412354 0.845337
vt 0.422363 0.857300
vt 0.425293 0.845337
vt 0.427002 0.856934
vt 0.437256 0.845337
vt 0.437256 0.856445
vt 0.449463 0.845337
vt 0.461670 0.856689
vt 0.460938 0.845337
vt 0.472656 0.856567
vt 0.471436 0.845337
vt 0.485107 0.869751
vt 0.483398 0.856323
vt 0.481445 0.845337
vt 0.489502 0.855957
vt 0.491455 0.845337
vt 0.490234 0.855835
vt 0.493408 0.855103
vt 0.494141 0.845337
vt 0.497314 0.851562
vt 0.586426 0.815186
vt 0.586914 0.810425
vt 0.586914 0.803711
vt 0.586914 0.798706
vt 0.587402 0.793945
vt 0.587402 0.786133
vt 0.587402 0.777100
vt 0.586914 0.764893
vt 0.862305 0.289551
vt 0.862305 0.298340
vt 0.872070 0.289551
vt 0.872070 0.298340
vt 0.881348 0.289551
vt 0.862305 0.303711
vt 0.881348 0.298340
vt 0.890625 0.289551
vt 0.872070 0.303711
vt 0.881348 0.303711
vt 0.890625 0.298340
vt 0.898926 0.289551
vt 0.898926 0.298340
vt 0.890625 0.303711
vt 0.898926 0.303711
vt 0.898926 0.307617
vt 0.890625 0.307617
vt 0.898926 0.313477
vt 0.890625 0.313477
vt 0.898926 0.317383
vt 0.898926 0.319336
vt 0.890625 0.317383
vt 0.890625 0.319336
vt 0.881348 0.313477
vt 0.881348 0.317383
vt 0.881348 0.319336
vt 0.881348 0.307617
vt 0.872070 0.307617
vt 0.872070 0.313477
vt 0.872070 0.317383
vt 0.872070 0.319336
vt 0.862305 0.319336
vt 0.862305 0.307617
vt 0.862305 0.313477
vt 0.862305 0.317383
vt 0.853027 0.319336
vt 0.853027 0.307617
vt 0.853027 0.313477
vt 0.853027 0.317383
vt 0.843750 0.319336
vt 0.853027 0.303711
vt 0.843750 0.317383
vt 0.834961 0.319336
vt 0.843750 0.303711
vt 0.843750 0.307617
vt 0.843750 0.313477
vt 0.834961 0.307617
vt 0.834961 0.313477
vt 0.834961 0.317383
vt 0.826172 0.319336
vt 0.826172 0.313477
vt 0.826172 0.317383
vt 0.817871 0.319336
vt 0.826172 0.307617
vt 0.817871 0.317383
vt 0.817871 0.313477
vt 0.809570 0.317383
vt 0.809570 0.319336
vt 0.809570 0.313477
vt 0.801758 0.317383
vt 0.801758 0.319336
vt 0.817871 0.307617
vt 0.793457 0.317383
vt 0.793457 0.319336
vt 0.801758 0.313477
vt 0.809570 0.307617
vt 0.793457 0.313477
vt 0.801758 0.307617
vt 0.784668 0.317383
vt 0.784668 0.319336
vt 0.784668 0.313477
vt 0.793457 0.307617
vt 0.775391 0.317383
vt 0.775391 0.319336
vt 0.775391 0.313477
vt 0.784668 0.307617
vt 0.766113 0.317383
vt 0.766113 0.319336
vt 0.766113 0.313477
vt 0.756836 0.317383
vt 0.756836 0.319336
vt 0.756836 0.313477
vt 0.748047 0.317383
vt 0.748047 0.319336
vt 0.739746 0.319336
vt 0.739746 0.317383
vt 0.731445 0.319336
vt 0.748047 0.313477
vt 0.731445 0.317383
vt 0.723145 0.319336
vt 0.739746 0.313477
vt 0.723145 0.317383
vt 0.714355 0.319336
vt 0.731445 0.313477
vt 0.714355 0.317383
vt 0.705078 0.319336
vt 0.723145 0.313477
vt 0.705078 0.317383
vt 0.695801 0.319336
vt 0.714355 0.313477
vt 0.705078 0.313477
vt 0.695801 0.317383
vt 0.686523 0.319336
vt 0.695801 0.313477
vt 0.686523 0.317383
vt 0.676758 0.319336
vt 0.686523 0.313477
vt 0.676758 0.317383
vt 0.667480 0.319336
vt 0.676758 0.313477
vt 0.667480 0.317383
vt 0.658691 0.319336
vt 0.667480 0.313477
vt 0.658691 0.317383
vt 0.649902 0.319336
vt 0.658691 0.313477
vt 0.649902 0.317383
vt 0.641602 0.319336
vt 0.641602 0.317383
vt 0.641602 0.313477
vt 0.649902 0.313477
vt 0.649902 0.307617
vt 0.641602 0.307617
vt 0.658691 0.307617
vt 0.649902 0.303711
vt 0.641602 0.303711
vt 0.641602 0.298340
vt 0.658691 0.303711
vt 0.649902 0.298340
vt 0.641602 0.289551
vt 0.649902 0.289551
vt 0.658691 0.298340
vt 0.658691 0.289551
vt 0.667480 0.303711
vt 0.667480 0.298340
vt 0.667480 0.289551
vt 0.667480 0.307617
vt 0.676758 0.303711
vt 0.676758 0.298340
vt 0.676758 0.289551
vt 0.676758 0.307617
vt 0.686523 0.303711
vt 0.686523 0.298340
vt 0.686523 0.289551
vt 0.686523 0.307617
vt 0.695801 0.303711
vt 0.695801 0.298340
vt 0.695801 0.289551
vt 0.695801 0.307617
vt 0.705078 0.303711
vt 0.705078 0.298340
vt 0.705078 0.289551
vt 0.705078 0.307617
vt 0.714355 0.298340
vt 0.714355 0.289551
vt 0.723145 0.289551
vt 0.714355 0.303711
vt 0.714355 0.307617
vt 0.723145 0.298340
vt 0.731445 0.289551
vt 0.723145 0.303711
vt 0.731445 0.298340
vt 0.739746 0.289551
vt 0.723145 0.307617
vt 0.731445 0.303711
vt 0.739746 0.298340
vt 0.748047 0.289551
vt 0.731445 0.307617
vt 0.739746 0.303711
vt 0.739746 0.307617
vt 0.748047 0.298340
vt 0.748047 0.307617
vt 0.748047 0.303711
vt 0.756836 0.298340
vt 0.756836 0.289551
vt 0.756836 0.307617
vt 0.756836 0.303711
vt 0.766113 0.298340
vt 0.766113 0.289551
vt 0.766113 0.307617
vt 0.766113 0.303711
vt 0.775391 0.298340
vt 0.775391 0.289551
vt 0.775391 0.307617
vt 0.775391 0.303711
vt 0.784668 0.303711
vt 0.784668 0.298340
vt 0.784668 0.289551
vt 0.793457 0.303711
vt 0.793457 0.298340
vt 0.793457 0.289551
vt 0.801758 0.303711
vt 0.801758 0.298340
vt 0.801758 0.289551
vt 0.809570 0.303711
vt 0.809570 0.298340
vt 0.809570 0.289551
vt 0.817871 0.303711
vt 0.817871 0.298340
vt 0.817871 0.289551
vt 0.826172 0.303711
vt 0.826172 0.298340
vt 0.826172 0.289551
vt 0.834961 0.303711
vt 0.088013 0.549316
vt 0.067810 0.546631
vt 0.067566 0.528076
vt 0.088013 0.530273
vt 0.088013 0.508301
vt 0.070923 0.508301
vt 0.050415 0.508301
vt 0.050629 0.527344
vt 0.051025 0.545166
vt 0.035980 0.527100
vt 0.034210 0.508301
vt 0.022842 0.508301
vt 0.022842 0.527344
vt 0.022842 0.543701
vt 0.036560 0.544434
vt 0.039093 0.496582
vt 0.027161 0.492676
vt 0.027161 0.482422
vt 0.047485 0.480957
vt 0.047638 0.492676
vt 0.048737 0.496094
vt 0.055542 0.497070
vt 0.055939 0.490234
vt 0.063049 0.489258
vt 0.063660 0.497559
vt 0.056335 0.480469
vt 0.071167 0.487793
vt 0.071655 0.497070
vt 0.063477 0.479980
vt 0.056244 0.477051
vt 0.079285 0.486328
vt 0.079407 0.495605
vt 0.071289 0.479004
vt 0.063293 0.475586
vt 0.055511 0.472656
vt 0.045380 0.472656
vt 0.027161 0.471191
vt 0.044617 0.461914
vt 0.027161 0.455078
vt 0.057770 0.460449
vt 0.044128 0.437500
vt 0.027161 0.439453
vt 0.027161 0.428711
vt 0.062866 0.470703
vt 0.044281 0.425781
vt 0.027161 0.419922
vt 0.057648 0.435059
vt 0.070496 0.458008
vt 0.071045 0.469727
vt 0.071228 0.474121
vt 0.079407 0.468262
vt 0.079346 0.473145
vt 0.079285 0.477539
vt 0.087585 0.467285
vt 0.087280 0.471680
vt 0.087036 0.476074
vt 0.083923 0.456055
vt 0.095886 0.468262
vt 0.097229 0.455078
vt 0.083862 0.431152
vt 0.095154 0.474121
vt 0.115112 0.467773
vt 0.115112 0.450195
vt 0.113953 0.475098
vt 0.097534 0.430664
vt 0.115112 0.427734
vt 0.115112 0.416504
vt 0.094360 0.483887
vt 0.111755 0.486328
vt 0.093018 0.491211
vt 0.086731 0.484863
vt 0.087708 0.493652
vt 0.097290 0.417969
vt 0.096802 0.407227
vt 0.115112 0.399902
vt 0.084351 0.419434
vt 0.096252 0.399902
vt 0.115112 0.378906
vt 0.088562 0.411621
vt 0.088501 0.405762
vt 0.069885 0.432617
vt 0.080261 0.412598
vt 0.070862 0.420898
vt 0.058472 0.422852
vt 0.071411 0.413574
vt 0.062805 0.414551
vt 0.055298 0.416016
vt 0.044983 0.417480
vt 0.045135 0.413086
vt 0.055756 0.410156
vt 0.045715 0.406738
vt 0.027161 0.407227
vt 0.063416 0.409180
vt 0.056244 0.404785
vt 0.042206 0.387207
vt 0.027161 0.389648
vt 0.051025 0.394043
vt 0.041016 0.375977
vt 0.029648 0.369141
vt 0.052795 0.374023
vt 0.042664 0.366211
vt 0.034485 0.354492
vt 0.048462 0.354980
vt 0.047699 0.340332
vt 0.052185 0.365234
vt 0.059021 0.344727
vt 0.056946 0.355469
vt 0.067078 0.340332
vt 0.064392 0.331055
vt 0.065186 0.347168
vt 0.062408 0.354492
vt 0.071899 0.338379
vt 0.079895 0.329590
vt 0.070129 0.344727
vt 0.069824 0.347656
vt 0.073425 0.343750
vt 0.078674 0.337891
vt 0.084290 0.339355
vt 0.093384 0.333008
vt 0.073669 0.346191
vt 0.088318 0.340332
vt 0.103210 0.340820
vt 0.081360 0.343750
vt 0.077637 0.343262
vt 0.084412 0.344727
vt 0.080627 0.345703
vt 0.077209 0.345703
vt 0.084595 0.347168
vt 0.074280 0.346680
vt 0.087097 0.346680
vt 0.093018 0.345215
vt 0.091675 0.354492
vt 0.100281 0.353027
vt 0.110901 0.353027
vt 0.087891 0.354492
vt 0.095947 0.362305
vt 0.104675 0.366699
vt 0.115112 0.366211
vt 0.093079 0.372070
vt 0.094543 0.388184
vt 0.087891 0.368652
vt 0.088257 0.399902
vt 0.083313 0.377441
vt 0.083679 0.389648
vt 0.080322 0.400879
vt 0.080261 0.406738
vt 0.071716 0.407715
vt 0.071960 0.401855
vt 0.072388 0.391602
vt 0.063660 0.403320
vt 0.061432 0.393066
vt 0.063538 0.379395
vt 0.073303 0.379395
vt 0.080566 0.372559
vt 0.066345 0.373047
vt 0.082153 0.353516
vt 0.073547 0.373535
vt 0.061798 0.371582
vt 0.069458 0.354004
vt 0.057373 0.366699
vt 0.075562 0.353516
vt 0.069641 0.349121
vt 0.068970 0.348633
vt 0.072266 0.347656
vt 0.071716 0.347656
vt 0.074646 0.347168
vt 0.077087 0.346680
vt 0.076965 0.347168
vt 0.079468 0.347168
vt 0.079895 0.346680
vt 0.081909 0.347656
vt 0.082397 0.347656
vt 0.083252 0.348145
vt 0.083984 0.348145
vt 0.566406 0.457031
vt 0.569336 0.457031
vt 0.569336 0.444336
vt 0.566406 0.434570
vt 0.569336 0.434570
vt 0.573242 0.457031
vt 0.573242 0.444336
vt 0.588379 0.457031
vt 0.591309 0.457031
vt 0.591309 0.444336
vt 0.588379 0.444336
vt 0.591309 0.434570
vt 0.588379 0.434570
vt 0.573242 0.434570
vt 0.588379 0.423828
vt 0.591309 0.423828
vt 0.573242 0.423828
vt 0.569336 0.423828
vt 0.566406 0.423828
vt 0.569336 0.412598
vt 0.566406 0.412598
vt 0.573242 0.412598
vt 0.569336 0.400879
vt 0.566406 0.400879
vt 0.588379 0.412598
vt 0.591309 0.412598
vt 0.573242 0.400879
vt 0.569336 0.390625
vt 0.566406 0.380371
vt 0.588379 0.400879
vt 0.591309 0.400879
vt 0.573242 0.390625
vt 0.569336 0.380371
vt 0.566406 0.369629
vt 0.588379 0.390625
vt 0.591309 0.390625
vt 0.588379 0.380371
vt 0.591309 0.380371
vt 0.573242 0.380371
vt 0.588379 0.369629
vt 0.591309 0.369629
vt 0.573242 0.369629
vt 0.588379 0.355957
vt 0.591309 0.355957
vt 0.591309 0.345215
vt 0.569336 0.369629
vt 0.588379 0.345215
vt 0.569336 0.355957
vt 0.573242 0.355957
vt 0.569336 0.345215
vt 0.573242 0.345215
vt 0.812988 0.114746
vt 0.826660 0.117676
vt 0.826172 0.114746
vt 0.813477 0.117676
vt 0.813965 0.127441
vt 0.826660 0.127930
vt 0.826660 0.135254
vt 0.812988 0.135254
vt 0.798828 0.118164
vt 0.797852 0.114746
vt 0.785156 0.114746
vt 0.798828 0.128906
vt 0.800293 0.135254
vt 0.790039 0.135254
vt 0.785156 0.118164
vt 0.783691 0.129395
vt 0.781250 0.135254
vt 0.304199 0.200684
vt 0.320557 0.209473
vt 0.304932 0.207520
vt 0.322510 0.199707
vt 0.338867 0.205566
vt 0.336670 0.214844
vt 0.319824 0.180176
vt 0.300293 0.183105
vt 0.334229 0.186035
vt 0.358398 0.214355
vt 0.356689 0.222168
vt 0.315674 0.167480
vt 0.298096 0.159180
vt 0.333252 0.172852
vt 0.317383 0.147949
vt 0.297363 0.139160
vt 0.344971 0.172852
vt 0.318848 0.128906
vt 0.299561 0.120605
vt 0.338379 0.152344
vt 0.338867 0.135254
vt 0.322266 0.113281
vt 0.302979 0.106445
vt 0.307861 0.090332
vt 0.343506 0.117188
vt 0.330078 0.094727
vt 0.319092 0.067871
vt 0.357666 0.118164
vt 0.339844 0.078613
vt 0.340332 0.059082
vt 0.352539 0.098145
vt 0.358887 0.065430
vt 0.362549 0.056641
vt 0.364014 0.081055
vt 0.377197 0.066406
vt 0.389648 0.057129
vt 0.365967 0.099121
vt 0.382568 0.084961
vt 0.390381 0.067871
vt 0.398926 0.057617
vt 0.404053 0.057617
vt 0.399170 0.071777
vt 0.378906 0.098633
vt 0.390381 0.092773
vt 0.378662 0.115234
vt 0.391846 0.109863
vt 0.405273 0.091797
vt 0.362061 0.136719
vt 0.390137 0.124023
vt 0.359375 0.156250
vt 0.385742 0.139648
vt 0.380615 0.161133
vt 0.356201 0.175293
vt 0.368164 0.176270
vt 0.359131 0.188965
vt 0.349365 0.191406
vt 0.363770 0.203125
vt 0.369141 0.190430
vt 0.371826 0.204102
vt 0.375000 0.217773
vt 0.374512 0.228516
vt 0.392578 0.231445
vt 0.378174 0.205078
vt 0.391846 0.215820
vt 0.378174 0.195312
vt 0.386719 0.204590
vt 0.411621 0.216309
vt 0.411377 0.232910
vt 0.398438 0.206055
vt 0.387939 0.195801
vt 0.377441 0.186035
vt 0.378906 0.176758
vt 0.388428 0.185547
vt 0.399658 0.196289
vt 0.389160 0.177246
vt 0.400391 0.186035
vt 0.412598 0.197266
vt 0.411865 0.207520
vt 0.413574 0.187012
vt 0.425293 0.208984
vt 0.400391 0.178711
vt 0.425293 0.198730
vt 0.426270 0.188965
vt 0.414551 0.179688
vt 0.395264 0.166992
vt 0.427979 0.182129
vt 0.399658 0.147949
vt 0.416260 0.170898
vt 0.404297 0.134277
vt 0.418701 0.153320
vt 0.436279 0.172852
vt 0.406006 0.122559
vt 0.437744 0.154297
vt 0.409668 0.110352
vt 0.422607 0.128906
vt 0.425781 0.113281
vt 0.418457 0.092285
vt 0.420898 0.139160
vt 0.436768 0.128906
vt 0.437988 0.139648
vt 0.437744 0.115234
vt 0.450439 0.123535
vt 0.449463 0.097656
vt 0.431152 0.093750
vt 0.459717 0.132324
vt 0.439209 0.067383
vt 0.465332 0.104980
vt 0.456055 0.148926
vt 0.451904 0.069336
vt 0.456299 0.171387
vt 0.463135 0.073242
vt 0.438232 0.183105
vt 0.472412 0.079102
vt 0.437256 0.190430
vt 0.452148 0.186523
vt 0.435547 0.200195
vt 0.451416 0.194336
vt 0.470947 0.190918
vt 0.435791 0.209473
vt 0.445312 0.208008
vt 0.430664 0.219238
vt 0.430176 0.233887
vt 0.446289 0.224609
vt 0.446777 0.232910
vt 0.466309 0.229980
vt 0.465576 0.226074
vt 0.491943 0.226074
vt 0.466309 0.209473
vt 0.490723 0.219727
vt 0.512207 0.215820
vt 0.513184 0.223633
vt 0.493896 0.202637
vt 0.525391 0.215332
vt 0.525391 0.224609
vt 0.542480 0.224609
vt 0.513184 0.199707
vt 0.543457 0.215820
vt 0.554688 0.225586
vt 0.556152 0.219727
vt 0.558594 0.208984
vt 0.526855 0.200195
vt 0.544922 0.202148
vt 0.562012 0.198242
vt 0.546387 0.191406
vt 0.527344 0.189453
vt 0.549805 0.176758
vt 0.568359 0.179688
vt 0.528809 0.175293
vt 0.513672 0.188477
vt 0.494629 0.189453
vt 0.508789 0.174805
vt 0.531250 0.161133
vt 0.553711 0.161133
vt 0.575195 0.159668
vt 0.557129 0.145508
vt 0.580566 0.144043
vt 0.533203 0.145996
vt 0.559082 0.129395
vt 0.583008 0.125977
vt 0.534180 0.130371
vt 0.556152 0.104980
vt 0.583008 0.103027
vt 0.520508 0.129883
vt 0.559082 0.083008
vt 0.583008 0.083496
vt 0.534668 0.107422
vt 0.545410 0.084473
vt 0.562988 0.064941
vt 0.580078 0.068359
vt 0.550293 0.065430
vt 0.563477 0.053711
vt 0.574707 0.050293
vt 0.569336 0.041504
vt 0.555176 0.055664
vt 0.558105 0.041992
vt 0.566406 0.036133
vt 0.540039 0.035156
vt 0.548828 0.048340
vt 0.547363 0.041992
vt 0.536621 0.042969
vt 0.518555 0.033691
vt 0.543945 0.057129
vt 0.539551 0.050293
vt 0.523926 0.043945
vt 0.537109 0.066895
vt 0.532715 0.058594
vt 0.528809 0.051270
vt 0.513184 0.047852
vt 0.500977 0.041504
vt 0.520996 0.061035
vt 0.518066 0.054199
vt 0.502930 0.052246
vt 0.476318 0.058105
vt 0.508301 0.056641
vt 0.490479 0.062012
vt 0.511719 0.063965
vt 0.499512 0.069336
vt 0.524414 0.069336
vt 0.513184 0.075195
vt 0.531250 0.085449
vt 0.514648 0.089355
vt 0.519043 0.108887
vt 0.492432 0.082520
vt 0.498535 0.105469
vt 0.500000 0.125000
vt 0.482910 0.077148
vt 0.476807 0.099121
vt 0.472168 0.061523
vt 0.472900 0.114258
vt 0.480713 0.118164
vt 0.479492 0.139160
vt 0.464844 0.060059
vt 0.477295 0.157227
vt 0.454834 0.058594
vt 0.465576 0.058594
vt 0.461914 0.056152
vt 0.455811 0.057617
vt 0.443115 0.055176
vt 0.442627 0.057617
vt 0.442871 0.056641
vt 0.429688 0.057617
vt 0.423096 0.055176
vt 0.429688 0.058594
vt 0.417236 0.058105
vt 0.426025 0.068359
vt 0.417236 0.060059
vt 0.407715 0.060059
vt 0.411621 0.070312
vt 0.475586 0.172852
vt 0.489014 0.172852
vt 0.495605 0.160645
vt 0.496094 0.145020
vt 0.512207 0.160156
vt 0.514160 0.145508
vt 0.602051 0.463379
vt 0.602051 0.479004
vt 0.605469 0.479004
vt 0.605469 0.463379
vt 0.609863 0.463379
vt 0.609863 0.479004
vt 0.624512 0.479004
vt 0.605469 0.450684
vt 0.624512 0.463379
vt 0.627441 0.479004
vt 0.627441 0.463379
vt 0.627441 0.450684
vt 0.609863 0.450684
vt 0.624512 0.450684
vt 0.624512 0.439941
vt 0.627441 0.439941
vt 0.605469 0.439941
vt 0.609863 0.439941
vt 0.624512 0.428711
vt 0.627441 0.428711
vt 0.605469 0.428711
vt 0.602051 0.428711
vt 0.609863 0.428711
vt 0.605469 0.416992
vt 0.602051 0.416992
vt 0.609863 0.416992
vt 0.605469 0.405273
vt 0.602051 0.405273
vt 0.624512 0.416992
vt 0.627441 0.416992
vt 0.609863 0.405273
vt 0.605469 0.395020
vt 0.602051 0.385254
vt 0.624512 0.405273
vt 0.627441 0.405273
vt 0.627441 0.395020
vt 0.609863 0.395020
vt 0.624512 0.395020
vt 0.627441 0.385254
vt 0.605469 0.385254
vt 0.609863 0.385254
vt 0.624512 0.385254
vt 0.624512 0.375488
vt 0.627441 0.375488
vt 0.609863 0.375488
vt 0.624512 0.361328
vt 0.627441 0.361328
vt 0.605469 0.375488
vt 0.609863 0.361328
vt 0.624512 0.350098
vt 0.627441 0.350098
vt 0.605469 0.361328
vt 0.609863 0.350098
vt 0.605469 0.350098
vt 0.327881 0.510010
vt 0.333496 0.510010
vt 0.333496 0.509277
vt 0.189087 0.081543
vt 0.196777 0.064941
vt 0.197998 0.078613
vt 0.186523 0.065430
vt 0.197998 0.092773
vt 0.167847 0.082031
vt 0.167725 0.068359
vt 0.186523 0.094727
vt 0.185913 0.105469
vt 0.197998 0.106934
vt 0.167847 0.093750
vt 0.185425 0.121094
vt 0.197998 0.123047
vt 0.168091 0.104980
vt 0.185303 0.141113
vt 0.197998 0.141602
vt 0.168091 0.121094
vt 0.185059 0.159180
vt 0.197998 0.158203
vt 0.167725 0.142578
vt 0.150269 0.106445
vt 0.184692 0.168945
vt 0.197998 0.167480
vt 0.197998 0.177734
vt 0.167236 0.160645
vt 0.150635 0.122070
vt 0.149902 0.143555
vt 0.137573 0.125000
vt 0.137573 0.108887
vt 0.137573 0.145996
vt 0.149536 0.096191
vt 0.137573 0.096680
vt 0.149536 0.161621
vt 0.137573 0.163574
vt 0.149170 0.083496
vt 0.137573 0.084961
vt 0.138672 0.071777
vt 0.150146 0.070312
vt 0.149292 0.170898
vt 0.137573 0.171875
vt 0.137573 0.182129
vt 0.166626 0.169922
vt 0.149902 0.181152
vt 0.166870 0.179199
vt 0.146118 0.194824
vt 0.137573 0.197754
vt 0.154419 0.191895
vt 0.184937 0.178711
vt 0.167236 0.189941
vt 0.189697 0.190918
vt 0.197998 0.192383
vt 0.181030 0.189453
vt 0.167480 0.201660
vt 0.181641 0.202148
vt 0.190186 0.205078
vt 0.197998 0.209473
vt 0.182251 0.212891
vt 0.190918 0.223145
vt 0.197998 0.229004
vt 0.194946 0.244629
vt 0.167847 0.212891
vt 0.182983 0.225586
vt 0.182739 0.239258
vt 0.154175 0.204102
vt 0.168335 0.225098
vt 0.153809 0.215332
vt 0.145996 0.208984
vt 0.137573 0.214844
vt 0.144775 0.226562
vt 0.137573 0.232422
vt 0.153320 0.227539
vt 0.168579 0.239746
vt 0.154663 0.240723
vt 0.148071 0.244629
vt 0.140747 0.250488
vt 0.180786 0.253906
vt 0.190552 0.256348
vt 0.150513 0.253418
vt 0.146973 0.260254
vt 0.152222 0.264648
vt 0.157104 0.252930
vt 0.157837 0.259766
vt 0.158813 0.268066
vt 0.169556 0.253906
vt 0.168457 0.261719
vt 0.166016 0.270020
vt 0.174561 0.269531
vt 0.178101 0.260254
vt 0.184326 0.263672
vt 0.531738 0.479980
vt 0.534668 0.467773
vt 0.531738 0.467773
vt 0.534668 0.479980
vt 0.531738 0.453125
vt 0.547363 0.467773
vt 0.547363 0.479980
vt 0.550293 0.479980
vt 0.534668 0.453125
vt 0.534668 0.441895
vt 0.531738 0.441895
vt 0.547363 0.453125
vt 0.550293 0.467773
vt 0.556152 0.467773
vt 0.550293 0.453125
vt 0.556152 0.441895
vt 0.547363 0.441895
vt 0.550293 0.441895
vt 0.556152 0.432129
vt 0.534668 0.432129
vt 0.531738 0.432129
vt 0.531738 0.421875
vt 0.547363 0.432129
vt 0.550293 0.432129
vt 0.556152 0.421875
vt 0.550293 0.421875
vt 0.534668 0.421875
vt 0.531738 0.410645
vt 0.547363 0.421875
vt 0.550293 0.410645
vt 0.556152 0.410645
vt 0.547363 0.410645
vt 0.534668 0.410645
vt 0.531738 0.398926
vt 0.550293 0.398926
vt 0.556152 0.398926
vt 0.547363 0.398926
vt 0.534668 0.398926
vt 0.531738 0.387695
vt 0.550293 0.387695
vt 0.556152 0.376953
vt 0.547363 0.387695
vt 0.534668 0.387695
vt 0.531738 0.376953
vt 0.550293 0.376953
vt 0.556152 0.365723
vt 0.547363 0.376953
vt 0.534668 0.376953
vt 0.534668 0.365723
vt 0.531738 0.365723
vt 0.547363 0.365723
vt 0.550293 0.365723
vt 0.556152 0.352539
vt 0.534668 0.352539
vt 0.531738 0.352539
vt 0.550293 0.352539
vt 0.547363 0.352539
vt 0.815430 0.694092
vt 0.797363 0.700928
vt 0.793945 0.707764
vt 0.780273 0.697510
vt 0.794434 0.725098
vt 0.777344 0.718750
vt 0.787598 0.594727
vt 0.801270 0.598877
vt 0.802734 0.588623
vt 0.790527 0.604004
vt 0.811035 0.591797
vt 0.800293 0.610352
vt 0.810547 0.600342
vt 0.818848 0.589600
vt 0.809082 0.613037
vt 0.819824 0.602051
vt 0.823730 0.591064
vt 0.829102 0.595459
vt 0.834961 0.600342
vt 0.827148 0.613770
vt 0.817871 0.614990
vt 0.517578 0.452637
vt 0.520020 0.452637
vt 0.520020 0.439941
vt 0.517578 0.439941
vt 0.520020 0.430176
vt 0.503906 0.452637
vt 0.503906 0.439941
vt 0.500488 0.452637
vt 0.498779 0.452637
vt 0.500488 0.439941
vt 0.498779 0.430176
vt 0.503906 0.430176
vt 0.500488 0.430176
vt 0.500488 0.419434
vt 0.498779 0.419434
vt 0.503906 0.419434
vt 0.517578 0.430176
vt 0.520020 0.419434
vt 0.517578 0.419434
vt 0.520020 0.407227
vt 0.503906 0.407227
vt 0.517578 0.407227
vt 0.520020 0.395508
vt 0.500488 0.407227
vt 0.498779 0.407227
vt 0.517578 0.395508
vt 0.520020 0.385254
vt 0.500488 0.395508
vt 0.498779 0.395508
vt 0.503906 0.395508
vt 0.500488 0.385254
vt 0.498779 0.375488
vt 0.517578 0.385254
vt 0.520020 0.375488
vt 0.503906 0.385254
vt 0.517578 0.375488
vt 0.520020 0.365234
vt 0.503906 0.375488
vt 0.517578 0.365234
vt 0.520020 0.353516
vt 0.500488 0.375488
vt 0.498779 0.365234
vt 0.503906 0.365234
vt 0.500488 0.365234
vt 0.498779 0.353516
vt 0.517578 0.353516
vt 0.520020 0.342285
vt 0.500488 0.353516
vt 0.503906 0.353516
vt 0.517578 0.342285
vt 0.500488 0.342285
vt 0.503906 0.342285
s 1
usemtl OverlayMaterialInstance_FP_Wushu_S0_MI
f 1/1/1 2/2/2 3/3/3
f 4/4/4 5/5/5 6/6/6
f 7/7/7 8/8/8 9/9/9
f 10/10/10 11/11/11 12/12/12
f 13/13/13 12/12/12 11/11/11
f 12/12/12 13/13/13 14/14/14
f 13/13/13 15/15/15 14/14/14
f 15/15/15 13/13/13 16/16/16
f 15/15/15 17/17/17 14/14/14
f 18/18/18 15/15/15 16/16/16
f 17/17/17 15/15/15 19/19/19
f 20/20/20 17/17/17 19/19/19
f 15/15/15 18/18/18 21/21/21
f 21/21/21 19/19/19 15/15/15
f 22/22/22 21/21/21 18/18/18
f 19/19/19 23/23/23 20/20/20
f 19/19/19 21/21/21 23/23/23
f 24/24/24 20/20/20 23/23/23
f 21/21/21 22/22/22 25/25/25
f 21/21/21 25/25/25 23/23/23
f 22/22/22 26/26/26 25/25/25
f 23/23/23 27/27/27 24/24/24
f 28/28/28 24/24/24 27/27/27
f 25/25/25 29/29/29 23/23/23
f 29/29/29 27/27/27 23/23/23
f 26/26/26 30/30/30 25/25/25
f 29/29/29 25/25/25 30/30/30
f 30/30/30 26/26/26 31/31/31
f 27/27/27 32/32/32 28/28/28
f 32/32/32 33/33/33 28/28/28
f 31/31/31 34/34/34 30/30/30
f 34/34/34 31/31/31 35/35/35
f 30/30/30 36/36/36 29/29/29
f 36/36/36 30/30/30 34/34/34
f 27/27/27 29/29/29 37/37/37
f 36/36/36 37/37/37 29/29/29
f 37/37/37 32/32/32 27/27/27
f 35/35/35 38/38/38 34/34/34
f 39/39/39 38/38/38 35/35/35
f 36/36/36 34/34/34 40/40/40
f 40/40/40 34/34/34 38/38/38
f 37/37/37 36/36/36 41/41/41
f 40/40/40 41/41/41 36/36/36
f 32/32/32 37/37/37 42/42/17
f 40/40/40 38/38/38 43/43/42
f 37/37/37 44/44/43 42/42/17
f 37/37/37 41/41/41 44/44/43
f 42/42/17 45/45/44 32/32/32
f 33/33/33 32/32/32 45/45/44
f 46/46/45 33/33/33 45/45/44
f 45/45/44 42/42/17 47/47/46
f 42/42/17 44/44/43 48/48/47
f 42/42/17 48/48/47 47/47/46
f 49/49/48 45/45/44 47/47/46
f 47/47/46 48/48/47 49/49/48
f 45/45/44 50/50/49 46/46/45
f 50/50/49 45/45/44 49/49/48
f 51/51/50 48/48/47 44/44/43
f 41/41/41 51/51/50 44/44/43
f 52/52/51 49/49/48 48/48/47
f 53/53/52 48/48/47 51/51/50
f 53/53/52 52/52/51 48/48/47
f 51/51/50 41/41/41 54/54/53
f 49/49/48 52/52/51 55/55/54
f 50/50/49 49/49/48 55/55/54
f 56/56/55 53/53/52 51/51/50
f 56/56/55 51/51/50 54/54/53
f 57/57/56 52/52/51 53/53/52
f 58/58/57 53/53/52 56/56/55
f 53/53/52 58/58/57 57/57/56
f 52/52/51 57/57/56 59/59/58
f 55/55/54 52/52/51 59/59/58
f 60/60/59 57/57/56 58/58/57
f 57/57/56 61/61/60 59/59/58
f 61/61/60 57/57/56 60/60/59
f 59/59/58 62/62/61 55/55/54
f 63/63/62 59/59/58 61/61/60
f 59/59/58 63/63/62 62/62/61
f 62/62/61 64/64/63 55/55/54
f 55/55/54 64/64/63 50/50/49
f 65/65/64 62/62/61 63/63/62
f 62/62/61 66/66/65 64/64/63
f 62/62/61 65/65/64 66/66/65
f 63/63/62 61/61/60 67/67/66
f 67/67/66 65/65/64 63/63/62
f 66/66/65 68/68/67 64/64/63
f 68/68/67 50/50/49 64/64/63
f 69/69/68 67/67/66 61/61/60
f 60/60/59 69/69/68 61/61/60
f 50/50/49 68/68/67 70/70/69
f 69/69/68 60/60/59 71/71/70
f 50/50/49 70/70/69 72/72/71
f 46/46/45 50/50/49 72/72/71
f 72/72/71 73/73/72 46/46/45
f 74/74/73 73/73/72 72/72/71
f 73/73/72 74/74/73 75/75/74
f 70/70/69 76/76/75 72/72/71
f 72/72/71 76/76/75 74/74/73
f 77/77/76 75/75/74 74/74/73
f 75/75/74 77/77/76 78/78/77
f 76/76/75 79/79/78 74/74/73
f 74/74/73 79/79/78 77/77/76
f 80/80/79 78/78/77 77/77/76
f 78/78/77 80/80/79 81/81/80
f 79/79/78 82/82/81 77/77/76
f 82/82/81 80/80/79 77/77/76
f 83/83/82 79/79/78 76/76/75
f 84/84/83 81/81/80 80/80/79
f 81/81/80 84/84/83 85/85/84
f 84/84/83 86/86/85 85/85/84
f 79/79/78 83/83/82 87/87/86
f 87/87/86 82/82/81 79/79/78
f 84/84/83 88/88/87 86/86/85
f 89/89/88 86/86/85 88/88/87
f 84/84/83 90/90/89 88/88/87
f 86/86/85 89/89/88 91/91/90
f 90/90/89 84/84/83 92/92/91
f 92/92/91 93/93/76 90/90/89
f 94/94/92 91/91/90 89/89/88
f 95/95/93 94/94/92 89/89/88
f 91/91/90 94/94/92 96/96/94
f 95/95/93 97/97/95 94/94/92
f 98/98/96 97/97/95 95/95/93
f 99/99/97 96/96/94 94/94/92
f 96/96/94 99/99/97 100/100/98
f 101/101/99 97/97/95 98/98/96
f 102/102/100 101/101/99 98/98/96
f 103/103/101 101/101/99 102/102/100
f 104/104/102 94/94/92 97/97/95
f 104/104/102 97/97/95 101/101/99
f 104/104/102 99/99/97 94/94/92
f 101/101/99 103/103/101 105/105/103
f 105/105/103 104/104/102 101/101/99
f 106/106/104 100/100/98 99/99/97
f 100/100/98 106/106/104 107/107/105
f 99/99/97 104/104/102 108/108/106
f 108/108/106 106/106/104 99/99/97
f 108/108/106 104/104/102 109/109/107
f 105/105/103 109/109/107 104/104/102
f 110/110/108 108/108/106 109/109/107
f 106/106/104 108/108/106 110/110/108
f 105/105/103 111/111/109 109/109/107
f 112/112/110 106/106/104 110/110/108
f 111/111/109 105/105/103 113/113/111
f 103/103/101 113/113/111 105/105/103
f 113/113/111 103/103/101 114/114/112
f 113/113/111 115/115/113 111/111/109
f 116/116/114 113/113/111 114/114/112
f 117/117/115 115/115/113 113/113/111
f 113/113/111 116/116/114 117/117/115
f 118/118/116 115/115/113 117/117/115
f 118/118/116 117/117/115 119/119/117
f 117/117/115 120/120/118 119/119/117
f 121/121/119 117/117/115 116/116/114
f 120/120/118 117/117/115 122/122/120
f 117/117/115 121/121/119 122/122/120
f 122/122/120 123/123/121 120/120/118
f 121/121/119 124/124/122 122/122/120
f 124/124/122 121/121/119 125/125/123
f 123/123/121 122/122/120 126/126/124
f 124/124/122 126/126/124 122/122/120
f 123/123/121 126/126/124 127/127/125
f 124/124/122 125/125/123 128/128/126
f 129/129/127 127/127/125 126/126/124
f 129/129/127 130/130/128 127/127/125
f 131/131/129 126/126/124 124/124/122
f 126/126/124 131/131/129 129/129/127
f 128/128/126 132/132/130 124/124/122
f 131/131/129 124/124/122 132/132/130
f 130/130/128 129/129/127 133/133/131
f 133/133/131 134/134/132 130/130/128
f 135/135/133 129/129/127 131/131/129
f 135/135/133 133/133/131 129/129/127
f 132/132/130 136/136/134 131/131/129
f 136/136/134 135/135/133 131/131/129
f 132/132/130 128/128/126 137/137/135
f 136/136/134 132/132/130 137/137/135
f 128/128/126 138/138/136 137/137/135
f 93/93/76 137/137/135 138/138/136
f 137/137/135 93/93/76 92/92/91
f 136/136/134 137/137/135 139/139/137
f 140/140/138 137/137/135 92/92/91
f 137/137/135 140/140/138 139/139/137
f 140/140/138 92/92/91 84/84/83
f 140/140/138 84/84/83 80/80/79
f 82/82/81 140/140/138 80/80/79
f 141/141/139 140/140/138 82/82/81
f 141/141/139 139/139/137 140/140/138
f 82/82/81 87/87/86 141/141/139
f 142/142/140 136/136/134 139/139/137
f 142/142/140 139/139/137 141/141/139
f 135/135/133 136/136/134 142/142/140
f 143/143/141 141/141/139 87/87/86
f 143/143/141 142/142/140 141/141/139
f 144/144/142 135/135/133 142/142/140
f 144/144/142 142/142/140 143/143/141
f 145/145/143 143/143/141 87/87/86
f 145/145/143 87/87/86 83/83/82
f 146/146/144 144/144/142 143/143/141
f 146/146/144 143/143/141 145/145/143
f 144/144/142 147/147/145 135/135/133
f 133/133/131 135/135/133 147/147/145
f 144/144/142 146/146/144 148/148/146
f 147/147/145 149/149/147 133/133/131
f 134/134/132 133/133/131 149/149/147
f 149/149/147 150/150/148 134/134/132
f 150/150/148 149/149/147 151/151/149
f 149/149/147 152/152/150 151/151/149
f 152/152/150 149/149/147 153/153/151
f 149/149/147 147/147/145 153/153/151
f 154/154/152 152/152/150 153/153/151
f 155/155/153 153/153/151 147/147/145
f 153/153/151 155/155/153 154/154/152
f 147/147/145 144/144/142 155/155/153
f 144/144/142 148/148/146 155/155/153
f 156/156/154 154/154/152 155/155/153
f 155/155/153 148/148/146 156/156/154
f 157/157/155 156/156/154 148/148/146
f 148/148/146 158/158/156 157/157/155
f 146/146/144 158/158/156 148/148/146
f 145/145/143 158/158/156 146/146/144
f 158/158/156 159/159/157 157/157/155
f 158/158/156 145/145/143 160/160/158
f 83/83/82 160/160/158 145/145/143
f 159/159/157 158/158/156 161/161/159
f 160/160/158 161/161/159 158/158/156
f 160/160/158 83/83/82 162/162/160
f 76/76/75 162/162/160 83/83/82
f 162/162/160 76/76/75 70/70/69
f 162/162/160 163/163/161 160/160/158
f 161/161/159 160/160/158 163/163/161
f 70/70/69 164/164/162 162/162/160
f 163/163/161 162/162/160 164/164/162
f 164/164/162 70/70/69 68/68/67
f 165/165/163 161/161/159 163/163/161
f 166/166/164 164/164/162 68/68/67
f 68/68/67 66/66/65 166/166/164
f 167/167/165 163/163/161 164/164/162
f 164/164/162 166/166/164 167/167/165
f 163/163/161 167/167/165 165/165/163
f 66/66/65 168/168/166 166/166/164
f 168/168/166 66/66/65 65/65/64
f 166/166/164 169/169/167 167/167/165
f 169/169/167 166/166/164 168/168/166
f 167/167/165 170/170/168 165/165/163
f 170/170/168 167/167/165 169/169/167
f 161/161/159 165/165/163 171/171/169
f 161/161/159 171/171/169 159/159/157
f 159/159/157 171/171/169 172/172/170
f 173/173/171 172/172/170 171/171/169
f 165/165/163 174/174/172 171/171/169
f 171/171/169 174/174/172 173/173/171
f 174/174/172 165/165/163 170/170/168
f 174/174/172 175/175/173 173/173/171
f 170/170/168 176/176/174 174/174/172
f 174/174/172 176/176/174 175/175/173
f 169/169/167 177/177/175 170/170/168
f 176/176/174 170/170/168 177/177/175
f 177/177/175 169/169/167 178/178/176
f 168/168/166 178/178/176 169/169/167
f 179/179/177 175/175/173 176/176/174
f 175/175/173 179/179/177 180/180/178
f 181/181/179 176/176/174 177/177/175
f 176/176/174 181/181/179 179/179/177
f 182/182/180 177/177/175 178/178/176
f 177/177/175 182/182/180 181/181/179
f 183/183/181 178/178/176 168/168/166
f 178/178/176 183/183/181 182/182/180
f 65/65/64 183/183/181 168/168/166
f 184/184/182 181/181/179 182/182/180
f 183/183/181 65/65/64 185/185/183
f 185/185/183 65/65/64 67/67/66
f 183/183/181 186/186/184 182/182/180
f 184/184/182 182/182/180 186/186/184
f 187/187/185 183/183/181 185/185/183
f 183/183/181 187/187/185 186/186/184
f 188/188/186 185/185/183 67/67/66
f 185/185/183 188/188/186 187/187/185
f 67/67/66 69/69/68 188/188/186
f 187/187/185 189/189/187 186/186/184
f 184/184/182 186/186/184 189/189/187
f 189/189/187 187/187/185 190/190/188
f 187/187/185 191/191/189 190/190/188
f 191/191/189 187/187/185 188/188/186
f 184/184/182 189/189/187 192/192/190
f 191/191/189 188/188/186 193/193/191
f 69/69/68 193/193/191 188/188/186
f 193/193/191 69/69/68 194/194/192
f 195/195/193 194/194/192 69/69/68
f 69/69/68 71/71/70 195/195/193
f 71/71/70 196/196/194 195/195/193
f 197/197/195 184/184/182 192/192/190
f 181/181/179 184/184/182 197/197/195
f 197/197/195 192/192/190 198/198/196
f 181/181/179 197/197/195 179/179/177
f 199/199/197 197/197/195 198/198/196
f 179/179/177 197/197/195 200/200/198
f 197/197/195 199/199/197 200/200/198
f 200/200/198 180/180/178 179/179/177
f 199/199/197 201/201/199 200/200/198
f 180/180/178 200/200/198 201/201/199
f 196/196/194 71/71/70 202/202/200
f 203/203/201 196/196/194 202/202/200
f 71/71/70 204/204/202 202/202/200
f 204/204/202 71/71/70 60/60/59
f 204/204/202 60/60/59 58/58/57
f 203/203/201 202/202/200 205/205/203
f 204/204/202 205/205/203 202/202/200
f 205/205/203 206/206/204 203/203/201
f 207/207/205 204/204/202 58/58/57
f 204/204/202 207/207/205 205/205/203
f 207/207/205 58/58/57 56/56/55
f 206/206/204 205/205/203 208/208/206
f 208/208/206 205/205/203 207/207/205
f 208/208/206 209/209/207 206/206/204
f 207/207/205 56/56/55 210/210/208
f 210/210/208 56/56/55 54/54/53
f 209/209/207 208/208/206 211/211/209
f 211/211/209 212/212/210 209/209/207
f 207/207/205 213/213/211 208/208/206
f 208/208/206 213/213/211 211/211/209
f 214/214/212 207/207/205 210/210/208
f 207/207/205 214/214/212 213/213/211
f 212/212/210 211/211/209 215/215/213
f 215/215/213 216/216/214 212/212/210
f 213/213/211 217/217/215 211/211/209
f 217/217/215 215/215/213 211/211/209
f 216/216/214 215/215/213 218/218/216
f 218/218/216 219/219/217 216/216/214
f 215/215/213 217/217/215 220/220/218
f 215/215/213 220/220/218 218/218/216
f 213/213/211 221/221/219 217/217/215
f 221/221/219 213/213/211 214/214/212
f 217/217/215 222/222/220 220/220/218
f 222/222/220 217/217/215 221/221/219
f 220/220/218 223/223/221 218/218/216
f 224/224/222 219/219/217 218/218/216
f 223/223/221 224/224/222 218/218/216
f 219/219/217 224/224/222 225/225/223
f 224/224/222 226/226/224 225/225/223
f 220/220/218 227/227/225 223/223/221
f 227/227/225 220/220/218 222/222/220
f 226/226/224 224/224/222 228/228/226
f 228/228/226 229/229/227 226/226/224
f 224/224/222 223/223/221 230/230/228
f 229/229/227 228/228/226 231/231/229
f 231/231/229 232/232/230 229/229/227
f 233/233/231 228/228/226 224/224/222
f 224/224/222 230/230/228 233/233/231
f 234/234/232 231/231/229 228/228/226
f 234/234/232 228/228/226 233/233/231
f 231/231/229 235/235/233 232/232/230
f 235/235/233 236/236/234 232/232/230
f 231/231/229 234/234/232 237/237/235
f 235/235/233 238/238/236 236/236/234
f 238/238/236 239/239/237 236/236/234
f 231/231/229 240/240/238 235/235/233
f 240/240/238 238/238/236 235/235/233
f 240/240/238 231/231/229 237/237/235
f 238/238/236 241/241/239 239/239/237
f 242/242/240 239/239/237 241/241/239
f 240/240/238 243/243/241 238/238/236
f 243/243/241 241/241/239 238/238/236
f 241/241/239 244/244/242 242/242/240
f 245/245/243 242/242/240 244/244/242
f 243/243/241 246/246/244 241/241/239
f 246/246/244 244/244/242 241/241/239
f 244/244/242 247/247/245 245/245/243
f 248/248/246 245/245/243 247/247/245
f 246/246/244 249/249/247 244/244/242
f 249/249/247 247/247/245 244/244/242
f 247/247/245 250/250/248 248/248/246
f 251/251/249 248/248/246 250/250/248
f 249/249/247 252/252/250 247/247/245
f 250/250/248 247/247/245 252/252/250
f 251/251/249 250/250/248 253/253/251
f 253/253/251 254/254/252 251/251/249
f 254/254/252 253/253/251 255/255/253
f 253/253/251 256/256/254 255/255/253
f 250/250/248 257/257/255 253/253/251
f 256/256/254 253/253/251 257/257/255
f 258/258/256 250/250/248 252/252/250
f 257/257/255 250/250/248 258/258/256
f 256/256/254 257/257/255 259/259/257
f 256/256/254 259/259/257 260/260/258
f 261/261/259 257/257/255 258/258/256
f 257/257/255 261/261/259 259/259/257
f 258/258/256 252/252/250 262/262/260
f 258/258/256 262/262/260 261/261/259
f 249/249/247 262/262/260 252/252/250
f 260/260/258 259/259/257 263/263/261
f 260/260/258 263/263/261 264/264/262
f 263/263/261 265/265/263 264/264/262
f 259/259/257 261/261/259 266/266/264
f 259/259/257 266/266/264 263/263/261
f 265/265/263 263/263/261 267/267/265
f 267/267/265 268/268/266 265/265/263
f 263/263/261 269/269/267 267/267/265
f 263/263/261 266/266/264 269/269/267
f 268/268/266 267/267/265 270/270/268
f 269/269/267 270/270/268 267/267/265
f 270/270/268 271/271/269 268/268/266
f 261/261/259 272/272/270 266/266/264
f 272/272/270 261/261/259 262/262/260
f 271/271/269 270/270/268 273/273/271
f 273/273/271 274/274/272 271/271/269
f 275/275/273 273/273/271 270/270/268
f 270/270/268 269/269/267 275/275/273
f 274/274/272 273/273/271 276/276/274
f 276/276/274 277/277/275 274/274/272
f 273/273/271 275/275/273 278/278/276
f 278/278/276 276/276/274 273/273/271
f 277/277/275 276/276/274 279/279/277
f 279/279/277 280/280/278 277/277/275
f 276/276/274 278/278/276 281/281/279
f 276/276/274 281/281/279 279/279/277
f 280/280/278 279/279/277 282/282/280
f 282/282/280 283/283/281 280/280/278
f 281/281/279 284/284/282 279/279/277
f 279/279/277 284/284/282 282/282/280
f 283/283/281 282/282/280 285/285/283
f 285/285/283 286/286/284 283/283/281
f 284/284/282 287/287/285 282/282/280
f 287/287/285 285/285/283 282/282/280
f 286/286/284 285/285/283 288/288/286
f 288/288/286 289/289/287 286/286/284
f 289/289/287 288/288/286 290/290/288
f 291/291/289 288/288/286 285/285/283
f 285/285/283 287/287/285 291/291/289
f 290/290/288 288/288/286 292/292/290
f 288/288/286 291/291/289 292/292/290
f 290/290/288 292/292/290 293/293/291
f 294/294/292 293/293/291 292/292/290
f 292/292/290 291/291/289 294/294/292
f 293/293/291 294/294/292 295/295/293
f 294/294/292 296/296/294 295/295/293
f 296/296/294 294/294/292 297/297/295
f 298/298/296 296/296/294 297/297/295
f 291/291/289 299/299/297 294/294/292
f 299/299/297 297/297/295 294/294/292
f 291/291/289 300/300/298 299/299/297
f 287/287/285 300/300/298 291/291/289
f 297/297/295 299/299/297 301/301/299
f 300/300/298 301/301/299 299/299/297
f 302/302/300 298/298/296 297/297/295
f 301/301/299 302/302/300 297/297/295
f 303/303/301 300/300/298 287/287/285
f 284/284/282 303/303/301 287/287/285
f 301/301/299 300/300/298 304/304/302
f 303/303/301 284/284/282 305/305/303
f 304/304/302 306/306/304 301/301/299
f 302/302/300 301/301/299 306/306/304
f 300/300/298 307/307/305 304/304/302
f 300/300/298 303/303/301 307/307/305
f 306/306/304 304/304/302 308/308/306
f 307/307/305 308/308/306 304/304/302
f 303/303/301 309/309/307 307/307/305
f 309/309/307 303/303/301 305/305/303
f 307/307/305 310/310/308 308/308/306
f 309/309/307 310/310/308 307/307/305
f 311/311/309 306/306/304 308/308/306
f 311/311/309 308/308/306 310/310/308
f 312/312/310 306/306/304 311/311/309
f 312/312/310 302/302/300 306/306/304
f 313/313/311 311/311/309 310/310/308
f 314/314/312 312/312/310 311/311/309
f 311/311/309 313/313/311 314/314/312
f 302/302/300 312/312/310 315/315/313
f 310/310/308 316/316/314 313/313/311
f 315/315/313 317/317/315 302/302/300
f 317/317/315 298/298/296 302/302/300
f 298/298/296 317/317/315 318/318/316
f 319/319/317 318/318/316 317/317/315
f 318/318/316 319/319/317 320/320/318
f 315/315/313 319/319/317 317/317/315
f 319/319/317 315/315/313 321/321/319
f 322/322/320 321/321/319 315/315/313
f 312/312/310 322/322/320 315/315/313
f 321/321/319 322/322/320 323/323/321
f 312/312/310 314/314/312 322/322/320
f 324/324/322 323/323/321 322/322/320
f 314/314/312 324/324/322 322/322/320
f 323/323/321 324/324/322 325/325/323
f 326/326/324 325/325/323 324/324/322
f 325/325/323 326/326/324 327/327/325
f 314/314/312 328/328/326 324/324/322
f 329/329/327 327/327/325 326/326/324
f 327/327/325 329/329/327 330/330/328
f 324/324/322 331/331/329 326/326/324
f 331/331/329 329/329/327 326/326/324
f 331/331/329 324/324/322 328/328/326
f 332/332/330 330/330/328 329/329/327
f 332/332/330 333/333/331 330/330/328
f 334/334/332 328/328/326 314/314/312
f 334/334/332 314/314/312 313/313/311
f 313/313/311 316/316/314 334/334/332
f 328/328/326 334/334/332 335/335/333
f 335/335/333 331/331/329 328/328/326
f 336/336/334 334/334/332 316/316/314
f 336/336/334 335/335/333 334/334/332
f 337/337/335 331/331/329 335/335/333
f 335/335/333 336/336/334 338/338/336
f 338/338/336 337/337/335 335/335/333
f 337/337/335 339/339/337 331/331/329
f 329/329/327 331/331/329 339/339/337
f 337/337/335 338/338/336 340/340/338
f 341/341/339 329/329/327 339/339/337
f 341/341/339 332/332/330 329/329/327
f 339/339/337 337/337/335 342/342/340
f 340/340/338 342/342/340 337/337/335
f 343/343/341 341/341/339 339/339/337
f 343/343/341 339/339/337 342/342/340
f 332/332/330 341/341/339 344/344/342
f 341/341/339 343/343/341 345/345/343
f 341/341/339 345/345/343 344/344/342
f 332/332/330 344/344/342 346/346/344
f 346/346/344 333/333/331 332/332/330
f 347/347/345 333/333/331 346/346/344
f 347/347/345 348/348/346 333/333/331
f 344/344/342 349/349/347 346/346/344
f 349/349/347 347/347/345 346/346/344
f 350/350/348 348/348/346 347/347/345
f 348/348/346 350/350/348 351/351/349
f 347/347/345 349/349/347 352/352/350
f 352/352/350 350/350/348 347/347/345
f 349/349/347 344/344/342 353/353/351
f 345/345/343 353/353/351 344/344/342
f 354/354/352 351/351/349 350/350/348
f 351/351/349 354/354/352 355/355/353
f 356/356/354 355/355/353 354/354/352
f 357/357/355 354/354/352 350/350/348
f 350/350/348 352/352/350 357/357/355
f 354/354/352 358/358/356 356/356/354
f 358/358/356 359/359/357 356/356/354
f 354/354/352 357/357/355 360/360/358
f 360/360/358 358/358/356 354/354/352
f 358/358/356 361/361/359 359/359/357
f 361/361/359 362/362/360 359/359/357
f 361/361/359 363/363/361 362/362/360
f 358/358/356 360/360/358 364/364/362
f 364/364/362 361/361/359 358/358/356
f 365/365/363 363/363/361 361/361/359
f 361/361/359 364/364/362 365/365/363
f 365/365/363 366/366/364 363/363/361
f 364/364/362 360/360/358 367/367/365
f 367/367/365 360/360/358 357/357/355
f 368/368/366 365/365/363 364/364/362
f 368/368/366 364/364/362 367/367/365
f 365/365/363 369/369/367 366/366/364
f 365/365/363 368/368/366 369/369/367
f 369/369/367 370/370/368 366/366/364
f 371/371/369 367/367/365 357/357/355
f 352/352/350 371/371/369 357/357/355
f 367/367/365 372/372/370 368/368/366
f 372/372/370 367/367/365 371/371/369
f 369/369/367 368/368/366 373/373/371
f 372/372/370 373/373/371 368/368/366
f 370/370/368 369/369/367 374/374/372
f 374/374/372 369/369/367 373/373/371
f 375/375/373 370/370/368 374/374/372
f 370/370/368 375/375/373 376/376/374
f 376/376/374 377/377/375 378/378/376
f 377/377/375 376/376/374 375/375/373
f 375/375/373 379/379/377 377/377/375
f 380/380/378 379/379/377 375/375/373
f 380/380/378 375/375/373 374/374/372
f 373/373/371 380/380/378 374/374/372
f 380/380/378 373/373/371 381/381/379
f 382/382/380 381/381/379 373/373/371
f 373/373/371 372/372/370 382/382/380
f 381/381/379 382/382/380 383/383/381
f 384/384/382 382/382/380 372/372/370
f 372/372/370 371/371/369 384/384/382
f 385/385/383 383/383/381 382/382/380
f 382/382/380 384/384/382 385/385/383
f 383/383/381 385/385/383 386/386/384
f 387/387/385 384/384/382 371/371/369
f 371/371/369 352/352/350 387/387/385
f 387/387/385 352/352/350 349/349/347
f 388/388/386 386/386/384 385/385/383
f 386/386/384 388/388/386 389/389/387
f 388/388/386 390/390/388 389/389/387
f 384/384/382 391/391/389 385/385/383
f 391/391/389 388/388/386 385/385/383
f 384/384/382 387/387/385 392/392/390
f 391/391/389 384/384/382 392/392/390
f 387/387/385 393/393/391 392/392/390
f 392/392/390 394/394/392 391/391/389
f 394/394/392 392/392/390 393/393/391
f 388/388/386 391/391/389 395/395/393
f 391/391/389 394/394/392 395/395/393
f 396/396/394 388/388/386 395/395/393
f 395/395/393 394/394/392 396/396/394
f 390/390/388 388/388/386 397/397/395
f 388/388/386 396/396/394 397/397/395
f 390/390/388 397/397/395 398/398/396
f 398/398/396 399/399/397 390/390/388
f 397/397/395 396/396/394 400/400/398
f 399/399/397 398/398/396 401/401/399
f 401/401/399 402/402/400 399/399/397
f 403/403/401 398/398/396 397/397/395
f 403/403/401 401/401/399 398/398/396
f 397/397/395 400/400/398 403/403/401
f 404/404/402 405/405/403 402/402/400
f 402/402/400 401/401/399 404/404/402
f 401/401/399 406/406/404 404/404/402
f 406/406/404 401/401/399 407/407/405
f 401/401/399 403/403/401 407/407/405
f 407/407/405 408/408/406 406/406/404
f 407/407/405 403/403/401 409/409/407
f 408/408/406 407/407/405 410/410/408
f 409/409/407 410/410/408 407/407/405
f 409/409/407 403/403/401 411/411/409
f 400/400/398 411/411/409 403/403/401
f 410/410/408 409/409/407 412/412/410
f 400/400/398 413/413/411 411/411/409
f 414/414/412 410/410/408 412/412/410
f 415/415/413 410/410/408 414/414/412
f 410/410/408 416/416/414 408/408/406
f 410/410/408 415/415/413 417/417/415
f 410/410/408 417/417/415 416/416/414
f 418/418/416 417/417/415 415/415/413
f 419/419/417 416/416/414 417/417/415
f 416/416/414 419/419/417 420/420/418
f 418/418/416 421/421/36 417/417/415
f 421/421/36 419/419/417 417/417/415
f 421/421/36 418/418/416 422/422/419
f 423/423/420 420/420/418 419/419/417
f 420/420/418 423/423/420 424/424/421
f 421/421/36 425/425/422 419/419/417
f 425/425/422 421/421/36 426/426/423
f 107/107/105 419/419/417 425/425/422
f 419/419/417 107/107/105 423/423/420
f 421/421/36 427/427/424 426/426/423
f 107/107/105 428/428/425 423/423/420
f 428/428/425 424/424/421 423/423/420
f 428/428/425 107/107/105 106/106/104
f 424/424/421 428/428/425 429/429/426
f 428/428/425 106/106/104 112/112/110
f 112/112/110 429/429/426 428/428/425
f 430/430/427 427/427/424 421/421/36
f 422/422/419 430/430/427 421/421/36
f 430/430/427 422/422/419 431/431/428
f 430/430/427 432/432/429 427/427/424
f 433/433/430 430/430/427 431/431/428
f 430/430/427 433/433/430 434/434/431
f 430/430/427 434/434/431 432/432/429
f 435/435/432 434/434/431 433/433/430
f 436/436/432 432/432/429 434/434/431
f 434/434/431 435/435/432 436/436/432
f 432/432/429 436/436/432 437/437/433
f 436/436/432 438/438/434 437/437/433
f 436/436/432 435/435/432 439/439/435
f 440/440/436 439/439/435 435/435/432
f 438/438/434 436/436/432 441/441/437
f 441/441/437 442/442/438 438/438/434
f 443/443/439 439/439/435 440/440/436
f 440/440/436 444/444/440 443/443/439
f 439/439/435 445/445/441 436/436/432
f 445/445/441 441/441/437 436/436/432
f 446/446/442 439/439/435 443/443/439
f 439/439/435 446/446/442 445/445/441
f 444/444/440 447/447/443 443/443/439
f 447/447/443 446/446/442 443/443/439
f 447/447/443 444/444/440 448/448/444
f 413/413/411 447/447/443 448/448/444
f 447/447/443 413/413/411 400/400/398
f 400/400/398 449/449/445 447/447/443
f 446/446/442 447/447/443 449/449/445
f 396/396/394 449/449/445 400/400/398
f 394/394/392 449/449/445 396/396/394
f 449/449/445 394/394/392 450/450/446
f 450/450/446 446/446/442 449/449/445
f 393/393/391 450/450/446 394/394/392
f 446/446/442 450/450/446 451/451/447
f 451/451/447 445/445/441 446/446/442
f 450/450/446 393/393/391 452/452/448
f 452/452/448 451/451/447 450/450/446
f 445/445/441 451/451/447 453/453/449
f 453/453/449 441/441/437 445/445/441
f 451/451/447 452/452/448 454/454/450
f 454/454/450 453/453/449 451/451/447
f 393/393/391 455/455/451 452/452/448
f 393/393/391 387/387/385 455/455/451
f 349/349/347 455/455/451 387/387/385
f 455/455/451 456/456/452 452/452/448
f 349/349/347 456/456/452 455/455/451
f 456/456/452 454/454/450 452/452/448
f 456/456/452 349/349/347 353/353/351
f 457/457/453 456/456/452 353/353/351
f 353/353/351 345/345/343 457/457/453
f 454/454/450 456/456/452 458/458/454
f 456/456/452 457/457/453 458/458/454
f 453/453/449 454/454/450 459/459/455
f 459/459/455 454/454/450 458/458/454
f 441/441/437 453/453/449 460/460/456
f 453/453/449 459/459/455 460/460/456
f 442/442/438 441/441/437 460/460/456
f 461/461/457 442/442/438 460/460/456
f 462/462/458 461/461/457 460/460/456
f 459/459/455 462/462/458 460/460/456
f 462/462/458 463/463/459 461/461/457
f 463/463/459 462/462/458 464/464/460
f 459/459/455 464/464/460 462/462/458
f 464/464/460 465/465/461 463/463/459
f 464/464/460 459/459/455 466/466/462
f 458/458/454 466/466/462 459/459/455
f 465/465/461 464/464/460 467/467/463
f 467/467/463 464/464/460 466/466/462
f 465/465/461 467/467/463 39/39/39
f 466/466/462 458/458/454 468/468/464
f 457/457/453 468/468/464 458/458/454
f 467/467/463 466/466/462 469/469/465
f 468/468/464 469/469/465 466/466/462
f 39/39/39 467/467/463 470/470/466
f 470/470/466 467/467/463 469/469/465
f 38/38/38 39/39/39 470/470/466
f 470/470/466 43/43/42 38/38/38
f 468/468/464 457/457/453 471/471/467
f 345/345/343 471/471/467 457/457/453
f 469/469/465 468/468/464 472/472/468
f 471/471/467 472/472/468 468/468/464
f 470/470/466 469/469/465 473/473/469
f 473/473/469 469/469/465 472/472/468
f 470/470/466 473/473/469 474/474/470
f 43/43/42 470/470/466 474/474/470
f 473/473/469 472/472/468 475/475/471
f 475/475/471 474/474/470 473/473/469
f 472/472/468 471/471/467 476/476/472
f 471/471/467 345/345/343 477/477/473
f 477/477/473 476/476/472 471/471/467
f 343/343/341 477/477/473 345/345/343
f 478/478/454 472/472/468 476/476/472
f 472/472/468 478/478/454 475/475/471
f 343/343/341 479/479/474 477/477/473
f 479/479/474 343/343/341 342/342/340
f 476/476/472 477/477/473 480/480/475
f 480/480/475 478/478/454 476/476/472
f 481/481/476 477/477/473 479/479/474
f 477/477/473 481/481/476 480/480/475
f 479/479/474 342/342/340 482/482/477
f 481/481/476 479/479/474 482/482/477
f 483/483/478 482/482/477 342/342/340
f 483/483/478 342/342/340 340/340/338
f 482/482/477 484/484/479 481/481/476
f 340/340/338 485/485/480 483/483/478
f 485/485/480 340/340/338 338/338/336
f 482/482/477 483/483/478 486/486/481
f 338/338/336 487/487/482 485/485/480
f 487/487/482 338/338/336 336/336/334
f 488/488/483 483/483/478 485/485/480
f 483/483/478 488/488/483 486/486/481
f 489/489/484 485/485/480 487/487/482
f 485/485/480 489/489/484 488/488/483
f 487/487/482 336/336/334 490/490/485
f 316/316/314 490/490/485 336/336/334
f 491/491/486 489/489/484 487/487/482
f 490/490/485 491/491/486 487/487/482
f 490/490/485 316/316/314 492/492/487
f 316/316/314 310/310/308 492/492/487
f 310/310/308 309/309/307 492/492/487
f 490/490/485 492/492/487 493/493/488
f 492/492/487 309/309/307 494/494/489
f 494/494/489 493/493/488 492/492/487
f 305/305/303 494/494/489 309/309/307
f 493/493/488 495/495/490 490/490/485
f 495/495/490 491/491/486 490/490/485
f 494/494/489 305/305/303 496/496/491
f 496/496/491 305/305/303 284/284/282
f 284/284/282 281/281/279 496/496/491
f 281/281/279 497/497/492 496/496/491
f 497/497/492 494/494/489 496/496/491
f 497/497/492 281/281/279 278/278/276
f 494/494/489 498/498/493 493/493/488
f 494/494/489 497/497/492 498/498/493
f 498/498/493 495/495/490 493/493/488
f 278/278/276 499/499/494 497/497/492
f 499/499/494 498/498/493 497/497/492
f 499/499/494 278/278/276 275/275/273
f 500/500/495 495/495/490 498/498/493
f 498/498/493 499/499/494 500/500/495
f 275/275/273 501/501/496 499/499/494
f 501/501/496 500/500/495 499/499/494
f 269/269/267 501/501/496 275/275/273
f 495/495/490 500/500/495 502/502/497
f 502/502/497 491/491/486 495/495/490
f 500/500/495 501/501/496 503/503/498
f 503/503/498 502/502/497 500/500/495
f 504/504/499 501/501/496 269/269/267
f 501/501/496 504/504/499 503/503/498
f 269/269/267 266/266/264 504/504/499
f 266/266/264 272/272/270 504/504/499
f 502/502/497 503/503/498 505/505/500
f 504/504/499 505/505/500 503/503/498
f 491/491/486 502/502/497 506/506/501
f 505/505/500 506/506/501 502/502/497
f 489/489/484 491/491/486 506/506/501
f 505/505/500 504/504/499 507/507/502
f 504/504/499 272/272/270 507/507/502
f 506/506/501 505/505/500 508/508/503
f 508/508/503 489/489/484 506/506/501
f 507/507/502 508/508/503 505/505/500
f 489/489/484 508/508/503 509/509/504
f 507/507/502 509/509/504 508/508/503
f 509/509/504 488/488/483 489/489/484
f 272/272/270 510/510/505 507/507/502
f 507/507/502 510/510/505 509/509/504
f 262/262/260 510/510/505 272/272/270
f 488/488/483 509/509/504 511/511/506
f 510/510/505 511/511/506 509/509/504
f 511/511/506 486/486/481 488/488/483
f 510/510/505 262/262/260 512/512/507
f 262/262/260 249/249/247 512/512/507
f 246/246/244 512/512/507 249/249/247
f 486/486/481 511/511/506 513/513/508
f 482/482/477 486/486/481 513/513/508
f 513/513/508 484/484/479 482/482/477
f 512/512/507 246/246/244 514/514/509
f 243/243/241 514/514/509 246/246/244
f 511/511/506 515/515/510 513/513/508
f 511/511/506 510/510/505 515/515/510
f 512/512/507 516/516/511 510/510/505
f 510/510/505 516/516/511 515/515/510
f 516/516/511 512/512/507 514/514/509
f 513/513/508 515/515/510 517/517/512
f 484/484/479 513/513/508 517/517/512
f 518/518/513 515/515/510 516/516/511
f 518/518/513 516/516/511 514/514/509
f 515/515/510 518/518/513 517/517/512
f 514/514/509 243/243/241 519/519/478
f 518/518/513 514/514/509 519/519/478
f 240/240/238 519/519/478 243/243/241
f 517/517/512 518/518/513 520/520/514
f 520/520/514 518/518/513 519/519/478
f 519/519/478 240/240/238 521/521/515
f 519/519/478 521/521/515 520/520/514
f 237/237/235 521/521/515 240/240/238
f 520/520/514 522/522/516 517/517/512
f 517/517/512 522/522/516 484/484/479
f 523/523/517 520/520/514 521/521/515
f 522/522/516 520/520/514 523/523/517
f 521/521/515 237/237/235 524/524/518
f 521/521/515 524/524/518 523/523/517
f 234/234/232 524/524/518 237/237/235
f 525/525/519 523/523/517 524/524/518
f 523/523/517 525/525/519 522/522/516
f 524/524/518 234/234/232 526/526/520
f 524/524/518 526/526/520 525/525/519
f 233/233/231 526/526/520 234/234/232
f 527/527/521 522/522/516 525/525/519
f 526/526/520 527/527/521 525/525/519
f 526/526/520 233/233/231 528/528/522
f 526/526/520 528/528/522 527/527/521
f 230/230/228 528/528/522 233/233/231
f 527/527/521 529/529/523 522/522/516
f 529/529/523 484/484/479 522/522/516
f 529/529/523 481/481/476 484/484/479
f 529/529/523 480/480/475 481/481/476
f 480/480/475 529/529/523 530/530/524
f 527/527/521 530/530/524 529/529/523
f 478/478/454 480/480/475 530/530/524
f 530/530/524 527/527/521 531/531/525
f 528/528/522 531/531/525 527/527/521
f 532/532/526 478/478/454 530/530/524
f 532/532/526 530/530/524 531/531/525
f 532/532/526 531/531/525 528/528/522
f 532/532/526 475/475/471 478/478/454
f 528/528/522 230/230/228 533/533/527
f 528/528/522 533/533/527 532/532/526
f 223/223/221 533/533/527 230/230/228
f 533/533/527 223/223/221 227/227/225
f 534/534/528 532/532/526 533/533/527
f 533/533/527 227/227/225 534/534/528
f 475/475/471 532/532/526 534/534/528
f 535/535/529 534/534/528 227/227/225
f 227/227/225 222/222/220 535/535/529
f 534/534/528 536/536/530 475/475/471
f 536/536/530 534/534/528 535/535/529
f 474/474/470 475/475/471 536/536/530
f 537/537/531 535/535/529 222/222/220
f 536/536/530 535/535/529 537/537/531
f 222/222/220 221/221/219 537/537/531
f 538/538/532 474/474/470 536/536/530
f 537/537/531 538/538/532 536/536/530
f 474/474/470 538/538/532 43/43/42
f 221/221/219 539/539/533 537/537/531
f 538/538/532 537/537/531 539/539/533
f 539/539/533 221/221/219 214/214/212
f 540/540/534 43/43/42 538/538/532
f 43/43/42 540/540/534 40/40/40
f 41/41/41 40/40/40 540/540/534
f 540/540/534 54/54/53 41/41/41
f 541/541/535 538/538/532 539/539/533
f 538/538/532 541/541/535 540/540/534
f 214/214/212 541/541/535 539/539/533
f 54/54/53 540/540/534 541/541/535
f 214/214/212 210/210/208 541/541/535
f 210/210/208 54/54/53 541/541/535
f 542/542/536 543/543/537 544/544/538
f 545/545/539 544/544/538 543/543/537
f 545/545/539 546/546/540 544/544/538
f 546/546/540 545/545/539 547/547/541
f 547/547/541 548/548/542 546/546/540
f 548/548/542 547/547/541 549/549/543
f 548/548/542 549/549/543 550/550/544
f 550/550/544 551/551/545 548/548/542
f 551/551/545 550/550/544 552/552/546
f 552/552/546 553/553/547 551/551/545
f 553/553/547 552/552/546 554/554/548
f 555/555/549 556/556/549 557/557/550
f 555/555/549 557/557/550 558/558/551
f 558/558/551 557/557/550 559/559/552
f 558/558/551 559/559/552 560/560/552
f 561/561/553 560/560/552 559/559/552
f 560/560/552 561/561/553 562/562/553
f 563/563/554 562/562/553 561/561/553
f 562/562/553 563/563/554 564/564/554
f 563/563/554 565/565/555 564/564/554
f 565/565/555 563/563/554 566/566/556
f 566/566/556 567/567/557 565/565/555
f 567/567/557 566/566/556 568/568/557
f 569/569/558 570/570/559 571/571/560
f 572/572/561 571/571/560 570/570/559
f 572/572/561 573/573/562 571/571/560
f 574/574/563 573/573/562 572/572/561
f 574/574/563 575/575/564 573/573/562
f 576/576/565 575/575/564 574/574/563
f 577/577/566 575/575/564 576/576/565
f 575/575/564 577/577/566 578/578/567
f 578/578/567 577/577/566 579/579/568
f 578/578/567 579/579/568 580/580/569
f 581/581/570 582/582/571 583/583/572
f 583/583/572 582/582/571 584/584/573
f 584/584/573 585/585/574 583/583/572
f 586/586/575 585/585/574 584/584/573
f 587/587/576 585/585/574 586/586/575
f 585/585/574 587/587/576 588/588/577
f 589/589/578 588/588/577 587/587/576
f 588/588/577 589/589/578 590/590/579
f 589/589/578 591/591/580 590/590/579
f 590/590/579 591/591/580 592/592/581
f 593/593/582 594/594/583 595/595/584
f 596/596/585 595/595/584 594/594/583
f 595/595/584 596/596/585 597/597/586
f 596/596/585 598/598/587 597/597/586
f 597/597/586 598/598/587 599/599/588
f 599/599/588 598/598/587 600/600/588
f 601/601/589 599/599/588 600/600/588
f 599/599/588 601/601/589 602/602/590
f 602/602/590 601/601/589 603/603/591
f 602/602/590 603/603/591 604/604/592
f 605/2/593 606/605/594 607/606/595
f 606/605/594 605/2/593 608/1/596
f 609/607/597 606/605/594 608/1/596
f 610/608/598 609/607/597 608/1/596
f 610/608/598 611/609/599 609/607/597
f 611/609/599 610/608/598 612/610/600
f 611/609/599 612/610/600 613/611/601
f 612/610/600 610/608/598 614/612/602
f 613/611/601 612/610/600 614/612/602
f 608/1/596 615/613/603 610/608/598
f 615/613/603 614/612/602 610/608/598
f 616/614/604 613/611/601 614/612/602
f 617/615/605 613/611/601 616/614/604
f 618/616/606 616/614/604 614/612/602
f 615/613/603 618/616/606 614/612/602
f 613/611/601 617/615/605 619/617/607
f 618/616/606 615/613/603 620/618/608
f 621/619/609 619/617/607 617/615/605
f 619/617/607 621/619/609 622/620/610
f 623/621/611 622/620/610 621/619/609
f 622/620/610 623/621/611 624/622/612
f 625/623/613 624/622/612 623/621/611
f 624/622/612 625/623/613 626/624/614
f 627/625/615 626/624/614 625/623/613
f 626/624/614 627/625/615 628/626/616
f 629/627/617 628/626/616 627/625/615
f 628/626/616 629/627/617 630/628/618
f 630/628/618 631/629/619 628/626/616
f 632/630/620 630/628/618 629/627/617
f 631/629/619 630/628/618 633/631/621
f 630/628/618 632/630/620 634/632/622
f 634/632/622 633/631/621 630/628/618
f 635/633/623 634/632/622 632/630/620
f 633/631/621 634/632/622 636/634/624
f 634/632/622 635/633/623 637/635/625
f 637/635/625 636/634/624 634/632/622
f 638/636/626 637/635/625 635/633/623
f 636/634/624 637/635/625 639/637/627
f 637/635/625 638/636/626 640/638/628
f 640/638/628 639/637/627 637/635/625
f 641/639/629 640/638/628 638/636/626
f 639/637/627 640/638/628 642/640/630
f 642/640/630 643/641/631 639/637/627
f 643/641/631 642/640/630 644/642/632
f 640/638/628 641/639/629 645/643/633
f 645/643/633 642/640/630 640/638/628
f 646/644/634 645/643/633 641/639/629
f 647/645/635 644/642/632 642/640/630
f 642/640/630 645/643/633 647/645/635
f 644/642/632 647/645/635 648/646/636
f 645/643/633 646/644/634 649/647/637
f 649/647/637 647/645/635 645/643/633
f 646/644/634 650/648/638 649/647/637
f 651/649/639 648/646/636 647/645/635
f 647/645/635 649/647/637 651/649/639
f 648/646/636 651/649/639 652/650/640
f 650/648/638 653/651/641 649/647/637
f 653/651/641 651/649/639 649/647/637
f 650/648/638 654/652/642 653/651/641
f 655/653/643 652/650/640 651/649/639
f 651/649/639 653/651/641 655/653/643
f 652/650/640 655/653/643 656/654/644
f 655/653/643 657/655/645 656/654/644
f 657/655/645 655/653/643 658/656/646
f 653/651/641 658/656/646 655/653/643
f 659/657/647 657/655/645 658/656/646
f 654/652/642 660/658/648 653/651/641
f 658/656/646 653/651/641 660/658/648
f 654/652/642 661/659/649 660/658/648
f 658/656/646 662/660/650 659/657/647
f 660/658/648 662/660/650 658/656/646
f 662/660/650 663/661/651 659/657/647
f 661/659/649 664/662/652 660/658/648
f 662/660/650 660/658/648 664/662/652
f 661/659/649 665/663/653 666/664/654
f 664/662/652 661/659/649 666/664/654
f 663/661/651 662/660/650 667/665/655
f 662/660/650 664/662/652 667/665/655
f 667/665/655 668/666/656 663/661/651
f 668/666/656 667/665/655 669/667/657
f 666/664/654 670/668/658 664/662/652
f 670/668/658 667/665/655 664/662/652
f 670/668/658 669/667/657 667/665/655
f 670/668/658 666/664/654 671/669/659
f 669/667/657 670/668/658 672/670/660
f 670/668/658 671/669/659 672/670/660
f 673/671/661 672/670/660 671/669/659
f 674/672/662 675/673/663 676/674/664
f 674/672/662 676/674/664 677/675/665
f 678/676/666 674/672/662 677/675/665
f 679/677/667 680/678/668 681/679/669
f 680/678/668 682/680/670 681/679/669
f 682/680/670 680/678/668 683/681/671
f 683/681/671 684/682/672 682/680/670
f 684/682/672 683/681/671 685/683/673
f 686/684/674 684/682/672 685/683/673
f 687/685/675 686/684/674 685/683/673
f 686/684/674 687/685/675 688/686/676
f 688/686/676 687/685/675 689/687/677
f 690/688/678 688/686/676 689/687/677
f 689/687/677 691/689/679 690/688/678
f 691/689/679 689/687/677 692/690/680
f 692/690/680 693/691/681 691/689/679
f 693/691/681 692/690/680 694/692/682
f 693/691/681 694/692/682 695/693/683
f 696/694/684 693/691/681 695/693/683
f 697/695/685 696/694/684 695/693/683
f 698/696/686 696/694/684 697/695/685
f 698/696/686 697/695/685 699/697/687
f 700/698/688 698/696/686 699/697/687
f 700/698/688 699/697/687 701/699/689
f 702/700/690 700/698/688 701/699/689
f 701/699/689 703/701/691 702/700/690
f 704/702/692 702/700/690 703/701/691
f 702/700/690 704/702/692 705/703/693
f 706/704/694 707/705/695 708/706/696
f 709/707/697 707/705/695 706/704/694
f 710/708/698 709/707/697 706/704/694
f 711/709/699 709/707/697 710/708/698
f 711/709/699 712/710/700 709/707/697
f 713/711/701 712/710/700 711/709/699
f 712/710/700 713/711/701 714/712/702
f 715/713/703 716/714/704 717/715/705
f 718/716/706 716/714/704 715/713/703
f 719/717/707 718/716/706 715/713/703
f 720/718/708 718/716/706 719/717/707
f 721/719/709 718/716/706 720/718/708
f 722/720/710 721/719/709 720/718/708
f 721/719/709 722/720/710 723/721/711
f 724/722/712 725/723/713 726/724/714
f 725/723/713 724/722/712 727/725/715
f 728/726/716 725/723/713 727/725/715
f 729/727/717 728/726/716 727/725/715
f 730/728/718 728/726/716 729/727/717
f 730/728/718 731/729/719 728/726/716
f 732/730/720 731/729/719 730/728/718
f 731/729/719 732/730/720 733/731/721
f 734/732/722 735/733/723 736/734/723
f 735/733/723 737/735/724 736/734/723
f 737/735/724 735/733/723 738/736/724
f 737/735/724 738/736/724 739/737/725
f 739/737/725 740/738/725 737/735/724
f 739/737/725 741/739/726 740/738/725
f 741/739/726 739/737/725 742/740/722
f 742/740/722 743/741/727 741/739/726
f 743/741/727 742/740/722 744/742/727
f 744/742/727 745/743/728 743/741/727
f 745/743/728 744/742/727 746/744/728
f 746/744/728 747/745/729 745/743/728
f 747/745/729 746/744/728 748/746/729
f 748/746/729 749/747/730 747/745/729
f 749/747/730 748/746/729 750/748/731
f 750/748/731 751/749/732 749/747/730
f 751/749/732 750/748/731 752/750/733
f 751/749/732 752/750/733 753/751/734
f 754/752/735 751/749/732 753/751/734
f 751/749/732 754/752/735 755/753/736
f 755/753/736 756/754/737 751/749/732
f 756/754/737 755/753/736 757/755/738
f 757/755/738 758/756/738 756/754/737
f 758/756/738 757/755/738 759/757/739
f 759/757/739 760/758/739 758/756/738
f 760/758/739 759/757/739 761/759/740
f 761/759/740 762/760/741 760/758/739
f 763/761/742 762/760/741 761/759/740
f 762/760/741 763/761/742 764/762/742
f 765/763/743 764/762/742 763/761/742
f 764/762/742 765/763/743 766/764/744
f 767/765/745 766/764/744 765/763/743
f 766/764/744 767/765/745 768/766/745
f 769/767/746 768/766/745 767/765/745
f 768/766/745 769/767/746 770/768/746
f 771/769/747 770/768/746 769/767/746
f 770/768/746 771/769/747 772/770/747
f 771/769/747 773/771/748 772/770/747
f 774/747/749 775/749/750 776/10/751
f 777/12/752 774/747/749 776/10/751
f 774/747/749 777/12/752 778/745/753
f 779/743/754 778/745/753 777/12/752
f 777/12/752 780/14/754 779/743/754
f 781/741/755 779/743/754 780/14/754
f 781/741/755 780/14/754 782/17/755
f 783/739/756 781/741/755 782/17/755
f 783/739/756 782/17/755 784/20/757
f 785/738/758 783/739/756 784/20/757
f 785/738/758 784/20/757 786/24/758
f 787/735/759 785/738/758 786/24/758
f 787/735/759 786/24/758 788/28/760
f 789/33/761 787/735/759 788/28/760
f 787/735/759 789/33/761 790/734/762
f 791/732/763 790/734/762 789/33/761
f 789/33/761 792/46/763 791/732/763
f 793/465/764 794/39/765 795/771/765
f 795/771/765 796/769/764 793/465/764
f 797/463/766 793/465/764 796/769/764
f 796/769/764 798/767/766 797/463/766
f 799/461/767 797/463/766 798/767/766
f 798/767/766 800/765/767 799/461/767
f 801/442/768 799/461/767 800/765/767
f 800/765/767 802/763/769 801/442/768
f 803/438/770 801/442/768 802/763/769
f 802/763/769 804/761/771 803/438/770
f 805/437/772 803/438/770 804/761/771
f 805/437/772 804/761/771 806/759/772
f 807/432/773 805/437/772 806/759/772
f 807/432/773 806/759/772 808/757/773
f 809/427/774 807/432/773 808/757/773
f 809/427/774 808/757/773 810/755/774
f 811/426/775 809/427/774 810/755/774
f 811/426/775 810/755/774 812/753/776
f 813/425/777 811/426/775 812/753/776
f 813/425/777 812/753/776 814/752/778
f 815/751/779 813/425/777 814/752/778
f 813/425/777 815/751/779 816/107/779
f 817/749/780 818/754/781 819/10/782
f 818/754/781 820/11/783 819/10/782
f 820/11/783 818/754/781 821/756/784
f 821/756/784 822/13/785 820/11/783
f 822/13/785 821/756/784 823/758/786
f 823/758/786 824/16/787 822/13/785
f 824/16/787 823/758/786 825/760/788
f 826/762/789 824/16/787 825/760/788
f 824/16/787 826/762/789 827/18/790
f 828/764/791 827/18/790 826/762/789
f 827/18/790 828/764/791 829/22/792
f 830/766/793 829/22/792 828/764/791
f 829/22/792 830/766/793 831/26/794
f 832/768/795 831/26/794 830/766/793
f 831/26/794 832/768/795 833/31/796
f 834/770/797 833/31/796 832/768/795
f 833/31/796 834/770/797 835/35/798
f 836/771/799 835/35/798 834/770/797
f 835/35/798 836/771/799 837/39/799
f 838/772/800 839/773/801 840/774/802
f 839/773/801 838/772/800 841/775/803
f 841/775/803 842/776/804 839/773/801
f 842/776/804 841/775/803 843/777/805
f 844/778/806 845/779/807 846/780/808
f 844/778/806 847/781/809 845/779/807
f 844/778/806 848/782/810 847/781/809
f 848/782/810 849/783/811 847/781/809
f 850/784/812 849/783/811 848/782/810
f 849/783/811 850/784/812 851/785/813
f 852/786/814 851/785/813 850/784/812
f 852/786/814 850/784/812 853/787/815
f 854/788/816 853/787/815 850/784/812
f 855/789/817 853/787/815 854/788/816
f 856/790/818 857/791/819 858/792/820
f 859/793/821 857/791/819 856/790/818
f 857/791/819 859/793/821 860/794/822
f 861/795/823 860/794/822 859/793/821
f 861/795/823 862/796/824 860/794/822
f 863/797/825 862/796/824 861/795/823
f 864/798/826 862/796/824 863/797/825
f 862/796/824 864/798/826 865/799/827
f 865/799/827 864/798/826 866/800/828
f 865/799/827 866/800/828 867/801/829
f 868/802/830 869/803/831 870/804/832
f 868/802/830 871/805/833 869/803/831
f 868/802/830 872/806/834 871/805/833
f 872/806/834 873/807/835 871/805/833
f 874/808/836 873/807/835 872/806/834
f 873/807/835 874/808/836 875/809/837
f 876/810/838 875/809/837 874/808/836
f 876/810/838 874/808/836 877/811/839
f 878/812/840 877/811/839 874/808/836
f 879/813/841 877/811/839 878/812/840
f 880/814/842 881/815/843 882/816/844
f 880/814/842 882/816/844 883/817/845
f 883/817/845 884/818/846 880/814/842
f 884/818/846 883/817/845 885/819/847
f 886/820/848 884/818/846 885/819/847
f 884/818/846 886/820/848 887/821/849
f 888/822/850 887/821/849 886/820/848
f 887/821/849 888/822/850 889/823/851
f 889/823/851 888/822/850 890/824/852
f 889/823/851 890/824/852 891/825/853
f 892/826/854 893/827/855 894/828/856
f 893/827/855 895/829/857 894/828/856
f 895/829/857 893/827/855 896/830/858
f 896/830/858 897/831/859 895/829/857
f 898/832/860 895/829/857 897/831/859
f 895/829/857 898/832/860 899/833/861
f 899/833/861 898/832/860 900/834/862
f 899/833/861 900/834/862 901/835/863
f 901/835/863 900/834/862 902/836/864
f 901/835/863 902/836/864 903/837/865
f 904/605/594 905/676/666 906/606/595
f 904/605/594 907/672/662 905/676/666
f 908/838/866 907/672/662 904/605/594
f 909/607/597 908/838/866 904/605/594
f 908/838/866 910/839/867 907/672/662
f 911/673/868 907/672/662 910/839/867
f 909/607/597 912/840/869 908/838/866
f 912/840/869 909/607/597 913/609/870
f 914/841/871 908/838/866 912/840/869
f 908/838/866 914/841/871 910/839/867
f 913/609/870 915/842/872 912/840/869
f 915/842/872 914/841/871 912/840/869
f 913/609/870 916/611/873 915/842/872
f 917/843/874 910/839/867 914/841/871
f 916/611/873 918/844/875 915/842/872
f 918/844/875 916/611/873 919/617/876
f 915/842/872 920/845/877 914/841/871
f 920/845/877 917/843/874 914/841/871
f 921/846/878 915/842/872 918/844/875
f 915/842/872 921/846/878 920/845/877
f 919/617/876 922/847/879 918/844/875
f 922/847/879 919/617/876 923/620/880
f 918/844/875 924/848/881 921/846/878
f 924/848/881 918/844/875 922/847/879
f 923/620/880 925/849/882 922/847/879
f 925/849/882 923/620/880 926/622/883
f 927/624/884 925/849/882 926/622/883
f 922/847/879 928/850/885 924/848/881
f 928/850/885 922/847/879 925/849/882
f 925/849/882 927/624/884 929/851/866
f 930/626/886 929/851/866 927/624/884
f 929/851/866 930/626/886 931/629/887
f 929/851/866 932/852/888 925/849/882
f 931/629/887 932/852/888 929/851/866
f 932/852/888 928/850/885 925/849/882
f 931/629/887 933/853/889 932/852/888
f 931/629/887 934/631/890 933/853/889
f 933/853/889 934/631/890 935/634/891
f 936/641/892 935/634/891 937/637/893
f 933/853/889 935/634/891 936/641/892
f 932/852/888 938/854/894 928/850/885
f 933/853/889 939/855/895 932/852/888
f 938/854/894 932/852/888 939/855/895
f 940/856/896 933/853/889 936/641/892
f 939/855/895 933/853/889 940/856/896
f 941/857/897 928/850/885 938/854/894
f 928/850/885 941/857/897 924/848/881
f 939/855/895 942/858/898 938/854/894
f 941/857/897 943/859/899 924/848/881
f 924/848/881 943/859/899 921/846/878
f 941/857/897 938/854/894 944/860/900
f 938/854/894 942/858/898 944/860/900
f 943/859/899 941/857/897 945/861/901
f 941/857/897 944/860/900 945/861/901
f 943/859/899 946/862/902 921/846/878
f 921/846/878 946/862/902 920/845/877
f 945/861/901 947/863/903 943/859/899
f 946/862/902 943/859/899 947/863/903
f 944/860/900 948/864/904 945/861/901
f 920/845/877 946/862/902 949/865/905
f 920/845/877 949/865/905 917/843/874
f 948/864/904 944/860/900 950/866/906
f 944/860/900 942/858/898 950/866/906
f 951/867/907 945/861/901 948/864/904
f 945/861/901 951/867/907 947/863/903
f 952/868/908 948/864/904 950/866/906
f 953/869/909 951/867/907 948/864/904
f 948/864/904 952/868/908 953/869/909
f 954/870/910 950/866/906 942/858/898
f 955/871/911 952/868/908 950/866/906
f 950/866/906 954/870/910 955/871/911
f 956/872/912 954/870/910 942/858/898
f 942/858/898 939/855/895 956/872/912
f 940/856/896 956/872/912 939/855/895
f 954/870/910 956/872/912 957/873/913
f 956/872/912 940/856/896 958/874/914
f 958/874/914 957/873/913 956/872/912
f 954/870/910 957/873/913 959/875/915
f 959/875/915 955/871/911 954/870/910
f 957/873/913 958/874/914 960/876/916
f 960/876/916 959/875/915 957/873/913
f 961/877/917 958/874/914 940/856/896
f 936/641/892 961/877/917 940/856/896
f 962/642/918 961/877/917 936/641/892
f 958/874/914 961/877/917 963/878/919
f 963/878/919 960/876/916 958/874/914
f 961/877/917 962/642/918 964/879/920
f 964/879/920 963/878/919 961/877/917
f 965/646/921 964/879/920 962/642/918
f 960/876/916 963/878/919 966/880/922
f 964/879/920 965/646/921 967/881/923
f 968/650/924 967/881/923 965/646/921
f 963/878/919 964/879/920 969/882/925
f 967/881/923 968/650/924 970/883/926
f 971/654/927 970/883/926 968/650/924
f 964/879/920 967/881/923 972/884/928
f 964/879/920 972/884/928 969/882/925
f 970/883/926 971/654/927 973/885/929
f 973/885/929 971/654/927 974/655/930
f 967/881/923 970/883/926 975/886/931
f 973/885/929 975/886/931 970/883/926
f 967/881/923 975/886/931 972/884/928
f 976/887/932 973/885/929 974/655/930
f 977/657/933 976/887/932 974/655/930
f 975/886/931 973/885/929 978/888/934
f 978/888/934 973/885/929 976/887/932
f 976/887/932 977/657/933 979/889/935
f 980/661/936 979/889/935 977/657/933
f 981/890/937 978/888/934 976/887/932
f 979/889/935 981/890/937 976/887/932
f 979/889/935 980/661/936 982/891/938
f 983/666/939 982/891/938 980/661/936
f 982/891/938 983/666/939 984/892/940
f 981/890/937 979/889/935 985/893/941
f 982/891/938 985/893/941 979/889/935
f 984/892/940 986/894/942 982/891/938
f 985/893/941 982/891/938 986/894/942
f 986/894/942 984/892/940 987/895/943
f 985/893/941 988/896/944 981/890/937
f 978/888/934 981/890/937 988/896/944
f 986/894/942 989/897/945 985/893/941
f 988/896/944 985/893/941 989/897/945
f 987/895/943 990/898/946 986/894/942
f 989/897/945 986/894/942 990/898/946
f 990/898/946 987/895/943 991/899/947
f 992/900/948 990/898/946 991/899/947
f 990/898/946 992/900/948 993/901/949
f 993/901/949 989/897/945 990/898/946
f 993/901/949 992/900/948 994/902/950
f 989/897/945 993/901/949 995/903/951
f 996/904/952 993/901/949 994/902/950
f 996/904/952 995/903/951 993/901/949
f 994/902/950 997/905/953 996/904/952
f 997/905/953 994/902/950 998/906/954
f 995/903/951 996/904/952 999/907/955
f 998/906/954 1000/908/956 997/905/953
f 1000/908/956 998/906/954 1001/909/957
f 1002/910/958 996/904/952 997/905/953
f 1000/908/956 1002/910/958 997/905/953
f 996/904/952 1002/910/958 999/907/955
f 1001/909/957 1003/911/959 1000/908/956
f 1003/911/959 1001/909/957 1004/912/960
f 1005/913/961 1003/911/959 1004/912/960
f 1002/910/958 1000/908/956 1006/914/440
f 1003/911/959 1006/914/440 1000/908/956
f 1007/915/962 999/907/955 1002/910/958
f 1006/914/440 1007/915/962 1002/910/958
f 1003/911/959 1005/913/961 1008/916/963
f 1006/914/440 1003/911/959 1009/917/964
f 1003/911/959 1008/916/963 1009/917/964
f 1007/915/962 1006/914/440 1010/918/965
f 1009/917/964 1010/918/965 1006/914/440
f 999/907/955 1007/915/962 1011/919/966
f 1011/919/966 995/903/951 999/907/955
f 1010/918/965 1012/920/967 1007/915/962
f 1007/915/962 1012/920/967 1011/919/966
f 1010/918/965 1009/917/964 1013/921/968
f 1012/920/967 1010/918/965 1014/922/969
f 1013/921/968 1014/922/969 1010/918/965
f 1012/920/967 1015/923/970 1011/919/966
f 1016/924/971 1012/920/967 1014/922/969
f 1012/920/967 1016/924/971 1015/923/970
f 1014/922/969 1013/921/968 1017/925/972
f 1014/922/969 1017/925/972 1016/924/971
f 1018/926/973 1013/921/968 1009/917/964
f 1009/917/964 1008/916/963 1018/926/973
f 1019/927/974 1017/925/972 1013/921/968
f 1013/921/968 1018/926/973 1019/927/974
f 1020/928/975 1018/926/973 1008/916/963
f 1005/913/961 1020/928/975 1008/916/963
f 1020/928/975 1005/913/961 1021/929/976
f 1022/930/977 1020/928/975 1021/929/976
f 1018/926/973 1020/928/975 1023/931/978
f 1023/931/978 1019/927/974 1018/926/973
f 1020/928/975 1022/930/977 1024/932/979
f 1024/932/979 1023/931/978 1020/928/975
f 1025/933/980 1024/932/979 1022/930/977
f 1019/927/974 1023/931/978 1026/934/981
f 1024/932/979 1025/933/980 1027/935/982
f 1028/936/983 1027/935/982 1025/933/980
f 1023/931/978 1024/932/979 1029/937/984
f 1024/932/979 1027/935/982 1029/937/984
f 1023/931/978 1029/937/984 1026/934/981
f 1027/935/982 1028/936/983 1030/938/985
f 1031/939/986 1030/938/985 1028/936/983
f 1030/938/985 1031/939/986 1032/940/987
f 1033/941/988 1029/937/984 1027/935/982
f 1030/938/985 1033/941/988 1027/935/982
f 1030/938/985 1032/940/987 1034/942/989
f 1033/941/988 1030/938/985 1034/942/989
f 1035/943/990 1034/942/989 1032/940/987
f 1036/944/991 1034/942/989 1035/943/990
f 1033/941/988 1037/945/992 1029/937/984
f 1026/934/981 1029/937/984 1037/945/992
f 1034/942/989 1038/946/993 1033/941/988
f 1037/945/992 1033/941/988 1038/946/993
f 1034/942/989 1036/944/991 1039/947/994
f 1038/946/993 1034/942/989 1039/947/994
f 1040/948/995 1039/947/994 1036/944/991
f 1041/949/996 1040/948/995 1036/944/991
f 1039/947/994 1042/950/997 1038/946/993
f 1040/948/995 1041/949/996 1043/951/998
f 1043/951/998 1041/949/996 1044/952/999
f 1039/947/994 1040/948/995 1045/953/1000
f 1042/950/997 1039/947/994 1045/953/1000
f 1043/951/998 1046/954/773 1040/948/995
f 1046/954/773 1045/953/1000 1040/948/995
f 1047/955/1001 1043/951/998 1044/952/999
f 1048/956/1002 1047/955/1001 1044/952/999
f 1046/954/773 1043/951/998 1049/957/1003
f 1047/955/1001 1049/957/1003 1043/951/998
f 1047/955/1001 1048/956/1002 1050/958/1004
f 1050/958/1004 1048/956/1002 1051/959/1005
f 1049/957/1003 1047/955/1001 1052/960/1006
f 1050/958/1004 1052/960/1006 1047/955/1001
f 1053/961/1007 1050/958/1004 1051/959/1005
f 1054/962/1008 1053/961/1007 1051/959/1005
f 1052/960/1006 1050/958/1004 1055/963/1009
f 1055/963/1009 1050/958/1004 1053/961/1007
f 1053/961/1007 1054/962/1008 1056/964/1010
f 1057/965/1011 1056/964/1010 1054/962/1008
f 1058/966/1012 1055/963/1009 1053/961/1007
f 1056/964/1010 1058/966/1012 1053/961/1007
f 1056/964/1010 1057/965/1011 1059/967/1013
f 1060/968/1014 1059/967/1013 1057/965/1011
f 1058/966/1012 1056/964/1010 1061/969/1015
f 1059/967/1013 1060/968/1014 1062/970/1016
f 1063/971/1017 1062/970/1016 1060/968/1014
f 1064/972/1018 1056/964/1010 1059/967/1013
f 1064/972/1018 1061/969/1015 1056/964/1010
f 1065/973/1019 1059/967/1013 1062/970/1016
f 1065/973/1019 1064/972/1018 1059/967/1013
f 1062/970/1016 1063/971/1017 1066/974/1020
f 1067/975/1021 1065/973/1019 1062/970/1016
f 1067/975/1021 1062/970/1016 1066/974/1020
f 1068/976/1022 1066/974/1020 1063/971/1017
f 1068/976/1022 1063/971/1017 1069/977/1023
f 1067/975/1021 1066/974/1020 1070/978/1024
f 1066/974/1020 1068/976/1022 1070/978/1024
f 1068/976/1022 1069/977/1023 1071/979/1025
f 1071/979/1025 1069/977/1023 1072/980/1026
f 1068/976/1022 1073/981/1027 1070/978/1024
f 1073/981/1027 1068/976/1022 1071/979/1025
f 1072/980/1026 1074/982/1028 1071/979/1025
f 1074/982/1028 1072/980/1026 1075/983/1029
f 1071/979/1025 1076/984/1030 1073/981/1027
f 1076/984/1030 1071/979/1025 1074/982/1028
f 1077/985/1031 1074/982/1028 1075/983/1029
f 1077/985/1031 1075/983/1029 1078/986/1032
f 1079/987/1033 1076/984/1030 1074/982/1028
f 1074/982/1028 1077/985/1031 1079/987/1033
f 1080/988/1034 1077/985/1031 1078/986/1032
f 1080/988/1034 1078/986/1032 1081/989/1035
f 1082/990/1036 1079/987/1033 1077/985/1031
f 1082/990/1036 1077/985/1031 1080/988/1034
f 1076/984/1030 1079/987/1033 1083/991/1037
f 1084/992/1038 1080/988/1034 1081/989/1035
f 1084/992/1038 1081/989/1035 1085/993/1039
f 1086/994/1040 1084/992/1038 1085/993/1039
f 1087/995/1041 1082/990/1036 1080/988/1034
f 1087/995/1041 1080/988/1034 1084/992/1038
f 1088/996/1042 1079/987/1033 1082/990/1036
f 1079/987/1033 1088/996/1042 1083/991/1037
f 1082/990/1036 1087/995/1041 1089/997/1043
f 1089/997/1043 1088/996/1042 1082/990/1036
f 1090/998/1044 1076/984/1030 1083/991/1037
f 1090/998/1044 1073/981/1027 1076/984/1030
f 1088/996/1042 1091/999/1045 1083/991/1037
f 1090/998/1044 1083/991/1037 1091/999/1045
f 1073/981/1027 1090/998/1044 1092/1000/1046
f 1092/1000/1046 1070/978/1024 1073/981/1027
f 1093/1001/1047 1090/998/1044 1091/999/1045
f 1093/1001/1047 1092/1000/1046 1090/998/1044
f 1070/978/1024 1092/1000/1046 1094/1002/1048
f 1067/975/1021 1070/978/1024 1094/1002/1048
f 1092/1000/1046 1093/1001/1047 1095/1003/1049
f 1095/1003/1049 1094/1002/1048 1092/1000/1046
f 1096/1004/1050 1067/975/1021 1094/1002/1048
f 1096/1004/1050 1094/1002/1048 1095/1003/1049
f 1065/973/1019 1067/975/1021 1096/1004/1050
f 1097/1005/1051 1065/973/1019 1096/1004/1050
f 1097/1005/1051 1096/1004/1050 1095/1003/1049
f 1064/972/1018 1065/973/1019 1097/1005/1051
f 1097/1005/1051 1098/1006/1052 1064/972/1018
f 1061/969/1015 1064/972/1018 1098/1006/1052
f 1099/1007/1053 1097/1005/1051 1095/1003/1049
f 1098/1006/1052 1097/1005/1051 1099/1007/1053
f 1098/1006/1052 1100/1008/1054 1061/969/1015
f 1058/966/1012 1061/969/1015 1100/1008/1054
f 1099/1007/1053 1101/1009/1055 1098/1006/1052
f 1100/1008/1054 1098/1006/1052 1101/1009/1055
f 1100/1008/1054 1102/1010/1056 1058/966/1012
f 1102/1010/1056 1055/963/1009 1058/966/1012
f 1101/1009/1055 1103/1011/1057 1100/1008/1054
f 1102/1010/1056 1100/1008/1054 1103/1011/1057
f 1055/963/1009 1102/1010/1056 1104/1012/1058
f 1104/1012/1058 1052/960/1006 1055/963/1009
f 1103/1011/1057 1105/1013/1059 1102/1010/1056
f 1105/1013/1059 1104/1012/1058 1102/1010/1056
f 1052/960/1006 1104/1012/1058 1106/1014/1060
f 1106/1014/1060 1049/957/1003 1052/960/1006
f 1104/1012/1058 1105/1013/1059 1107/1015/1061
f 1107/1015/1061 1106/1014/1060 1104/1012/1058
f 1049/957/1003 1106/1014/1060 1108/1016/1062
f 1108/1016/1062 1046/954/773 1049/957/1003
f 1106/1014/1060 1107/1015/1061 1109/1017/1063
f 1109/1017/1063 1108/1016/1062 1106/1014/1060
f 1110/1018/1064 1107/1015/1061 1105/1013/1059
f 1111/1019/1065 1109/1017/1063 1107/1015/1061
f 1107/1015/1061 1110/1018/1064 1111/1019/1065
f 1108/1016/1062 1109/1017/1063 1112/1020/1066
f 1109/1017/1063 1111/1019/1065 1113/1021/1067
f 1113/1021/1067 1112/1020/1066 1109/1017/1063
f 1108/1016/1062 1114/1022/1068 1046/954/773
f 1112/1020/1066 1114/1022/1068 1108/1016/1062
f 1115/1023/1069 1113/1021/1067 1111/1019/1065
f 1110/1018/1064 1115/1023/1069 1111/1019/1065
f 1112/1020/1066 1113/1021/1067 1116/1024/1070
f 1117/1025/1071 1110/1018/1064 1105/1013/1059
f 1117/1025/1071 1105/1013/1059 1103/1011/1057
f 1117/1025/1071 1118/1026/1072 1110/1018/1064
f 1115/1023/1069 1110/1018/1064 1118/1026/1072
f 1119/1027/1073 1117/1025/1071 1103/1011/1057
f 1103/1011/1057 1101/1009/1055 1119/1027/1073
f 1118/1026/1072 1117/1025/1071 1120/1028/1074
f 1119/1027/1073 1120/1028/1074 1117/1025/1071
f 1121/1029/1075 1119/1027/1073 1101/1009/1055
f 1101/1009/1055 1099/1007/1053 1121/1029/1075
f 1095/1003/1049 1121/1029/1075 1099/1007/1053
f 1120/1028/1074 1119/1027/1073 1122/1030/1076
f 1121/1029/1075 1122/1030/1076 1119/1027/1073
f 1121/1029/1075 1095/1003/1049 1123/1031/1077
f 1093/1001/1047 1123/1031/1077 1095/1003/1049
f 1122/1030/1076 1121/1029/1075 1124/1032/1078
f 1123/1031/1077 1093/1001/1047 1125/1033/1079
f 1091/999/1045 1125/1033/1079 1093/1001/1047
f 1123/1031/1077 1126/1034/1080 1121/1029/1075
f 1124/1032/1078 1121/1029/1075 1126/1034/1080
f 959/875/915 1126/1034/1080 1123/1031/1077
f 1123/1031/1077 1125/1033/1079 959/875/915
f 959/875/915 960/876/916 1126/1034/1080
f 960/876/916 1124/1032/1078 1126/1034/1080
f 955/871/911 959/875/915 1125/1033/1079
f 960/876/916 966/880/922 1124/1032/1078
f 966/880/922 1122/1030/1076 1124/1032/1078
f 1125/1033/1079 1127/1035/1081 955/871/911
f 1125/1033/1079 1091/999/1045 1127/1035/1081
f 952/868/908 955/871/911 1127/1035/1081
f 966/880/922 1128/1036/1082 1122/1030/1076
f 1120/1028/1074 1122/1030/1076 1128/1036/1082
f 963/878/919 1128/1036/1082 966/880/922
f 963/878/919 969/882/925 1128/1036/1082
f 1128/1036/1082 1129/1037/1083 1120/1028/1074
f 969/882/925 1129/1037/1083 1128/1036/1082
f 1118/1026/1072 1120/1028/1074 1129/1037/1083
f 969/882/925 972/884/928 1129/1037/1083
f 1129/1037/1083 1130/1038/1084 1118/1026/1072
f 972/884/928 1130/1038/1084 1129/1037/1083
f 1130/1038/1084 1115/1023/1069 1118/1026/1072
f 972/884/928 975/886/931 1130/1038/1084
f 975/886/931 1131/1039/944 1130/1038/1084
f 1115/1023/1069 1130/1038/1084 1131/1039/944
f 1131/1039/944 975/886/931 978/888/934
f 978/888/934 988/896/944 1131/1039/944
f 1131/1039/944 1132/1040/1085 1115/1023/1069
f 1132/1040/1085 1131/1039/944 988/896/944
f 1115/1023/1069 1132/1040/1085 1113/1021/1067
f 1132/1040/1085 1116/1024/1070 1113/1021/1067
f 988/896/944 1133/1041/1086 1132/1040/1085
f 1132/1040/1085 1133/1041/1086 1116/1024/1070
f 1133/1041/1086 988/896/944 989/897/945
f 995/903/951 1133/1041/1086 989/897/945
f 1133/1041/1086 995/903/951 1134/1042/1087
f 995/903/951 1011/919/966 1134/1042/1087
f 1015/923/970 1134/1042/1087 1011/919/966
f 1134/1042/1087 1135/1043/1088 1133/1041/1086
f 1134/1042/1087 1015/923/970 1135/1043/1088
f 1133/1041/1086 1135/1043/1088 1116/1024/1070
f 1135/1043/1088 1015/923/970 1136/1044/1089
f 1136/1044/1089 1116/1024/1070 1135/1043/1088
f 1116/1024/1070 1136/1044/1089 1112/1020/1066
f 1015/923/970 1016/924/971 1136/1044/1089
f 1114/1022/1068 1112/1020/1066 1136/1044/1089
f 1137/1045/1090 1136/1044/1089 1016/924/971
f 1136/1044/1089 1137/1045/1090 1114/1022/1068
f 1016/924/971 1017/925/972 1137/1045/1090
f 1114/1022/1068 1137/1045/1090 1138/1046/1091
f 1114/1022/1068 1138/1046/1091 1046/954/773
f 1045/953/1000 1046/954/773 1138/1046/1091
f 1138/1046/1091 1042/950/997 1045/953/1000
f 1017/925/972 1139/1047/1092 1137/1045/1090
f 1017/925/972 1019/927/974 1139/1047/1092
f 1026/934/981 1139/1047/1092 1019/927/974
f 1140/1048/1093 1137/1045/1090 1139/1047/1092
f 1139/1047/1092 1026/934/981 1140/1048/1093
f 1137/1045/1090 1140/1048/1093 1138/1046/1091
f 1037/945/992 1140/1048/1093 1026/934/981
f 1138/1046/1091 1141/1049/1094 1042/950/997
f 1138/1046/1091 1140/1048/1093 1141/1049/1094
f 1140/1048/1093 1037/945/992 1141/1049/1094
f 1141/1049/1094 1038/946/993 1042/950/997
f 1038/946/993 1141/1049/1094 1037/945/992
f 1142/1050/1095 1143/1051/1096 1144/1052/1097
f 1143/1051/1096 1142/1050/1095 1145/1053/1098
f 1143/1051/1096 1145/1053/1098 1146/1054/1099
f 1147/1055/1100 1146/1054/1099 1145/1053/1098
f 1146/1054/1099 1148/1056/1101 1143/1051/1096
f 1146/1054/1099 1147/1055/1100 1149/1057/1102
f 1149/1057/1102 1148/1056/1101 1146/1054/1099
f 1150/1058/1103 1149/1057/1102 1147/1055/1100
f 1148/1056/1101 1149/1057/1102 1151/1059/1104
f 1151/1059/1104 1152/1060/1105 1148/1056/1101
f 1152/1060/1105 1151/1059/1104 1153/1061/1106
f 1149/1057/1102 1150/1058/1103 1154/1062/1107
f 1154/1062/1107 1151/1059/1104 1149/1057/1102
f 1155/1063/1108 1154/1062/1107 1150/1058/1103
f 1156/1064/1109 1153/1061/1106 1151/1059/1104
f 1151/1059/1104 1154/1062/1107 1156/1064/1109
f 1153/1061/1106 1156/1064/1109 1157/1065/1110
f 1156/1064/1109 1158/1066/1111 1157/1065/1110
f 1154/1062/1107 1155/1063/1108 1159/1067/1112
f 1159/1067/1112 1156/1064/1109 1154/1062/1107
f 1160/1068/1113 1159/1067/1112 1155/1063/1108
f 1158/1066/1111 1156/1064/1109 1161/1069/1114
f 1156/1064/1109 1159/1067/1112 1161/1069/1114
f 1159/1067/1112 1160/1068/1113 1162/1070/1115
f 1162/1070/1115 1161/1069/1114 1159/1067/1112
f 1163/1071/1116 1162/1070/1115 1160/1068/1113
f 1164/1072/1117 1158/1066/1111 1161/1069/1114
f 1162/1070/1115 1164/1072/1117 1161/1069/1114
f 1158/1066/1111 1164/1072/1117 1165/1073/1118
f 1162/1070/1115 1163/1071/1116 1166/1074/1119
f 1164/1072/1117 1162/1070/1115 1166/1074/1119
f 1167/1075/1120 1166/1074/1119 1163/1071/1116
f 1168/1076/1121 1165/1073/1118 1164/1072/1117
f 1166/1074/1119 1167/1075/1120 1169/1077/1122
f 1169/1077/1122 1164/1072/1117 1166/1074/1119
f 1164/1072/1117 1169/1077/1122 1168/1076/1121
f 1170/1078/1123 1169/1077/1122 1167/1075/1120
f 1165/1073/1118 1168/1076/1121 1171/1079/1124
f 1169/1077/1122 1170/1078/1123 1172/1080/1125
f 1172/1080/1125 1168/1076/1121 1169/1077/1122
f 1173/1081/1126 1172/1080/1125 1170/1078/1123
f 1174/1082/1127 1171/1079/1124 1168/1076/1121
f 1168/1076/1121 1172/1080/1125 1174/1082/1127
f 1171/1079/1124 1174/1082/1127 1175/1083/1128
f 1172/1080/1125 1173/1081/1126 1176/1084/1129
f 1174/1082/1127 1172/1080/1125 1176/1084/1129
f 1177/1085/1130 1176/1084/1129 1173/1081/1126
f 1178/1086/1131 1175/1083/1128 1174/1082/1127
f 1178/1086/1131 1174/1082/1127 1176/1084/1129
f 1175/1083/1128 1178/1086/1131 1179/1087/1132
f 1176/1084/1129 1177/1085/1130 1180/1088/1133
f 1178/1086/1131 1176/1084/1129 1180/1088/1133
f 1181/1089/1134 1179/1087/1132 1178/1086/1131
f 1181/1089/1134 1178/1086/1131 1180/1088/1133
f 1179/1087/1132 1181/1089/1134 1182/1090/1135
f 1183/1091/1136 1180/1088/1133 1177/1085/1130
f 1181/1089/1134 1180/1088/1133 1183/1091/1136
f 1183/1091/1136 1177/1085/1130 1184/1092/1137
f 1185/1093/1138 1182/1090/1135 1181/1089/1134
f 1185/1093/1138 1181/1089/1134 1183/1091/1136
f 1182/1090/1135 1185/1093/1138 1186/1094/1139
f 1187/1095/1140 1183/1091/1136 1184/1092/1137
f 1185/1093/1138 1183/1091/1136 1187/1095/1140
f 1187/1095/1140 1184/1092/1137 1188/1096/1141
f 1189/1097/1142 1186/1094/1139 1185/1093/1138
f 1189/1097/1142 1185/1093/1138 1187/1095/1140
f 1186/1094/1139 1189/1097/1142 1190/1098/1143
f 1191/1099/1144 1190/1098/1143 1189/1097/1142
f 1192/1100/1145 1187/1095/1140 1188/1096/1141
f 1189/1097/1142 1187/1095/1140 1192/1100/1145
f 1192/1100/1145 1188/1096/1141 1193/1101/1146
f 1191/1099/1144 1189/1097/1142 1194/1102/1147
f 1194/1102/1147 1189/1097/1142 1192/1100/1145
f 1195/1103/1148 1191/1099/1144 1194/1102/1147
f 1196/1104/1149 1192/1100/1145 1193/1101/1146
f 1194/1102/1147 1192/1100/1145 1196/1104/1149
f 1196/1104/1149 1193/1101/1146 1197/1105/1150
f 1195/1103/1148 1194/1102/1147 1198/1106/1151
f 1198/1106/1151 1194/1102/1147 1196/1104/1149
f 1199/1107/1152 1195/1103/1148 1198/1106/1151
f 1200/1108/1153 1196/1104/1149 1197/1105/1150
f 1198/1106/1151 1196/1104/1149 1200/1108/1153
f 1200/1108/1153 1197/1105/1150 1201/1109/1154
f 1199/1107/1152 1198/1106/1151 1202/1110/1155
f 1202/1110/1155 1198/1106/1151 1200/1108/1153
f 1203/1111/1156 1200/1108/1153 1201/1109/1154
f 1202/1110/1155 1200/1108/1153 1203/1111/1156
f 1203/1111/1156 1201/1109/1154 1204/1112/1157
f 1205/1113/1158 1204/1112/1157 1201/1109/1154
f 1206/1114/1159 1202/1110/1155 1203/1111/1156
f 1206/1114/1159 1203/1111/1156 1204/1112/1157
f 1207/1115/1160 1199/1107/1152 1202/1110/1155
f 1202/1110/1155 1206/1114/1159 1207/1115/1160
f 1199/1107/1152 1207/1115/1160 1208/1116/1161
f 1204/1112/1157 1205/1113/1158 1209/1117/1162
f 1210/1118/1163 1209/1117/1162 1205/1113/1158
f 1210/1118/1163 1211/1119/1164 1209/1117/1162
f 1204/1112/1157 1209/1117/1162 1211/1119/1164
f 1212/1120/1165 1204/1112/1157 1211/1119/1164
f 1204/1112/1157 1212/1120/1165 1206/1114/1159
f 1213/1121/1166 1206/1114/1159 1212/1120/1165
f 1206/1114/1159 1213/1121/1166 1214/1122/1167
f 1214/1122/1167 1207/1115/1160 1206/1114/1159
f 1213/1121/1166 1215/1123/1168 1214/1122/1167
f 1207/1115/1160 1214/1122/1167 1216/1124/1169
f 1216/1124/1169 1208/1116/1161 1207/1115/1160
f 1216/1124/1169 1214/1122/1167 1215/1123/1168
f 1208/1116/1161 1216/1124/1169 1217/1125/1170
f 1218/1126/1171 1215/1123/1168 1213/1121/1166
f 1219/1127/1172 1217/1125/1170 1216/1124/1169
f 1219/1127/1172 1216/1124/1169 1215/1123/1168
f 1217/1125/1170 1219/1127/1172 1220/1128/1173
f 1215/1123/1168 1218/1126/1171 1221/1129/1174
f 1221/1129/1174 1219/1127/1172 1215/1123/1168
f 1222/1130/1175 1220/1128/1173 1219/1127/1172
f 1219/1127/1172 1221/1129/1174 1222/1130/1175
f 1220/1128/1173 1222/1130/1175 1223/1131/1176
f 1222/1130/1175 1224/1132/1177 1223/1131/1176
f 1222/1130/1175 1225/1133/1178 1224/1132/1177
f 1221/1129/1174 1225/1133/1178 1222/1130/1175
f 1225/1133/1178 1226/1134/1179 1224/1132/1177
f 1218/1126/1171 1227/1135/1180 1221/1129/1174
f 1221/1129/1174 1227/1135/1180 1225/1133/1178
f 1218/1126/1171 1228/1136/1181 1227/1135/1180
f 1225/1133/1178 1229/1137/1182 1226/1134/1179
f 1227/1135/1180 1229/1137/1182 1225/1133/1178
f 1229/1137/1182 1230/1138/1183 1226/1134/1179
f 1230/1138/1183 1229/1137/1182 1231/1139/1184
f 1228/1136/1181 1232/1140/1185 1227/1135/1180
f 1227/1135/1180 1232/1140/1185 1229/1137/1182
f 1232/1140/1185 1231/1139/1184 1229/1137/1182
f 1228/1136/1181 1233/1141/1186 1232/1140/1185
f 1231/1139/1184 1232/1140/1185 1234/1142/1187
f 1233/1141/1186 1234/1142/1187 1232/1140/1185
f 1234/1142/1187 1233/1141/1186 1235/1143/1188
f 1236/1144/1189 1237/1145/1190 1238/1146/1191
f 1237/1145/1190 1236/1144/1189 1239/1147/1192
f 1239/1147/1192 1236/1144/1189 1240/1148/1193
f 1236/1144/1189 1241/1149/1194 1240/1148/1193
f 1241/1149/1194 1242/1150/1195 1240/1148/1193
f 1242/1150/1195 1241/1149/1194 1243/1151/1196
f 1240/1148/1193 1242/1150/1195 1244/1152/1197
f 1245/1153/1198 1246/1154/1199 1247/1155/1200
f 1246/1154/1199 1245/1153/1198 1248/1156/1201
f 1249/1157/1202 1246/1154/1199 1248/1156/1201
f 1249/1157/1202 1250/1158/1203 1246/1154/1199
f 1251/1159/1204 1250/1158/1203 1249/1157/1202
f 1251/1159/1204 1252/1160/1205 1250/1158/1203
f 1252/1160/1205 1251/1159/1204 1253/1161/1206
f 1252/1160/1205 1253/1161/1206 1254/1162/1207
f 1253/1161/1206 1251/1159/1204 1255/1163/1208
f 1256/1164/1209 1257/1165/1210 1258/1166/1210
f 1256/1164/1209 1259/1167/1211 1257/1165/1210
f 1256/1164/1209 1260/1168/1212 1259/1167/1211
f 1260/1168/1212 1256/1164/1209 1261/1169/1212
f 1262/1170/1213 1260/1168/1212 1261/1169/1212
f 1261/1169/1212 1263/1171/1213 1262/1170/1213
f 1263/1171/1213 1264/1172/1214 1262/1170/1213
f 1264/1172/1214 1263/1171/1213 1265/1173/1214
f 1264/1172/1214 1265/1173/1214 1266/1174/1215
f 1264/1172/1214 1266/1174/1215 1267/1175/1215
f 1266/1174/1215 1268/1176/434 1267/1175/1215
f 1268/1176/434 1266/1174/1215 1269/1177/434
f 1270/100/1216 1271/107/1217 1272/751/1217
f 1272/751/1217 1273/750/1216 1270/100/1216
f 1274/748/1218 1270/100/1216 1273/750/1216
f 1270/100/1216 1274/748/1218 1275/96/1218
f 1276/746/1219 1275/96/1218 1274/748/1218
f 1275/96/1218 1276/746/1219 1277/91/1220
f 1278/744/1221 1277/91/1220 1276/746/1219
f 1277/91/1220 1278/744/1221 1279/86/1222
f 1280/742/1223 1279/86/1222 1278/744/1221
f 1279/86/1222 1280/742/1223 1281/85/1224
f 1282/740/1225 1281/85/1224 1280/742/1223
f 1281/85/1224 1282/740/1225 1283/81/1225
f 1284/78/1226 1283/81/1225 1282/740/1225
f 1284/78/1226 1282/740/1225 1285/737/1227
f 1285/737/1227 1286/75/1228 1284/78/1226
f 1286/75/1228 1285/737/1227 1287/736/1228
f 1287/736/1228 1288/73/1229 1286/75/1228
f 1288/73/1229 1287/736/1228 1289/733/1230
f 1290/732/1231 1288/73/1229 1289/733/1230
f 1288/73/1229 1290/732/1231 1291/46/1231
f 1292/1178/1232 1293/1179/1233 1294/1180/1234
f 1292/1178/1232 1294/1180/1234 1295/1181/1235
f 1296/1182/1236 1295/1181/1235 1294/1180/1234
f 1295/1181/1235 1296/1182/1236 1297/1183/1237
f 1296/1182/1236 1294/1180/1234 1298/1184/1238
f 1299/1185/1239 1297/1183/1237 1296/1182/1236
f 1296/1182/1236 1298/1184/1238 1299/1185/1239
f 1297/1183/1237 1299/1185/1239 1300/1186/1240
f 1299/1185/1239 1298/1184/1238 1301/1187/1241
f 1300/1186/1240 1299/1185/1239 1302/1188/1242
f 1299/1185/1239 1301/1187/1241 1302/1188/1242
f 1300/1186/1240 1302/1188/1242 1303/1189/1243
f 1302/1188/1242 1301/1187/1241 1304/1190/1244
f 1303/1189/1243 1302/1188/1242 1305/1191/1245
f 1302/1188/1242 1304/1190/1244 1305/1191/1245
f 1303/1189/1243 1305/1191/1245 1306/1192/1246
f 1305/1191/1245 1304/1190/1244 1307/1193/1247
f 1306/1192/1246 1305/1191/1245 1308/1194/1248
f 1305/1191/1245 1307/1193/1247 1308/1194/1248
f 1308/1194/1248 1307/1193/1247 1309/1195/1249
f 1306/1192/1246 1308/1194/1248 1310/1196/1250
f 1311/1197/1251 1308/1194/1248 1309/1195/1249
f 1310/1196/1250 1308/1194/1248 1312/1198/1252
f 1308/1194/1248 1311/1197/1251 1312/1198/1252
f 1310/1196/1250 1312/1198/1252 1313/1199/1253
f 1312/1198/1252 1311/1197/1251 1314/1200/1254
f 1313/1199/1253 1312/1198/1252 1314/1200/1254
f 1314/1200/1254 1311/1197/1251 1315/1201/1255
f 1314/1200/1254 1316/1202/1256 1313/1199/1253
f 1315/1201/1255 1317/1203/1257 1314/1200/1254
f 1316/1202/1256 1314/1200/1254 1317/1203/1257
f 1317/1203/1257 1315/1201/1255 1318/1204/1258
f 1319/1205/1259 1316/1202/1256 1317/1203/1257
f 1318/1204/1258 1319/1205/1259 1317/1203/1257
f 1319/1205/1259 1318/1204/1258 1320/1206/1260
f 1316/1202/1256 1319/1205/1259 1321/1207/1261
f 1322/1208/1262 1319/1205/1259 1320/1206/1260
f 1323/1209/1263 1321/1207/1261 1319/1205/1259
f 1319/1205/1259 1322/1208/1262 1323/1209/1263
f 1321/1207/1261 1323/1209/1263 1324/1210/1264
f 1325/1211/1265 1323/1209/1263 1322/1208/1262
f 1326/1212/1266 1324/1210/1264 1323/1209/1263
f 1323/1209/1263 1325/1211/1265 1326/1212/1266
f 1324/1210/1264 1326/1212/1266 1327/1213/1267
f 1328/1214/1268 1326/1212/1266 1325/1211/1265
f 1329/1215/1269 1327/1213/1267 1326/1212/1266
f 1326/1212/1266 1328/1214/1268 1329/1215/1269
f 1327/1213/1267 1329/1215/1269 1330/1216/1270
f 1331/1217/1271 1329/1215/1269 1328/1214/1268
f 1332/1218/1272 1330/1216/1270 1329/1215/1269
f 1329/1215/1269 1331/1217/1271 1332/1218/1272
f 1330/1216/1270 1332/1218/1272 1333/1219/1273
f 1334/1220/1274 1333/1219/1273 1332/1218/1272
f 1331/1217/1271 1335/1221/1275 1332/1218/1272
f 1335/1221/1275 1334/1220/1274 1332/1218/1272
f 1336/1222/1276 1335/1221/1275 1331/1217/1271
f 1335/1221/1275 1337/1223/1277 1334/1220/1274
f 1336/1222/1276 1338/1224/1278 1335/1221/1275
f 1338/1224/1278 1337/1223/1277 1335/1221/1275
f 1338/1224/1278 1339/1225/1279 1337/1223/1277
f 1340/1226/1280 1338/1224/1278 1336/1222/1276
f 1341/1227/1281 1339/1225/1279 1338/1224/1278
f 1340/1226/1280 1341/1227/1281 1338/1224/1278
f 1342/1228/1282 1341/1227/1281 1340/1226/1280
f 1343/1229/1283 1344/1230/1284 1345/1231/1285
f 1343/1229/1283 1346/1232/1286 1344/1230/1284
f 1346/1232/1286 1343/1229/1283 1347/1233/1287
f 1346/1232/1286 1348/1234/1288 1344/1230/1284
f 1349/1235/1289 1346/1232/1286 1347/1233/1287
f 1349/1235/1289 1347/1233/1287 1350/1236/1290
f 1348/1234/1288 1346/1232/1286 1351/1237/1291
f 1352/1238/1292 1349/1235/1289 1350/1236/1290
f 1353/1239/1293 1352/1238/1292 1350/1236/1290
f 1354/1240/1294 1346/1232/1286 1349/1235/1289
f 1346/1232/1286 1354/1240/1294 1351/1237/1291
f 1355/1241/1295 1349/1235/1289 1352/1238/1292
f 1349/1235/1289 1355/1241/1295 1354/1240/1294
f 1353/1239/1293 1356/1242/1296 1352/1238/1292
f 1356/1242/1296 1355/1241/1295 1352/1238/1292
f 1357/1243/1297 1356/1242/1296 1353/1239/1293
f 1358/1244/1298 1354/1240/1294 1355/1241/1295
f 1357/1243/1297 1359/1245/1299 1356/1242/1296
f 1360/1246/1300 1359/1245/1299 1357/1243/1297
f 1355/1241/1295 1356/1242/1296 1361/1247/1301
f 1359/1245/1299 1361/1247/1301 1356/1242/1296
f 1361/1247/1301 1358/1244/1298 1355/1241/1295
f 1360/1246/1300 1362/1248/1302 1359/1245/1299
f 1359/1245/1299 1363/1249/1303 1361/1247/1301
f 1362/1248/1302 1363/1249/1303 1359/1245/1299
f 1360/1246/1300 1364/1250/1304 1362/1248/1302
f 1364/1250/1304 1360/1246/1300 1365/1251/1305
f 1363/1249/1303 1362/1248/1302 1366/1252/1306
f 1364/1250/1304 1366/1252/1306 1362/1248/1302
f 1363/1249/1303 1367/1253/1307 1361/1247/1301
f 1367/1253/1307 1358/1244/1298 1361/1247/1301
f 1366/1252/1306 1368/1254/1308 1363/1249/1303
f 1368/1254/1308 1367/1253/1307 1363/1249/1303
f 1367/1253/1307 1369/1255/1309 1358/1244/1298
f 1369/1255/1309 1367/1253/1307 1370/1256/1310
f 1368/1254/1308 1370/1256/1310 1367/1253/1307
f 1369/1255/1309 1371/1257/1311 1358/1244/1298
f 1372/1258/1312 1370/1256/1310 1368/1254/1308
f 1371/1257/1311 1373/1259/1313 1358/1244/1298
f 1354/1240/1294 1358/1244/1298 1373/1259/1313
f 1373/1259/1313 1351/1237/1291 1354/1240/1294
f 1374/1260/1314 1373/1259/1313 1371/1257/1311
f 1351/1237/1291 1373/1259/1313 1375/1261/1315
f 1373/1259/1313 1374/1260/1314 1375/1261/1315
f 1375/1261/1315 1348/1234/1288 1351/1237/1291
f 1348/1234/1288 1375/1261/1315 1376/1262/1316
f 1374/1260/1314 1376/1262/1316 1375/1261/1315
f 1376/1262/1316 1374/1260/1314 1377/1263/1317
f 1378/1264/1318 1372/1258/1312 1368/1254/1308
f 1378/1264/1318 1368/1254/1308 1366/1252/1306
f 1372/1258/1312 1378/1264/1318 1379/1265/1319
f 1378/1264/1318 1380/1266/1320 1379/1265/1319
f 1378/1264/1318 1366/1252/1306 1381/1267/1321
f 1366/1252/1306 1364/1250/1304 1381/1267/1321
f 1380/1266/1320 1378/1264/1318 1382/1268/1322
f 1382/1268/1322 1378/1264/1318 1381/1267/1321
f 1383/1269/1323 1381/1267/1321 1364/1250/1304
f 1365/1251/1305 1383/1269/1323 1364/1250/1304
f 1383/1269/1323 1365/1251/1305 1384/1270/1324
f 1381/1267/1321 1383/1269/1323 1385/1271/1325
f 1385/1271/1325 1382/1268/1322 1381/1267/1321
f 1384/1270/1324 1386/1272/1326 1383/1269/1323
f 1386/1272/1326 1385/1271/1325 1383/1269/1323
f 1386/1272/1326 1384/1270/1324 1387/1273/1327
f 1387/1273/1327 1388/1274/1328 1386/1272/1326
f 1382/1268/1322 1385/1271/1325 1389/1275/1329
f 1386/1272/1326 1389/1275/1329 1385/1271/1325
f 1386/1272/1326 1388/1274/1328 1390/1276/1330
f 1390/1276/1330 1389/1275/1329 1386/1272/1326
f 1388/1274/1328 1391/1277/1331 1390/1276/1330
f 1382/1268/1322 1389/1275/1329 1392/1278/1332
f 1382/1268/1322 1392/1278/1332 1380/1266/1320
f 1380/1266/1320 1392/1278/1332 1393/1279/1333
f 1389/1275/1329 1390/1276/1330 1394/1280/1334
f 1389/1275/1329 1394/1280/1334 1392/1278/1332
f 1390/1276/1330 1391/1277/1331 1395/1281/1335
f 1391/1277/1331 1396/1282/1336 1395/1281/1335
f 1390/1276/1330 1397/1283/1337 1394/1280/1334
f 1397/1283/1337 1390/1276/1330 1395/1281/1335
f 1392/1278/1332 1394/1280/1334 1397/1283/1337
f 1395/1281/1335 1396/1282/1336 1398/1284/1338
f 1398/1284/1338 1397/1283/1337 1395/1281/1335
f 1396/1282/1336 1399/1285/1339 1398/1284/1338
f 1392/1278/1332 1397/1283/1337 1400/1286/1340
f 1392/1278/1332 1400/1286/1340 1393/1279/1333
f 1393/1279/1333 1400/1286/1340 1401/1287/1341
f 1400/1286/1340 1402/1288/976 1401/1287/1341
f 1397/1283/1337 1398/1284/1338 1403/1289/1342
f 1397/1283/1337 1403/1289/1342 1400/1286/1340
f 1404/1290/1343 1403/1289/1342 1398/1284/1338
f 1398/1284/1338 1399/1285/1339 1404/1290/1343
f 1400/1286/1340 1403/1289/1342 1405/1291/1344
f 1403/1289/1342 1404/1290/1343 1405/1291/1344
f 1402/1288/976 1400/1286/1340 1406/1292/1345
f 1406/1292/1345 1400/1286/1340 1405/1291/1344
f 1399/1285/1339 1407/1293/1346 1404/1290/1343
f 1407/1293/1346 1399/1285/1339 1408/1294/1347
f 1409/1295/1348 1407/1293/1346 1408/1294/1347
f 1405/1291/1344 1404/1290/1343 1410/1296/1349
f 1404/1290/1343 1407/1293/1346 1410/1296/1349
f 1410/1296/1349 1406/1292/1345 1405/1291/1344
f 1409/1295/1348 1411/1297/1350 1407/1293/1346
f 1411/1297/1350 1410/1296/1349 1407/1293/1346
f 1412/1298/1351 1411/1297/1350 1409/1295/1348
f 1406/1292/1345 1410/1296/1349 1413/1299/1352
f 1411/1297/1350 1413/1299/1352 1410/1296/1349
f 1414/1300/1353 1402/1288/976 1406/1292/1345
f 1406/1292/1345 1413/1299/1352 1414/1300/1353
f 1402/1288/976 1414/1300/1353 1415/1301/977
f 1411/1297/1350 1416/1302/1354 1413/1299/1352
f 1413/1299/1352 1416/1302/1354 1414/1300/1353
f 1412/1298/1351 1417/1303/1355 1411/1297/1350
f 1416/1302/1354 1411/1297/1350 1417/1303/1355
f 1418/1304/1356 1417/1303/1355 1412/1298/1351
f 1419/1305/1357 1415/1301/977 1414/1300/1353
f 1416/1302/1354 1419/1305/1357 1414/1300/1353
f 1420/1306/980 1415/1301/977 1419/1305/1357
f 1417/1303/1355 1421/1307/1358 1416/1302/1354
f 1419/1305/1357 1416/1302/1354 1421/1307/1358
f 1422/1308/1359 1420/1306/980 1419/1305/1357
f 1421/1307/1358 1422/1308/1359 1419/1305/1357
f 1420/1306/980 1422/1308/1359 1423/1309/983
f 1421/1307/1358 1417/1303/1355 1424/1310/1360
f 1418/1304/1356 1424/1310/1360 1417/1303/1355
f 1425/1311/1361 1423/1309/983 1422/1308/1359
f 1426/1312/1362 1423/1309/983 1425/1311/1361
f 1422/1308/1359 1421/1307/1358 1427/1313/1363
f 1427/1313/1363 1425/1311/1361 1422/1308/1359
f 1424/1310/1360 1427/1313/1363 1421/1307/1358
f 1425/1311/1361 1427/1313/1363 1428/1314/1364
f 1418/1304/1356 1429/1315/1363 1424/1310/1360
f 1427/1313/1363 1424/1310/1360 1429/1315/1363
f 1429/1315/1363 1428/1314/1364 1427/1313/1363
f 1429/1315/1363 1418/1304/1356 1430/1316/1365
f 1428/1314/1364 1429/1315/1363 1431/1317/1366
f 1430/1316/1365 1431/1317/1366 1429/1315/1363
f 1431/1317/1366 1430/1316/1365 1432/1318/1367
f 1433/1319/1368 1434/1320/1369 1435/1321/1370
f 1435/1321/1370 1436/1322/1371 1433/1319/1368
f 1436/1322/1371 1437/1323/1372 1433/1319/1368
f 1435/1321/1370 1438/1324/1373 1436/1322/1371
f 1437/1323/1372 1436/1322/1371 1439/1325/1374
f 1438/1324/1373 1440/1326/1375 1436/1322/1371
f 1440/1326/1375 1439/1325/1374 1436/1322/1371
f 1440/1326/1375 1438/1324/1373 1441/1327/1376
f 1442/1328/1377 1443/1323/1378 1439/1325/1374
f 1441/1327/1376 1444/1329/1379 1440/1326/1375
f 1441/1327/1376 1445/1330/1380 1444/1329/1379
f 1442/1328/1377 1446/1331/1381 1447/1332/1382
f 1446/1331/1381 1442/1328/1377 1448/1333/1383
f 1439/1325/1374 1448/1333/1383 1442/1328/1377
f 1448/1333/1383 1449/1334/1384 1446/1331/1381
f 1439/1325/1374 1440/1326/1375 1450/1335/1385
f 1450/1335/1385 1448/1333/1383 1439/1325/1374
f 1444/1329/1379 1450/1335/1385 1440/1326/1375
f 1448/1333/1383 1451/1336/1386 1449/1334/1384
f 1448/1333/1383 1450/1335/1385 1451/1336/1386
f 1451/1336/1386 1452/1337/1387 1449/1334/1384
f 1453/1338/1388 1449/1334/1384 1452/1337/1387
f 1450/1335/1385 1454/1339/1389 1451/1336/1386
f 1454/1339/1389 1452/1337/1387 1451/1336/1386
f 1450/1335/1385 1444/1329/1379 1454/1339/1389
f 1452/1337/1387 1455/1340/1390 1453/1338/1388
f 1455/1340/1390 1456/1341/1391 1453/1338/1388
f 1455/1340/1390 1457/1342/1392 1456/1341/1391
f 1452/1337/1387 1454/1339/1389 1458/1343/1393
f 1458/1343/1393 1455/1340/1390 1452/1337/1387
f 1444/1329/1379 1458/1343/1393 1454/1339/1389
f 1457/1342/1392 1455/1340/1390 1459/1344/1394
f 1458/1343/1393 1459/1344/1394 1455/1340/1390
f 1457/1342/1392 1459/1344/1394 1460/1345/1395
f 1460/1345/1395 1461/1346/1396 1457/1342/1392
f 1459/1344/1394 1458/1343/1393 1462/1347/1397
f 1462/1347/1397 1460/1345/1395 1459/1344/1394
f 1463/1348/1398 1458/1343/1393 1444/1329/1379
f 1463/1348/1398 1462/1347/1397 1458/1343/1393
f 1445/1330/1380 1463/1348/1398 1444/1329/1379
f 1464/1349/1399 1463/1348/1398 1445/1330/1380
f 1465/1350/1400 1463/1348/1398 1464/1349/1399
f 1463/1348/1398 1465/1350/1400 1466/1351/1401
f 1466/1351/1401 1462/1347/1397 1463/1348/1398
f 1467/1352/1402 1466/1351/1401 1465/1350/1400
f 1466/1351/1401 1468/1353/1403 1462/1347/1397
f 1460/1345/1395 1462/1347/1397 1468/1353/1403
f 1466/1351/1401 1467/1352/1402 1469/1354/1404
f 1469/1354/1404 1468/1353/1403 1466/1351/1401
f 1467/1352/1402 1470/1355/1405 1469/1354/1404
f 1470/1355/1405 1467/1352/1402 1471/1356/1406
f 1469/1354/1404 1472/1357/1407 1468/1353/1403
f 1470/1355/1405 1472/1357/1407 1469/1354/1404
f 1460/1345/1395 1468/1353/1403 1472/1357/1407
f 1471/1356/1406 1473/1358/1408 1470/1355/1405
f 1473/1358/1408 1471/1356/1406 1474/1359/1409
f 1470/1355/1405 1475/1360/1410 1472/1357/1407
f 1473/1358/1408 1475/1360/1410 1470/1355/1405
f 1472/1357/1407 1476/1361/1411 1460/1345/1395
f 1476/1361/1411 1472/1357/1407 1475/1360/1410
f 1461/1346/1396 1460/1345/1395 1476/1361/1411
f 1476/1361/1411 1477/1362/1412 1461/1346/1396
f 1477/1362/1412 1476/1361/1411 1478/1363/1413
f 1475/1360/1410 1478/1363/1413 1476/1361/1411
f 1478/1363/1413 1479/1364/1414 1477/1362/1412
f 1473/1358/1408 1480/1365/1415 1475/1360/1410
f 1480/1365/1415 1478/1363/1413 1475/1360/1410
f 1474/1359/1409 1481/1366/1416 1473/1358/1408
f 1480/1365/1415 1473/1358/1408 1481/1366/1416
f 1481/1366/1416 1474/1359/1409 1482/1367/1417
f 1479/1364/1414 1478/1363/1413 1483/1368/1418
f 1478/1363/1413 1480/1365/1415 1483/1368/1418
f 1482/1367/1417 1484/1369/1419 1481/1366/1416
f 1482/1367/1417 1485/1370/1420 1484/1369/1419
f 1484/1369/1419 1485/1370/1420 1486/1371/1421
f 1484/1369/1419 1487/1372/1422 1481/1366/1416
f 1486/1371/1421 1487/1372/1422 1484/1369/1419
f 1487/1372/1422 1480/1365/1415 1481/1366/1416
f 1487/1372/1422 1486/1371/1421 1488/1373/1423
f 1486/1371/1421 1489/1374/1424 1488/1373/1423
f 1480/1365/1415 1487/1372/1422 1490/1375/1425
f 1488/1373/1423 1490/1375/1425 1487/1372/1422
f 1489/1374/1424 1491/1376/1426 1488/1373/1423
f 1490/1375/1425 1488/1373/1423 1491/1376/1426
f 1491/1376/1426 1489/1374/1424 1492/1377/1427
f 1493/1378/1428 1491/1376/1426 1492/1377/1427
f 1494/1379/1429 1480/1365/1415 1490/1375/1425
f 1480/1365/1415 1494/1379/1429 1483/1368/1418
f 1495/1380/1430 1490/1375/1425 1491/1376/1426
f 1491/1376/1426 1493/1378/1428 1495/1380/1430
f 1490/1375/1425 1495/1380/1430 1494/1379/1429
f 1495/1380/1430 1493/1378/1428 1496/1381/1431
f 1483/1368/1418 1494/1379/1429 1497/1382/1432
f 1494/1379/1429 1495/1380/1430 1497/1382/1432
f 1497/1382/1432 1495/1380/1430 1496/1381/1431
f 1483/1368/1418 1497/1382/1432 1479/1364/1414
f 1496/1381/1431 1498/1383/1433 1497/1382/1432
f 1498/1383/1433 1479/1364/1414 1497/1382/1432
f 1499/1384/1434 1500/1385/1435 1501/1386/1436
f 1499/1384/1434 1502/1387/1437 1500/1385/1435
f 1503/1388/1438 1500/1385/1435 1502/1387/1437
f 1504/1389/1439 1502/1387/1437 1499/1384/1434
f 1502/1387/1437 1505/1390/1440 1503/1388/1438
f 1505/1390/1440 1506/1391/1441 1503/1388/1438
f 1504/1389/1439 1507/1392/1442 1502/1387/1437
f 1506/1391/1441 1505/1390/1440 1508/1393/1443
f 1509/1394/1444 1506/1391/1441 1508/1393/1443
f 1502/1387/1437 1510/1395/1445 1505/1390/1440
f 1510/1395/1445 1502/1387/1437 1507/1392/1442
f 1508/1393/1443 1511/1396/1446 1509/1394/1444
f 1512/1397/1447 1509/1394/1444 1511/1396/1446
f 1505/1390/1440 1513/1398/1448 1508/1393/1443
f 1513/1398/1448 1511/1396/1446 1508/1393/1443
f 1513/1398/1448 1505/1390/1440 1510/1395/1445
f 1514/1399/1449 1512/1397/1447 1511/1396/1446
f 1514/1399/1449 1515/1400/1450 1512/1397/1447
f 1514/1399/1449 1516/1401/1451 1515/1400/1450
f 1511/1396/1446 1513/1398/1448 1517/1402/1452
f 1517/1402/1452 1514/1399/1449 1511/1396/1446
f 1518/1403/1453 1516/1401/1451 1514/1399/1449
f 1518/1403/1453 1519/1404/1454 1516/1401/1451
f 1520/1405/1455 1514/1399/1449 1517/1402/1452
f 1518/1403/1453 1514/1399/1449 1520/1405/1455
f 1519/1404/1454 1518/1403/1453 1521/1406/1456
f 1521/1406/1456 1522/1407/1457 1519/1404/1454
f 1520/1405/1455 1523/1408/1458 1518/1403/1453
f 1522/1407/1457 1521/1406/1456 1524/1409/1459
f 1524/1409/1459 1525/1410/1460 1522/1407/1457
f 1526/1411/1461 1521/1406/1456 1518/1403/1453
f 1518/1403/1453 1523/1408/1458 1526/1411/1461
f 1525/1410/1460 1524/1409/1459 1527/1412/1462
f 1527/1412/1462 1528/1413/1463 1525/1410/1460
f 1529/1414/1464 1524/1409/1459 1521/1406/1456
f 1528/1413/1463 1527/1412/1462 1530/1415/1465
f 1530/1415/1465 1531/1416/1466 1528/1413/1463
f 1532/1417/1467 1527/1412/1462 1524/1409/1459
f 1529/1414/1464 1532/1417/1467 1524/1409/1459
f 1533/1418/1468 1530/1415/1465 1527/1412/1462
f 1527/1412/1462 1532/1417/1467 1533/1418/1468
f 1531/1416/1466 1530/1415/1465 1534/1419/1469
f 1531/1416/1466 1535/1420/1470 1536/1421/1471
f 1535/1420/1470 1531/1416/1466 1534/1419/1469
f 1537/1422/1472 1534/1419/1469 1530/1415/1465
f 1530/1415/1465 1533/1418/1468 1537/1422/1472
f 1538/1423/1473 1535/1420/1470 1534/1419/1469
f 1534/1419/1469 1537/1422/1472 1538/1423/1473
f 1535/1420/1470 1538/1423/1473 1539/1424/1474
f 1538/1423/1473 1540/1425/1475 1539/1424/1474
f 1540/1425/1475 1538/1423/1473 1541/1426/1476
f 1541/1426/1476 1542/1427/1477 1540/1425/1475
f 1537/1422/1472 1543/1428/1478 1538/1423/1473
f 1543/1428/1478 1541/1426/1476 1538/1423/1473
f 1542/1427/1477 1541/1426/1476 1544/1429/1479
f 1545/1430/1480 1542/1427/1477 1544/1429/1479
f 1541/1426/1476 1543/1428/1478 1546/1431/1481
f 1546/1431/1481 1544/1429/1479 1541/1426/1476
f 1537/1422/1472 1547/1432/1482 1543/1428/1478
f 1547/1432/1482 1537/1422/1472 1533/1418/1468
f 1543/1428/1478 1548/1433/1483 1546/1431/1481
f 1533/1418/1468 1549/1434/1484 1547/1432/1482
f 1549/1434/1484 1533/1418/1468 1532/1417/1467
f 1529/1414/1464 1549/1434/1484 1532/1417/1467
f 1547/1432/1482 1550/1435/1485 1543/1428/1478
f 1548/1433/1483 1543/1428/1478 1550/1435/1485
f 1547/1432/1482 1551/1436/1486 1550/1435/1485
f 1551/1436/1486 1547/1432/1482 1549/1434/1484
f 1550/1435/1485 1552/1437/1487 1548/1433/1483
f 1552/1437/1487 1550/1435/1485 1551/1436/1486
f 1553/1438/1488 1546/1431/1481 1548/1433/1483
f 1553/1438/1488 1548/1433/1483 1552/1437/1487
f 1546/1431/1481 1553/1438/1488 1554/1439/1489
f 1544/1429/1479 1546/1431/1481 1554/1439/1489
f 1555/1440/1490 1553/1438/1488 1552/1437/1487
f 1556/1441/1491 1544/1429/1479 1554/1439/1489
f 1544/1429/1479 1556/1441/1491 1545/1430/1480
f 1557/1442/1492 1554/1439/1489 1553/1438/1488
f 1555/1440/1490 1557/1442/1492 1553/1438/1488
f 1558/1443/1493 1556/1441/1491 1554/1439/1489
f 1554/1439/1489 1557/1442/1492 1558/1443/1493
f 1559/1444/1494 1545/1430/1480 1556/1441/1491
f 1559/1444/1494 1556/1441/1491 1558/1443/1493
f 1545/1430/1480 1559/1444/1494 1560/1445/1495
f 1559/1444/1494 1558/1443/1493 1561/1446/1496
f 1561/1446/1496 1558/1443/1493 1557/1442/1492
f 1562/1447/1497 1560/1445/1495 1559/1444/1494
f 1559/1444/1494 1561/1446/1496 1562/1447/1497
f 1560/1445/1495 1562/1447/1497 1563/1448/1498
f 1557/1442/1492 1564/1449/1499 1561/1446/1496
f 1562/1447/1497 1561/1446/1496 1565/1450/1500
f 1565/1450/1500 1561/1446/1496 1564/1449/1499
f 1566/1451/1501 1563/1448/1498 1562/1447/1497
f 1567/1452/1502 1562/1447/1497 1565/1450/1500
f 1566/1451/1501 1562/1447/1497 1567/1452/1502
f 1564/1449/1499 1568/1453/1503 1565/1450/1500
f 1565/1450/1500 1569/1454/1504 1567/1452/1502
f 1569/1454/1504 1565/1450/1500 1568/1453/1503
f 1570/1455/1505 1567/1452/1502 1569/1454/1504
f 1568/1453/1503 1571/1456/1506 1569/1454/1504
f 1570/1455/1505 1569/1454/1504 1571/1456/1506
f 1564/1449/1499 1572/1457/1507 1568/1453/1503
f 1567/1452/1502 1570/1455/1505 1573/1458/1508
f 1573/1458/1508 1566/1451/1501 1567/1452/1502
f 1572/1457/1507 1564/1449/1499 1574/1459/1509
f 1557/1442/1492 1574/1459/1509 1564/1449/1499
f 1575/1460/1510 1568/1453/1503 1572/1457/1507
f 1568/1453/1503 1575/1460/1510 1571/1456/1506
f 1574/1459/1509 1557/1442/1492 1576/1461/1511
f 1557/1442/1492 1555/1440/1490 1576/1461/1511
f 1572/1457/1507 1574/1459/1509 1577/1462/1512
f 1576/1461/1511 1555/1440/1490 1578/1463/1513
f 1578/1463/1513 1555/1440/1490 1552/1437/1487
f 1579/1464/1514 1574/1459/1509 1576/1461/1511
f 1579/1464/1514 1576/1461/1511 1578/1463/1513
f 1574/1459/1509 1579/1464/1514 1577/1462/1512
f 1552/1437/1487 1580/1465/1515 1578/1463/1513
f 1552/1437/1487 1551/1436/1486 1580/1465/1515
f 1581/1466/1516 1579/1464/1514 1578/1463/1513
f 1580/1465/1515 1551/1436/1486 1582/1467/1517
f 1549/1434/1484 1582/1467/1517 1551/1436/1486
f 1583/1468/1518 1578/1463/1513 1580/1465/1515
f 1578/1463/1513 1583/1468/1518 1581/1466/1516
f 1580/1465/1515 1582/1467/1517 1584/1469/1519
f 1583/1468/1518 1580/1465/1515 1584/1469/1519
f 1582/1467/1517 1549/1434/1484 1585/1470/1520
f 1584/1469/1519 1582/1467/1517 1585/1470/1520
f 1549/1434/1484 1529/1414/1464 1585/1470/1520
f 1586/1471/1521 1585/1470/1520 1529/1414/1464
f 1529/1414/1464 1521/1406/1456 1586/1471/1521
f 1521/1406/1456 1526/1411/1461 1586/1471/1521
f 1587/1472/1522 1585/1470/1520 1586/1471/1521
f 1526/1411/1461 1587/1472/1522 1586/1471/1521
f 1585/1470/1520 1587/1472/1522 1584/1469/1519
f 1587/1472/1522 1526/1411/1461 1588/1473/1523
f 1523/1408/1458 1588/1473/1523 1526/1411/1461
f 1587/1472/1522 1589/1474/1524 1584/1469/1519
f 1589/1474/1524 1587/1472/1522 1588/1473/1523
f 1583/1468/1518 1584/1469/1519 1589/1474/1524
f 1589/1474/1524 1588/1473/1523 1590/1475/1525
f 1583/1468/1518 1589/1474/1524 1590/1475/1525
f 1523/1408/1458 1590/1475/1525 1588/1473/1523
f 1591/1476/1526 1583/1468/1518 1590/1475/1525
f 1581/1466/1516 1583/1468/1518 1591/1476/1526
f 1592/1477/1527 1590/1475/1525 1523/1408/1458
f 1592/1477/1527 1591/1476/1526 1590/1475/1525
f 1520/1405/1455 1592/1477/1527 1523/1408/1458
f 1591/1476/1526 1593/1478/1528 1581/1466/1516
f 1579/1464/1514 1581/1466/1516 1593/1478/1528
f 1593/1478/1528 1577/1462/1512 1579/1464/1514
f 1592/1477/1527 1520/1405/1455 1594/1479/1529
f 1517/1402/1452 1594/1479/1529 1520/1405/1455
f 1577/1462/1512 1593/1478/1528 1595/1480/1530
f 1594/1479/1529 1517/1402/1452 1596/1481/1531
f 1513/1398/1448 1596/1481/1531 1517/1402/1452
f 1597/1482/1532 1592/1477/1527 1594/1479/1529
f 1597/1482/1532 1594/1479/1529 1596/1481/1531
f 1591/1476/1526 1592/1477/1527 1598/1483/1533
f 1592/1477/1527 1597/1482/1532 1598/1483/1533
f 1593/1478/1528 1591/1476/1526 1599/1484/1534
f 1599/1484/1534 1591/1476/1526 1598/1483/1533
f 1595/1480/1530 1593/1478/1528 1599/1484/1534
f 1600/1485/1535 1598/1483/1533 1597/1482/1532
f 1599/1484/1534 1598/1483/1533 1600/1485/1535
f 1595/1480/1530 1601/1486/1536 1577/1462/1512
f 1577/1462/1512 1601/1486/1536 1572/1457/1507
f 1575/1460/1510 1572/1457/1507 1601/1486/1536
f 1599/1484/1534 1602/1487/1537 1595/1480/1530
f 1602/1487/1537 1601/1486/1536 1595/1480/1530
f 1601/1486/1536 1603/1488/1538 1575/1460/1510
f 1602/1487/1537 1603/1488/1538 1601/1486/1536
f 1599/1484/1534 1604/1489/1539 1602/1487/1537
f 1604/1489/1539 1599/1484/1534 1600/1485/1535
f 1603/1488/1538 1602/1487/1537 1605/1490/1540
f 1605/1490/1540 1602/1487/1537 1604/1489/1539
f 1575/1460/1510 1603/1488/1538 1606/1491/1541
f 1606/1491/1541 1571/1456/1506 1575/1460/1510
f 1607/1492/1542 1603/1488/1538 1605/1490/1540
f 1603/1488/1538 1607/1492/1542 1606/1491/1541
f 1571/1456/1506 1606/1491/1541 1608/1493/1543
f 1571/1456/1506 1608/1493/1543 1570/1455/1505
f 1609/1494/1544 1606/1491/1541 1607/1492/1542
f 1605/1490/1540 1610/1495/1545 1607/1492/1542
f 1610/1495/1545 1609/1494/1544 1607/1492/1542
f 1611/1496/1546 1608/1493/1543 1606/1491/1541
f 1606/1491/1541 1609/1494/1544 1611/1496/1546
f 1612/1497/1547 1610/1495/1545 1605/1490/1540
f 1604/1489/1539 1612/1497/1547 1605/1490/1540
f 1609/1494/1544 1610/1495/1545 1613/1498/1548
f 1604/1489/1539 1614/1499/1549 1612/1497/1547
f 1615/1500/1550 1613/1498/1548 1610/1495/1545
f 1612/1497/1547 1615/1500/1550 1610/1495/1545
f 1614/1499/1549 1604/1489/1539 1616/1501/1551
f 1604/1489/1539 1600/1485/1535 1616/1501/1551
f 1617/1502/1552 1612/1497/1547 1614/1499/1549
f 1618/1503/1553 1616/1501/1551 1600/1485/1535
f 1597/1482/1532 1618/1503/1553 1600/1485/1535
f 1619/1504/1554 1614/1499/1549 1616/1501/1551
f 1619/1504/1554 1616/1501/1551 1618/1503/1553
f 1614/1499/1549 1619/1504/1554 1617/1502/1552
f 1620/1505/1555 1618/1503/1553 1597/1482/1532
f 1620/1505/1555 1597/1482/1532 1596/1481/1531
f 1621/1506/1556 1619/1504/1554 1618/1503/1553
f 1621/1506/1556 1618/1503/1553 1620/1505/1555
f 1620/1505/1555 1596/1481/1531 1622/1507/1557
f 1596/1481/1531 1513/1398/1448 1622/1507/1557
f 1623/1508/1558 1620/1505/1555 1622/1507/1557
f 1623/1508/1558 1621/1506/1556 1620/1505/1555
f 1624/1509/1559 1622/1507/1557 1513/1398/1448
f 1622/1507/1557 1624/1509/1559 1623/1508/1558
f 1510/1395/1445 1624/1509/1559 1513/1398/1448
f 1621/1506/1556 1623/1508/1558 1625/1510/1560
f 1624/1509/1559 1510/1395/1445 1626/1511/1561
f 1507/1392/1442 1626/1511/1561 1510/1395/1445
f 1627/1512/1562 1623/1508/1558 1624/1509/1559
f 1626/1511/1561 1627/1512/1562 1624/1509/1559
f 1623/1508/1558 1627/1512/1562 1625/1510/1560
f 1626/1511/1561 1507/1392/1442 1628/1513/1563
f 1504/1389/1439 1628/1513/1563 1507/1392/1442
f 1628/1513/1563 1504/1389/1439 1629/1514/1564
f 1627/1512/1562 1626/1511/1561 1630/1515/1565
f 1628/1513/1563 1630/1515/1565 1626/1511/1561
f 1629/1514/1564 1631/1516/1566 1628/1513/1563
f 1630/1515/1565 1628/1513/1563 1631/1516/1566
f 1631/1516/1566 1629/1514/1564 1632/1517/1567
f 1630/1515/1565 1633/1518/1568 1627/1512/1562
f 1633/1518/1568 1625/1510/1560 1627/1512/1562
f 1631/1516/1566 1634/1519/1569 1630/1515/1565
f 1633/1518/1568 1630/1515/1565 1634/1519/1569
f 1632/1517/1567 1635/1520/1570 1631/1516/1566
f 1634/1519/1569 1631/1516/1566 1635/1520/1570
f 1635/1520/1570 1632/1517/1567 1636/1521/1571
f 1635/1520/1570 1636/1521/1571 1637/1522/1572
f 1625/1510/1560 1633/1518/1568 1638/1523/1573
f 1638/1523/1573 1621/1506/1556 1625/1510/1560
f 1637/1522/1572 1639/1524/1574 1635/1520/1570
f 1640/1525/1575 1639/1524/1574 1637/1522/1572
f 1621/1506/1556 1638/1523/1573 1641/1526/1576
f 1641/1526/1576 1619/1504/1554 1621/1506/1556
f 1641/1526/1576 1617/1502/1552 1619/1504/1554
f 1642/1527/1577 1641/1526/1576 1638/1523/1573
f 1633/1518/1568 1642/1527/1577 1638/1523/1573
f 1617/1502/1552 1641/1526/1576 1643/1528/1578
f 1641/1526/1576 1642/1527/1577 1643/1528/1578
f 1633/1518/1568 1644/1529/1579 1642/1527/1577
f 1643/1528/1578 1642/1527/1577 1644/1529/1579
f 1634/1519/1569 1644/1529/1579 1633/1518/1568
f 1643/1528/1578 1645/1530/1580 1617/1502/1552
f 1612/1497/1547 1617/1502/1552 1645/1530/1580
f 1645/1530/1580 1615/1500/1550 1612/1497/1547
f 1645/1530/1580 1643/1528/1578 1646/1531/1581
f 1644/1529/1579 1646/1531/1581 1643/1528/1578
f 1645/1530/1580 1647/1532/1582 1615/1500/1550
f 1646/1531/1581 1647/1532/1582 1645/1530/1580
f 1644/1529/1579 1634/1519/1569 1648/1533/1583
f 1635/1520/1570 1648/1533/1583 1634/1519/1569
f 1648/1533/1583 1635/1520/1570 1639/1524/1574
f 1649/1534/1584 1644/1529/1579 1648/1533/1583
f 1639/1524/1574 1649/1534/1584 1648/1533/1583
f 1646/1531/1581 1644/1529/1579 1650/1535/1585
f 1644/1529/1579 1649/1534/1584 1650/1535/1585
f 1649/1534/1584 1639/1524/1574 1651/1536/1586
f 1639/1524/1574 1640/1525/1575 1651/1536/1586
f 1652/1537/1587 1651/1536/1586 1640/1525/1575
f 1653/1538/1588 1649/1534/1584 1651/1536/1586
f 1651/1536/1586 1652/1537/1587 1653/1538/1588
f 1654/1539/1589 1650/1535/1585 1649/1534/1584
f 1649/1534/1584 1653/1538/1588 1654/1539/1589
f 1646/1531/1581 1650/1535/1585 1655/1540/1590
f 1647/1532/1582 1646/1531/1581 1655/1540/1590
f 1650/1535/1585 1654/1539/1589 1656/1541/1591
f 1656/1541/1591 1655/1540/1590 1650/1535/1585
f 1653/1538/1588 1657/1542/1592 1654/1539/1589
f 1657/1542/1592 1656/1541/1591 1654/1539/1589
f 1652/1537/1587 1658/1543/1593 1653/1538/1588
f 1657/1542/1592 1653/1538/1588 1658/1543/1593
f 1658/1543/1593 1652/1537/1587 1659/1544/1594
f 1656/1541/1591 1657/1542/1592 1660/1545/1595
f 1661/1546/1596 1658/1543/1593 1659/1544/1594
f 1659/1544/1594 1662/1547/1597 1661/1546/1596
f 1663/1548/1598 1661/1546/1596 1662/1547/1597
f 1661/1546/1596 1663/1548/1598 1664/1549/1599
f 1658/1543/1593 1665/1550/1600 1657/1542/1592
f 1665/1550/1600 1658/1543/1593 1661/1546/1596
f 1664/1549/1599 1665/1550/1600 1661/1546/1596
f 1665/1550/1600 1660/1545/1595 1657/1542/1592
f 1665/1550/1600 1664/1549/1599 1666/1551/1601
f 1665/1550/1600 1666/1551/1601 1667/1552/1602
f 1660/1545/1595 1665/1550/1600 1667/1552/1602
f 1667/1552/1602 1666/1551/1601 1668/1553/1603
f 1660/1545/1595 1669/1554/1604 1656/1541/1591
f 1655/1540/1590 1656/1541/1591 1669/1554/1604
f 1667/1552/1602 1670/1555/1605 1660/1545/1595
f 1669/1554/1604 1660/1545/1595 1670/1555/1605
f 1668/1553/1603 1671/1556/1606 1667/1552/1602
f 1668/1553/1603 1672/1557/1607 1671/1556/1606
f 1671/1556/1606 1672/1557/1607 1673/1558/1608
f 1673/1558/1608 1674/1559/1609 1671/1556/1606
f 1667/1552/1602 1671/1556/1606 1675/1560/1610
f 1670/1555/1605 1667/1552/1602 1675/1560/1610
f 1674/1559/1609 1676/1561/1611 1671/1556/1606
f 1676/1561/1611 1675/1560/1610 1671/1556/1606
f 1674/1559/1609 1677/1562/1612 1676/1561/1611
f 1674/1559/1609 1678/1563/1613 1677/1562/1612
f 1679/1564/1614 1678/1563/1613 1680/1565/1615
f 1678/1563/1613 1679/1564/1614 1677/1562/1612
f 1679/1564/1614 1681/1566/1616 1677/1562/1612
f 1681/1566/1616 1676/1561/1611 1677/1562/1612
f 1681/1566/1616 1679/1564/1614 1682/1567/1617
f 1683/1568/1618 1675/1560/1610 1676/1561/1611
f 1681/1566/1616 1683/1568/1618 1676/1561/1611
f 1682/1567/1617 1684/1569/1619 1681/1566/1616
f 1684/1569/1619 1683/1568/1618 1681/1566/1616
f 1683/1568/1618 1685/1570/1620 1675/1560/1610
f 1685/1570/1620 1670/1555/1605 1675/1560/1610
f 1684/1569/1619 1686/1571/1621 1683/1568/1618
f 1686/1571/1621 1685/1570/1620 1683/1568/1618
f 1684/1569/1619 1682/1567/1617 1687/1572/1622
f 1687/1572/1622 1682/1567/1617 1688/1573/1623
f 1670/1555/1605 1685/1570/1620 1689/1574/1624
f 1689/1574/1624 1669/1554/1604 1670/1555/1605
f 1688/1573/1623 1690/1575/1625 1687/1572/1622
f 1691/1576/1626 1690/1575/1625 1688/1573/1623
f 1692/1577/1627 1684/1569/1619 1687/1572/1622
f 1692/1577/1627 1686/1571/1621 1684/1569/1619
f 1690/1575/1625 1693/1578/1628 1687/1572/1622
f 1687/1572/1622 1693/1578/1628 1692/1577/1627
f 1690/1575/1625 1691/1576/1626 1694/1579/1629
f 1693/1578/1628 1690/1575/1625 1695/1580/1630
f 1694/1579/1629 1695/1580/1630 1690/1575/1625
f 1693/1578/1628 1696/1581/1631 1692/1577/1627
f 1691/1576/1626 1697/1582/1632 1694/1579/1629
f 1697/1582/1632 1691/1576/1626 1698/1583/1633
f 1697/1582/1632 1698/1583/1633 1699/1584/1634
f 1695/1580/1630 1700/1585/1635 1693/1578/1628
f 1696/1581/1631 1693/1578/1628 1700/1585/1635
f 1697/1582/1632 1699/1584/1634 1701/1586/1636
f 1702/1587/1637 1701/1586/1636 1699/1584/1634
f 1697/1582/1632 1701/1586/1636 1703/1588/1638
f 1704/1589/1639 1701/1586/1636 1702/1587/1637
f 1701/1586/1636 1704/1589/1639 1703/1588/1638
f 1703/1588/1638 1705/1590/1640 1697/1582/1632
f 1694/1579/1629 1697/1582/1632 1705/1590/1640
f 1704/1589/1639 1706/1591/1641 1703/1588/1638
f 1705/1590/1640 1703/1588/1638 1706/1591/1641
f 1707/1592/1642 1694/1579/1629 1705/1590/1640
f 1695/1580/1630 1694/1579/1629 1707/1592/1642
f 1705/1590/1640 1708/1593/1643 1707/1592/1642
f 1708/1593/1643 1705/1590/1640 1706/1591/1641
f 1707/1592/1642 1709/1594/1644 1695/1580/1630
f 1708/1593/1643 1709/1594/1644 1707/1592/1642
f 1700/1585/1635 1695/1580/1630 1709/1594/1644
f 1706/1591/1641 1710/1595/1645 1708/1593/1643
f 1709/1594/1644 1708/1593/1643 1711/1596/1646
f 1710/1595/1645 1711/1596/1646 1708/1593/1643
f 1712/1597/1647 1700/1585/1635 1709/1594/1644
f 1712/1597/1647 1709/1594/1644 1711/1596/1646
f 1713/1598/1648 1710/1595/1645 1706/1591/1641
f 1706/1591/1641 1704/1589/1639 1713/1598/1648
f 1711/1596/1646 1710/1595/1645 1714/1599/1649
f 1710/1595/1645 1713/1598/1648 1715/1600/1650
f 1715/1600/1650 1714/1599/1649 1710/1595/1645
f 1704/1589/1639 1716/1601/1651 1713/1598/1648
f 1717/1602/1652 1715/1600/1650 1713/1598/1648
f 1713/1598/1648 1716/1601/1651 1717/1602/1652
f 1704/1589/1639 1718/1603/1653 1716/1601/1651
f 1702/1587/1637 1718/1603/1653 1704/1589/1639
f 1719/1604/1654 1718/1603/1653 1702/1587/1637
f 1719/1604/1654 1716/1601/1651 1718/1603/1653
f 1719/1604/1654 1702/1587/1637 1720/1605/1655
f 1716/1601/1651 1719/1604/1654 1721/1606/1656
f 1716/1601/1651 1721/1606/1656 1717/1602/1652
f 1722/1607/1657 1719/1604/1654 1720/1605/1655
f 1721/1606/1656 1719/1604/1654 1722/1607/1657
f 1720/1605/1655 1723/1608/1658 1722/1607/1657
f 1722/1607/1657 1724/1609/1659 1721/1606/1656
f 1723/1608/1658 1724/1609/1659 1722/1607/1657
f 1721/1606/1656 1725/1610/1660 1717/1602/1652
f 1725/1610/1660 1721/1606/1656 1724/1609/1659
f 1723/1608/1658 1720/1605/1655 1726/1611/1661
f 1727/1612/1662 1726/1611/1661 1720/1605/1655
f 1724/1609/1659 1723/1608/1658 1728/1613/1663
f 1728/1613/1663 1723/1608/1658 1726/1611/1661
f 1727/1612/1662 1729/1614/1664 1726/1611/1661
f 1728/1613/1663 1726/1611/1661 1729/1614/1664
f 1729/1614/1664 1727/1612/1662 1730/1615/1665
f 1728/1613/1663 1731/1616/1666 1724/1609/1659
f 1724/1609/1659 1731/1616/1666 1725/1610/1660
f 1732/1617/1667 1728/1613/1663 1729/1614/1664
f 1731/1616/1666 1728/1613/1663 1732/1617/1667
f 1730/1615/1665 1733/1618/1668 1729/1614/1664
f 1733/1618/1668 1730/1615/1665 1734/1619/1669
f 1735/1620/1670 1733/1618/1668 1734/1619/1669
f 1733/1618/1668 1735/1620/1670 1736/1621/1671
f 1729/1614/1664 1733/1618/1668 1737/1622/1672
f 1732/1617/1667 1729/1614/1664 1737/1622/1672
f 1736/1621/1671 1738/1623/1673 1733/1618/1668
f 1737/1622/1672 1733/1618/1668 1738/1623/1673
f 1738/1623/1673 1736/1621/1671 1739/1624/1674
f 1740/1625/1675 1738/1623/1673 1739/1624/1674
f 1738/1623/1673 1740/1625/1675 1737/1622/1672
f 1740/1625/1675 1739/1624/1674 1741/1626/1676
f 1742/1627/1677 1741/1626/1676 1743/1628/1678
f 1741/1626/1676 1742/1627/1677 1740/1625/1675
f 1740/1625/1675 1742/1627/1677 1744/1629/1679
f 1744/1629/1679 1742/1627/1677 1745/1630/1680
f 1746/1631/1681 1737/1622/1672 1740/1625/1675
f 1740/1625/1675 1744/1629/1679 1746/1631/1681
f 1747/1632/1682 1737/1622/1672 1746/1631/1681
f 1737/1622/1672 1747/1632/1682 1732/1617/1667
f 1748/1633/1683 1744/1629/1679 1745/1630/1680
f 1748/1633/1683 1745/1630/1680 1749/1634/1684
f 1750/1635/1685 1748/1633/1683 1749/1634/1684
f 1751/1636/1686 1746/1631/1681 1744/1629/1679
f 1744/1629/1679 1748/1633/1683 1751/1636/1686
f 1746/1631/1681 1752/1637/1687 1747/1632/1682
f 1746/1631/1681 1751/1636/1686 1752/1637/1687
f 1753/1638/1688 1732/1617/1667 1747/1632/1682
f 1732/1617/1667 1753/1638/1688 1731/1616/1666
f 1754/1639/1689 1747/1632/1682 1752/1637/1687
f 1747/1632/1682 1754/1639/1689 1753/1638/1688
f 1731/1616/1666 1753/1638/1688 1755/1640/1690
f 1755/1640/1690 1725/1610/1660 1731/1616/1666
f 1753/1638/1688 1754/1639/1689 1756/1641/1691
f 1755/1640/1690 1753/1638/1688 1756/1641/1691
f 1752/1637/1687 1757/1642/1692 1754/1639/1689
f 1757/1642/1692 1752/1637/1687 1751/1636/1686
f 1754/1639/1689 1758/1643/1693 1756/1641/1691
f 1758/1643/1693 1754/1639/1689 1757/1642/1692
f 1759/1644/1694 1755/1640/1690 1756/1641/1691
f 1758/1643/1693 1759/1644/1694 1756/1641/1691
f 1760/1645/1695 1725/1610/1660 1755/1640/1690
f 1755/1640/1690 1759/1644/1694 1760/1645/1695
f 1725/1610/1660 1760/1645/1695 1717/1602/1652
f 1715/1600/1650 1717/1602/1652 1760/1645/1695
f 1760/1645/1695 1759/1644/1694 1761/1646/1696
f 1761/1646/1696 1715/1600/1650 1760/1645/1695
f 1758/1643/1693 1761/1646/1696 1759/1644/1694
f 1714/1599/1649 1715/1600/1650 1761/1646/1696
f 1757/1642/1692 1762/1647/1697 1758/1643/1693
f 1761/1646/1696 1763/1648/1698 1714/1599/1649
f 1762/1647/1697 1757/1642/1692 1764/1649/1699
f 1751/1636/1686 1764/1649/1699 1757/1642/1692
f 1758/1643/1693 1765/1650/1700 1761/1646/1696
f 1765/1650/1700 1758/1643/1693 1762/1647/1697
f 1761/1646/1696 1766/1651/1701 1763/1648/1698
f 1766/1651/1701 1761/1646/1696 1765/1650/1700
f 1767/1652/1702 1714/1599/1649 1763/1648/1698
f 1714/1599/1649 1767/1652/1702 1711/1596/1646
f 1711/1596/1646 1767/1652/1702 1712/1597/1647
f 1768/1653/1703 1763/1648/1698 1766/1651/1701
f 1768/1653/1703 1767/1652/1702 1763/1648/1698
f 1765/1650/1700 1769/1654/1704 1766/1651/1701
f 1767/1652/1702 1768/1653/1703 1770/1655/1705
f 1771/1656/1706 1769/1654/1704 1765/1650/1700
f 1762/1647/1697 1771/1656/1706 1765/1650/1700
f 1767/1652/1702 1770/1655/1705 1772/1657/1707
f 1712/1597/1647 1767/1652/1702 1772/1657/1707
f 1771/1656/1706 1762/1647/1697 1773/1658/1708
f 1764/1649/1699 1773/1658/1708 1762/1647/1697
f 1773/1658/1708 1774/1659/1709 1771/1656/1706
f 1769/1654/1704 1771/1656/1706 1774/1659/1709
f 1773/1658/1708 1764/1649/1699 1775/1660/1710
f 1773/1658/1708 1776/1661/1711 1774/1659/1709
f 1775/1660/1710 1776/1661/1711 1773/1658/1708
f 1777/1662/1712 1769/1654/1704 1774/1659/1709
f 1776/1661/1711 1777/1662/1712 1774/1659/1709
f 1778/1663/1713 1775/1660/1710 1764/1649/1699
f 1764/1649/1699 1751/1636/1686 1778/1663/1713
f 1751/1636/1686 1748/1633/1683 1778/1663/1713
f 1776/1661/1711 1775/1660/1710 1779/1664/1714
f 1780/1665/1715 1778/1663/1713 1748/1633/1683
f 1748/1633/1683 1750/1635/1685 1780/1665/1715
f 1775/1660/1710 1778/1663/1713 1781/1666/1716
f 1781/1666/1716 1779/1664/1714 1775/1660/1710
f 1778/1663/1713 1780/1665/1715 1782/1667/1717
f 1782/1667/1717 1781/1666/1716 1778/1663/1713
f 1783/1668/1718 1780/1665/1715 1750/1635/1685
f 1783/1668/1718 1782/1667/1717 1780/1665/1715
f 1784/1669/1719 1783/1668/1718 1750/1635/1685
f 1781/1666/1716 1782/1667/1717 1785/1670/1720
f 1779/1664/1714 1781/1666/1716 1785/1670/1720
f 1783/1668/1718 1784/1669/1719 1786/1671/1721
f 1787/1672/1722 1786/1671/1721 1784/1669/1719
f 1786/1671/1721 1787/1672/1722 1788/1673/1723
f 1783/1668/1718 1789/1674/1724 1782/1667/1717
f 1788/1673/1723 1790/1675/1725 1786/1671/1721
f 1790/1675/1725 1788/1673/1723 1791/1676/1726
f 1792/1677/1727 1783/1668/1718 1786/1671/1721
f 1786/1671/1721 1790/1675/1725 1792/1677/1727
f 1789/1674/1724 1783/1668/1718 1792/1677/1727
f 1790/1675/1725 1791/1676/1726 1793/1678/1728
f 1782/1667/1717 1789/1674/1724 1794/1679/1729
f 1794/1679/1729 1785/1670/1720 1782/1667/1717
f 1795/1680/1730 1793/1678/1728 1796/1681/1731
f 1797/1682/1732 1785/1670/1720 1794/1679/1729
f 1785/1670/1720 1797/1682/1732 1779/1664/1714
f 1793/1678/1728 1795/1680/1730 1798/1683/1733
f 1798/1683/1733 1790/1675/1725 1793/1678/1728
f 1799/1684/1734 1798/1683/1733 1795/1680/1730
f 1795/1680/1730 1800/1685/1735 1799/1684/1734
f 1801/1686/1736 1790/1675/1725 1798/1683/1733
f 1790/1675/1725 1801/1686/1736 1792/1677/1727
f 1798/1683/1733 1799/1684/1734 1802/1687/1737
f 1802/1687/1737 1801/1686/1736 1798/1683/1733
f 1803/1688/1738 1799/1684/1734 1800/1685/1735
f 1800/1685/1735 1804/1689/1739 1803/1688/1738
f 1805/1690/1740 1803/1688/1738 1804/1689/1739
f 1799/1684/1734 1803/1688/1738 1806/1691/1741
f 1806/1691/1741 1802/1687/1737 1799/1684/1734
f 1803/1688/1738 1805/1690/1740 1807/1692/1742
f 1807/1692/1742 1806/1691/1741 1803/1688/1738
f 1808/542/1743 1807/1692/1742 1805/1690/1740
f 1807/1692/1742 1808/542/1743 1809/544/1744
f 1806/1691/1741 1807/1692/1742 1810/1693/1745
f 1809/544/1744 1810/1693/1745 1807/1692/1742
f 1811/1694/1746 1802/1687/1737 1806/1691/1741
f 1810/1693/1745 1811/1694/1746 1806/1691/1741
f 1810/1693/1745 1809/544/1744 1812/1695/1747
f 1809/544/1744 1813/546/1748 1812/1695/1747
f 1812/1695/1747 1814/1696/1749 1810/1693/1745
f 1811/1694/1746 1810/1693/1745 1814/1696/1749
f 1813/546/1748 1815/1697/1750 1812/1695/1747
f 1814/1696/1749 1812/1695/1747 1815/1697/1750
f 1815/1697/1750 1813/546/1748 1816/548/1751
f 1817/551/1752 1815/1697/1750 1816/548/1751
f 1818/1698/1753 1817/551/1752 1819/553/1754
f 1817/551/1752 1818/1698/1753 1820/1699/1755
f 1815/1697/1750 1817/551/1752 1820/1699/1755
f 1821/1700/1756 1820/1699/1755 1818/1698/1753
f 1820/1699/1755 1821/1700/1756 1822/1701/1757
f 1820/1699/1755 1822/1701/1757 1815/1697/1750
f 1815/1697/1750 1822/1701/1757 1823/1702/1758
f 1814/1696/1749 1815/1697/1750 1824/1703/1759
f 1815/1697/1750 1823/1702/1758 1824/1703/1759
f 1825/1704/1760 1823/1702/1758 1822/1701/1757
f 1826/1705/1761 1825/1704/1760 1822/1701/1757
f 1823/1702/1758 1827/1706/1762 1824/1703/1759
f 1827/1706/1762 1823/1702/1758 1825/1704/1760
f 1824/1703/1759 1828/1707/1763 1814/1696/1749
f 1811/1694/1746 1814/1696/1749 1828/1707/1763
f 1829/1708/1764 1824/1703/1759 1827/1706/1762
f 1824/1703/1759 1829/1708/1764 1828/1707/1763
f 1828/1707/1763 1830/1709/1765 1811/1694/1746
f 1831/1710/1766 1828/1707/1763 1829/1708/1764
f 1831/1710/1766 1830/1709/1765 1828/1707/1763
f 1830/1709/1765 1832/1711/1767 1811/1694/1746
f 1802/1687/1737 1811/1694/1746 1832/1711/1767
f 1832/1711/1767 1801/1686/1736 1802/1687/1737
f 1832/1711/1767 1830/1709/1765 1833/1712/1768
f 1831/1710/1766 1833/1712/1768 1830/1709/1765
f 1801/1686/1736 1832/1711/1767 1834/1713/1769
f 1834/1713/1769 1832/1711/1767 1833/1712/1768
f 1834/1713/1769 1792/1677/1727 1801/1686/1736
f 1792/1677/1727 1834/1713/1769 1789/1674/1724
f 1835/1714/1770 1789/1674/1724 1834/1713/1769
f 1833/1712/1768 1835/1714/1770 1834/1713/1769
f 1789/1674/1724 1835/1714/1770 1794/1679/1729
f 1833/1712/1768 1831/1710/1766 1836/1715/1771
f 1836/1715/1771 1835/1714/1770 1833/1712/1768
f 1837/1716/1772 1794/1679/1729 1835/1714/1770
f 1835/1714/1770 1836/1715/1771 1837/1716/1772
f 1794/1679/1729 1837/1716/1772 1797/1682/1732
f 1838/1717/1773 1836/1715/1771 1831/1710/1766
f 1829/1708/1764 1838/1717/1773 1831/1710/1766
f 1839/1718/1774 1837/1716/1772 1836/1715/1771
f 1836/1715/1771 1838/1717/1773 1839/1718/1774
f 1797/1682/1732 1837/1716/1772 1840/1719/1775
f 1839/1718/1774 1840/1719/1775 1837/1716/1772
f 1838/1717/1773 1829/1708/1764 1841/1720/1776
f 1829/1708/1764 1827/1706/1762 1841/1720/1776
f 1842/1721/1777 1839/1718/1774 1838/1717/1773
f 1841/1720/1776 1842/1721/1777 1838/1717/1773
f 1843/1722/1778 1840/1719/1775 1839/1718/1774
f 1843/1722/1778 1839/1718/1774 1842/1721/1777
f 1827/1706/1762 1844/1723/1779 1841/1720/1776
f 1842/1721/1777 1841/1720/1776 1844/1723/1779
f 1844/1723/1779 1827/1706/1762 1845/1724/1780
f 1825/1704/1760 1845/1724/1780 1827/1706/1762
f 1844/1723/1779 1846/1725/1781 1842/1721/1777
f 1846/1725/1781 1843/1722/1778 1842/1721/1777
f 1845/1724/1780 1825/1704/1760 1847/1726/1782
f 1825/1704/1760 1826/1705/1761 1847/1726/1782
f 1845/1724/1780 1848/1727/1783 1844/1723/1779
f 1846/1725/1781 1844/1723/1779 1848/1727/1783
f 1847/1726/1782 1849/1728/1784 1845/1724/1780
f 1848/1727/1783 1845/1724/1780 1849/1728/1784
f 1849/1728/1784 1847/1726/1782 1826/1705/1761
f 1850/1729/1785 1846/1725/1781 1848/1727/1783
f 1849/1728/1784 1851/1730/1786 1848/1727/1783
f 1851/1730/1786 1850/1729/1785 1848/1727/1783
f 1826/1705/1761 1852/1731/1787 1849/1728/1784
f 1851/1730/1786 1849/1728/1784 1852/1731/1787
f 1852/1731/1787 1826/1705/1761 1853/1732/1788
f 1853/1732/1788 1826/1705/1761 1854/1733/1789
f 1852/1731/1787 1855/1734/1790 1851/1730/1786
f 1853/1732/1788 1854/1733/1789 1856/1735/1791
f 1857/1736/1792 1856/1735/1791 1854/1733/1789
f 1856/1735/1791 1857/1736/1792 1858/1737/1793
f 1859/1738/1794 1852/1731/1787 1853/1732/1788
f 1855/1734/1790 1852/1731/1787 1859/1738/1794
f 1860/1739/1795 1853/1732/1788 1856/1735/1791
f 1859/1738/1794 1853/1732/1788 1860/1739/1795
f 1861/1740/1796 1856/1735/1791 1858/1737/1793
f 1860/1739/1795 1856/1735/1791 1861/1740/1796
f 1858/1737/1793 1862/1741/1797 1861/1740/1796
f 1860/1739/1795 1863/1742/1798 1859/1738/1794
f 1860/1739/1795 1861/1740/1796 1863/1742/1798
f 1864/1743/1799 1861/1740/1796 1862/1741/1797
f 1863/1742/1798 1861/1740/1796 1864/1743/1799
f 1862/1741/1797 1865/1744/1800 1864/1743/1799
f 1866/1745/1801 1859/1738/1794 1863/1742/1798
f 1859/1738/1794 1866/1745/1801 1855/1734/1790
f 1867/1746/1802 1864/1743/1799 1865/1744/1800
f 1867/1746/1802 1865/1744/1800 1868/1747/1803
f 1869/1748/1804 1863/1742/1798 1864/1743/1799
f 1869/1748/1804 1864/1743/1799 1867/1746/1802
f 1870/1749/1718 1867/1746/1802 1868/1747/1803
f 1868/1747/1803 1871/1750/1805 1870/1749/1718
f 1872/1751/1806 1869/1748/1804 1867/1746/1802
f 1872/1751/1806 1867/1746/1802 1870/1749/1718
f 1873/1752/1807 1863/1742/1798 1869/1748/1804
f 1863/1742/1798 1873/1752/1807 1866/1745/1801
f 1872/1751/1806 1874/1753/1808 1869/1748/1804
f 1874/1753/1808 1873/1752/1807 1869/1748/1804
f 1875/1754/1809 1872/1751/1806 1870/1749/1718
f 1876/1755/1810 1870/1749/1718 1871/1750/1805
f 1875/1754/1809 1870/1749/1718 1876/1755/1810
f 1876/1755/1810 1871/1750/1805 1877/1756/1811
f 1878/1757/1812 1876/1755/1810 1877/1756/1811
f 1879/1758/1813 1872/1751/1806 1875/1754/1809
f 1879/1758/1813 1874/1753/1808 1872/1751/1806
f 1876/1755/1810 1878/1757/1812 1880/1759/1814
f 1881/1760/1815 1880/1759/1814 1878/1757/1812
f 1882/1761/1816 1875/1754/1809 1876/1755/1810
f 1882/1761/1816 1876/1755/1810 1880/1759/1814
f 1880/1759/1814 1881/1760/1815 1883/1762/1817
f 1883/1762/1817 1882/1761/1816 1880/1759/1814
f 1884/1763/1818 1883/1762/1817 1881/1760/1815
f 1885/1764/1819 1875/1754/1809 1882/1761/1816
f 1875/1754/1809 1885/1764/1819 1879/1758/1813
f 1883/1762/1817 1884/1763/1818 1886/1765/1820
f 1884/1763/1818 1887/1766/1821 1886/1765/1820
f 1882/1761/1816 1883/1762/1817 1888/1767/1822
f 1886/1765/1820 1888/1767/1822 1883/1762/1817
f 1889/1768/1823 1887/1766/1821 1890/1769/1824
f 1887/1766/1821 1889/1768/1823 1891/1770/1825
f 1886/1765/1820 1887/1766/1821 1891/1770/1825
f 1892/1771/1826 1891/1770/1825 1889/1768/1823
f 1891/1770/1825 1893/1772/1827 1886/1765/1820
f 1888/1767/1822 1886/1765/1820 1893/1772/1827
f 1891/1770/1825 1892/1771/1826 1894/1773/1828
f 1893/1772/1827 1891/1770/1825 1894/1773/1828
f 1895/1774/1829 1894/1773/1828 1892/1771/1826
f 1896/1775/1830 1888/1767/1822 1893/1772/1827
f 1896/1775/1830 1893/1772/1827 1894/1773/1828
f 1894/1773/1828 1895/1774/1829 1897/1776/1831
f 1897/1776/1831 1896/1775/1830 1894/1773/1828
f 1898/1777/1832 1897/1776/1831 1895/1774/1829
f 1898/1777/1832 1896/1775/1830 1897/1776/1831
f 1898/1777/1832 1895/1774/1829 1899/1778/1833
f 1896/1775/1830 1900/1779/1834 1888/1767/1822
f 1900/1779/1834 1882/1761/1816 1888/1767/1822
f 1900/1779/1834 1885/1764/1819 1882/1761/1816
f 1898/1777/1832 1901/1780/1835 1896/1775/1830
f 1901/1780/1835 1900/1779/1834 1896/1775/1830
f 1902/1781/1836 1898/1777/1832 1899/1778/1833
f 1902/1781/1836 1901/1780/1835 1898/1777/1832
f 1899/1778/1833 1903/1782/1837 1902/1781/1836
f 1901/1780/1835 1904/1783/1798 1900/1779/1834
f 1904/1783/1798 1885/1764/1819 1900/1779/1834
f 1901/1780/1835 1902/1781/1836 1905/1784/1838
f 1905/1784/1838 1904/1783/1798 1901/1780/1835
f 1906/1785/1839 1902/1781/1836 1903/1782/1837
f 1906/1785/1839 1905/1784/1838 1902/1781/1836
f 1906/1785/1839 1903/1782/1837 1907/1786/1840
f 1904/1783/1798 1908/1787/1841 1885/1764/1819
f 1908/1787/1841 1879/1758/1813 1885/1764/1819
f 1905/1784/1838 1909/1788/1842 1904/1783/1798
f 1909/1788/1842 1908/1787/1841 1904/1783/1798
f 1905/1784/1838 1906/1785/1839 1910/1789/1843
f 1910/1789/1843 1909/1788/1842 1905/1784/1838
f 1911/1790/1844 1906/1785/1839 1907/1786/1840
f 1911/1790/1844 1910/1789/1843 1906/1785/1839
f 1911/1790/1844 1907/1786/1840 1563/1448/1498
f 1566/1451/1501 1911/1790/1844 1563/1448/1498
f 1911/1790/1844 1912/1791/1845 1910/1789/1843
f 1911/1790/1844 1566/1451/1501 1912/1791/1845
f 1910/1789/1843 1913/1792/1846 1909/1788/1842
f 1913/1792/1846 1910/1789/1843 1912/1791/1845
f 1913/1792/1846 1914/1793/1847 1909/1788/1842
f 1909/1788/1842 1914/1793/1847 1908/1787/1841
f 1912/1791/1845 1915/1794/1848 1913/1792/1846
f 1914/1793/1847 1913/1792/1846 1915/1794/1848
f 1566/1451/1501 1915/1794/1848 1912/1791/1845
f 1914/1793/1847 1916/1795/1849 1908/1787/1841
f 1879/1758/1813 1908/1787/1841 1916/1795/1849
f 1916/1795/1849 1874/1753/1808 1879/1758/1813
f 1916/1795/1849 1914/1793/1847 1917/1796/1850
f 1915/1794/1848 1917/1796/1850 1914/1793/1847
f 1874/1753/1808 1916/1795/1849 1918/1797/1851
f 1917/1796/1850 1918/1797/1851 1916/1795/1849
f 1873/1752/1807 1874/1753/1808 1918/1797/1851
f 1917/1796/1850 1915/1794/1848 1919/1798/1852
f 1918/1797/1851 1920/1799/1853 1873/1752/1807
f 1920/1799/1853 1866/1745/1801 1873/1752/1807
f 1918/1797/1851 1917/1796/1850 1921/1800/1854
f 1920/1799/1853 1918/1797/1851 1921/1800/1854
f 1917/1796/1850 1919/1798/1852 1921/1800/1854
f 1866/1745/1801 1920/1799/1853 1922/1801/1855
f 1866/1745/1801 1922/1801/1855 1855/1734/1790
f 1921/1800/1854 1923/1802/1856 1920/1799/1853
f 1923/1802/1856 1922/1801/1855 1920/1799/1853
f 1922/1801/1855 1924/1803/1857 1855/1734/1790
f 1855/1734/1790 1924/1803/1857 1851/1730/1786
f 1924/1803/1857 1850/1729/1785 1851/1730/1786
f 1922/1801/1855 1925/1804/1858 1924/1803/1857
f 1922/1801/1855 1923/1802/1856 1925/1804/1858
f 1926/1805/1859 1850/1729/1785 1924/1803/1857
f 1925/1804/1858 1926/1805/1859 1924/1803/1857
f 1927/1806/1860 1923/1802/1856 1921/1800/1854
f 1919/1798/1852 1927/1806/1860 1921/1800/1854
f 1923/1802/1856 1928/1807/1861 1925/1804/1858
f 1923/1802/1856 1927/1806/1860 1928/1807/1861
f 1925/1804/1858 1929/1808/1862 1926/1805/1859
f 1930/1809/1863 1927/1806/1860 1919/1798/1852
f 1929/1808/1862 1925/1804/1858 1931/1810/1864
f 1928/1807/1861 1931/1810/1864 1925/1804/1858
f 1927/1806/1860 1930/1809/1863 1932/1811/1865
f 1928/1807/1861 1927/1806/1860 1932/1811/1865
f 1933/1812/1866 1930/1809/1863 1919/1798/1852
f 1919/1798/1852 1915/1794/1848 1933/1812/1866
f 1915/1794/1848 1566/1451/1501 1933/1812/1866
f 1566/1451/1501 1573/1458/1508 1933/1812/1866
f 1934/1813/1867 1933/1812/1866 1573/1458/1508
f 1933/1812/1866 1934/1813/1867 1930/1809/1863
f 1934/1813/1867 1573/1458/1508 1570/1455/1505
f 1935/1814/1868 1930/1809/1863 1934/1813/1867
f 1930/1809/1863 1935/1814/1868 1932/1811/1865
f 1570/1455/1505 1936/1815/1869 1934/1813/1867
f 1934/1813/1867 1936/1815/1869 1935/1814/1868
f 1608/1493/1543 1936/1815/1869 1570/1455/1505
f 1937/1816/1870 1932/1811/1865 1935/1814/1868
f 1932/1811/1865 1937/1816/1870 1928/1807/1861
f 1936/1815/1869 1608/1493/1543 1938/1817/1871
f 1608/1493/1543 1611/1496/1546 1938/1817/1871
f 1936/1815/1869 1939/1818/1872 1935/1814/1868
f 1939/1818/1872 1936/1815/1869 1938/1817/1871
f 1937/1816/1870 1935/1814/1868 1940/1819/1873
f 1939/1818/1872 1940/1819/1873 1935/1814/1868
f 1941/1820/1874 1928/1807/1861 1937/1816/1870
f 1928/1807/1861 1941/1820/1874 1931/1810/1864
f 1937/1816/1870 1942/1821/1875 1941/1820/1874
f 1942/1821/1875 1937/1816/1870 1940/1819/1873
f 1943/1822/1876 1931/1810/1864 1941/1820/1874
f 1943/1822/1876 1941/1820/1874 1942/1821/1875
f 1931/1810/1864 1943/1822/1876 1944/1823/1877
f 1944/1823/1877 1929/1808/1862 1931/1810/1864
f 1945/1824/1878 1944/1823/1877 1943/1822/1876
f 1929/1808/1862 1944/1823/1877 1946/1825/1879
f 1945/1824/1878 1946/1825/1879 1944/1823/1877
f 1943/1822/1876 1768/1653/1703 1945/1824/1878
f 1766/1651/1701 1945/1824/1878 1768/1653/1703
f 1766/1651/1701 1769/1654/1704 1945/1824/1878
f 1946/1825/1879 1945/1824/1878 1769/1654/1704
f 1768/1653/1703 1943/1822/1876 1947/1826/1880
f 1942/1821/1875 1947/1826/1880 1943/1822/1876
f 1947/1826/1880 1770/1655/1705 1768/1653/1703
f 1769/1654/1704 1777/1662/1712 1946/1825/1879
f 1947/1826/1880 1772/1657/1707 1770/1655/1705
f 1942/1821/1875 1948/1827/1881 1947/1826/1880
f 1772/1657/1707 1947/1826/1880 1948/1827/1881
f 1948/1827/1881 1942/1821/1875 1949/1828/1882
f 1940/1819/1873 1949/1828/1882 1942/1821/1875
f 1948/1827/1881 1950/1829/1883 1772/1657/1707
f 1949/1828/1882 1940/1819/1873 1951/1830/1884
f 1940/1819/1873 1939/1818/1872 1951/1830/1884
f 1949/1828/1882 1952/1831/1885 1948/1827/1881
f 1950/1829/1883 1948/1827/1881 1952/1831/1885
f 1951/1830/1884 1953/1832/1886 1949/1828/1882
f 1952/1831/1885 1949/1828/1882 1953/1832/1886
f 1939/1818/1872 1954/1833/1887 1951/1830/1884
f 1953/1832/1886 1951/1830/1884 1954/1833/1887
f 1954/1833/1887 1939/1818/1872 1955/1834/1888
f 1938/1817/1871 1955/1834/1888 1939/1818/1872
f 1938/1817/1871 1956/1835/1889 1955/1834/1888
f 1956/1835/1889 1954/1833/1887 1955/1834/1888
f 1956/1835/1889 1938/1817/1871 1611/1496/1546
f 1954/1833/1887 1957/1836/1890 1953/1832/1886
f 1952/1831/1885 1953/1832/1886 1957/1836/1890
f 1954/1833/1887 1956/1835/1889 1958/1837/1891
f 1957/1836/1890 1954/1833/1887 1958/1837/1891
f 1611/1496/1546 1959/1838/1892 1956/1835/1889
f 1959/1838/1892 1958/1837/1891 1956/1835/1889
f 1957/1836/1890 1958/1837/1891 1959/1838/1892
f 1959/1838/1892 1611/1496/1546 1609/1494/1544
f 1609/1494/1544 1960/1839/1893 1959/1838/1892
f 1960/1839/1893 1957/1836/1890 1959/1838/1892
f 1960/1839/1893 1609/1494/1544 1613/1498/1548
f 1952/1831/1885 1957/1836/1890 1961/1840/1894
f 1950/1829/1883 1952/1831/1885 1961/1840/1894
f 1960/1839/1893 1962/1841/1895 1957/1836/1890
f 1961/1840/1894 1957/1836/1890 1962/1841/1895
f 1613/1498/1548 1963/1842/1896 1960/1839/1893
f 1613/1498/1548 1615/1500/1550 1963/1842/1896
f 1615/1500/1550 1647/1532/1582 1963/1842/1896
f 1963/1842/1896 1964/1843/1897 1960/1839/1893
f 1962/1841/1895 1960/1839/1893 1964/1843/1897
f 1647/1532/1582 1965/1844/1898 1963/1842/1896
f 1965/1844/1898 1964/1843/1897 1963/1842/1896
f 1655/1540/1590 1965/1844/1898 1647/1532/1582
f 1965/1844/1898 1655/1540/1590 1669/1554/1604
f 1669/1554/1604 1689/1574/1624 1965/1844/1898
f 1964/1843/1897 1965/1844/1898 1689/1574/1624
f 1689/1574/1624 1966/1845/1899 1964/1843/1897
f 1966/1845/1899 1962/1841/1895 1964/1843/1897
f 1966/1845/1899 1689/1574/1624 1685/1570/1620
f 1966/1845/1899 1685/1570/1620 1686/1571/1621
f 1962/1841/1895 1966/1845/1899 1967/1846/1900
f 1686/1571/1621 1967/1846/1900 1966/1845/1899
f 1967/1846/1900 1961/1840/1894 1962/1841/1895
f 1967/1846/1900 1686/1571/1621 1968/1847/1901
f 1692/1577/1627 1968/1847/1901 1686/1571/1621
f 1961/1840/1894 1967/1846/1900 1969/1848/1902
f 1968/1847/1901 1969/1848/1902 1967/1846/1900
f 1950/1829/1883 1961/1840/1894 1969/1848/1902
f 1968/1847/1901 1692/1577/1627 1696/1581/1631
f 1970/1849/1903 1950/1829/1883 1969/1848/1902
f 1970/1849/1903 1772/1657/1707 1950/1829/1883
f 1772/1657/1707 1970/1849/1903 1712/1597/1647
f 1700/1585/1635 1712/1597/1647 1970/1849/1903
f 1970/1849/1903 1696/1581/1631 1700/1585/1635
f 1969/1848/1902 1968/1847/1901 1971/1850/1904
f 1970/1849/1903 1969/1848/1902 1971/1850/1904
f 1696/1581/1631 1971/1850/1904 1968/1847/1901
f 1696/1581/1631 1970/1849/1903 1971/1850/1904
f 1972/1851/1905 1973/1852/1906 1974/1853/1907
f 1974/1853/1907 1975/1854/1908 1972/1851/1905
f 1976/1855/1909 1972/1851/1905 1975/1854/1908
f 1975/1854/1908 1974/1853/1907 1977/1856/1910
f 1975/1854/1908 1978/1857/1911 1976/1855/1909
f 1979/1858/1912 1976/1855/1909 1978/1857/1911
f 1979/1858/1912 1978/1857/1911 1980/1859/1913
f 1975/1854/1908 1977/1856/1910 1981/1860/1914
f 1981/1860/1914 1978/1857/1911 1975/1854/1908
f 1982/1861/1915 1977/1856/1910 1983/1862/1916
f 1977/1856/1910 1982/1861/1915 1981/1860/1914
f 1984/1863/1917 1981/1860/1914 1982/1861/1915
f 1981/1860/1914 1984/1863/1917 1985/1864/1918
f 1978/1857/1911 1981/1860/1914 1985/1864/1918
f 1985/1864/1918 1980/1859/1913 1978/1857/1911
f 1980/1859/1913 1985/1864/1918 1986/1865/1919
f 1987/1866/1920 1988/1867/1921 1989/1868/1922
f 1989/1868/1922 1990/1869/1923 1987/1866/1920
f 1991/1870/1924 1987/1866/1920 1990/1869/1923
f 1992/1871/1925 1990/1869/1923 1989/1868/1922
f 1990/1869/1923 1993/1872/1926 1991/1870/1924
f 1990/1869/1923 1992/1871/1925 1994/1873/1927
f 1994/1873/1927 1993/1872/1926 1990/1869/1923
f 1995/1874/1928 1994/1873/1927 1992/1871/1925
f 1993/1872/1926 1994/1873/1927 1996/1875/1929
f 1994/1873/1927 1995/1874/1928 1997/1876/1930
f 1997/1876/1930 1996/1875/1929 1994/1873/1927
f 1998/1877/1931 1997/1876/1930 1995/1874/1928
f 1996/1875/1929 1997/1876/1930 1999/1878/1932
f 2000/1879/1933 1999/1878/1932 1997/1876/1930
f 1997/1876/1930 1998/1877/1931 2000/1879/1933
f 1999/1878/1932 2000/1879/1933 2001/1880/1934
f 2000/1879/1933 2002/1881/1935 2001/1880/1934
f 1998/1877/1931 2003/1882/1936 2000/1879/1933
f 2002/1881/1935 2000/1879/1933 2003/1882/1936
f 2003/1882/1936 1998/1877/1931 2004/1883/1937
f 2003/1882/1936 2005/1884/1938 2002/1881/1935
f 2004/1883/1937 2006/1885/1939 2003/1882/1936
f 2006/1885/1939 2005/1884/1938 2003/1882/1936
f 2004/1883/1937 2007/1886/1940 2006/1885/1939
f 2005/1884/1938 2006/1885/1939 2008/1887/1941
f 2007/1886/1940 2009/1888/1942 2006/1885/1939
f 2009/1888/1942 2008/1887/1941 2006/1885/1939
f 2009/1888/1942 2010/1889/1943 2008/1887/1941
f 2011/1890/1944 2009/1888/1942 2007/1886/1940
f 2010/1889/1943 2009/1888/1942 2012/1891/1945
f 2011/1890/1944 2012/1891/1945 2009/1888/1942
f 2012/1891/1945 2011/1890/1944 2013/1892/1946
f 2014/1893/1947 2015/1894/1948 2016/1895/1949
f 2017/1896/1950 2015/1894/1948 2014/1893/1947
f 2017/1896/1950 2018/378/376 2015/1894/1948
f 2019/1897/1951 2017/1896/1950 2014/1893/1947
f 2018/378/376 2017/1896/1950 2020/376/1952
f 2017/1896/1950 2019/1897/1951 2021/1898/1953
f 2021/1898/1953 2020/376/1952 2017/1896/1950
f 2019/1897/1951 2022/1899/1954 2021/1898/1953
f 2020/376/1952 2021/1898/1953 2023/370/1955
f 2022/1899/1954 2024/1900/1956 2021/1898/1953
f 2024/1900/1956 2023/370/1955 2021/1898/1953
f 2025/1901/1957 2024/1900/1956 2022/1899/1954
f 2023/370/1955 2024/1900/1956 2026/366/1958
f 2024/1900/1956 2025/1901/1957 2027/1902/1959
f 2027/1902/1959 2026/366/1958 2024/1900/1956
f 2028/1903/1960 2027/1902/1959 2025/1901/1957
f 2026/366/1958 2027/1902/1959 2029/363/1961
f 2027/1902/1959 2028/1903/1960 2030/1904/1962
f 2027/1902/1959 2031/362/1963 2029/363/1961
f 2031/362/1963 2027/1902/1959 2030/1904/1962
f 2032/1905/1964 2033/1769/1965 2034/1766/1966
f 2032/1905/1964 2034/1766/1966 2035/1906/1967
f 2035/1906/1967 2036/1907/1968 2032/1905/1964
f 2037/1763/1969 2035/1906/1967 2034/1766/1966
f 2036/1907/1968 2035/1906/1967 2038/1908/1970
f 2038/1908/1970 2039/1909/1971 2036/1907/1968
f 2035/1906/1967 2037/1763/1969 2040/1910/1972
f 2039/1909/1971 2038/1908/1970 2041/1911/1973
f 2042/1912/1974 2039/1909/1971 2041/1911/1973
f 2043/1913/1975 2042/1912/1974 2041/1911/1973
f 2035/1906/1967 2044/1914/1976 2038/1908/1970
f 2044/1914/1976 2035/1906/1967 2040/1910/1972
f 2038/1908/1970 2045/1915/1977 2041/1911/1973
f 2041/1911/1973 2045/1915/1977 2043/1913/1975
f 2045/1915/1977 2038/1908/1970 2044/1914/1976
f 2046/1916/1978 2043/1913/1975 2045/1915/1977
f 2045/1915/1977 2047/1917/1979 2046/1916/1978
f 2047/1917/1979 2045/1915/1977 2044/1914/1976
f 2047/1917/1979 2048/1918/1980 2046/1916/1978
f 2047/1917/1979 2044/1914/1976 2049/1919/1981
f 2040/1910/1972 2049/1919/1981 2044/1914/1976
f 2048/1918/1980 2047/1917/1979 2050/1920/1982
f 2050/1920/1982 2047/1917/1979 2049/1919/1981
f 2051/1921/1983 2048/1918/1980 2050/1920/1982
f 2048/1918/1980 2051/1921/1983 2052/1922/1984
f 2051/1921/1983 2053/1923/1985 2052/1922/1984
f 2050/1920/1982 2049/1919/1981 2054/1924/1986
f 2054/1924/1986 2051/1921/1983 2050/1920/1982
f 2049/1919/1981 2040/1910/1972 2055/1925/1987
f 2054/1924/1986 2049/1919/1981 2055/1925/1987
f 2055/1925/1987 2040/1910/1972 2037/1763/1969
f 2055/1925/1987 2037/1763/1969 2056/1760/1988
f 2053/1923/1985 2051/1921/1983 2057/1926/1989
f 2057/1926/1989 2058/1927/1990 2053/1923/1985
f 2059/1928/1991 2058/1927/1990 2057/1926/1989
f 2060/1929/1992 2055/1925/1987 2056/1760/1988
f 2056/1760/1988 2061/1757/1993 2060/1929/1992
f 2062/1756/1994 2060/1929/1992 2061/1757/1993
f 2055/1925/1987 2060/1929/1992 2063/1930/1995
f 2054/1924/1986 2055/1925/1987 2063/1930/1995
f 2060/1929/1992 2062/1756/1994 2064/1931/1996
f 2064/1931/1996 2063/1930/1995 2060/1929/1992
f 2065/1750/1997 2064/1931/1996 2062/1756/1994
f 2066/1932/1998 2054/1924/1986 2063/1930/1995
f 2051/1921/1983 2054/1924/1986 2066/1932/1998
f 2066/1932/1998 2057/1926/1989 2051/1921/1983
f 2066/1932/1998 2063/1930/1995 2067/1933/1999
f 2063/1930/1995 2064/1931/1996 2067/1933/1999
f 2057/1926/1989 2066/1932/1998 2068/1934/2000
f 2066/1932/1998 2067/1933/1999 2068/1934/2000
f 2057/1926/1989 2069/1935/2001 2059/1928/1991
f 2069/1935/2001 2057/1926/1989 2068/1934/2000
f 2069/1935/2001 2070/1936/2002 2059/1928/1991
f 2068/1934/2000 2067/1933/1999 2071/1937/2003
f 2067/1933/1999 2064/1931/1996 2071/1937/2003
f 2069/1935/2001 2068/1934/2000 2072/1938/2004
f 2072/1938/2004 2068/1934/2000 2071/1937/2003
f 2070/1936/2002 2069/1935/2001 2073/1939/2005
f 2069/1935/2001 2072/1938/2004 2073/1939/2005
f 2073/1939/2005 2074/1940/2006 2070/1936/2002
f 2071/1937/2003 2064/1931/1996 2075/1941/2007
f 2064/1931/1996 2065/1750/1997 2075/1941/2007
f 2076/1747/2008 2075/1941/2007 2065/1750/1997
f 2074/1940/2006 2073/1939/2005 2077/1942/2009
f 2078/1943/2010 2074/1940/2006 2077/1942/2009
f 2075/1941/2007 2076/1747/2008 2079/1944/2011
f 2078/1943/2010 2080/1945/2012 2081/1946/2013
f 2082/1947/2014 2071/1937/2003 2075/1941/2007
f 2082/1947/2014 2075/1941/2007 2079/1944/2011
f 2072/1938/2004 2071/1937/2003 2082/1947/2014
f 2080/1945/2012 2078/1943/2010 2083/1948/2015
f 2077/1942/2009 2083/1948/2015 2078/1943/2010
f 2084/1949/2016 2072/1938/2004 2082/1947/2014
f 2073/1939/2005 2072/1938/2004 2084/1949/2016
f 2077/1942/2009 2073/1939/2005 2084/1949/2016
f 2083/1948/2015 2085/1950/2017 2080/1945/2012
f 2080/1945/2012 2085/1950/2017 2086/1951/2018
f 2087/1952/2019 2083/1948/2015 2077/1942/2009
f 2084/1949/2016 2087/1952/2019 2077/1942/2009
f 2083/1948/2015 2087/1952/2019 2085/1950/2017
f 2082/1947/2014 2088/1953/2020 2084/1949/2016
f 2087/1952/2019 2084/1949/2016 2088/1953/2020
f 2088/1953/2020 2082/1947/2014 2079/1944/2011
f 2085/1950/2017 2087/1952/2019 2089/1954/2021
f 2087/1952/2019 2088/1953/2020 2089/1954/2021
f 2090/1955/2022 2086/1951/2018 2085/1950/2017
f 2089/1954/2021 2090/1955/2022 2085/1950/2017
f 2086/1951/2018 2090/1955/2022 2091/1956/2023
f 2079/1944/2011 2092/1957/2024 2088/1953/2020
f 2089/1954/2021 2088/1953/2020 2092/1957/2024
f 2092/1957/2024 2079/1944/2011 2076/1747/2008
f 2092/1957/2024 2076/1747/2008 2093/1744/2025
f 2089/1954/2021 2092/1957/2024 2094/1958/2026
f 2094/1958/2026 2092/1957/2024 2093/1744/2025
f 2090/1955/2022 2089/1954/2021 2094/1958/2026
f 2094/1958/2026 2093/1744/2025 2095/1741/2027
f 2090/1955/2022 2094/1958/2026 2096/1959/2028
f 2096/1959/2028 2094/1958/2026 2095/1741/2027
f 2096/1959/2028 2091/1956/2023 2090/1955/2022
f 2096/1959/2028 2095/1741/2027 2097/1737/2029
f 2091/1956/2023 2096/1959/2028 2098/1960/2030
f 2099/1736/2031 2096/1959/2028 2097/1737/2029
f 2098/1960/2030 2096/1959/2028 2100/1961/2032
f 2096/1959/2028 2099/1736/2031 2100/1961/2032
f 2101/1962/2033 2102/1963/2034 2103/1964/2035
f 2101/1962/2033 2104/1965/2036 2102/1963/2034
f 2104/1965/2036 2105/1966/2037 2102/1963/2034
f 2106/1967/2038 2104/1965/2036 2101/1962/2033
f 2107/1968/2039 2105/1966/2037 2104/1965/2036
f 2107/1968/2039 2108/1969/2040 2105/1966/2037
f 2104/1965/2036 2106/1967/2038 2109/1970/2041
f 2109/1970/2041 2107/1968/2039 2104/1965/2036
f 2110/1971/2042 2106/1967/2038 2111/1972/2043
f 2106/1967/2038 2110/1971/2042 2109/1970/2041
f 2112/1973/2044 2109/1970/2041 2110/1971/2042
f 2108/1969/2040 2107/1968/2039 2113/1974/2045
f 2108/1969/2040 2113/1974/2045 2114/1975/2046
f 2107/1968/2039 2109/1970/2041 2115/1976/2047
f 2109/1970/2041 2112/1973/2044 2115/1976/2047
f 2107/1968/2039 2116/1977/2048 2113/1974/2045
f 2116/1977/2048 2107/1968/2039 2115/1976/2047
f 2117/1978/2049 2114/1975/2046 2113/1974/2045
f 2114/1975/2046 2117/1978/2049 2118/1979/2050
f 2113/1974/2045 2116/1977/2048 2119/1980/2051
f 2113/1974/2045 2119/1980/2051 2117/1978/2049
f 2120/1981/2052 2118/1979/2050 2117/1978/2049
f 2118/1979/2050 2120/1981/2052 2121/1982/2053
f 2120/1981/2052 2122/1983/2054 2121/1982/2053
f 2123/1984/2055 2117/1978/2049 2119/1980/2051
f 2117/1978/2049 2123/1984/2055 2120/1981/2052
f 2120/1981/2052 2124/1985/2056 2122/1983/2054
f 2122/1983/2054 2124/1985/2056 2125/1986/2057
f 2120/1981/2052 2123/1984/2055 2126/1987/2058
f 2126/1987/2058 2124/1985/2056 2120/1981/2052
f 2124/1985/2056 2127/1988/2059 2125/1986/2057
f 2125/1986/2057 2127/1988/2059 2128/1989/2060
f 2129/1990/2061 2124/1985/2056 2126/1987/2058
f 2124/1985/2056 2129/1990/2061 2127/1988/2059
f 2130/1991/2062 2126/1987/2058 2123/1984/2055
f 2130/1991/2062 2129/1990/2061 2126/1987/2058
f 2119/1980/2051 2131/1992/2063 2123/1984/2055
f 2123/1984/2055 2131/1992/2063 2130/1991/2062
f 2132/1993/2064 2131/1992/2063 2119/1980/2051
f 2132/1993/2064 2119/1980/2051 2116/1977/2048
f 2133/1994/2065 2130/1991/2062 2131/1992/2063
f 2132/1993/2064 2133/1994/2065 2131/1992/2063
f 2116/1977/2048 2134/1995/2066 2132/1993/2064
f 2115/1976/2047 2134/1995/2066 2116/1977/2048
f 2132/1993/2064 2135/1996/2067 2133/1994/2065
f 2134/1995/2066 2135/1996/2067 2132/1993/2064
f 2133/1994/2065 2135/1996/2067 2136/1997/2068
f 2136/1997/2068 2137/1998/2069 2133/1994/2065
f 2134/1995/2066 2115/1976/2047 2138/1999/2070
f 2138/1999/2070 2115/1976/2047 2112/1973/2044
f 2112/1973/2044 2139/2000/2071 2138/1999/2070
f 2140/2001/2072 2133/1994/2065 2137/1998/2069
f 2140/2001/2072 2137/1998/2069 2141/2002/2073
f 2130/1991/2062 2133/1994/2065 2140/2001/2072
f 2139/2000/2071 2142/2003/2074 2138/1999/2070
f 2139/2000/2071 2143/2004/2075 2142/2003/2074
f 2144/2005/2076 2142/2003/2074 2143/2004/2075
f 2142/2003/2074 2144/2005/2076 2145/2006/2077
f 2145/2006/2077 2138/1999/2070 2142/2003/2074
f 2146/2007/2078 2145/2006/2077 2144/2005/2076
f 2138/1999/2070 2147/2008/2079 2134/1995/2066
f 2138/1999/2070 2145/2006/2077 2147/2008/2079
f 2134/1995/2066 2147/2008/2079 2135/1996/2067
f 2145/2006/2077 2146/2007/2078 2148/2009/2080
f 2149/2010/2081 2148/2009/2080 2146/2007/2078
f 2145/2006/2077 2150/2011/2082 2147/2008/2079
f 2150/2011/2082 2145/2006/2077 2148/2009/2080
f 2150/2011/2082 2135/1996/2067 2147/2008/2079
f 2148/2009/2080 2149/2010/2081 2151/2012/2083
f 2151/2012/2083 2150/2011/2082 2148/2009/2080
f 2152/2013/2084 2151/2012/2083 2149/2010/2081
f 2135/1996/2067 2150/2011/2082 2153/2014/2085
f 2153/2014/2085 2154/1997/2086 2135/1996/2067
f 2154/1997/2086 2153/2014/2085 2155/2015/2087
f 2156/2016/2088 2155/2015/2087 2153/2014/2085
f 2150/2011/2082 2157/2017/2089 2153/2014/2085
f 2150/2011/2082 2151/2012/2083 2157/2017/2089
f 2156/2016/2088 2153/2014/2085 2158/2018/2090
f 2157/2017/2089 2158/2018/2090 2153/2014/2085
f 2159/2019/2091 2156/2016/2088 2158/2018/2090
f 2158/2018/2090 2160/2020/2092 2159/2019/2091
f 2160/2020/2092 2158/2018/2090 2157/2017/2089
f 2161/2021/2093 2159/2019/2091 2160/2020/2092
f 2151/2012/2083 2162/2022/2094 2157/2017/2089
f 2162/2022/2094 2160/2020/2092 2157/2017/2089
f 2160/2020/2092 2163/2023/2095 2161/2021/2093
f 2162/2022/2094 2163/2023/2095 2160/2020/2092
f 2164/2024/2096 2161/2021/2093 2163/2023/2095
f 2163/2023/2095 2165/2025/2097 2164/2024/2096
f 2162/2022/2094 2151/2012/2083 2166/2026/2098
f 2151/2012/2083 2152/2013/2084 2166/2026/2098
f 2163/2023/2095 2162/2022/2094 2167/2027/2099
f 2166/2026/2098 2167/2027/2099 2162/2022/2094
f 2167/2027/2099 2165/2025/2097 2163/2023/2095
f 2152/2013/2084 2168/2028/2100 2166/2026/2098
f 2167/2027/2099 2166/2026/2098 2168/2028/2100
f 2168/2028/2100 2152/2013/2084 2169/2029/2101
f 2167/2027/2099 2168/2028/2100 2170/2030/2102
f 2165/2025/2097 2167/2027/2099 2170/2030/2102
f 2171/2031/2103 2168/2028/2100 2169/2029/2101
f 2170/2030/2102 2168/2028/2100 2171/2031/2103
f 2172/2032/2104 2171/2031/2103 2169/2029/2101
f 2172/2032/2104 2173/2033/2105 2171/2031/2103
f 2165/2025/2097 2170/2030/2102 2174/2034/2106
f 2171/2031/2103 2174/2034/2106 2170/2030/2102
f 2175/2035/2107 2171/2031/2103 2173/2033/2105
f 2174/2034/2106 2171/2031/2103 2175/2035/2107
f 2173/2033/2105 2176/2036/2108 2175/2035/2107
f 2174/2034/2106 2177/2037/2109 2165/2025/2097
f 2177/2037/2109 2178/2024/2110 2165/2025/2097
f 2178/2024/2110 2177/2037/2109 2179/2038/2111
f 2177/2037/2109 2180/2039/2112 2179/2038/2111
f 2177/2037/2109 2181/2040/2113 2180/2039/2112
f 2177/2037/2109 2174/2034/2106 2182/2041/2114
f 2174/2034/2106 2175/2035/2107 2182/2041/2114
f 2182/2041/2114 2181/2040/2113 2177/2037/2109
f 2183/2042/2115 2175/2035/2107 2176/2036/2108
f 2175/2035/2107 2183/2042/2115 2182/2041/2114
f 2176/2036/2108 2184/2043/2116 2183/2042/2115
f 2183/2042/2115 2185/2044/2117 2182/2041/2114
f 2181/2040/2113 2182/2041/2114 2185/2044/2117
f 2184/2043/2116 2186/2045/2118 2183/2042/2115
f 2186/2045/2118 2185/2044/2117 2183/2042/2115
f 2184/2043/2116 2187/2046/2119 2186/2045/2118
f 2188/2047/2120 2186/2045/2118 2187/2046/2119
f 2186/2045/2118 2189/2048/2121 2185/2044/2117
f 2181/2040/2113 2185/2044/2117 2189/2048/2121
f 2186/2045/2118 2188/2047/2120 2190/2049/2122
f 2186/2045/2118 2190/2049/2122 2189/2048/2121
f 2191/2050/2123 2190/2049/2122 2188/2047/2120
f 2190/2049/2122 2192/2051/2124 2189/2048/2121
f 2192/2051/2124 2181/2040/2113 2189/2048/2121
f 2190/2049/2122 2191/2050/2123 2193/2052/2125
f 2192/2051/2124 2190/2049/2122 2193/2052/2125
f 2194/2053/2126 2193/2052/2125 2191/2050/2123
f 2195/2054/2127 2181/2040/2113 2192/2051/2124
f 2193/2052/2125 2195/2054/2127 2192/2051/2124
f 2196/2055/2128 2193/2052/2125 2194/2053/2126
f 2195/2054/2127 2193/2052/2125 2196/2055/2128
f 2197/2056/2129 2196/2055/2128 2194/2053/2126
f 2194/2053/2126 2198/2057/2130 2197/2056/2129
f 2195/2054/2127 2196/2055/2128 2199/2058/2131
f 2199/2058/2131 2196/2055/2128 2197/2056/2129
f 2181/2040/2113 2195/2054/2127 2200/2059/2132
f 2200/2059/2132 2195/2054/2127 2199/2058/2131
f 2200/2059/2132 2201/2039/2133 2181/2040/2113
f 2201/2039/2133 2200/2059/2132 2202/2060/2134
f 2198/2057/2130 2203/2061/2135 2197/2056/2129
f 2203/2061/2135 2199/2058/2131 2197/2056/2129
f 2203/2061/2135 2198/2057/2130 2204/2062/2136
f 2205/2063/2137 2202/2060/2134 2200/2059/2132
f 2199/2058/2131 2205/2063/2137 2200/2059/2132
f 2202/2060/2134 2205/2063/2137 2206/2064/2138
f 2199/2058/2131 2203/2061/2135 2207/2065/2139
f 2207/2065/2139 2205/2063/2137 2199/2058/2131
f 2208/2066/2140 2203/2061/2135 2204/2062/2136
f 2208/2066/2140 2207/2065/2139 2203/2061/2135
f 2204/2062/2136 2209/2067/2141 2208/2066/2140
f 2210/2068/2142 2206/2064/2138 2205/2063/2137
f 2205/2063/2137 2207/2065/2139 2210/2068/2142
f 2206/2064/2138 2210/2068/2142 2211/2069/2143
f 2212/2070/2144 2211/2069/2143 2210/2068/2142
f 2207/2065/2139 2212/2070/2144 2210/2068/2142
f 2211/2069/2143 2212/2070/2144 2213/2071/2145
f 2212/2070/2144 2214/2002/2146 2213/2071/2145
f 2212/2070/2144 2140/2001/2072 2214/2002/2146
f 2212/2070/2144 2207/2065/2139 2215/2072/750
f 2207/2065/2139 2208/2066/2140 2215/2072/750
f 2212/2070/2144 2216/2073/2147 2140/2001/2072
f 2216/2073/2147 2212/2070/2144 2215/2072/750
f 2217/2074/2148 2215/2072/750 2208/2066/2140
f 2215/2072/750 2217/2074/2148 2216/2073/2147
f 2209/2067/2141 2217/2074/2148 2208/2066/2140
f 2209/2067/2141 2218/2075/2149 2217/2074/2148
f 2216/2073/2147 2219/2076/2150 2140/2001/2072
f 2140/2001/2072 2219/2076/2150 2130/1991/2062
f 2220/2077/2151 2217/2074/2148 2218/2075/2149
f 2218/2075/2149 2221/2078/2152 2220/2077/2151
f 2222/2079/2153 2216/2073/2147 2217/2074/2148
f 2222/2079/2153 2217/2074/2148 2220/2077/2151
f 2221/2078/2152 2222/2079/2153 2220/2077/2151
f 2219/2076/2150 2216/2073/2147 2222/2079/2153
f 2222/2079/2153 2221/2078/2152 2223/2080/2154
f 2224/2081/2155 2222/2079/2153 2223/2080/2154
f 2219/2076/2150 2225/2082/2156 2130/1991/2062
f 2222/2079/2153 2225/2082/2156 2219/2076/2150
f 2129/1990/2061 2130/1991/2062 2225/2082/2156
f 2222/2079/2153 2224/2081/2155 2226/2083/2157
f 2225/2082/2156 2222/2079/2153 2226/2083/2157
f 2129/1990/2061 2225/2082/2156 2226/2083/2157
f 2227/2084/2158 2226/2083/2157 2224/2081/2155
f 2228/2085/2159 2129/1990/2061 2226/2083/2157
f 2226/2083/2157 2227/2084/2158 2228/2085/2159
f 2229/2086/2160 2228/2085/2159 2227/2084/2158
f 2228/2085/2159 2127/1988/2059 2129/1990/2061
f 2228/2085/2159 2229/2086/2160 2230/2087/2161
f 2127/1988/2059 2228/2085/2159 2231/2088/2162
f 2230/2087/2161 2231/2088/2162 2228/2085/2159
f 2127/1988/2059 2231/2088/2162 2128/1989/2060
f 2128/1989/2060 2231/2088/2162 2232/2089/2163
f 2231/2088/2162 2230/2087/2161 2233/2090/2164
f 2232/2089/2163 2231/2088/2162 2234/2091/2165
f 2233/2090/2164 2234/2091/2165 2231/2088/2162
f 2234/2091/2165 2233/2090/2164 2235/2092/2166
f 2236/2092/2167 2237/2090/2168 2238/2093/2169
f 2237/2090/2168 2239/2094/2170 2238/2093/2169
f 2238/2093/2169 2239/2094/2170 2240/2095/2171
f 2237/2090/2168 2241/2087/2172 2239/2094/2170
f 2239/2094/2170 2242/2096/2173 2240/2095/2171
f 2243/2097/2174 2241/2087/2172 2244/2086/2175
f 2245/2098/2176 2242/2096/2173 2239/2094/2170
f 2241/2087/2172 2243/2097/2174 2246/2099/2177
f 2239/2094/2170 2241/2087/2172 2246/2099/2177
f 2247/2100/2178 2246/2099/2177 2243/2097/2174
f 2242/2096/2173 2245/2098/2176 2248/2101/2179
f 2246/2099/2177 2247/2100/2178 2249/2102/2180
f 2249/2102/2180 2239/2094/2170 2246/2099/2177
f 2249/2102/2180 2245/2098/2176 2239/2094/2170
f 2250/2103/2181 2249/2102/2180 2247/2100/2178
f 2249/2102/2180 2250/2103/2181 2251/2104/2182
f 2252/2105/2183 2249/2102/2180 2251/2104/2182
f 2249/2102/2180 2252/2105/2183 2245/2098/2176
f 2252/2105/2183 2248/2101/2179 2245/2098/2176
f 2248/2101/2179 2252/2105/2183 2253/2106/2184
f 2254/1967/2038 2255/2107/2185 2256/1972/2186
f 2254/1967/2038 2257/2108/2187 2255/2107/2185
f 2257/2108/2187 2258/2109/2188 2255/2107/2185
f 2259/1962/2189 2257/2108/2187 2254/1967/2038
f 2258/2109/2188 2257/2108/2187 2260/2110/2190
f 2261/2111/2191 2259/1962/2189 2262/1964/2192
f 2263/2112/2193 2260/2110/2190 2257/2108/2187
f 2257/2108/2187 2259/1962/2189 2263/2112/2193
f 2259/1962/2189 2261/2111/2191 2263/2112/2193
f 2260/2110/2190 2263/2112/2193 2264/2113/2194
f 2263/2112/2193 2261/2111/2191 2265/2114/2195
f 2265/2114/2195 2264/2113/2194 2263/2112/2193
f 2264/2113/2194 2265/2114/2195 2266/2115/2196
f 2267/2116/2197 2268/2117/2198 2269/2118/2199
f 2268/2117/2198 2267/2116/2197 2270/2119/2200
f 2271/2120/2201 2270/2119/2200 2267/2116/2197
f 2270/2119/2200 2272/2121/2202 2268/2117/2198
f 2272/2121/2202 2273/2122/2203 2274/2123/2204
f 2271/2120/2201 2275/2124/2205 2270/2119/2200
f 2276/2125/2206 2275/2124/2205 2271/2120/2201
f 2272/2121/2202 2270/2119/2200 2277/2126/2207
f 2272/2121/2202 2277/2126/2207 2273/2122/2203
f 2275/2124/2205 2277/2126/2207 2270/2119/2200
f 2278/2127/2208 2273/2122/2203 2277/2126/2207
f 2276/2125/2206 2279/2128/2209 2275/2124/2205
f 2277/2126/2207 2280/2129/2210 2278/2127/2208
f 2277/2126/2207 2275/2124/2205 2280/2129/2210
f 2281/2130/2211 2275/2124/2205 2279/2128/2209
f 2279/2128/2209 2282/2131/2212 2281/2130/2211
f 2283/2132/2213 2281/2130/2211 2282/2131/2212
f 2284/2133/2214 2275/2124/2205 2281/2130/2211
f 2284/2133/2214 2280/2129/2210 2275/2124/2205
f 2281/2130/2211 2283/2132/2213 2285/2134/2215
f 2285/2134/2215 2284/2133/2214 2281/2130/2211
f 2283/2132/2213 2286/2135/2216 2285/2134/2215
f 2287/2136/2217 2278/2127/2208 2280/2129/2210
f 2278/2127/2208 2287/2136/2217 2288/2137/2218
f 2286/2135/2216 2289/2138/2219 2285/2134/2215
f 2289/2138/2219 2286/2135/2216 2290/2139/2220
f 2291/2140/821 2289/2138/2219 2290/2139/2220
f 2289/2138/2219 2292/2141/2221 2285/2134/2215
f 2284/2133/2214 2285/2134/2215 2292/2141/2221
f 2289/2138/2219 2291/2140/821 2293/2142/2222
f 2294/2143/2223 2293/2142/2222 2291/2140/821
f 2292/2141/2221 2289/2138/2219 2295/2144/2224
f 2293/2142/2222 2295/2144/2224 2289/2138/2219
f 2296/2145/2225 2284/2133/2214 2292/2141/2221
f 2295/2144/2224 2296/2145/2225 2292/2141/2221
f 2297/2146/2226 2280/2129/2210 2284/2133/2214
f 2296/2145/2225 2297/2146/2226 2284/2133/2214
f 2280/2129/2210 2297/2146/2226 2287/2136/2217
f 2296/2145/2225 2295/2144/2224 2298/2147/2227
f 2299/2148/2228 2297/2146/2226 2296/2145/2225
f 2298/2147/2227 2299/2148/2228 2296/2145/2225
f 2300/2149/2229 2287/2136/2217 2297/2146/2226
f 2299/2148/2228 2300/2149/2229 2297/2146/2226
f 2301/2150/2230 2298/2147/2227 2295/2144/2224
f 2295/2144/2224 2293/2142/2222 2301/2150/2230
f 2299/2148/2228 2298/2147/2227 2302/2151/2231
f 2303/2152/2232 2293/2142/2222 2294/2143/2223
f 2303/2152/2232 2301/2150/2230 2293/2142/2222
f 2304/2153/2233 2303/2152/2232 2294/2143/2223
f 2305/2154/2234 2304/2153/2233 2306/2155/2235
f 2304/2153/2233 2305/2154/2234 2303/2152/2232
f 2307/2156/2236 2303/2152/2232 2305/2154/2234
f 2301/2150/2230 2303/2152/2232 2308/2157/2237
f 2307/2156/2236 2308/2157/2237 2303/2152/2232
f 2298/2147/2227 2301/2150/2230 2309/2158/2238
f 2309/2158/2238 2301/2150/2230 2308/2157/2237
f 2309/2158/2238 2302/2151/2231 2298/2147/2227
f 2307/2156/2236 2310/2159/2239 2308/2157/2237
f 2310/2159/2239 2307/2156/2236 2311/2160/2240
f 2312/2161/2241 2308/2157/2237 2310/2159/2239
f 2312/2161/2241 2309/2158/2238 2308/2157/2237
f 2310/2159/2239 2313/2162/2242 2312/2161/2241
f 2313/2162/2242 2314/2163/2243 2312/2161/2241
f 2313/2162/2242 2315/2164/2244 2314/2163/2243
f 2314/2163/2243 2315/2164/2244 2316/2165/2245
f 2317/2166/2246 2312/2161/2241 2314/2163/2243
f 2314/2163/2243 2316/2165/2245 2317/2166/2246
f 2312/2161/2241 2317/2166/2246 2309/2158/2238
f 2318/2167/2247 2317/2166/2246 2316/2165/2245
f 2317/2166/2246 2319/2168/2248 2309/2158/2238
f 2302/2151/2231 2309/2158/2238 2319/2168/2248
f 2317/2166/2246 2318/2167/2247 2320/2169/2249
f 2319/2168/2248 2317/2166/2246 2320/2169/2249
f 2321/2170/2250 2320/2169/2249 2318/2167/2247
f 2320/2169/2249 2321/2170/2250 2322/2171/2251
f 2319/2168/2248 2320/2169/2249 2322/2171/2251
f 2323/2172/2252 2322/2171/2251 2321/2170/2250
f 2324/2173/2253 2302/2151/2231 2319/2168/2248
f 2325/2174/2254 2319/2168/2248 2322/2171/2251
f 2324/2173/2253 2319/2168/2248 2325/2174/2254
f 2322/2171/2251 2323/2172/2252 2326/2175/2255
f 2322/2171/2251 2327/2176/2256 2325/2174/2254
f 2327/2176/2256 2322/2171/2251 2326/2175/2255
f 2328/2177/2257 2326/2175/2255 2323/2172/2252
f 2328/2177/2257 2323/2172/2252 2329/2178/2258
f 2327/2176/2256 2326/2175/2255 2330/2179/2259
f 2330/2179/2259 2326/2175/2255 2328/2177/2257
f 2331/2180/2260 2325/2174/2254 2327/2176/2256
f 2331/2180/2260 2327/2176/2256 2330/2179/2259
f 2324/2173/2253 2325/2174/2254 2331/2180/2260
f 2331/2180/2260 2332/2181/2261 2324/2173/2253
f 2332/2181/2261 2331/2180/2260 2333/2182/2262
f 2334/2183/2263 2333/2182/2262 2331/2180/2260
f 2334/2183/2263 2331/2180/2260 2330/2179/2259
f 2333/2182/2262 2334/2183/2263 2335/2184/2264
f 2336/2185/2265 2335/2184/2264 2334/2183/2263
f 2334/2183/2263 2337/2186/2266 2336/2185/2265
f 2330/2179/2259 2337/2186/2266 2334/2183/2263
f 2338/2187/2267 2336/2185/2265 2337/2186/2266
f 2328/2177/2257 2339/2188/2268 2330/2179/2259
f 2337/2186/2266 2330/2179/2259 2339/2188/2268
f 2339/2188/2268 2328/2177/2257 2340/2189/2269
f 2329/2178/2258 2340/2189/2269 2328/2177/2257
f 2340/2189/2269 2329/2178/2258 2341/2190/2270
f 2342/2191/2271 2339/2188/2268 2340/2189/2269
f 2337/2186/2266 2339/2188/2268 2342/2191/2271
f 2343/2192/2272 2340/2189/2269 2341/2190/2270
f 2343/2192/2272 2342/2191/2271 2340/2189/2269
f 2341/2190/2270 2344/2193/2273 2343/2192/2272
f 2337/2186/2266 2342/2191/2271 2345/2194/2274
f 2342/2191/2271 2343/2192/2272 2345/2194/2274
f 2337/2186/2266 2346/2195/2275 2338/2187/2267
f 2345/2194/2274 2346/2195/2275 2337/2186/2266
f 2347/2196/2276 2338/2187/2267 2346/2195/2275
f 2343/2192/2272 2348/2197/2277 2345/2194/2274
f 2348/2197/2277 2343/2192/2272 2344/2193/2273
f 2346/2195/2275 2345/2194/2274 2349/2198/2278
f 2345/2194/2274 2348/2197/2277 2349/2198/2278
f 2350/2199/2279 2344/2193/2273 2351/2200/2280
f 2344/2193/2273 2350/2199/2279 2348/2197/2277
f 2350/2199/2279 2352/2201/2281 2348/2197/2277
f 2348/2197/2277 2352/2201/2281 2349/2198/2278
f 2350/2199/2279 2353/2202/2282 2352/2201/2281
f 2346/2195/2275 2349/2198/2278 2354/2203/2283
f 2346/2195/2275 2354/2203/2283 2347/2196/2276
f 2349/2198/2278 2352/2201/2281 2355/2204/2284
f 2354/2203/2283 2349/2198/2278 2355/2204/2284
f 2356/2205/2285 2352/2201/2281 2353/2202/2282
f 2352/2201/2281 2356/2205/2285 2355/2204/2284
f 2353/2202/2282 2357/2206/2286 2356/2205/2285
f 2358/2207/2287 2354/2203/2283 2355/2204/2284
f 2356/2205/2285 2358/2207/2287 2355/2204/2284
f 2357/2206/2286 2359/2208/2288 2356/2205/2285
f 2356/2205/2285 2359/2208/2288 2358/2207/2287
f 2357/2206/2286 2360/2209/2289 2359/2208/2288
f 2361/2210/2290 2359/2208/2288 2360/2209/2289
f 2359/2208/2288 2361/2210/2290 2362/2211/2291
f 2362/2211/2291 2358/2207/2287 2359/2208/2288
f 2363/2212/2292 2362/2211/2291 2361/2210/2290
f 2354/2203/2283 2358/2207/2287 2364/2213/2293
f 2364/2213/2293 2347/2196/2276 2354/2203/2283
f 2347/2196/2276 2364/2213/2293 2365/2214/2294
f 2364/2213/2293 2366/2215/2295 2365/2214/2294
f 2364/2213/2293 2367/2216/2296 2366/2215/2295
f 2368/2217/2297 2364/2213/2293 2358/2207/2287
f 2364/2213/2293 2368/2217/2297 2367/2216/2296
f 2358/2207/2287 2362/2211/2291 2368/2217/2297
f 2367/2216/2296 2369/2218/2298 2370/2215/2299
f 2371/2219/2300 2368/2217/2297 2362/2211/2291
f 2371/2219/2300 2367/2216/2296 2368/2217/2297
f 2362/2211/2291 2363/2212/2292 2372/2220/2301
f 2372/2220/2301 2371/2219/2300 2362/2211/2291
f 2373/2221/2302 2372/2220/2301 2363/2212/2292
f 2372/2220/2301 2373/2221/2302 2374/2222/2303
f 2374/2222/2303 2375/2223/2304 2372/2220/2301
f 2375/2223/2304 2371/2219/2300 2372/2220/2301
f 2374/2222/2303 2376/2224/2305 2375/2223/2304
f 2367/2216/2296 2371/2219/2300 2377/2225/2306
f 2371/2219/2300 2375/2223/2304 2377/2225/2306
f 2375/2223/2304 2376/2224/2305 2378/2226/2307
f 2378/2226/2307 2377/2225/2306 2375/2223/2304
f 2379/2227/2308 2378/2226/2307 2376/2224/2305
f 2377/2225/2306 2380/2228/2309 2367/2216/2296
f 2367/2216/2296 2380/2228/2309 2369/2218/2298
f 2381/2229/2310 2369/2218/2298 2380/2228/2309
f 2377/2225/2306 2378/2226/2307 2382/2230/2311
f 2380/2228/2309 2377/2225/2306 2382/2230/2311
f 2378/2226/2307 2379/2227/2308 2383/2231/2312
f 2383/2231/2312 2382/2230/2311 2378/2226/2307
f 2384/2232/2313 2383/2231/2312 2379/2227/2308
f 2385/2233/2314 2380/2228/2309 2382/2230/2311
f 2382/2230/2311 2383/2231/2312 2385/2233/2314
f 2380/2228/2309 2386/2234/2315 2381/2229/2310
f 2380/2228/2309 2385/2233/2314 2386/2234/2315
f 2387/2235/2316 2381/2229/2310 2386/2234/2315
f 2383/2231/2312 2384/2232/2313 2388/2236/2317
f 2388/2236/2317 2385/2233/2314 2383/2231/2312
f 2389/2237/2318 2388/2236/2317 2384/2232/2313
f 2386/2234/2315 2390/2238/2319 2387/2235/2316
f 2386/2234/2315 2385/2233/2314 2390/2238/2319
f 2387/2235/2316 2390/2238/2319 2391/2239/2320
f 2390/2238/2319 2392/2240/2321 2391/2239/2320
f 2390/2238/2319 2393/2241/2322 2392/2240/2321
f 2385/2233/2314 2388/2236/2317 2394/2242/2323
f 2390/2238/2319 2385/2233/2314 2394/2242/2323
f 2395/2243/2324 2394/2242/2323 2388/2236/2317
f 2388/2236/2317 2389/2237/2318 2395/2243/2324
f 2396/2244/2325 2390/2238/2319 2394/2242/2323
f 2394/2242/2323 2395/2243/2324 2396/2244/2325
f 2390/2238/2319 2396/2244/2325 2393/2241/2322
f 2389/2237/2318 2397/2245/2326 2395/2243/2324
f 2389/2237/2318 2398/2246/2327 2397/2245/2326
f 2397/2245/2326 2398/2246/2327 2399/2247/2328
f 2400/2248/2329 2395/2243/2324 2397/2245/2326
f 2400/2248/2329 2397/2245/2326 2399/2247/2328
f 2400/2248/2329 2396/2244/2325 2395/2243/2324
f 2399/2247/2328 2401/2249/2330 2400/2248/2329
f 2401/2249/2330 2396/2244/2325 2400/2248/2329
f 2401/2249/2330 2399/2247/2328 2402/2250/2331
f 2288/2137/2218 2401/2249/2330 2402/2250/2331
f 2401/2249/2330 2288/2137/2218 2287/2136/2217
f 2300/2149/2229 2401/2249/2330 2287/2136/2217
f 2396/2244/2325 2401/2249/2330 2300/2149/2229
f 2393/2241/2322 2396/2244/2325 2300/2149/2229
f 2299/2148/2228 2393/2241/2322 2300/2149/2229
f 2393/2241/2322 2299/2148/2228 2403/2251/2332
f 2403/2251/2332 2404/2240/2333 2393/2241/2322
f 2302/2151/2231 2403/2251/2332 2299/2148/2228
f 2404/2240/2333 2403/2251/2332 2405/2252/2334
f 2403/2251/2332 2302/2151/2231 2324/2173/2253
f 2403/2251/2332 2406/2181/2335 2405/2252/2334
f 2406/2181/2335 2403/2251/2332 2324/2173/2253
f 2407/2253/2336 2408/2118/2337 2409/2117/2338
f 2409/2117/2338 2410/2254/2339 2407/2253/2336
f 2410/2254/2339 2411/2255/2340 2407/2253/2336
f 2412/2121/2341 2410/2254/2339 2409/2117/2338
f 2413/2256/2342 2411/2255/2340 2414/2257/2343
f 2411/2255/2340 2410/2254/2339 2414/2257/2343
f 2410/2254/2339 2415/2258/2344 2414/2257/2343
f 2415/2258/2344 2410/2254/2339 2416/2259/2345
f 2410/2254/2339 2412/2121/2341 2416/2259/2345
f 2416/2259/2345 2417/2260/2346 2415/2258/2344
f 2417/2260/2346 2416/2259/2345 2418/2261/2347
f 2412/2121/2341 2418/2261/2347 2416/2259/2345
f 2418/2261/2347 2412/2121/2341 2419/2123/2204
f 2420/2262/2348 2421/2263/2349 2422/2264/2350
f 2421/2263/2349 2423/2265/2351 2422/2264/2350
f 2424/2266/2352 2423/2265/2351 2421/2263/2349
f 2423/2265/2351 2425/2267/2353 2422/2264/2350
f 2426/2268/2354 2423/2265/2351 2424/2266/2352
f 2425/2267/2353 2423/2265/2351 2427/2269/2355
f 2423/2265/2351 2426/2268/2354 2428/2270/2356
f 2428/2270/2356 2427/2269/2355 2423/2265/2351
f 2428/2270/2356 2426/2268/2354 2429/2271/2357
f 2427/2269/2355 2430/2272/2358 2425/2267/2353
f 2431/2273/2359 2428/2270/2356 2429/2271/2357
f 2431/2273/2359 2429/2271/2357 2432/2274/2360
f 2431/2273/2359 2432/2274/2360 2433/2275/2361
f 2434/2276/2362 2431/2273/2359 2433/2275/2361
f 2427/2269/2355 2428/2270/2356 2435/2277/2363
f 2431/2273/2359 2435/2277/2363 2428/2270/2356
f 2431/2273/2359 2434/2276/2362 2436/2278/2364
f 2437/2279/2365 2436/2278/2364 2434/2276/2362
f 2435/2277/2363 2431/2273/2359 2438/2280/2366
f 2436/2278/2364 2438/2280/2366 2431/2273/2359
f 2435/2277/2363 2439/2281/2367 2427/2269/2355
f 2430/2272/2358 2427/2269/2355 2439/2281/2367
f 2438/2280/2366 2440/2282/2368 2435/2277/2363
f 2439/2281/2367 2435/2277/2363 2440/2282/2368
f 2437/2279/2365 2441/2283/2369 2436/2278/2364
f 2441/2283/2369 2437/2279/2365 2442/2284/2370
f 2438/2280/2366 2436/2278/2364 2443/2285/2371
f 2441/2283/2369 2443/2285/2371 2436/2278/2364
f 2440/2282/2368 2438/2280/2366 2444/2286/2372
f 2443/2285/2371 2444/2286/2372 2438/2280/2366
f 2445/2287/2373 2441/2283/2369 2442/2284/2370
f 2445/2287/2373 2442/2284/2370 2446/2288/2374
f 2447/2289/2375 2445/2287/2373 2446/2288/2374
f 2443/2285/2371 2441/2283/2369 2448/2290/2376
f 2448/2290/2376 2441/2283/2369 2445/2287/2373
f 2449/1149/2377 2447/2289/2375 2450/1151/1196
f 2449/1149/2377 2445/2287/2373 2447/2289/2375
f 2449/1149/2377 2451/2291/2378 2445/2287/2373
f 2451/2291/2378 2448/2290/2376 2445/2287/2373
f 2451/2291/2378 2449/1149/2377 2452/1144/2379
f 2453/2292/2380 2452/1144/2379 2454/1146/2381
f 2452/1144/2379 2453/2292/2380 2451/2291/2378
f 2455/2293/2382 2451/2291/2378 2453/2292/2380
f 2455/2293/2382 2448/2290/2376 2451/2291/2378
f 2453/2292/2380 2456/2294/2383 2455/2293/2382
f 2448/2290/2376 2457/2295/2384 2443/2285/2371
f 2444/2286/2372 2443/2285/2371 2457/2295/2384
f 2448/2290/2376 2455/2293/2382 2458/2296/2385
f 2457/2295/2384 2448/2290/2376 2458/2296/2385
f 2456/2294/2383 2459/2297/2386 2455/2293/2382
f 2459/2297/2386 2458/2296/2385 2455/2293/2382
f 2456/2294/2383 2460/2298/2387 2459/2297/2386
f 2458/2296/2385 2461/2299/2388 2457/2295/2384
f 2460/2298/2387 2462/2300/2389 2459/2297/2386
f 2462/2300/2389 2460/2298/2387 2463/2301/2390
f 2464/2302/2391 2462/2300/2389 2463/2301/2390
f 2458/2296/2385 2459/2297/2386 2465/2303/2392
f 2465/2303/2392 2459/2297/2386 2462/2300/2389
f 2461/2299/2388 2458/2296/2385 2465/2303/2392
f 2462/2300/2389 2464/2302/2391 2466/2304/2393
f 2462/2300/2389 2466/2304/2393 2465/2303/2392
f 2467/2305/2394 2466/2304/2393 2464/2302/2391
f 2466/2304/2393 2467/2305/2394 2468/2306/2395
f 2468/2306/2395 2465/2303/2392 2466/2304/2393
f 2469/2307/2396 2468/2306/2395 2467/2305/2394
f 2468/2306/2395 2469/2307/2396 2470/2308/2397
f 2471/2309/2398 2470/2308/2397 2469/2307/2396
f 2465/2303/2392 2468/2306/2395 2472/2310/2399
f 2470/2308/2397 2472/2310/2399 2468/2306/2395
f 2470/2308/2397 2471/2309/2398 2473/2311/2400
f 2474/2312/2401 2473/2311/2400 2471/2309/2398
f 2472/2310/2399 2470/2308/2397 2475/2313/2402
f 2473/2311/2400 2475/2313/2402 2470/2308/2397
f 2473/2311/2400 2474/2312/2401 2476/2314/2403
f 2477/2315/2404 2476/2314/2403 2474/2312/2401
f 2476/2314/2403 2478/2316/2405 2473/2311/2400
f 2475/2313/2402 2473/2311/2400 2478/2316/2405
f 2477/2315/2404 2479/2317/2406 2476/2314/2403
f 2478/2316/2405 2476/2314/2403 2479/2317/2406
f 2479/2317/2406 2477/2315/2404 2480/2318/2407
f 2481/2319/2408 2479/2317/2406 2480/2318/2407
f 2480/2318/2407 2482/2320/2409 2481/2319/2408
f 2479/2317/2406 2483/2321/2410 2478/2316/2405
f 2483/2321/2410 2479/2317/2406 2481/2319/2408
f 2484/2322/2411 2481/2319/2408 2482/2320/2409
f 2482/2320/2409 2485/2323/2412 2484/2322/2411
f 2483/2321/2410 2481/2319/2408 2486/2324/2413
f 2481/2319/2408 2484/2322/2411 2486/2324/2413
f 2487/2325/2414 2478/2316/2405 2483/2321/2410
f 2487/2325/2414 2483/2321/2410 2486/2324/2413
f 2488/2326/2415 2484/2322/2411 2485/2323/2412
f 2485/2323/2412 2489/2327/2416 2488/2326/2415
f 2486/2324/2413 2484/2322/2411 2490/2328/2417
f 2484/2322/2411 2488/2326/2415 2490/2328/2417
f 2487/2325/2414 2486/2324/2413 2491/2329/2418
f 2486/2324/2413 2490/2328/2417 2491/2329/2418
f 2491/2329/2418 2492/2330/2419 2487/2325/2414
f 2492/2330/2419 2491/2329/2418 2493/2331/2420
f 2491/2329/2418 2494/2332/2421 2493/2331/2420
f 2491/2329/2418 2495/2333/2422 2494/2332/2421
f 2490/2328/2417 2495/2333/2422 2491/2329/2418
f 2478/2316/2405 2487/2325/2414 2496/2334/2423
f 2496/2334/2423 2487/2325/2414 2497/2330/2424
f 2496/2334/2423 2475/2313/2402 2478/2316/2405
f 2496/2334/2423 2497/2330/2424 2498/2335/2425
f 2499/2336/2426 2496/2334/2423 2498/2335/2425
f 2475/2313/2402 2496/2334/2423 2499/2336/2426
f 2499/2336/2426 2498/2335/2425 2500/2337/2427
f 2501/2338/2428 2475/2313/2402 2499/2336/2426
f 2501/2338/2428 2499/2336/2426 2500/2337/2427
f 2475/2313/2402 2501/2338/2428 2472/2310/2399
f 2501/2338/2428 2500/2337/2427 2502/2339/2429
f 2503/2340/2430 2472/2310/2399 2501/2338/2428
f 2502/2339/2429 2503/2340/2430 2501/2338/2428
f 2465/2303/2392 2472/2310/2399 2503/2340/2430
f 2503/2340/2430 2502/2339/2429 2504/2341/2431
f 2505/2342/2432 2503/2340/2430 2504/2341/2431
f 2503/2340/2430 2461/2299/2388 2465/2303/2392
f 2503/2340/2430 2505/2342/2432 2461/2299/2388
f 2506/2343/2433 2461/2299/2388 2507/2342/2434
f 2461/2299/2388 2506/2343/2433 2508/2344/2435
f 2508/2344/2435 2457/2295/2384 2461/2299/2388
f 2509/2345/2436 2508/2344/2435 2506/2343/2433
f 2457/2295/2384 2508/2344/2435 2444/2286/2372
f 2508/2344/2435 2509/2345/2436 2510/2346/2437
f 2510/2346/2437 2444/2286/2372 2508/2344/2435
f 2444/2286/2372 2510/2346/2437 2440/2282/2368
f 2510/2346/2437 2439/2281/2367 2440/2282/2368
f 2510/2346/2437 2511/2347/2438 2439/2281/2367
f 2512/2345/2439 2511/2347/2438 2510/2346/2437
f 2511/2347/2438 2512/2345/2439 2513/2348/2440
f 2514/2349/2441 2511/2347/2438 2513/2348/2440
f 2439/2281/2367 2511/2347/2438 2515/2350/2442
f 2439/2281/2367 2515/2350/2442 2430/2272/2358
f 2430/2272/2358 2515/2350/2442 2516/2351/2443
f 2511/2347/2438 2514/2349/2441 2517/2352/2444
f 2518/2353/2445 2517/2352/2444 2514/2349/2441
f 2519/2354/2446 2511/2347/2438 2517/2352/2444
f 2511/2347/2438 2519/2354/2446 2515/2350/2442
f 2517/2352/2444 2518/2353/2445 2520/2355/2447
f 2519/2354/2446 2517/2352/2444 2520/2355/2447
f 2521/2356/2448 2520/2355/2447 2518/2353/2445
f 2522/2357/2449 2516/2351/2443 2515/2350/2442
f 2522/2357/2449 2523/2358/2450 2516/2351/2443
f 2523/2358/2450 2522/2357/2449 2524/2359/2451
f 2515/2350/2442 2525/2360/2452 2522/2357/2449
f 2525/2360/2452 2524/2359/2451 2522/2357/2449
f 2525/2360/2452 2515/2350/2442 2519/2354/2446
f 2524/2359/2451 2525/2360/2452 2526/2361/2453
f 2527/2362/2454 2526/2361/2453 2525/2360/2452
f 2519/2354/2446 2527/2362/2454 2525/2360/2452
f 2526/2361/2453 2527/2362/2454 2528/2363/2455
f 2529/2364/2456 2519/2354/2446 2520/2355/2447
f 2527/2362/2454 2519/2354/2446 2529/2364/2456
f 2520/2355/2447 2521/2356/2448 2530/2365/2457
f 2529/2364/2456 2520/2355/2447 2530/2365/2457
f 2531/2332/2458 2530/2365/2457 2521/2356/2448
f 2530/2365/2457 2531/2332/2458 2495/2333/2422
f 2530/2365/2457 2532/2366/2368 2529/2364/2456
f 2532/2366/2368 2527/2362/2454 2529/2364/2456
f 2495/2333/2422 2532/2366/2368 2530/2365/2457
f 2533/2367/2459 2528/2363/2455 2527/2362/2454
f 2527/2362/2454 2532/2366/2368 2533/2367/2459
f 2528/2363/2455 2533/2367/2459 2534/2368/2460
f 2533/2367/2459 2535/2369/2461 2534/2368/2460
f 2532/2366/2368 2495/2333/2422 2536/2370/2462
f 2536/2370/2462 2533/2367/2459 2532/2366/2368
f 2535/2369/2461 2533/2367/2459 2537/2371/2463
f 2533/2367/2459 2536/2370/2462 2537/2371/2463
f 2537/2371/2463 2538/2372/2464 2535/2369/2461
f 2538/2372/2464 2537/2371/2463 2539/2373/2465
f 2495/2333/2422 2540/2374/2466 2536/2370/2462
f 2495/2333/2422 2490/2328/2417 2540/2374/2466
f 2490/2328/2417 2488/2326/2415 2540/2374/2466
f 2541/2375/2467 2537/2371/2463 2536/2370/2462
f 2541/2375/2467 2536/2370/2462 2540/2374/2466
f 2541/2375/2467 2539/2373/2465 2537/2371/2463
f 2488/2326/2415 2541/2375/2467 2540/2374/2466
f 2539/2373/2465 2541/2375/2467 2542/2376/2468
f 2541/2375/2467 2488/2326/2415 2489/2327/2416
f 2489/2327/2416 2542/2376/2468 2541/2375/2467
f 2543/2377/2469 2544/2378/2470 2545/2379/2471
f 2545/2379/2471 2546/2380/2472 2543/2377/2469
f 2547/2381/2473 2546/2380/2472 2545/2379/2471
f 2546/2380/2472 2548/2382/2474 2543/2377/2469
f 2546/2380/2472 2547/2381/2473 2549/2383/2475
f 2548/2382/2474 2550/2384/2476 2551/2385/2477
f 2546/2380/2472 2549/2383/2475 2552/2386/2478
f 2553/2387/2479 2552/2386/2478 2549/2383/2475
f 2554/2388/2480 2552/2386/2478 2553/2387/2479
f 2555/2264/2481 2554/2388/2480 2556/2262/2482
f 2555/2264/2481 2552/2386/2478 2554/2388/2480
f 2557/2267/2483 2552/2386/2478 2555/2264/2481
f 2546/2380/2472 2552/2386/2478 2558/2389/2484
f 2552/2386/2478 2557/2267/2483 2558/2389/2484
f 2548/2382/2474 2546/2380/2472 2559/2390/2485
f 2559/2390/2485 2546/2380/2472 2558/2389/2484
f 2548/2382/2474 2559/2390/2485 2550/2384/2476
f 2557/2267/2483 2560/2391/2486 2558/2389/2484
f 2560/2391/2486 2559/2390/2485 2558/2389/2484
f 2560/2391/2486 2557/2267/2483 2561/2272/2487
f 2562/2392/2488 2550/2384/2476 2559/2390/2485
f 2559/2390/2485 2560/2391/2486 2562/2392/2488
f 2550/2384/2476 2562/2392/2488 2563/2393/2489
f 2561/2272/2487 2564/2351/2443 2560/2391/2486
f 2565/2394/2490 2563/2393/2489 2562/2392/2488
f 2560/2391/2486 2565/2394/2490 2562/2392/2488
f 2563/2393/2489 2565/2394/2490 2566/2395/2491
f 2567/2396/2492 2566/2395/2491 2565/2394/2490
f 2564/2351/2443 2568/2397/2493 2560/2391/2486
f 2565/2394/2490 2560/2391/2486 2568/2397/2493
f 2565/2394/2490 2568/2397/2493 2567/2396/2492
f 2568/2397/2493 2564/2351/2443 2569/2358/2494
f 2568/2397/2493 2569/2358/2494 2567/2396/2492
f 2570/2398/2495 2571/2399/2496 2572/2400/2497
f 2571/2399/2496 2570/2398/2495 2573/2401/2498
f 2573/2401/2498 2574/2402/2499 2571/2399/2496
f 2573/2401/2498 2570/2398/2495 2575/2403/2500
f 2574/2402/2499 2573/2401/2498 2576/2404/2501
f 2577/2405/2502 2574/2402/2499 2576/2404/2501
f 2575/2403/2500 2578/2406/2503 2573/2401/2498
f 2578/2406/2503 2575/2403/2500 2579/2407/2504
f 2580/2408/2505 2578/2406/2503 2579/2407/2504
f 2581/2409/2506 2576/2404/2501 2573/2401/2498
f 2581/2409/2506 2573/2401/2498 2578/2406/2503
f 2582/2410/2507 2578/2406/2503 2580/2408/2505
f 2580/2408/2505 2583/2411/2508 2582/2410/2507
f 2584/2412/2509 2582/2410/2507 2583/2411/2508
f 2582/2410/2507 2584/2412/2509 2585/2413/2510
f 2586/2414/2511 2578/2406/2503 2582/2410/2507
f 2586/2414/2511 2582/2410/2507 2585/2413/2510
f 2586/2414/2511 2581/2409/2506 2578/2406/2503
f 2586/2414/2511 2585/2413/2510 2587/2415/2512
f 2588/2416/2513 2581/2409/2506 2586/2414/2511
f 2588/2416/2513 2586/2414/2511 2587/2415/2512
f 2589/2417/2514 2587/2415/2512 2590/2418/2515
f 2587/2415/2512 2589/2417/2514 2588/2416/2513
f 2588/2416/2513 2591/2419/2516 2581/2409/2506
f 2591/2419/2516 2588/2416/2513 2589/2417/2514
f 2576/2404/2501 2581/2409/2506 2591/2419/2516
f 2589/2417/2514 2592/2420/2517 2591/2419/2516
f 2591/2419/2516 2593/2421/2518 2576/2404/2501
f 2593/2421/2518 2577/2405/2502 2576/2404/2501
f 2592/2420/2517 2594/2422/2519 2591/2419/2516
f 2594/2422/2519 2593/2421/2518 2591/2419/2516
f 2592/2420/2517 2595/2423/2520 2594/2422/2519
f 2596/2424/2521 2577/2405/2502 2593/2421/2518
f 2593/2421/2518 2594/2422/2519 2596/2424/2521
f 2577/2405/2502 2596/2424/2521 2597/2425/2522
f 2598/2426/2523 2594/2422/2519 2595/2423/2520
f 2596/2424/2521 2594/2422/2519 2598/2426/2523
f 2595/2423/2520 2599/2427/2524 2598/2426/2523
f 2600/2428/2525 2598/2426/2523 2599/2427/2524
f 2601/2429/2526 2597/2425/2522 2596/2424/2521
f 2601/2429/2526 2596/2424/2521 2598/2426/2523
f 2598/2426/2523 2600/2428/2525 2601/2429/2526
f 2601/2429/2526 2602/2430/2527 2597/2425/2522
f 2602/2430/2527 2601/2429/2526 2600/2428/2525
f 2600/2428/2525 2603/2431/2528 2602/2430/2527
f 2604/2432/2529 2605/1621/2530 2606/1620/2531
f 2605/1621/2530 2604/2432/2529 2607/2433/2532
f 2607/2433/2532 2608/1624/2533 2605/1621/2530
f 2609/2434/2534 2607/2433/2532 2604/2432/2529
f 2608/1624/2533 2607/2433/2532 2610/2435/2535
f 2609/2434/2534 2610/2435/2535 2607/2433/2532
f 2610/2435/2535 2611/1626/2536 2608/1624/2533
f 2610/2435/2535 2609/2434/2534 2612/2436/2537
f 2611/1626/2536 2610/2435/2535 2613/2437/2538
f 2612/2436/2537 2613/2437/2538 2610/2435/2535
f 2611/1626/2536 2613/2437/2538 2614/1628/2539
f 2613/2437/2538 2612/2436/2537 2615/2438/2540
f 2614/1628/2539 2613/2437/2538 2616/2439/2541
f 2615/2438/2540 2616/2439/2541 2613/2437/2538
f 2617/2440/2542 2618/2441/2543 2619/2442/2544
f 2619/2442/2544 2620/2443/2545 2617/2440/2542
f 2621/2444/2546 2620/2443/2545 2619/2442/2544
f 2620/2443/2545 2622/2445/2547 2617/2440/2542
f 2621/2444/2546 2623/2446/2548 2620/2443/2545
f 2624/2447/2549 2623/2446/2548 2621/2444/2546
f 2620/2443/2545 2625/2448/2550 2622/2445/2547
f 2623/2446/2548 2625/2448/2550 2620/2443/2545
f 2625/2448/2550 2626/2449/2551 2622/2445/2547
f 2623/2446/2548 2624/2447/2549 2627/2450/2552
f 2627/2450/2552 2624/2447/2549 2628/2451/2553
f 2626/2449/2551 2625/2448/2550 2629/2452/2554
f 2629/2452/2554 2630/2453/2555 2626/2449/2551
f 2625/2448/2550 2623/2446/2548 2631/2454/2556
f 2631/2454/2556 2629/2452/2554 2625/2448/2550
f 2632/2455/2557 2623/2446/2548 2627/2450/2552
f 2623/2446/2548 2632/2455/2557 2631/2454/2556
f 2630/2453/2555 2629/2452/2554 2633/2456/2558
f 2633/2456/2558 2634/2457/2559 2630/2453/2555
f 2629/2452/2554 2631/2454/2556 2635/2458/2560
f 2635/2458/2560 2633/2456/2558 2629/2452/2554
f 2634/2457/2559 2633/2456/2558 2636/2459/2561
f 2636/2459/2561 2637/2460/2562 2634/2457/2559
f 2633/2456/2558 2635/2458/2560 2638/2461/2563
f 2638/2461/2563 2636/2459/2561 2633/2456/2558
f 2631/2454/2556 2639/2462/2564 2635/2458/2560
f 2639/2462/2564 2631/2454/2556 2632/2455/2557
f 2635/2458/2560 2640/2463/2565 2638/2461/2563
f 2640/2463/2565 2635/2458/2560 2639/2462/2564
f 2637/2460/2562 2636/2459/2561 2641/2464/2566
f 2641/2464/2566 2642/2465/2567 2637/2460/2562
f 2636/2459/2561 2638/2461/2563 2643/2466/2568
f 2643/2466/2568 2641/2464/2566 2636/2459/2561
f 2644/2467/2569 2638/2461/2563 2640/2463/2565
f 2638/2461/2563 2644/2467/2569 2643/2466/2568
f 2642/2465/2567 2641/2464/2566 2645/2468/2570
f 2641/2464/2566 2643/2466/2568 2646/2469/2571
f 2645/2468/2570 2641/2464/2566 2646/2469/2571
f 2647/2470/2572 2642/2465/2567 2645/2468/2570
f 2642/2465/2567 2647/2470/2572 2648/2471/2573
f 2645/2468/2570 2646/2469/2571 2649/2472/2574
f 2647/2470/2572 2645/2468/2570 2649/2472/2574
f 2643/2466/2568 2650/2473/2575 2646/2469/2571
f 2650/2473/2575 2643/2466/2568 2644/2467/2569
f 2651/2474/2576 2648/2471/2573 2647/2470/2572
f 2648/2471/2573 2651/2474/2576 2652/2475/2577
f 2652/2475/2577 2653/2476/2578 2654/2477/2579
f 2653/2476/2578 2652/2475/2577 2651/2474/2576
f 2651/2474/2576 2655/2478/2580 2653/2476/2578
f 2651/2474/2576 2647/2470/2572 2656/2479/2581
f 2647/2470/2572 2649/2472/2574 2656/2479/2581
f 2655/2478/2580 2651/2474/2576 2657/2480/2582
f 2656/2479/2581 2657/2480/2582 2651/2474/2576
f 2655/2478/2580 2657/2480/2582 2658/2481/2583
f 2658/2481/2583 2659/2482/2584 2655/2478/2580
f 2657/2480/2582 2656/2479/2581 2660/2483/2585
f 2660/2483/2585 2658/2481/2583 2657/2480/2582
f 2649/2472/2574 2660/2483/2585 2656/2479/2581
f 2658/2481/2583 2661/2484/2586 2659/2482/2584
f 2660/2483/2585 2649/2472/2574 2662/2485/2587
f 2646/2469/2571 2662/2485/2587 2649/2472/2574
f 2662/2485/2587 2646/2469/2571 2650/2473/2575
f 2660/2483/2585 2663/2486/2588 2658/2481/2583
f 2661/2484/2586 2658/2481/2583 2663/2486/2588
f 2662/2485/2587 2664/2487/2589 2660/2483/2585
f 2663/2486/2588 2660/2483/2585 2664/2487/2589
f 2665/2488/2590 2661/2484/2586 2663/2486/2588
f 2665/2488/2590 2666/2489/2591 2661/2484/2586
f 2666/2489/2591 2665/2488/2590 2667/2490/2592
f 2665/2488/2590 2668/2491/2593 2667/2490/2592
f 2669/2492/2594 2665/2488/2590 2663/2486/2588
f 2665/2488/2590 2669/2492/2594 2668/2491/2593
f 2669/2492/2594 2663/2486/2588 2664/2487/2589
f 2669/2492/2594 2670/2493/2595 2668/2491/2593
f 2669/2492/2594 2671/2494/2596 2670/2493/2595
f 2671/2494/2596 2669/2492/2594 2672/2495/2597
f 2669/2492/2594 2664/2487/2589 2672/2495/2597
f 2672/2495/2597 2673/2496/2598 2671/2494/2596
f 2672/2495/2597 2664/2487/2589 2674/2497/2599
f 2664/2487/2589 2662/2485/2587 2674/2497/2599
f 2673/2496/2598 2672/2495/2597 2675/2498/2600
f 2674/2497/2599 2675/2498/2600 2672/2495/2597
f 2675/2498/2600 2676/2499/2601 2673/2496/2598
f 2677/2500/2602 2674/2497/2599 2662/2485/2587
f 2675/2498/2600 2674/2497/2599 2677/2500/2602
f 2662/2485/2587 2650/2473/2575 2677/2500/2602
f 2676/2499/2601 2675/2498/2600 2678/2501/2603
f 2677/2500/2602 2678/2501/2603 2675/2498/2600
f 2678/2501/2603 2679/2502/2604 2676/2499/2601
f 2680/2503/2605 2677/2500/2602 2650/2473/2575
f 2678/2501/2603 2677/2500/2602 2680/2503/2605
f 2650/2473/2575 2644/2467/2569 2680/2503/2605
f 2679/2502/2604 2678/2501/2603 2681/2504/2606
f 2680/2503/2605 2681/2504/2606 2678/2501/2603
f 2681/2504/2606 2682/2505/2607 2679/2502/2604
f 2683/2506/2608 2680/2503/2605 2644/2467/2569
f 2681/2504/2606 2680/2503/2605 2683/2506/2608
f 2644/2467/2569 2640/2463/2565 2683/2506/2608
f 2682/2505/2607 2681/2504/2606 2684/2507/2609
f 2683/2506/2608 2684/2507/2609 2681/2504/2606
f 2684/2507/2609 2685/2508/2610 2682/2505/2607
f 2686/2509/2611 2683/2506/2608 2640/2463/2565
f 2683/2506/2608 2686/2509/2611 2684/2507/2609
f 2686/2509/2611 2640/2463/2565 2639/2462/2564
f 2687/2510/2612 2686/2509/2611 2639/2462/2564
f 2687/2510/2612 2684/2507/2609 2686/2509/2611
f 2639/2462/2564 2632/2455/2557 2687/2510/2612
f 2685/2508/2610 2684/2507/2609 2688/2511/2613
f 2684/2507/2609 2687/2510/2612 2688/2511/2613
f 2689/2512/2614 2687/2510/2612 2632/2455/2557
f 2689/2512/2614 2688/2511/2613 2687/2510/2612
f 2632/2455/2557 2627/2450/2552 2689/2512/2614
f 2628/2451/2553 2689/2512/2614 2627/2450/2552
f 2688/2511/2613 2690/2513/2615 2685/2508/2610
f 2688/2511/2613 2689/2512/2614 2690/2513/2615
f 2628/2451/2553 2690/2513/2615 2689/2512/2614
f 2690/2513/2615 2691/2514/2616 2685/2508/2610
f 2690/2513/2615 2628/2451/2553 2692/2515/2617
f 2690/2513/2615 2692/2515/2617 2691/2514/2616
f 2692/2515/2617 2693/2516/2618 2691/2514/2616
f 2694/2517/2619 2695/2518/2620 2696/2519/2621
f 2696/2519/2621 2697/2520/2622 2694/2517/2619
f 2698/2521/2623 2694/2517/2619 2697/2520/2622
f 2697/2520/2622 2696/2519/2621 2699/2522/2624
f 2697/2520/2622 2700/2523/2625 2698/2521/2623
f 2701/2524/2626 2698/2521/2623 2700/2523/2625
f 2699/2522/2624 2702/2525/2627 2697/2520/2622
f 2700/2523/2625 2703/2526/2628 2701/2524/2626
f 2704/2527/2629 2701/2524/2626 2703/2526/2628
f 2697/2520/2622 2705/2528/2630 2700/2523/2625
f 2705/2528/2630 2697/2520/2622 2702/2525/2627
f 2700/2523/2625 2706/2529/2631 2703/2526/2628
f 2706/2529/2631 2700/2523/2625 2705/2528/2630
f 2703/2526/2628 2707/2530/2632 2704/2527/2629
f 2707/2530/2632 2708/2531/2633 2704/2527/2629
f 2709/2532/2634 2703/2526/2628 2706/2529/2631
f 2703/2526/2628 2709/2532/2634 2707/2530/2632
f 2707/2530/2632 2710/2533/2635 2708/2531/2633
f 2710/2533/2635 2711/2534/2636 2708/2531/2633
f 2712/2535/2637 2707/2530/2632 2709/2532/2634
f 2707/2530/2632 2712/2535/2637 2710/2533/2635
f 2710/2533/2635 2713/2536/2638 2711/2534/2636
f 2713/2536/2638 2714/2537/2639 2711/2534/2636
f 2715/2538/2640 2710/2533/2635 2712/2535/2637
f 2710/2533/2635 2715/2538/2640 2713/2536/2638
f 2714/2537/2639 2713/2536/2638 2716/2539/2641
f 2716/2539/2641 2717/2540/2642 2714/2537/2639
f 2718/2541/2643 2713/2536/2638 2715/2538/2640
f 2713/2536/2638 2718/2541/2643 2716/2539/2641
f 2717/2540/2642 2716/2539/2641 2719/2542/2644
f 2719/2542/2644 2720/2543/2645 2717/2540/2642
f 2721/2544/2646 2716/2539/2641 2718/2541/2643
f 2716/2539/2641 2721/2544/2646 2719/2542/2644
f 2715/2538/2640 2722/2545/2647 2718/2541/2643
f 2720/2543/2645 2719/2542/2644 2723/2546/2648
f 2722/2545/2647 2715/2538/2640 2724/2547/2649
f 2712/2535/2637 2724/2547/2649 2715/2538/2640
f 2725/2548/2650 2718/2541/2643 2722/2545/2647
f 2718/2541/2643 2725/2548/2650 2721/2544/2646
f 2726/2549/2651 2722/2545/2647 2724/2547/2649
f 2722/2545/2647 2726/2549/2651 2727/2550/2652
f 2727/2550/2652 2725/2548/2650 2722/2545/2647
f 2724/2547/2649 2728/2551/2653 2726/2549/2651
f 2725/2548/2650 2727/2550/2652 2729/2552/2654
f 2728/2551/2653 2724/2547/2649 2730/2553/2655
f 2724/2547/2649 2712/2535/2637 2730/2553/2655
f 2709/2532/2634 2730/2553/2655 2712/2535/2637
f 2730/2553/2655 2731/2554/2656 2728/2551/2653
f 2730/2553/2655 2709/2532/2634 2732/2555/2657
f 2731/2554/2656 2730/2553/2655 2732/2555/2657
f 2706/2529/2631 2732/2555/2657 2709/2532/2634
f 2733/2556/1271 2731/2554/2656 2732/2555/2657
f 2732/2555/2657 2706/2529/2631 2733/2556/1271
f 2731/2554/2656 2733/2556/1271 2734/2557/2658
f 2705/2528/2630 2733/2556/1271 2706/2529/2631
f 2735/2558/2659 2734/2557/2658 2733/2556/1271
f 2733/2556/1271 2705/2528/2630 2735/2558/2659
f 2734/2557/2658 2735/2558/2659 2736/2559/2660
f 2702/2525/2627 2735/2558/2659 2705/2528/2630
f 2737/2560/2661 2736/2559/2660 2735/2558/2659
f 2735/2558/2659 2702/2525/2627 2737/2560/2661
f 2699/2522/2624 2737/2560/2661 2702/2525/2627
f 2736/2559/2660 2737/2560/2661 2738/2561/2662
f 2737/2560/2661 2699/2522/2624 2739/2562/2663
f 2739/2562/2663 2738/2561/2662 2737/2560/2661
f 2738/2561/2662 2739/2562/2663 2740/2563/2664
f 2729/2552/2654 2741/2564/2665 2725/2548/2650
f 2741/2564/2665 2721/2544/2646 2725/2548/2650
f 2729/2552/2654 2742/2565/2666 2741/2564/2665
f 2721/2544/2646 2741/2564/2665 2743/2566/2667
f 2743/2566/2667 2719/2542/2644 2721/2544/2646
f 2719/2542/2644 2743/2566/2667 2723/2546/2648
f 2742/2565/2666 2744/2567/2668 2741/2564/2665
f 2744/2567/2668 2743/2566/2667 2741/2564/2665
f 2742/2565/2666 2745/2568/2669 2744/2567/2668
f 2746/2569/2670 2744/2567/2668 2745/2568/2669
f 2747/2570/2671 2723/2546/2648 2743/2566/2667
f 2743/2566/2667 2744/2567/2668 2747/2570/2671
f 2744/2567/2668 2746/2569/2670 2748/2571/2672
f 2748/2571/2672 2747/2570/2671 2744/2567/2668
f 2749/2572/2673 2748/2571/2672 2746/2569/2670
f 2723/2546/2648 2747/2570/2671 2750/2573/2674
f 2750/2573/2674 2720/2543/2645 2723/2546/2648
f 2720/2543/2645 2750/2573/2674 2751/2574/2675
f 2747/2570/2671 2748/2571/2672 2752/2575/2676
f 2752/2575/2676 2750/2573/2674 2747/2570/2671
f 2748/2571/2672 2749/2572/2673 2753/2576/2677
f 2753/2576/2677 2752/2575/2676 2748/2571/2672
f 2754/2577/2678 2753/2576/2677 2749/2572/2673
f 2755/2578/2679 2751/2574/2675 2750/2573/2674
f 2750/2573/2674 2752/2575/2676 2755/2578/2679
f 2751/2574/2675 2755/2578/2679 2756/2579/2675
f 2757/2580/2680 2755/2578/2679 2752/2575/2676
f 2752/2575/2676 2753/2576/2677 2757/2580/2680
f 2758/2581/2681 2756/2579/2675 2755/2578/2679
f 2755/2578/2679 2757/2580/2680 2758/2581/2681
f 2756/2579/2675 2758/2581/2681 2759/2582/2682
f 2753/2576/2677 2760/2583/2683 2757/2580/2680
f 2760/2583/2683 2758/2581/2681 2757/2580/2680
f 2753/2576/2677 2754/2577/2678 2761/2584/2684
f 2753/2576/2677 2761/2584/2684 2760/2583/2683
f 2762/2585/2685 2761/2584/2684 2754/2577/2678
f 2763/2586/2686 2759/2582/2682 2758/2581/2681
f 2758/2581/2681 2760/2583/2683 2763/2586/2686
f 2759/2582/2682 2763/2586/2686 2764/2587/2687
f 2761/2584/2684 2765/2588/2688 2760/2583/2683
f 2765/2588/2688 2763/2586/2686 2760/2583/2683
f 2761/2584/2684 2762/2585/2685 2766/2589/2689
f 2761/2584/2684 2766/2589/2689 2765/2588/2688
f 2767/2590/2690 2766/2589/2689 2762/2585/2685
f 2768/2591/2691 2764/2587/2687 2763/2586/2686
f 2763/2586/2686 2765/2588/2688 2768/2591/2691
f 2764/2587/2687 2768/2591/2691 2769/2592/2692
f 2770/2593/2693 2765/2588/2688 2766/2589/2689
f 2770/2593/2693 2768/2591/2691 2765/2588/2688
f 2766/2589/2689 2767/2590/2690 2771/2594/2694
f 2766/2589/2689 2771/2594/2694 2770/2593/2693
f 2772/2595/2695 2771/2594/2694 2767/2590/2690
f 2773/2596/2696 2769/2592/2692 2768/2591/2691
f 2768/2591/2691 2770/2593/2693 2773/2596/2696
f 2769/2592/2692 2773/2596/2696 2774/2597/2697
f 2775/2598/2698 2770/2593/2693 2771/2594/2694
f 2775/2598/2698 2773/2596/2696 2770/2593/2693
f 2771/2594/2694 2772/2595/2695 2776/2599/2699
f 2771/2594/2694 2776/2599/2699 2775/2598/2698
f 2777/2600/2700 2776/2599/2699 2772/2595/2695
f 2778/2601/2701 2774/2597/2697 2773/2596/2696
f 2773/2596/2696 2775/2598/2698 2778/2601/2701
f 2774/2597/2697 2778/2601/2701 2779/2602/2702
f 2776/2599/2699 2777/2600/2700 2780/2603/2703
f 2781/2604/2704 2780/2603/2703 2777/2600/2700
f 2776/2599/2699 2782/2605/2705 2775/2598/2698
f 2776/2599/2699 2780/2603/2703 2782/2605/2705
f 2782/2605/2705 2778/2601/2701 2775/2598/2698
f 2780/2603/2703 2781/2604/2704 2783/2606/2706
f 2783/2606/2706 2782/2605/2705 2780/2603/2703
f 2784/2607/2707 2783/2606/2706 2781/2604/2704
f 2778/2601/2701 2782/2605/2705 2785/2608/2708
f 2785/2608/2708 2779/2602/2702 2778/2601/2701
f 2779/2602/2702 2785/2608/2708 2786/2609/2709
f 2783/2606/2706 2784/2607/2707 2787/2610/2710
f 2788/2611/2711 2787/2610/2710 2784/2607/2707
f 2782/2605/2705 2783/2606/2706 2789/2612/2712
f 2789/2612/2712 2785/2608/2708 2782/2605/2705
f 2787/2610/2710 2789/2612/2712 2783/2606/2706
f 2790/2613/2713 2786/2609/2709 2785/2608/2708
f 2785/2608/2708 2789/2612/2712 2790/2613/2713
f 2786/2609/2709 2790/2613/2713 2791/2614/2714
f 2792/2615/2715 2791/2614/2714 2790/2613/2713
f 2789/2612/2712 2792/2615/2715 2790/2613/2713
f 2791/2614/2714 2792/2615/2715 2793/2616/2716
f 2792/2615/2715 2794/2616/2717 2793/2616/2716
f 2789/2612/2712 2787/2610/2710 2795/2617/2718
f 2789/2612/2712 2795/2617/2718 2792/2615/2715
f 2796/2618/2719 2794/2616/2717 2792/2615/2715
f 2795/2617/2718 2796/2618/2719 2792/2615/2715
f 2794/2616/2717 2796/2618/2719 2797/2619/2720
f 2798/2620/2721 2795/2617/2718 2787/2610/2710
f 2787/2610/2710 2788/2611/2711 2798/2620/2721
f 2795/2617/2718 2799/2621/2722 2796/2618/2719
f 2795/2617/2718 2798/2620/2721 2799/2621/2722
f 2800/2622/2723 2797/2619/2720 2796/2618/2719
f 2799/2621/2722 2800/2622/2723 2796/2618/2719
f 2797/2619/2720 2800/2622/2723 2801/2623/2724
f 2800/2622/2723 2802/2624/2725 2801/2623/2724
f 2788/2611/2711 2803/2625/2726 2798/2620/2721
f 2803/2625/2726 2799/2621/2722 2798/2620/2721
f 2803/2625/2726 2788/2611/2711 2804/2626/2727
f 2799/2621/2722 2805/2627/2728 2800/2622/2723
f 2799/2621/2722 2803/2625/2726 2805/2627/2728
f 2802/2624/2725 2800/2622/2723 2806/2628/2729
f 2805/2627/2728 2806/2628/2729 2800/2622/2723
f 2806/2628/2729 2807/2629/2730 2802/2624/2725
f 2804/2626/2727 2808/2630/2731 2803/2625/2726
f 2808/2630/2731 2805/2627/2728 2803/2625/2726
f 2808/2630/2731 2804/2626/2727 2809/2631/2732
f 2810/2632/2733 2808/2630/2731 2809/2631/2732
f 2806/2628/2729 2805/2627/2728 2811/2633/2734
f 2805/2627/2728 2808/2630/2731 2811/2633/2734
f 2808/2630/2731 2810/2632/2733 2812/2634/2735
f 2812/2634/2735 2811/2633/2734 2808/2630/2731
f 2812/2634/2735 2810/2632/2733 2813/2635/2736
f 2811/2633/2734 2814/2636/2737 2806/2628/2729
f 2807/2629/2730 2806/2628/2729 2814/2636/2737
f 2811/2633/2734 2812/2634/2735 2815/2637/2738
f 2814/2636/2737 2811/2633/2734 2815/2637/2738
f 2816/2638/2739 2807/2629/2730 2814/2636/2737
f 2815/2637/2738 2816/2638/2739 2814/2636/2737
f 2807/2629/2730 2816/2638/2739 2817/2639/2740
f 2812/2634/2735 2818/2640/2741 2815/2637/2738
f 2816/2638/2739 2815/2637/2738 2818/2640/2741
f 2813/2635/2736 2819/2641/2742 2812/2634/2735
f 2812/2634/2735 2819/2641/2742 2818/2640/2741
f 2819/2641/2742 2813/2635/2736 2820/2642/2743
f 2816/2638/2739 2821/2643/2744 2817/2639/2740
f 2818/2640/2741 2821/2643/2744 2816/2638/2739
f 2822/2644/2745 2817/2639/2740 2821/2643/2744
f 2819/2641/2742 2823/2645/2746 2818/2640/2741
f 2821/2643/2744 2818/2640/2741 2823/2645/2746
f 2820/2642/2743 2824/2646/2747 2819/2641/2742
f 2819/2641/2742 2824/2646/2747 2823/2645/2746
f 2824/2646/2747 2820/2642/2743 2825/2647/2748
f 2826/2648/2749 2821/2643/2744 2823/2645/2746
f 2824/2646/2747 2826/2648/2749 2823/2645/2746
f 2821/2643/2744 2827/2649/2750 2822/2644/2745
f 2821/2643/2744 2826/2648/2749 2827/2649/2750
f 2828/2650/2751 2822/2644/2745 2827/2649/2750
f 2825/2647/2748 2829/2651/209 2824/2646/2747
f 2824/2646/2747 2829/2651/209 2826/2648/2749
f 2829/2651/209 2825/2647/2748 2830/2652/2752
f 2831/2653/2753 2827/2649/2750 2826/2648/2749
f 2829/2651/209 2831/2653/2753 2826/2648/2749
f 2827/2649/2750 2832/2654/2754 2828/2650/2751
f 2827/2649/2750 2831/2653/2753 2832/2654/2754
f 2833/2655/2755 2828/2650/2751 2832/2654/2754
f 2830/2652/2752 2834/2656/2756 2829/2651/209
f 2829/2651/209 2834/2656/2756 2831/2653/2753
f 2830/2652/2752 2835/2657/2757 2834/2656/2756
f 2836/2658/2758 2832/2654/2754 2831/2653/2753
f 2834/2656/2756 2836/2658/2758 2831/2653/2753
f 2832/2654/2754 2837/2659/2759 2833/2655/2755
f 2832/2654/2754 2836/2658/2758 2837/2659/2759
f 2838/2660/2760 2833/2655/2755 2837/2659/2759
f 2835/2657/2757 2839/2661/2761 2834/2656/2756
f 2834/2656/2756 2839/2661/2761 2836/2658/2758
f 2835/2657/2757 2840/2662/2762 2839/2661/2761
f 2837/2659/2759 2841/2663/2763 2838/2660/2760
f 2842/2664/2764 2838/2660/2760 2841/2663/2763
f 2841/2663/2763 2843/2665/2765 2842/2664/2764
f 2837/2659/2759 2844/2666/2766 2841/2663/2763
f 2844/2666/2766 2843/2665/2765 2841/2663/2763
f 2844/2666/2766 2837/2659/2759 2836/2658/2758
f 2839/2661/2761 2844/2666/2766 2836/2658/2758
f 2844/2666/2766 2845/2667/2767 2843/2665/2765
f 2839/2661/2761 2846/2668/2768 2844/2666/2766
f 2846/2668/2768 2845/2667/2767 2844/2666/2766
f 2840/2662/2762 2846/2668/2768 2839/2661/2761
f 2846/2668/2768 2847/2669/2769 2845/2667/2767
f 2840/2662/2762 2848/2670/2770 2846/2668/2768
f 2847/2669/2769 2846/2668/2768 2848/2670/2770
f 2848/2670/2770 2849/2671/2771 2847/2669/2769
f 2850/2672/2772 2851/2673/2773 2852/2674/2774
f 2852/2674/2774 2853/2675/2775 2850/2672/2772
f 2854/2676/2776 2853/2675/2775 2852/2674/2774
f 2853/2675/2775 2855/2677/2777 2850/2672/2772
f 2853/2675/2775 2854/2676/2776 2856/2678/2778
f 2857/2679/2779 2856/2678/2778 2854/2676/2776
f 2858/2680/2780 2855/2677/2777 2853/2675/2775
f 2856/2678/2778 2858/2680/2780 2853/2675/2775
f 2855/2677/2777 2858/2680/2780 2859/2681/2781
f 2858/2680/2780 2860/2682/2782 2859/2681/2781
f 2856/2678/2778 2857/2679/2779 2861/2683/2783
f 2861/2683/2783 2857/2679/2779 2862/2684/2784
f 2862/2684/2784 2863/2685/2785 2861/2683/2783
f 2864/2686/2786 2861/2683/2783 2863/2685/2785
f 2858/2680/2780 2856/2678/2778 2865/2687/2787
f 2861/2683/2783 2865/2687/2787 2856/2678/2778
f 2858/2680/2780 2866/2688/2788 2860/2682/2782
f 2865/2687/2787 2866/2688/2788 2858/2680/2780
f 2866/2688/2788 2867/2689/2789 2860/2682/2782
f 2861/2683/2783 2864/2686/2786 2868/2690/2790
f 2865/2687/2787 2861/2683/2783 2868/2690/2790
f 2869/2691/2791 2868/2690/2790 2864/2686/2786
f 2865/2687/2787 2870/2692/2792 2866/2688/2788
f 2868/2690/2790 2870/2692/2792 2865/2687/2787
f 2868/2690/2790 2869/2691/2791 2871/2693/2793
f 2870/2692/2792 2868/2690/2790 2871/2693/2793
f 2869/2691/2791 2872/2694/2794 2871/2693/2793
f 2872/2694/2794 2870/2692/2792 2871/2693/2793
f 2869/2691/2791 2873/2695/2795 2872/2694/2794
f 2870/2692/2792 2874/2696/2796 2866/2688/2788
f 2867/2689/2789 2866/2688/2788 2874/2696/2796
f 2870/2692/2792 2872/2694/2794 2875/2697/2797
f 2874/2696/2796 2870/2692/2792 2875/2697/2797
f 2876/2698/2798 2872/2694/2794 2873/2695/2795
f 2876/2698/2798 2875/2697/2797 2872/2694/2794
f 2873/2695/2795 2877/2699/2799 2876/2698/2798
f 2878/2700/2800 2867/2689/2789 2874/2696/2796
f 2875/2697/2797 2878/2700/2800 2874/2696/2796
f 2867/2689/2789 2878/2700/2800 2879/2701/2801
f 2875/2697/2797 2876/2698/2798 2880/2702/2802
f 2878/2700/2800 2875/2697/2797 2880/2702/2802
f 2881/2703/2803 2876/2698/2798 2877/2699/2799
f 2881/2703/2803 2880/2702/2802 2876/2698/2798
f 2877/2699/2799 2882/2704/2804 2881/2703/2803
f 2883/2705/2805 2879/2701/2801 2878/2700/2800
f 2880/2702/2802 2883/2705/2805 2878/2700/2800
f 2879/2701/2801 2883/2705/2805 2884/2706/2806
f 2880/2702/2802 2881/2703/2803 2885/2707/2807
f 2883/2705/2805 2880/2702/2802 2885/2707/2807
f 2886/2708/2808 2881/2703/2803 2882/2704/2804
f 2886/2708/2808 2885/2707/2807 2881/2703/2803
f 2882/2704/2804 2887/2709/2809 2886/2708/2808
f 2888/2710/2810 2886/2708/2808 2887/2709/2809
f 2889/2711/2811 2884/2706/2806 2883/2705/2805
f 2885/2707/2807 2889/2711/2811 2883/2705/2805
f 2884/2706/2806 2889/2711/2811 2890/2712/2812
f 2885/2707/2807 2886/2708/2808 2891/2713/2813
f 2889/2711/2811 2885/2707/2807 2891/2713/2813
f 2886/2708/2808 2888/2710/2810 2892/2714/2814
f 2892/2714/2814 2891/2713/2813 2886/2708/2808
f 2893/2715/2815 2892/2714/2814 2888/2710/2810
f 2894/2716/2816 2890/2712/2812 2889/2711/2811
f 2894/2716/2816 2889/2711/2811 2891/2713/2813
f 2890/2712/2812 2894/2716/2816 2895/2717/2817
f 2894/2716/2816 2891/2713/2813 2896/2718/2818
f 2891/2713/2813 2892/2714/2814 2896/2718/2818
f 2897/2719/2819 2895/2717/2817 2894/2716/2816
f 2897/2719/2819 2894/2716/2816 2896/2718/2818
f 2895/2717/2817 2897/2719/2819 2898/2720/2820
f 2899/2721/2821 2896/2718/2818 2892/2714/2814
f 2896/2718/2818 2899/2721/2821 2897/2719/2819
f 2900/2519/2621 2898/2720/2820 2897/2719/2819
f 2898/2720/2820 2900/2519/2621 2901/2518/2620
f 2900/2519/2621 2897/2719/2819 2899/2721/2821
f 2899/2721/2821 2902/2522/2624 2900/2519/2621
f 2892/2714/2814 2903/2722/2822 2899/2721/2821
f 2902/2522/2624 2899/2721/2821 2903/2722/2822
f 2892/2714/2814 2893/2715/2815 2903/2722/2822
f 2903/2722/2822 2904/2562/2823 2902/2522/2624
f 2905/2563/2664 2903/2722/2822 2893/2715/2815
f 2903/2722/2822 2905/2563/2664 2904/2562/2823
f 2906/2723/2824 2907/2724/2825 2908/2725/2826
f 2906/2723/2824 2909/2726/2827 2907/2724/2825
f 2910/2727/2828 2909/2726/2827 2906/2723/2824
f 2909/2726/2827 2911/2728/2829 2907/2724/2825
f 2911/2728/2829 2909/2726/2827 2912/2729/2830
f 2912/2729/2830 2913/2730/2831 2911/2728/2829
f 2913/2730/2831 2912/2729/2830 2914/2731/2832
f 2914/2731/2832 2915/2732/2833 2913/2730/2831
f 2916/2733/2834 2915/2732/2833 2914/2731/2832
f 2916/2733/2834 2917/2734/2835 2915/2732/2833
f 2918/2735/2836 2917/2734/2835 2916/2733/2834
f 2918/2735/2836 2919/2736/2837 2917/2734/2835
f 2920/2737/2838 2919/2736/2837 2918/2735/2836
f 2920/2737/2838 2921/2738/2839 2919/2736/2837
f 2922/2739/2840 2921/2738/2839 2920/2737/2838
f 2922/2739/2840 2920/2737/2838 2923/2740/2841
f 2922/2739/2840 2924/2741/2842 2921/2738/2839
f 2923/2740/2841 2925/2742/2843 2922/2739/2840
f 2926/2743/2844 2924/2741/2842 2922/2739/2840
f 2925/2742/2843 2926/2743/2844 2922/2739/2840
f 2926/2743/2844 2927/2744/2845 2924/2741/2842
f 2928/2745/2846 2926/2743/2844 2925/2742/2843
f 2928/2745/2846 2929/2746/2847 2926/2743/2844
f 2927/2744/2845 2926/2743/2844 2929/2746/2847
f 2930/2747/64 2929/2746/2847 2928/2745/2846
f 2931/2748/2848 2927/2744/2845 2929/2746/2847
f 2930/2747/64 2931/2748/2848 2929/2746/2847
f 2931/2748/2848 2930/2747/64 2932/2749/2849
f 2927/2744/2845 2931/2748/2848 2933/2750/2850
f 2934/2751/2851 2931/2748/2848 2932/2749/2849
f 2935/2752/2852 2933/2750/2850 2931/2748/2848
f 2931/2748/2848 2934/2751/2851 2935/2752/2852
f 2933/2750/2850 2935/2752/2852 2936/2753/2853
f 2937/2754/2854 2935/2752/2852 2934/2751/2851
f 2938/2755/2855 2936/2753/2853 2935/2752/2852
f 2935/2752/2852 2937/2754/2854 2938/2755/2855
f 2936/2753/2853 2938/2755/2855 2939/2756/2856
f 2940/2757/2857 2938/2755/2855 2937/2754/2854
f 2941/2758/2858 2939/2756/2856 2938/2755/2855
f 2938/2755/2855 2940/2757/2857 2941/2758/2858
f 2939/2756/2856 2941/2758/2858 2942/2759/2859
f 2943/2760/2860 2941/2758/2858 2940/2757/2857
f 2944/2761/2861 2942/2759/2859 2941/2758/2858
f 2941/2758/2858 2943/2760/2860 2944/2761/2861
f 2942/2759/2859 2944/2761/2861 2945/2762/2862
f 2946/2763/2863 2944/2761/2861 2943/2760/2860
f 2947/2764/2864 2945/2762/2862 2944/2761/2861
f 2944/2761/2861 2946/2763/2863 2947/2764/2864
f 2945/2762/2862 2947/2764/2864 2948/2765/2865
f 2949/2766/2866 2947/2764/2864 2946/2763/2863
f 2950/2767/2867 2948/2765/2865 2947/2764/2864
f 2947/2764/2864 2949/2766/2866 2950/2767/2867
f 2948/2765/2865 2950/2767/2867 2951/2768/2868
f 2952/2769/2869 2950/2767/2867 2949/2766/2866
f 2953/2770/2870 2951/2768/2868 2950/2767/2867
f 2950/2767/2867 2952/2769/2869 2953/2770/2870
f 2951/2768/2868 2953/2770/2870 2954/2771/2871
f 2953/2770/2870 2952/2769/2869 2955/1227/2872
f 2955/1227/2872 2954/2771/2871 2953/2770/2870
f 2955/1227/2872 2952/2769/2869 2956/1225/1279
f 2954/2771/2871 2955/1227/2872 2957/1228/2873
f 2958/1139/1184 2959/2772/2874 2960/1138/1183
f 2959/2772/2874 2958/1139/1184 2961/2773/2875
f 2961/2773/2875 2962/2774/2876 2959/2772/2874
f 2963/1142/1187 2961/2773/2875 2958/1139/1184
f 2962/2774/2876 2961/2773/2875 2964/2775/2877
f 2964/2775/2877 2965/2776/2878 2962/2774/2876
f 2961/2773/2875 2963/1142/1187 2966/2777/2879
f 2966/2777/2879 2964/2775/2877 2961/2773/2875
f 2967/2778/2880 2963/1142/1187 2968/1143/1188
f 2963/1142/1187 2967/2778/2880 2966/2777/2879
f 2969/2779/2881 2966/2777/2879 2967/2778/2880
f 2964/2775/2877 2966/2777/2879 2970/2780/2882
f 2966/2777/2879 2969/2779/2881 2970/2780/2882
f 2965/2776/2878 2964/2775/2877 2971/2781/2883
f 2970/2780/2882 2971/2781/2883 2964/2775/2877
f 2969/2779/2881 2972/2782/2884 2970/2780/2882
f 2971/2781/2883 2970/2780/2882 2972/2782/2884
f 2972/2782/2884 2969/2779/2881 2973/2783/2885
f 2972/2782/2884 2973/2783/2885 2974/2784/2886
f 2975/2785/2887 2965/2776/2878 2971/2781/2883
f 2972/2782/2884 2975/2785/2887 2971/2781/2883
f 2965/2776/2878 2975/2785/2887 2976/2786/2888
f 2977/2787/2889 2972/2782/2884 2974/2784/2886
f 2975/2785/2887 2972/2782/2884 2977/2787/2889
f 2977/2787/2889 2974/2784/2886 2978/2788/2890
f 2979/2789/2891 2976/2786/2888 2975/2785/2887
f 2976/2786/2888 2979/2789/2891 2980/2790/2892
f 2980/2790/2892 2979/2789/2891 2981/2791/2893
f 2982/2792/2894 2975/2785/2887 2977/2787/2889
f 2978/2788/2890 2982/2792/2894 2977/2787/2889
f 2975/2785/2887 2982/2792/2894 2979/2789/2891
f 2982/2792/2894 2978/2788/2890 2983/2793/2895
f 2979/2789/2891 2984/2794/2896 2981/2791/2893
f 2984/2794/2896 2979/2789/2891 2982/2792/2894
f 2981/2791/2893 2984/2794/2896 2985/2795/2897
f 2986/2796/857 2982/2792/2894 2983/2793/2895
f 2984/2794/2896 2982/2792/2894 2986/2796/857
f 2986/2796/857 2983/2793/2895 2987/2797/2898
f 2988/2798/2899 2985/2795/2897 2984/2794/2896
f 2988/2798/2899 2984/2794/2896 2986/2796/857
f 2985/2795/2897 2988/2798/2899 2989/2799/2900
f 2990/2800/2901 2986/2796/857 2987/2797/2898
f 2988/2798/2899 2986/2796/857 2990/2800/2901
f 2990/2800/2901 2987/2797/2898 2991/2801/2902
f 2992/2802/2903 2989/2799/2900 2988/2798/2899
f 2992/2802/2903 2988/2798/2899 2990/2800/2901
f 2989/2799/2900 2992/2802/2903 2993/2803/2904
f 2994/2804/2905 2993/2803/2904 2992/2802/2903
f 2992/2802/2903 2995/2805/2906 2994/2804/2905
f 2991/2801/2902 2996/2806/2907 2990/2800/2901
f 2992/2802/2903 2990/2800/2901 2996/2806/2907
f 2995/2805/2906 2992/2802/2903 2996/2806/2907
f 2996/2806/2907 2991/2801/2902 2997/2807/2908
f 2997/2807/2908 2995/2805/2906 2996/2806/2907
f 2995/2805/2906 2997/2807/2908 2998/2808/2909
f 2999/803/2910 3000/2809/2911 3001/804/2912
f 3000/2809/2911 2999/803/2910 3002/2810/2913
f 3002/2810/2913 3003/569/2914 3000/2809/2911
f 3004/805/2915 3002/2810/2913 2999/803/2910
f 3003/569/2914 3002/2810/2913 3005/570/2916
f 3002/2810/2913 3004/805/2915 3006/2811/2917
f 3006/2811/2917 3005/570/2916 3002/2810/2913
f 3007/807/2918 3006/2811/2917 3004/805/2915
f 3005/570/2916 3006/2811/2917 3008/572/2919
f 3009/2812/2920 3008/572/2919 3006/2811/2917
f 3006/2811/2917 3007/807/2918 3009/2812/2920
f 3008/572/2919 3009/2812/2920 3010/574/2921
f 3009/2812/2920 3007/807/2918 3011/2813/2922
f 3011/2813/2922 3010/574/2921 3009/2812/2920
f 3010/574/2921 3011/2813/2922 3012/576/2923
f 3007/807/2918 3013/809/2924 3011/2813/2922
f 3011/2813/2922 3014/577/2925 3012/576/2923
f 3011/2813/2922 3013/809/2924 3015/2814/2926
f 3014/577/2925 3011/2813/2922 3015/2814/2926
f 3013/809/2924 3016/810/2927 3015/2814/2926
f 3017/2815/2928 3014/577/2925 3015/2814/2926
f 3015/2814/2926 3016/810/2927 3017/2815/2928
f 3014/577/2925 3017/2815/2928 3018/579/2929
f 3017/2815/2928 3016/810/2927 3019/811/2930
f 3020/2816/2931 3018/579/2929 3017/2815/2928
f 3017/2815/2928 3019/811/2930 3020/2816/2931
f 3018/579/2929 3020/2816/2931 3021/580/2932
f 3020/2816/2931 3019/811/2930 3022/813/2933
f 3023/591/2934 3024/2817/2935 3025/592/2936
f 3024/2817/2935 3023/591/2934 3026/2818/2937
f 3026/2818/2937 3027/815/2938 3024/2817/2935
f 3026/2818/2937 3023/591/2934 3028/589/2939
f 3027/815/2938 3026/2818/2937 3029/816/2940
f 3030/2819/2941 3029/816/2940 3026/2818/2937
f 3026/2818/2937 3028/589/2939 3030/2819/2941
f 3029/816/2940 3030/2819/2941 3031/817/2942
f 3032/819/2943 3031/817/2942 3030/2819/2941
f 3028/589/2939 3033/2820/2944 3030/2819/2941
f 3033/2820/2944 3032/819/2943 3030/2819/2941
f 3033/2820/2944 3028/589/2939 3034/587/2945
f 3035/820/2946 3032/819/2943 3033/2820/2944
f 3034/587/2945 3036/2821/2947 3033/2820/2944
f 3036/2821/2947 3035/820/2946 3033/2820/2944
f 3036/2821/2947 3034/587/2945 3037/586/2948
f 3036/2821/2947 3037/586/2948 3038/584/2949
f 3039/2822/2950 3035/820/2946 3036/2821/2947
f 3038/584/2949 3039/2822/2950 3036/2821/2947
f 3035/820/2946 3039/2822/2950 3040/822/2951
f 3039/2822/2950 3038/584/2949 3041/582/2952
f 3042/2823/2953 3040/822/2951 3039/2822/2950
f 3041/582/2952 3042/2823/2953 3039/2822/2950
f 3042/2823/2953 3041/582/2952 3043/581/2954
f 3040/822/2951 3042/2823/2953 3044/824/2955
f 3043/581/2954 3045/2824/2956 3042/2823/2953
f 3045/2824/2956 3044/824/2955 3042/2823/2953
f 3044/824/2955 3045/2824/2956 3046/825/2957
f 3047/836/2958 3048/2825/2959 3049/837/2960
f 3048/2825/2959 3047/836/2958 3050/2826/2961
f 3048/2825/2959 3050/2826/2961 3051/593/2962
f 3052/834/2963 3050/2826/2961 3047/836/2958
f 3050/2826/2961 3053/594/2964 3051/593/2962
f 3050/2826/2961 3052/834/2963 3054/2827/2965
f 3050/2826/2961 3054/2827/2965 3053/594/2964
f 3055/832/439 3054/2827/2965 3052/834/2963
f 3054/2827/2965 3056/596/2966 3053/594/2964
f 3057/2828/215 3056/596/2966 3054/2827/2965
f 3054/2827/2965 3055/832/439 3057/2828/215
f 3056/596/2966 3057/2828/215 3058/598/2967
f 3057/2828/215 3059/600/318 3058/598/2967
f 3057/2828/215 3055/832/439 3060/2829/2968
f 3060/2829/2968 3059/600/318 3057/2828/215
f 3061/831/2969 3060/2829/2968 3055/832/439
f 3062/601/2970 3059/600/318 3060/2829/2968
f 3061/831/2969 3063/2830/2971 3060/2829/2968
f 3063/2830/2971 3062/601/2970 3060/2829/2968
f 3064/830/2972 3063/2830/2971 3061/831/2969
f 3065/2831/2973 3062/601/2970 3063/2830/2971
f 3065/2831/2973 3063/2830/2971 3064/830/2972
f 3066/827/2974 3065/2831/2973 3064/830/2972
f 3067/826/2975 3065/2831/2973 3066/827/2974
f 3062/601/2970 3065/2831/2973 3068/603/2976
f 3065/2831/2973 3067/826/2975 3069/2832/2977
f 3069/2832/2977 3068/603/2976 3065/2831/2973
f 3068/603/2976 3069/2832/2977 3070/604/2978
f 3071/2833/2979 3072/2834/2980 3073/2835/2981
f 3073/2835/2981 3074/2836/2982 3071/2833/2979
f 3073/2835/2981 3075/2837/2983 3074/2836/2982
f 3074/2836/2982 3075/2837/2983 3076/2838/2984
f 3077/2839/2985 3071/2833/2979 3074/2836/2982
f 3071/2833/2979 3077/2839/2985 3078/2840/2986
f 3076/2838/2984 3079/2841/2987 3074/2836/2982
f 3079/2841/2987 3077/2839/2985 3074/2836/2982
f 3079/2841/2987 3076/2838/2984 3080/2842/2988
f 3077/2839/2985 3081/2843/2989 3078/2840/2986
f 3081/2843/2989 3082/2844/2990 3078/2840/2986
f 1086/994/1040 3082/2844/2990 3081/2843/2989
f 3077/2839/2985 3079/2841/2987 3083/2845/2991
f 3083/2845/2991 3081/2843/2989 3077/2839/2985
f 3080/2842/2988 3084/2846/2992 3079/2841/2987
f 3084/2846/2992 3083/2845/2991 3079/2841/2987
f 3080/2842/2988 3085/2847/2993 3084/2846/2992
f 3084/2846/2992 3085/2847/2993 3086/2848/2994
f 3083/2845/2991 3087/2849/2995 3081/2843/2989
f 3086/2848/2994 3088/2850/2996 3084/2846/2992
f 3088/2850/2996 3086/2848/2994 3089/2851/2997
f 3084/2846/2992 3090/2852/2998 3083/2845/2991
f 3088/2850/2996 3090/2852/2998 3084/2846/2992
f 3090/2852/2998 3087/2849/2995 3083/2845/2991
f 3088/2850/2996 3089/2851/2997 3091/2853/2999
f 3089/2851/2997 3092/2854/3000 3091/2853/2999
f 3090/2852/2998 3088/2850/2996 3093/2855/3001
f 3093/2855/3001 3088/2850/2996 3091/2853/2999
f 3087/2849/2995 3090/2852/2998 3094/2856/3002
f 3093/2855/3001 3094/2856/3002 3090/2852/2998
f 3095/2857/3003 3081/2843/2989 3087/2849/2995
f 3087/2849/2995 3094/2856/3002 3095/2857/3003
f 3095/2857/3003 1086/994/1040 3081/2843/2989
f 1084/992/1038 1086/994/1040 3095/2857/3003
f 3096/2858/3004 1084/992/1038 3095/2857/3003
f 3094/2856/3002 3096/2858/3004 3095/2857/3003
f 3096/2858/3004 1087/995/1041 1084/992/1038
f 3094/2856/3002 3093/2855/3001 3097/2859/3005
f 3094/2856/3002 3097/2859/3005 3096/2858/3004
f 3097/2859/3005 3093/2855/3001 3098/2860/3006
f 3098/2860/3006 3093/2855/3001 3091/2853/2999
f 3097/2859/3005 3099/2861/3007 3096/2858/3004
f 3098/2860/3006 3099/2861/3007 3097/2859/3005
f 1087/995/1041 3096/2858/3004 3100/2862/3008
f 3099/2861/3007 3100/2862/3008 3096/2858/3004
f 3100/2862/3008 1089/997/1043 1087/995/1041
f 3101/2863/3009 3099/2861/3007 3098/2860/3006
f 3099/2861/3007 3102/2864/3010 3100/2862/3008
f 3099/2861/3007 3101/2863/3009 3102/2864/3010
f 3103/2865/3011 3098/2860/3006 3091/2853/2999
f 3098/2860/3006 3103/2865/3011 3101/2863/3009
f 3092/2854/3000 3103/2865/3011 3091/2853/2999
f 3092/2854/3000 3104/2866/3012 3103/2865/3011
f 3105/2867/3013 3103/2865/3011 3104/2866/3012
f 3103/2865/3011 3105/2867/3013 3106/2868/3014
f 3101/2863/3009 3103/2865/3011 3106/2868/3014
f 3105/2867/3013 3107/2869/3015 3106/2868/3014
f 3108/2870/3016 3102/2864/3010 3101/2863/3009
f 3108/2870/3016 3101/2863/3009 3106/2868/3014
f 3102/2864/3010 3108/2870/3016 3109/2871/3017
f 3109/2871/3017 3100/2862/3008 3102/2864/3010
f 3106/2868/3014 3110/2872/3018 3108/2870/3016
f 3109/2871/3017 3111/2873/3019 3100/2862/3008
f 3111/2873/3019 1089/997/1043 3100/2862/3008
f 3108/2870/3016 3112/2874/3020 3109/2871/3017
f 3109/2871/3017 3112/2874/3020 3111/2873/3019
f 3112/2874/3020 3108/2870/3016 3110/2872/3018
f 3107/2869/3015 3113/2875/3021 3106/2868/3014
f 3110/2872/3018 3106/2868/3014 3113/2875/3021
f 3113/2875/3021 3107/2869/3015 3114/2876/3022
f 3113/2875/3021 3114/2876/3022 3115/2877/3023
f 3112/2874/3020 3110/2872/3018 3116/2878/3024
f 3116/2878/3024 3111/2873/3019 3112/2874/3020
f 3113/2875/3021 3117/2879/3025 3110/2872/3018
f 3116/2878/3024 3110/2872/3018 3117/2879/3025
f 3118/2880/3026 3113/2875/3021 3115/2877/3023
f 3117/2879/3025 3113/2875/3021 3118/2880/3026
f 3118/2880/3026 3115/2877/3023 3119/2881/3027
f 3119/2881/3027 3120/2882/3028 3118/2880/3026
f 3117/2879/3025 3121/2883/3029 3116/2878/3024
f 3120/2882/3028 3122/2884/3030 3118/2880/3026
f 3123/2885/3031 3122/2884/3030 3120/2882/3028
f 3118/2880/3026 3124/2886/3032 3117/2879/3025
f 3124/2886/3032 3118/2880/3026 3122/2884/3030
f 3121/2883/3029 3117/2879/3025 3124/2886/3032
f 3125/2887/3033 3122/2884/3030 3123/2885/3031
f 3125/2887/3033 3123/2885/3031 3126/2888/3034
f 3126/2888/3034 3127/2889/3035 3125/2887/3033
f 3122/2884/3030 3128/2890/3036 3124/2886/3032
f 3128/2890/3036 3122/2884/3030 3125/2887/3033
f 3125/2887/3033 3127/2889/3035 3129/2891/3037
f 3125/2887/3033 3129/2891/3037 3128/2890/3036
f 3127/2889/3035 3130/2892/3038 3129/2891/3037
f 3129/2891/3037 3130/2892/3038 3131/2893/3039
f 3132/2894/3040 3124/2886/3032 3128/2890/3036
f 3124/2886/3032 3132/2894/3040 3121/2883/3029
f 3133/2895/3041 3128/2890/3036 3129/2891/3037
f 3133/2895/3041 3132/2894/3040 3128/2890/3036
f 3134/2896/3042 3129/2891/3037 3131/2893/3039
f 3133/2895/3041 3129/2891/3037 3134/2896/3042
f 3134/2896/3042 3131/2893/3039 3135/2897/3043
f 3134/2896/3042 3135/2897/3043 3136/2898/3044
f 3132/2894/3040 3133/2895/3041 3137/2899/3045
f 3138/2900/3046 3134/2896/3042 3136/2898/3044
f 3138/2900/3046 3136/2898/3044 3139/2901/3047
f 3140/2902/3048 3133/2895/3041 3134/2896/3042
f 3140/2902/3048 3134/2896/3042 3138/2900/3046
f 3140/2902/3048 3137/2899/3045 3133/2895/3041
f 3141/2903/3049 3138/2900/3046 3139/2901/3047
f 3139/2901/3047 3142/2904/3050 3141/2903/3049
f 3143/2905/3051 3140/2902/3048 3138/2900/3046
f 3142/2904/3050 3144/2906/3052 3141/2903/3049
f 3144/2906/3052 3142/2904/3050 3145/2907/3053
f 3145/2907/3053 3146/5/3054 3144/2906/3052
f 3146/5/3054 3147/4/3055 3144/2906/3052
f 3148/2908/3056 3138/2900/3046 3141/2903/3049
f 3138/2900/3046 3148/2908/3056 3143/2905/3051
f 3149/2909/3057 3141/2903/3049 3144/2906/3052
f 3141/2903/3049 3149/2909/3057 3148/2908/3056
f 3150/2910/3058 3144/2906/3052 3147/4/3055
f 3144/2906/3052 3150/2910/3058 3149/2909/3057
f 3151/2911/3059 3148/2908/3056 3149/2909/3057
f 3152/2912/3060 3149/2909/3057 3150/2910/3058
f 3149/2909/3057 3152/2912/3060 3151/2911/3059
f 3148/2908/3056 3151/2911/3059 3153/2913/3061
f 3153/2913/3061 3143/2905/3051 3148/2908/3056
f 947/863/903 3151/2911/3059 3152/2912/3060
f 3153/2913/3061 3151/2911/3059 947/863/903
f 946/862/902 947/863/903 3152/2912/3060
f 3153/2913/3061 947/863/903 951/867/907
f 946/862/902 3152/2912/3060 3154/2914/3062
f 3150/2910/3058 3154/2914/3062 3152/2912/3060
f 946/862/902 3154/2914/3062 949/865/905
f 3154/2914/3062 3150/2910/3058 3155/2915/3063
f 3154/2914/3062 3155/2915/3063 949/865/905
f 3147/4/3055 3155/2915/3063 3150/2910/3058
f 3156/2916/3064 3143/2905/3051 3153/2913/3061
f 3153/2913/3061 951/867/907 3156/2916/3064
f 3157/2917/3065 3143/2905/3051 3156/2916/3064
f 3157/2917/3065 3156/2916/3064 951/867/907
f 3143/2905/3051 3157/2917/3065 3140/2902/3048
f 3137/2899/3045 3140/2902/3048 3157/2917/3065
f 3157/2917/3065 951/867/907 3158/2918/3066
f 3157/2917/3065 3158/2918/3066 3137/2899/3045
f 951/867/907 953/869/909 3158/2918/3066
f 3132/2894/3040 3137/2899/3045 3158/2918/3066
f 3132/2894/3040 3158/2918/3066 3159/2919/3067
f 3132/2894/3040 3159/2919/3067 3121/2883/3029
f 3116/2878/3024 3121/2883/3029 3159/2919/3067
f 3116/2878/3024 3159/2919/3067 3111/2873/3019
f 3158/2918/3066 3160/2920/3068 3159/2919/3067
f 3160/2920/3068 3111/2873/3019 3159/2919/3067
f 3160/2920/3068 3158/2918/3066 953/869/909
f 3111/2873/3019 3160/2920/3068 3161/2921/59
f 1089/997/1043 3111/2873/3019 3161/2921/59
f 953/869/909 3162/2922/3069 3160/2920/3068
f 3162/2922/3069 3161/2921/59 3160/2920/3068
f 3162/2922/3069 953/869/909 952/868/908
f 1127/1035/1081 3162/2922/3069 952/868/908
f 3163/2923/3070 1089/997/1043 3161/2921/59
f 3161/2921/59 3162/2922/3069 3163/2923/3070
f 1127/1035/1081 3163/2923/3070 3162/2922/3069
f 3163/2923/3070 1088/996/1042 1089/997/1043
f 3163/2923/3070 1127/1035/1081 1091/999/1045
f 1091/999/1045 1088/996/1042 3163/2923/3070
f 3164/2924/3071 3147/4/3055 3165/6/3072
f 3164/2924/3071 3165/6/3072 3166/2925/3073
f 3155/2915/3063 3147/4/3055 3164/2924/3071
f 3166/2925/3073 3167/2926/3074 3164/2924/3071
f 3164/2924/3071 3168/2927/3075 3155/2915/3063
f 949/865/905 3155/2915/3063 3168/2927/3075
f 3164/2924/3071 3167/2926/3074 3169/2928/3076
f 3168/2927/3075 3164/2924/3071 3169/2928/3076
f 3169/2928/3076 3167/2926/3074 3170/2929/3077
f 3170/2929/3077 3171/7/7 3169/2928/3076
f 3171/7/7 3172/9/3078 3169/2928/3076
f 949/865/905 3168/2927/3075 3173/2930/3079
f 3169/2928/3076 3173/2930/3079 3168/2927/3075
f 3173/2930/3079 3169/2928/3076 3172/9/3078
f 3173/2930/3079 917/843/874 949/865/905
f 910/839/867 917/843/874 3173/2930/3079
f 910/839/867 3173/2930/3079 911/673/868
f 3172/9/3078 911/673/868 3173/2930/3079
f 3172/9/3078 3174/2931/3080 911/673/868
f 3174/2931/3080 3172/9/3078 3175/8/8
f 3176/674/3081 911/673/868 3174/2931/3080
f 3177/2932/3082 3178/2933/3083 3179/2934/3084
f 3178/2933/3083 3177/2932/3082 3180/2935/3085
f 3181/2936/3086 3180/2935/3085 3177/2932/3082
f 3180/2935/3085 3181/2936/3086 3182/2937/3087
f 3180/2935/3085 3183/2938/3088 3178/2933/3083
f 3183/2938/3088 3184/2939/3089 3178/2933/3083
f 3182/2937/3087 3185/2940/3090 3180/2935/3085
f 3183/2938/3088 3180/2935/3085 3185/2940/3090
f 3186/2941/3091 3182/2937/3087 3187/2936/3092
f 3188/2942/3093 3184/2939/3089 3183/2938/3088
f 3182/2937/3087 3186/2941/3091 3189/2943/3094
f 3190/2944/3095 3188/2942/3093 3183/2938/3088
f 3183/2938/3088 3185/2940/3090 3190/2944/3095
f 3185/2940/3090 3182/2937/3087 3191/2945/3096
f 3189/2943/3094 3191/2945/3096 3182/2937/3087
f 3185/2940/3090 3192/2946/3097 3190/2944/3095
f 3192/2946/3097 3185/2940/3090 3191/2945/3096
f 3193/2947/3098 3188/2942/3093 3190/2944/3095
f 3192/2946/3097 3193/2947/3098 3190/2944/3095
f 3194/2948/3099 3184/2939/3089 3188/2942/3093
f 3184/2939/3089 3194/2948/3099 3195/2949/3100
f 3194/2948/3099 3196/2950/3101 3195/2949/3100
f 3193/2947/3098 3197/2951/3102 3188/2942/3093
f 3194/2948/3099 3188/2942/3093 3197/2951/3102
f 3192/2946/3097 3198/2952/3103 3193/2947/3098
f 3198/2952/3103 3197/2951/3102 3193/2947/3098
f 3196/2950/3101 3194/2948/3099 3199/2953/3104
f 3197/2951/3102 3199/2953/3104 3194/2948/3099
f 3199/2953/3104 3200/2954/3105 3196/2950/3101
f 3200/2954/3105 3201/2955/3106 3196/2950/3101
f 3199/2953/3104 3197/2951/3102 3202/2956/3107
f 3200/2954/3105 3199/2953/3104 3202/2956/3107
f 3203/2957/3108 3197/2951/3102 3198/2952/3103
f 3204/2958/3109 3202/2956/3107 3197/2951/3102
f 3197/2951/3102 3203/2957/3108 3204/2958/3109
f 3198/2952/3103 3192/2946/3097 3205/2959/3110
f 3191/2945/3096 3205/2959/3110 3192/2946/3097
f 3198/2952/3103 3206/2960/3111 3203/2957/3108
f 3206/2960/3111 3198/2952/3103 3205/2959/3110
f 3205/2959/3110 3191/2945/3096 3207/2961/3112
f 3191/2945/3096 3189/2943/3094 3207/2961/3112
f 3205/2959/3110 3208/2962/3113 3206/2960/3111
f 3208/2962/3113 3205/2959/3110 3207/2961/3112
f 3209/2963/3114 3207/2961/3112 3189/2943/3094
f 3207/2961/3112 3209/2963/3114 3208/2962/3113
f 3186/2941/3091 3209/2963/3114 3189/2943/3094
f 3209/2963/3114 3186/2941/3091 3210/2964/3115
f 3208/2962/3113 3211/2965/3116 3206/2960/3111
f 3203/2957/3108 3206/2960/3111 3211/2965/3116
f 3208/2962/3113 3209/2963/3114 3212/2966/3117
f 3208/2962/3113 3212/2966/3117 3211/2965/3116
f 3209/2963/3114 3210/2964/3115 3213/2967/3118
f 3209/2963/3114 3213/2967/3118 3212/2966/3117
f 3214/2968/3119 3213/2967/3118 3210/2964/3115
f 3211/2965/3116 3215/2969/3120 3203/2957/3108
f 3204/2958/3109 3203/2957/3108 3215/2969/3120
f 3214/2968/3119 3216/2970/3121 3213/2967/3118
f 3216/2970/3121 3214/2968/3119 3217/2971/3122
f 3218/2972/3123 3216/2970/3121 3217/2971/3122
f 3219/2973/3124 3213/2967/3118 3216/2970/3121
f 3213/2967/3118 3219/2973/3124 3212/2966/3117
f 3216/2970/3121 3218/2972/3123 3220/2974/3125
f 3216/2970/3121 3220/2974/3125 3219/2973/3124
f 3218/2972/3123 3221/2975/3126 3220/2974/3125
f 3221/2975/3126 3222/2976/3127 3220/2974/3125
f 3220/2974/3125 3223/2977/3128 3219/2973/3124
f 3222/2976/3127 3223/2977/3128 3220/2974/3125
f 3224/2978/3129 3212/2966/3117 3219/2973/3124
f 3219/2973/3124 3223/2977/3128 3224/2978/3129
f 3212/2966/3117 3224/2978/3129 3211/2965/3116
f 3225/2979/3130 3223/2977/3128 3222/2976/3127
f 3225/2979/3130 3224/2978/3129 3223/2977/3128
f 3225/2979/3130 3222/2976/3127 3226/2980/3131
f 3227/2981/3132 3211/2965/3116 3224/2978/3129
f 3224/2978/3129 3225/2979/3130 3227/2981/3132
f 3211/2965/3116 3227/2981/3132 3215/2969/3120
f 3228/2982/3133 3225/2979/3130 3226/2980/3131
f 3228/2982/3133 3227/2981/3132 3225/2979/3130
f 3226/2980/3131 3229/2983/3134 3228/2982/3133
f 3230/2984/3135 3215/2969/3120 3227/2981/3132
f 3227/2981/3132 3228/2982/3133 3230/2984/3135
f 3204/2958/3109 3215/2969/3120 3230/2984/3135
f 3229/2983/3134 3231/2985/3136 3228/2982/3133
f 3231/2985/3136 3230/2984/3135 3228/2982/3133
f 3229/2983/3134 3232/2986/3137 3231/2985/3136
f 3232/2986/3137 3229/2983/3134 3233/2987/3138
f 3230/2984/3135 3231/2985/3136 3234/2988/3139
f 3234/2988/3139 3231/2985/3136 3232/2986/3137
f 3235/2989/3140 3204/2958/3109 3230/2984/3135
f 3235/2989/3140 3230/2984/3135 3234/2988/3139
f 3202/2956/3107 3204/2958/3109 3235/2989/3140
f 3236/2990/3141 3234/2988/3139 3232/2986/3137
f 3235/2989/3140 3237/2991/3142 3202/2956/3107
f 3202/2956/3107 3237/2991/3142 3200/2954/3105
f 3234/2988/3139 3238/2992/3143 3235/2989/3140
f 3237/2991/3142 3235/2989/3140 3238/2992/3143
f 3238/2992/3143 3234/2988/3139 3236/2990/3141
f 3239/2993/3144 3200/2954/3105 3237/2991/3142
f 3238/2992/3143 3240/2994/3145 3237/2991/3142
f 3237/2991/3142 3240/2994/3145 3239/2993/3144
f 3239/2993/3144 3241/2995/3146 3200/2954/3105
f 3201/2955/3106 3200/2954/3105 3241/2995/3146
f 3242/2996/3147 3241/2995/3146 3239/2993/3144
f 3241/2995/3146 3242/2996/3147 3201/2955/3106
f 3243/2997/3148 3242/2996/3147 3239/2993/3144
f 3240/2994/3145 3243/2997/3148 3239/2993/3144
f 3244/2998/3149 3201/2955/3106 3242/2996/3147
f 3243/2997/3148 3244/2998/3149 3242/2996/3147
f 3244/2998/3149 3245/2999/1400 3201/2955/3106
f 3244/2998/3149 3246/3000/3150 3245/2999/1400
f 3243/2997/3148 3240/2994/3145 3247/3001/3151
f 3244/2998/3149 3243/2997/3148 3248/3002/3152
f 3247/3001/3151 3248/3002/3152 3243/2997/3148
f 3246/3000/3150 3244/2998/3149 3249/3003/3153
f 3249/3003/3153 3244/2998/3149 3248/3002/3152
f 3240/2994/3145 3250/3004/3154 3247/3001/3151
f 3240/2994/3145 3238/2992/3143 3250/3004/3154
f 3248/3002/3152 3247/3001/3151 3251/3005/3155
f 3238/2992/3143 3252/3006/3156 3250/3004/3154
f 3252/3006/3156 3238/2992/3143 3236/2990/3141
f 3247/3001/3151 3250/3004/3154 3253/3007/3157
f 3252/3006/3156 3253/3007/3157 3250/3004/3154
f 3247/3001/3151 3254/3008/3158 3251/3005/3155
f 3254/3008/3158 3247/3001/3151 3253/3007/3157
f 3251/3005/3155 3255/3009/3159 3248/3002/3152
f 3255/3009/3159 3249/3003/3153 3248/3002/3152
f 3256/3010/3160 3251/3005/3155 3254/3008/3158
f 3251/3005/3155 3256/3010/3160 3255/3009/3159
f 3253/3007/3157 3257/3011/3161 3254/3008/3158
f 3256/3010/3160 3254/3008/3158 3257/3011/3161
f 3253/3007/3157 3252/3006/3156 3258/3012/3162
f 3257/3011/3161 3253/3007/3157 3258/3012/3162
f 3252/3006/3156 3259/3013/3163 3258/3012/3162
f 3259/3013/3163 3257/3011/3161 3258/3012/3162
f 3259/3013/3163 3252/3006/3156 3260/3014/3164
f 3260/3014/3164 3252/3006/3156 3236/2990/3141
f 3236/2990/3141 3261/3015/3165 3260/3014/3164
f 3261/3015/3165 3259/3013/3163 3260/3014/3164
f 3261/3015/3165 3236/2990/3141 3232/2986/3137
f 3233/2987/3138 3261/3015/3165 3232/2986/3137
f 3259/3013/3163 3261/3015/3165 3262/3016/3166
f 3262/3016/3166 3261/3015/3165 3233/2987/3138
f 3257/3011/3161 3259/3013/3163 3263/3017/3167
f 3259/3013/3163 3262/3016/3166 3263/3017/3167
f 3233/2987/3138 3264/3018/3168 3262/3016/3166
f 3262/3016/3166 3264/3018/3168 3263/3017/3167
f 3264/3018/3168 3233/2987/3138 3265/3019/3169
f 3266/3020/3170 3257/3011/3161 3263/3017/3167
f 3256/3010/3160 3257/3011/3161 3266/3020/3170
f 3264/3018/3168 3267/3021/3171 3263/3017/3167
f 3265/3019/3169 3267/3021/3171 3264/3018/3168
f 3267/3021/3171 3266/3020/3170 3263/3017/3167
f 3267/3021/3171 3265/3019/3169 3268/3022/3172
f 3269/3023/3173 3256/3010/3160 3266/3020/3170
f 3269/3023/3173 3255/3009/3159 3256/3010/3160
f 3270/3024/3174 3266/3020/3170 3267/3021/3171
f 3269/3023/3173 3266/3020/3170 3270/3024/3174
f 3268/3022/3172 3271/3025/3175 3267/3021/3171
f 3267/3021/3171 3271/3025/3175 3270/3024/3174
f 3268/3022/3172 3272/3026/3176 3271/3025/3175
f 3272/3026/3176 3268/3022/3172 3273/3027/3177
f 3271/3025/3175 3274/3028/3178 3270/3024/3174
f 3272/3026/3176 3273/3027/3177 3275/3029/3179
f 3276/3030/3180 3275/3029/3179 3273/3027/3177
f 3272/3026/3176 3277/3031/3181 3271/3025/3175
f 3275/3029/3179 3277/3031/3181 3272/3026/3176
f 3274/3028/3178 3271/3025/3175 3277/3031/3181
f 3275/3029/3179 3276/3030/3180 3278/3032/3182
f 3279/3033/3183 3278/3032/3182 3276/3030/3180
f 3277/3031/3181 3275/3029/3179 3280/3034/3184
f 3278/3032/3182 3280/3034/3184 3275/3029/3179
f 3274/3028/3178 3277/3031/3181 3280/3034/3184
f 3278/3032/3182 3279/3033/3183 3281/3035/3185
f 3274/3028/3178 3280/3034/3184 3282/3036/3186
f 3283/3037/3187 3280/3034/3184 3278/3032/3182
f 3282/3036/3186 3280/3034/3184 3283/3037/3187
f 3281/3035/3185 3283/3037/3187 3278/3032/3182
f 3274/3028/3178 3282/3036/3186 3284/3038/3188
f 3279/3033/3183 3285/3039/3189 3281/3035/3185
f 3285/3039/3189 3279/3033/3183 3286/3040/3190
f 3287/3041/3191 3285/3039/3189 3286/3040/3190
f 3284/3038/3188 3288/3042/3192 3274/3028/3178
f 3288/3042/3192 3270/3024/3174 3274/3028/3178
f 3269/3023/3173 3270/3024/3174 3288/3042/3192
f 3285/3039/3189 3287/3041/3191 3289/3043/3193
f 3290/3044/3194 3289/3043/3193 3287/3041/3191
f 3285/3039/3189 3291/3045/3195 3281/3035/3185
f 3283/3037/3187 3281/3035/3185 3291/3045/3195
f 3289/3043/3193 3290/3044/3194 3292/3046/3196
f 3293/3047/3197 3292/3046/3196 3290/3044/3194
f 3294/3048/3198 3285/3039/3189 3289/3043/3193
f 3285/3039/3189 3294/3048/3198 3291/3045/3195
f 3289/3043/3193 3292/3046/3196 3295/3049/3199
f 3295/3049/3199 3294/3048/3198 3289/3043/3193
f 3292/3046/3196 3293/3047/3197 3296/3050/3200
f 3296/3050/3200 3295/3049/3199 3292/3046/3196
f 3293/3047/3197 3297/3051/3201 3296/3050/3200
f 3297/3051/3201 3293/3047/3197 3298/3052/3202
f 3299/3053/3203 3295/3049/3199 3296/3050/3200
f 3297/3051/3201 3299/3053/3203 3296/3050/3200
f 3297/3051/3201 3298/3052/3202 3300/3054/3204
f 3298/3052/3202 3301/3055/3205 3300/3054/3204
f 3299/3053/3203 3297/3051/3201 3302/3056/3206
f 3297/3051/3201 3300/3054/3204 3302/3056/3206
f 3301/3055/3205 3303/3057/3207 3300/3054/3204
f 3303/3057/3207 3301/3055/3205 3304/3058/3208
f 3302/3056/3206 3300/3054/3204 3305/3059/3209
f 3305/3059/3209 3300/3054/3204 3303/3057/3207
f 3306/3060/3210 3303/3057/3207 3304/3058/3208
f 3306/3060/3210 3304/3058/3208 3307/3061/3211
f 3306/3060/3210 3307/3061/3211 3308/3062/3212
f 3306/3060/3210 3309/3063/3213 3303/3057/3207
f 3303/3057/3207 3309/3063/3213 3305/3059/3209
f 3308/3062/3212 3310/3064/3214 3306/3060/3210
f 3310/3064/3214 3308/3062/3212 3246/3000/3150
f 3310/3064/3214 3246/3000/3150 3249/3003/3153
f 3306/3060/3210 3311/3065/3215 3309/3063/3213
f 3311/3065/3215 3306/3060/3210 3310/3064/3214
f 3312/3066/3216 3310/3064/3214 3249/3003/3153
f 3311/3065/3215 3310/3064/3214 3312/3066/3216
f 3309/3063/3213 3311/3065/3215 3313/3067/3217
f 3305/3059/3209 3309/3063/3213 3313/3067/3217
f 3312/3066/3216 3314/3068/3218 3311/3065/3215
f 3313/3067/3217 3311/3065/3215 3314/3068/3218
f 3312/3066/3216 3249/3003/3153 3315/3069/3219
f 3314/3068/3218 3312/3066/3216 3315/3069/3219
f 3315/3069/3219 3249/3003/3153 3255/3009/3159
f 3255/3009/3159 3269/3023/3173 3315/3069/3219
f 3313/3067/3217 3314/3068/3218 3316/3070/3220
f 3316/3070/3220 3305/3059/3209 3313/3067/3217
f 3315/3069/3219 3317/3071/3221 3314/3068/3218
f 3314/3068/3218 3317/3071/3221 3316/3070/3220
f 3318/3072/3222 3315/3069/3219 3269/3023/3173
f 3315/3069/3219 3318/3072/3222 3317/3071/3221
f 3318/3072/3222 3269/3023/3173 3288/3042/3192
f 3319/3073/3223 3317/3071/3221 3318/3072/3222
f 3288/3042/3192 3319/3073/3223 3318/3072/3222
f 3317/3071/3221 3319/3073/3223 3316/3070/3220
f 3319/3073/3223 3288/3042/3192 3284/3038/3188
f 3319/3073/3223 3284/3038/3188 3320/3074/3224
f 3282/3036/3186 3320/3074/3224 3284/3038/3188
f 3320/3074/3224 3282/3036/3186 3283/3037/3187
f 3321/3075/3225 3316/3070/3220 3319/3073/3223
f 3321/3075/3225 3319/3073/3223 3320/3074/3224
f 3316/3070/3220 3321/3075/3225 3322/3076/3226
f 3305/3059/3209 3316/3070/3220 3322/3076/3226
f 3320/3074/3224 3283/3037/3187 3323/3077/3227
f 3305/3059/3209 3322/3076/3226 3324/3078/3228
f 3325/3079/3229 3323/3077/3227 3283/3037/3187
f 3283/3037/3187 3291/3045/3195 3325/3079/3229
f 3305/3059/3209 3324/3078/3228 3326/3080/3230
f 3326/3080/3230 3302/3056/3206 3305/3059/3209
f 3325/3079/3229 3291/3045/3195 3327/3081/3231
f 3327/3081/3231 3323/3077/3227 3325/3079/3229
f 3294/3048/3198 3327/3081/3231 3291/3045/3195
f 3302/3056/3206 3326/3080/3230 3328/3082/3232
f 3324/3078/3228 3328/3082/3232 3326/3080/3230
f 3328/3082/3232 3299/3053/3203 3302/3056/3206
f 3328/3082/3232 3324/3078/3228 3329/3083/3233
f 3329/3083/3233 3324/3078/3228 3322/3076/3226
f 3299/3053/3203 3328/3082/3232 3330/3084/3234
f 3330/3084/3234 3328/3082/3232 3329/3083/3233
f 3330/3084/3234 3295/3049/3199 3299/3053/3203
f 3322/3076/3226 3331/3085/3235 3329/3083/3233
f 3329/3083/3233 3331/3085/3235 3330/3084/3234
f 3321/3075/3225 3331/3085/3235 3322/3076/3226
f 3331/3085/3235 3332/3086/3236 3330/3084/3234
f 3331/3085/3235 3321/3075/3225 3332/3086/3236
f 3295/3049/3199 3330/3084/3234 3333/3087/3237
f 3330/3084/3234 3332/3086/3236 3333/3087/3237
f 3321/3075/3225 3334/3088/3238 3332/3086/3236
f 3334/3088/3238 3333/3087/3237 3332/3086/3236
f 3334/3088/3238 3321/3075/3225 3320/3074/3224
f 3333/3087/3237 3335/3089/3239 3295/3049/3199
f 3333/3087/3237 3334/3088/3238 3335/3089/3239
f 3335/3089/3239 3294/3048/3198 3295/3049/3199
f 3327/3081/3231 3294/3048/3198 3335/3089/3239
f 3336/3090/3240 3334/3088/3238 3320/3074/3224
f 3334/3088/3238 3336/3090/3240 3335/3089/3239
f 3335/3089/3239 3336/3090/3240 3327/3081/3231
f 3320/3074/3224 3323/3077/3227 3336/3090/3240
f 3323/3077/3227 3327/3081/3231 3336/3090/3240
f 3337/3091/3241 3338/3092/3242 3339/3093/3243
f 3339/3093/3243 3338/3092/3242 3340/3094/3244
f 3340/3094/3244 3341/3095/3245 3339/3093/3243
f 3338/3092/3242 3342/3096/3246 3340/3094/3244
f 3342/3096/3246 3338/3092/3242 3343/3097/3247
f 3341/3095/3245 3340/3094/3244 3344/3098/3248
f 3344/3098/3248 3345/3099/3249 3341/3095/3245
f 3346/3100/3250 3340/3094/3244 3342/3096/3246
f 3343/3097/3247 3346/3100/3250 3342/3096/3246
f 3346/3100/3250 3344/3098/3248 3340/3094/3244
f 3346/3100/3250 3343/3097/3247 3347/3101/3251
f 3345/3099/3249 3344/3098/3248 3348/3102/3252
f 3348/3102/3252 3349/3103/3253 3345/3099/3249
f 3349/3103/3253 3348/3102/3252 3350/3104/3254
f 3351/3105/3255 3348/3102/3252 3344/3098/3248
f 3344/3098/3248 3346/3100/3250 3351/3105/3255
f 3352/3106/3256 3350/3104/3254 3348/3102/3252
f 3348/3102/3252 3351/3105/3255 3352/3106/3256
f 3350/3104/3254 3352/3106/3256 3353/3107/3257
f 3346/3100/3250 3354/3108/3258 3351/3105/3255
f 3354/3108/3258 3352/3106/3256 3351/3105/3255
f 3355/3109/3259 3353/3107/3257 3352/3106/3256
f 3352/3106/3256 3354/3108/3258 3355/3109/3259
f 3356/3110/3260 3353/3107/3257 3355/3109/3259
f 3354/3108/3258 3346/3100/3250 3357/3111/3261
f 3347/3101/3251 3357/3111/3261 3346/3100/3250
f 3347/3101/3251 3358/3112/3262 3357/3111/3261
f 3359/3113/3263 3356/3110/3260 3355/3109/3259
f 3356/3110/3260 3359/3113/3263 3360/3114/3264
f 3361/3115/3265 3355/3109/3259 3354/3108/3258
f 3355/3109/3259 3361/3115/3265 3359/3113/3263
f 3357/3111/3261 3361/3115/3265 3354/3108/3258
f 3362/3116/3266 3360/3114/3264 3359/3113/3263
f 3360/3114/3264 3362/3116/3266 3363/3117/3267
f 3362/3116/3266 3364/3118/3268 3363/3117/3267
f 3361/3115/3265 3357/3111/3261 3365/3119/3269
f 3357/3111/3261 3358/3112/3262 3365/3119/3269
f 3358/3112/3262 3366/3120/3270 3365/3119/3269
f 3366/3120/3270 3361/3115/3265 3365/3119/3269
f 3366/3120/3270 3358/3112/3262 3367/3121/3271
f 3368/3122/3272 3359/3113/3263 3361/3115/3265
f 3361/3115/3265 3366/3120/3270 3368/3122/3272
f 3359/3113/3263 3368/3122/3272 3362/3116/3266
f 3367/3121/3271 3369/3123/3273 3366/3120/3270
f 3369/3123/3273 3368/3122/3272 3366/3120/3270
f 3369/3123/3273 3367/3121/3271 3370/3124/3274
f 3368/3122/3272 3371/3125/3275 3362/3116/3266
f 3368/3122/3272 3369/3123/3273 3371/3125/3275
f 3364/3118/3268 3362/3116/3266 3372/3126/3276
f 3371/3125/3275 3372/3126/3276 3362/3116/3266
f 3372/3126/3276 3373/3127/3277 3364/3118/3268
f 3369/3123/3273 3374/3128/3278 3371/3125/3275
f 3374/3128/3278 3372/3126/3276 3371/3125/3275
f 3370/3124/3274 3375/3129/3279 3369/3123/3273
f 3374/3128/3278 3369/3123/3273 3375/3129/3279
f 3375/3129/3279 3370/3124/3274 3376/3130/3280
f 3377/3131/3281 3373/3127/3277 3372/3126/3276
f 3372/3126/3276 3374/3128/3278 3377/3131/3281
f 3373/3127/3277 3377/3131/3281 3378/3132/3282
f 3375/3129/3279 3379/3133/3283 3374/3128/3278
f 3379/3133/3283 3377/3131/3281 3374/3128/3278
f 3376/3130/3280 3380/3134/3284 3375/3129/3279
f 3379/3133/3283 3375/3129/3279 3380/3134/3284
f 3380/3134/3284 3376/3130/3280 3381/3135/3285
f 3382/3136/3286 3378/3132/3282 3377/3131/3281
f 3377/3131/3281 3379/3133/3283 3382/3136/3286
f 3378/3132/3282 3382/3136/3286 3383/3137/3287
f 3381/3135/3285 3384/3138/3288 3380/3134/3284
f 3385/3139/3289 3384/3138/3288 3381/3135/3285
f 3380/3134/3284 3386/3140/3290 3379/3133/3283
f 3386/3140/3290 3380/3134/3284 3384/3138/3288
f 3379/3133/3283 3386/3140/3290 3382/3136/3286
f 3385/3139/3289 3387/3141/3291 3384/3138/3288
f 3387/3141/3291 3386/3140/3290 3384/3138/3288
f 3387/3141/3291 3385/3139/3289 3388/3142/3292
f 3389/3143/3293 3387/3141/3291 3388/3142/3292
f 3389/3143/3293 3390/3144/3294 3387/3141/3291
f 3386/3140/3290 3387/3141/3291 3390/3144/3294
f 3390/3144/3294 3389/3143/3293 3391/3145/3295
f 3392/3146/3296 3390/3144/3294 3391/3145/3295
f 3390/3144/3294 3392/3146/3296 3393/3147/3297
f 3393/3147/3297 3386/3140/3290 3390/3144/3294
f 3394/3148/3298 3393/3147/3297 3392/3146/3296
f 3395/3149/3299 3393/3147/3297 3394/3148/3298
f 3386/3140/3290 3393/3147/3297 3396/3150/3300
f 3393/3147/3297 3395/3149/3299 3396/3150/3300
f 3386/3140/3290 3396/3150/3300 3382/3136/3286
f 3396/3150/3300 3395/3149/3299 3383/3137/3287
f 3382/3136/3286 3396/3150/3300 3383/3137/3287
f 3397/3151/3301 3398/3152/3302 3399/3153/3303
f 3398/3152/3302 3397/3151/3301 3400/3154/3304
f 3398/3152/3302 3400/3154/3304 3401/3155/3305
f 3400/3154/3304 3397/3151/3301 3402/3156/3306
f 3403/3157/3307 3402/3156/3306 3397/3151/3301
f 3404/3158/3308 3401/3155/3305 3400/3154/3304
f 3402/3156/3306 3404/3158/3308 3400/3154/3304
f 3402/3156/3306 3403/3157/3307 3405/3159/3309
f 3406/3160/3310 3405/3159/3309 3403/3157/3307
f 3404/3158/3308 3402/3156/3306 3407/3161/3311
f 3405/3159/3309 3407/3161/3311 3402/3156/3306
f 3401/3155/3305 3404/3158/3308 3408/3162/3312
f 3408/3162/3312 3409/3163/3313 3401/3155/3305
f 3410/3164/3314 3404/3158/3308 3407/3161/3311
f 3404/3158/3308 3410/3164/3314 3408/3162/3312
f 3407/3161/3311 3405/3159/3309 3411/3165/3315
f 3411/3165/3315 3410/3164/3314 3407/3161/3311
f 3405/3159/3309 3406/3160/3310 3412/3166/3316
f 3412/3166/3316 3411/3165/3315 3405/3159/3309
f 3406/3160/3310 3413/3167/3317 3412/3166/3316
f 3414/3168/3318 3413/3167/3317 3406/3160/3310
f 3411/3165/3315 3412/3166/3316 3415/3169/3319
f 3414/3168/3318 3416/3170/3320 3413/3167/3317
f 3416/3170/3320 3414/3168/3318 3417/3171/3321
f 3413/3167/3317 3418/3172/3322 3412/3166/3316
f 3412/3166/3316 3418/3172/3322 3415/3169/3319
f 3419/3173/3323 3413/3167/3317 3416/3170/3320
f 3413/3167/3317 3419/3173/3323 3418/3172/3322
f 3417/3171/3321 3420/3174/3324 3416/3170/3320
f 3421/3175/3325 3420/3174/3324 3417/3171/3321
f 3420/3174/3324 3421/3175/3325 3422/3176/3326
f 3420/3174/3324 3423/3177/3327 3416/3170/3320
f 3422/3176/3326 3423/3177/3327 3420/3174/3324
f 3419/3173/3323 3416/3170/3320 3423/3177/3327
f 3423/3177/3327 3422/3176/3326 3424/3178/3328
f 3424/3178/3328 3425/3179/3329 3423/3177/3327
f 3423/3177/3327 3425/3179/3329 3419/3173/3323
f 3426/3180/3330 3425/3179/3329 3424/3178/3328
f 3419/3173/3323 3425/3179/3329 3427/3181/3331
f 3427/3181/3331 3418/3172/3322 3419/3173/3323
f 3425/3179/3329 3426/3180/3330 3428/3182/3332
f 3427/3181/3331 3425/3179/3329 3429/3183/3333
f 3429/3183/3333 3425/3179/3329 3428/3182/3332
f 3418/3172/3322 3427/3181/3331 3430/3184/3334
f 3429/3183/3333 3430/3184/3334 3427/3181/3331
f 3426/3180/3330 3431/3185/3335 3428/3182/3332
f 3426/3180/3330 3432/3186/3336 3431/3185/3335
f 3433/3187/3337 3429/3183/3333 3428/3182/3332
f 3431/3185/3335 3433/3187/3337 3428/3182/3332
f 3430/3184/3334 3429/3183/3333 3434/3188/3338
f 3433/3187/3337 3434/3188/3338 3429/3183/3333
f 3432/3186/3336 3435/3189/3339 3431/3185/3335
f 3435/3189/3339 3432/3186/3336 3436/3190/3340
f 3433/3187/3337 3431/3185/3335 3437/3191/3341
f 3435/3189/3339 3437/3191/3341 3431/3185/3335
f 3434/3188/3338 3433/3187/3337 3438/3192/3342
f 3437/3191/3341 3438/3192/3342 3433/3187/3337
f 3436/3190/3340 3439/3193/3343 3435/3189/3339
f 3439/3193/3343 3436/3190/3340 3440/3194/3344
f 3437/3191/3341 3435/3189/3339 3441/3195/3345
f 3439/3193/3343 3441/3195/3345 3435/3189/3339
f 3440/3194/3344 3442/3196/3346 3439/3193/3343
f 3442/3196/3346 3440/3194/3344 3443/3197/3347
f 3441/3195/3345 3439/3193/3343 3444/3198/3348
f 3442/3196/3346 3444/3198/3348 3439/3193/3343
f 3437/3191/3341 3441/3195/3345 3445/3199/3349
f 3444/3198/3348 3442/3196/3346 3446/3200/3350
f 3441/3195/3345 3444/3198/3348 3447/3201/3351
f 3447/3201/3351 3445/3199/3349 3441/3195/3345
f 3446/3200/3350 3442/3196/3346 3448/3202/3352
f 3448/3202/3352 3442/3196/3346 3443/3197/3347
f 3446/3200/3350 3449/3203/3353 3444/3198/3348
f 3449/3203/3353 3447/3201/3351 3444/3198/3348
f 3448/3202/3352 3450/3204/3354 3446/3200/3350
f 3450/3204/3354 3449/3203/3353 3446/3200/3350
f 3448/3202/3352 3443/3197/3347 3451/3205/3355
f 3451/3205/3355 3443/3197/3347 3452/3206/3356
f 3450/3204/3354 3448/3202/3352 3453/3207/3357
f 3448/3202/3352 3451/3205/3355 3453/3207/3357
f 3449/3203/3353 3450/3204/3354 3454/3208/3358
f 3453/3207/3357 3454/3208/3358 3450/3204/3354
f 3455/3209/3359 3451/3205/3355 3452/3206/3356
f 3455/3209/3359 3452/3206/3356 3456/3210/3360
f 3457/3211/3361 3455/3209/3359 3456/3210/3360
f 3451/3205/3355 3458/3212/3362 3453/3207/3357
f 3455/3209/3359 3458/3212/3362 3451/3205/3355
f 3455/3209/3359 3457/3211/3361 3459/3213/3363
f 3457/3211/3361 3460/3214/3364 3459/3213/3363
f 3461/3215/3365 3458/3212/3362 3455/3209/3359
f 3459/3213/3363 3461/3215/3365 3455/3209/3359
f 3459/3213/3363 3460/3214/3364 3462/3216/3366
f 3462/3216/3366 3460/3214/3364 3463/3217/3367
f 3461/3215/3365 3459/3213/3363 3464/3218/3368
f 3462/3216/3366 3464/3218/3368 3459/3213/3363
f 3465/3219/3369 3462/3216/3366 3463/3217/3367
f 3465/3219/3369 3463/3217/3367 3466/3220/3370
f 3464/3218/3368 3462/3216/3366 3467/3221/3371
f 3462/3216/3366 3465/3219/3369 3467/3221/3371
f 3465/3219/3369 3466/3220/3370 3468/3222/3372
f 3469/3223/3373 3468/3222/3372 3466/3220/3370
f 3470/3224/3374 3467/3221/3371 3465/3219/3369
f 3468/3222/3372 3469/3223/3373 3471/3225/3375
f 3471/3225/3375 3469/3223/3373 3472/3226/3376
f 3468/3222/3372 3473/3227/3377 3465/3219/3369
f 3471/3225/3375 3473/3227/3377 3468/3222/3372
f 3465/3219/3369 3473/3227/3377 3470/3224/3374
f 3472/3226/3376 3474/3228/3378 3471/3225/3375
f 3475/3229/3379 3474/3228/3378 3472/3226/3376
f 3471/3225/3375 3476/3230/3380 3473/3227/3377
f 3476/3230/3380 3471/3225/3375 3474/3228/3378
f 3474/3228/3378 3475/3229/3379 3477/3231/3381
f 3474/3228/3378 3478/3232/3382 3476/3230/3380
f 3474/3228/3378 3477/3231/3381 3478/3232/3382
f 3475/3229/3379 3479/3233/3383 3477/3231/3381
f 3479/3233/3383 3475/3229/3379 3480/3234/3384
f 3481/3235/3385 3477/3231/3381 3479/3233/3383
f 3477/3231/3381 3481/3235/3385 3478/3232/3382
f 3479/3233/3383 3480/3234/3384 3482/3236/3386
f 3482/3236/3386 3481/3235/3385 3479/3233/3383
f 3482/3236/3386 3480/3234/3384 3483/3237/3387
f 3483/3237/3387 3484/3238/3388 3482/3236/3386
f 3481/3235/3385 3482/3236/3386 3485/3239/3389
f 3482/3236/3386 3484/3238/3388 3485/3239/3389
f 3484/3238/3388 3483/3237/3387 3486/3240/3390
f 3483/3237/3387 3487/3241/3391 3486/3240/3390
f 3486/3240/3390 3488/3242/3392 3484/3238/3388
f 3488/3242/3392 3485/3239/3389 3484/3238/3388
f 3487/3241/3391 3489/3243/3393 3486/3240/3390
f 3488/3242/3392 3486/3240/3390 3489/3243/3393
f 3489/3243/3393 3487/3241/3391 3490/3244/3394
f 3491/3245/3395 3489/3243/3393 3490/3244/3394
f 3490/3244/3394 3492/3246/3396 3491/3245/3395
f 3489/3243/3393 3493/3247/3397 3488/3242/3392
f 3493/3247/3397 3489/3243/3393 3491/3245/3395
f 3494/3248/3398 3491/3245/3395 3492/3246/3396
f 3492/3246/3396 3495/3249/3399 3494/3248/3398
f 3491/3245/3395 3496/3250/3400 3493/3247/3397
f 3496/3250/3400 3491/3245/3395 3494/3248/3398
f 3495/3249/3399 3497/3251/3401 3494/3248/3398
f 3497/3251/3401 3495/3249/3399 3498/3252/3402
f 3494/3248/3398 3499/3253/3403 3496/3250/3400
f 3494/3248/3398 3497/3251/3401 3499/3253/3403
f 3496/3250/3400 3500/3254/3404 3493/3247/3397
f 3499/3253/3403 3500/3254/3404 3496/3250/3400
f 3488/3242/3392 3493/3247/3397 3501/3255/3405
f 3501/3255/3405 3485/3239/3389 3488/3242/3392
f 3493/3247/3397 3500/3254/3404 3502/3256/3406
f 3502/3256/3406 3501/3255/3405 3493/3247/3397
f 3503/3257/3407 3485/3239/3389 3501/3255/3405
f 3502/3256/3406 3504/3258/3408 3501/3255/3405
f 3485/3239/3389 3503/3257/3407 3505/3259/3409
f 3505/3259/3409 3481/3235/3385 3485/3239/3389
f 3501/3255/3405 3506/3260/3410 3503/3257/3407
f 3506/3260/3410 3501/3255/3405 3504/3258/3408
f 3503/3257/3407 3507/3261/3411 3505/3259/3409
f 3506/3260/3410 3507/3261/3411 3503/3257/3407
f 3481/3235/3385 3505/3259/3409 3508/3262/3412
f 3508/3262/3412 3505/3259/3409 3507/3261/3411
f 3478/3232/3382 3481/3235/3385 3508/3262/3412
f 3506/3260/3410 3509/3263/3413 3507/3261/3411
f 3509/3263/3413 3506/3260/3410 3504/3258/3408
f 3507/3261/3411 3510/3264/3414 3508/3262/3412
f 3504/3258/3408 3511/3265/3415 3509/3263/3413
f 3511/3265/3415 3504/3258/3408 3502/3256/3406
f 3502/3256/3406 3500/3254/3404 3511/3265/3415
f 3512/3266/3416 3507/3261/3411 3509/3263/3413
f 3511/3265/3415 3512/3266/3416 3509/3263/3413
f 3507/3261/3411 3512/3266/3416 3510/3264/3414
f 3500/3254/3404 3513/3267/3417 3511/3265/3415
f 3514/3268/3418 3512/3266/3416 3511/3265/3415
f 3511/3265/3415 3513/3267/3417 3514/3268/3418
f 3515/3269/3419 3510/3264/3414 3512/3266/3416
f 3512/3266/3416 3514/3268/3418 3515/3269/3419
f 3510/3264/3414 3516/3270/3420 3508/3262/3412
f 3508/3262/3412 3516/3270/3420 3478/3232/3382
f 3510/3264/3414 3515/3269/3419 3517/3271/3421
f 3516/3270/3420 3510/3264/3414 3517/3271/3421
f 3516/3270/3420 3518/3272/3422 3478/3232/3382
f 3478/3232/3382 3518/3272/3422 3476/3230/3380
f 3519/3273/3423 3516/3270/3420 3517/3271/3421
f 3516/3270/3420 3519/3273/3423 3518/3272/3422
f 3517/3271/3421 3515/3269/3419 3520/3274/3424
f 3517/3271/3421 3520/3274/3424 3519/3273/3423
f 3521/3275/3425 3476/3230/3380 3518/3272/3422
f 3476/3230/3380 3521/3275/3425 3473/3227/3377
f 3519/3273/3423 3522/3276/3426 3518/3272/3422
f 3521/3275/3425 3518/3272/3422 3522/3276/3426
f 3520/3274/3424 3522/3276/3426 3519/3273/3423
f 3523/3277/3427 3473/3227/3377 3521/3275/3425
f 3470/3224/3374 3473/3227/3377 3523/3277/3427
f 3521/3275/3425 3524/3278/3428 3523/3277/3427
f 3524/3278/3428 3521/3275/3425 3522/3276/3426
f 3523/3277/3427 3524/3278/3428 3470/3224/3374
f 3525/3279/3429 3524/3278/3428 3522/3276/3426
f 3524/3278/3428 3525/3279/3429 3470/3224/3374
f 3522/3276/3426 3520/3274/3424 3525/3279/3429
f 3525/3279/3429 3526/3280/3430 3470/3224/3374
f 3470/3224/3374 3526/3280/3430 3467/3221/3371
f 3526/3280/3430 3464/3218/3368 3467/3221/3371
f 3525/3279/3429 3520/3274/3424 3527/3281/3431
f 3525/3279/3429 3527/3281/3431 3526/3280/3430
f 3527/3281/3431 3520/3274/3424 3515/3269/3419
f 3515/3269/3419 3514/3268/3418 3527/3281/3431
f 3526/3280/3430 3528/3282/3432 3464/3218/3368
f 3528/3282/3432 3526/3280/3430 3527/3281/3431
f 3528/3282/3432 3461/3215/3365 3464/3218/3368
f 3514/3268/3418 3529/3283/3433 3527/3281/3431
f 3528/3282/3432 3527/3281/3431 3529/3283/3433
f 3461/3215/3365 3528/3282/3432 3530/3284/3434
f 3529/3283/3433 3530/3284/3434 3528/3282/3432
f 3458/3212/3362 3461/3215/3365 3530/3284/3434
f 3529/3283/3433 3514/3268/3418 3531/3285/3435
f 3531/3285/3435 3514/3268/3418 3513/3267/3417
f 3529/3283/3433 3531/3285/3435 3532/3286/3436
f 3532/3286/3436 3531/3285/3435 3513/3267/3417
f 3532/3286/3436 3530/3284/3434 3529/3283/3433
f 3513/3267/3417 3533/3287/3437 3532/3286/3436
f 3533/3287/3437 3513/3267/3417 3500/3254/3404
f 3499/3253/3403 3533/3287/3437 3500/3254/3404
f 3534/3288/3438 3530/3284/3434 3532/3286/3436
f 3533/3287/3437 3534/3288/3438 3532/3286/3436
f 3530/3284/3434 3535/3289/3439 3458/3212/3362
f 3530/3284/3434 3534/3288/3438 3535/3289/3439
f 3458/3212/3362 3535/3289/3439 3453/3207/3357
f 3499/3253/3403 3536/3290/3440 3533/3287/3437
f 3534/3288/3438 3533/3287/3437 3536/3290/3440
f 3535/3289/3439 3537/3291/3441 3453/3207/3357
f 3454/3208/3358 3453/3207/3357 3537/3291/3441
f 3538/3292/3442 3535/3289/3439 3534/3288/3438
f 3535/3289/3439 3538/3292/3442 3537/3291/3441
f 3537/3291/3441 3539/3293/3443 3454/3208/3358
f 3539/3293/3443 3537/3291/3441 3538/3292/3442
f 3539/3293/3443 3449/3203/3353 3454/3208/3358
f 3534/3288/3438 3540/3294/3444 3538/3292/3442
f 3536/3290/3440 3540/3294/3444 3534/3288/3438
f 3538/3292/3442 3541/3295/3445 3539/3293/3443
f 3540/3294/3444 3541/3295/3445 3538/3292/3442
f 3449/3203/3353 3539/3293/3443 3542/3296/3446
f 3541/3295/3445 3542/3296/3446 3539/3293/3443
f 3447/3201/3351 3449/3203/3353 3542/3296/3446
f 3542/3296/3446 3541/3295/3445 3543/3297/3447
f 3543/3297/3447 3447/3201/3351 3542/3296/3446
f 3540/3294/3444 3544/3298/3448 3541/3295/3445
f 3544/3298/3448 3543/3297/3447 3541/3295/3445
f 3540/3294/3444 3536/3290/3440 3545/3299/3449
f 3544/3298/3448 3540/3294/3444 3545/3299/3449
f 3447/3201/3351 3543/3297/3447 3546/3300/3450
f 3546/3300/3450 3445/3199/3349 3447/3201/3351
f 3543/3297/3447 3544/3298/3448 3547/3301/3451
f 3546/3300/3450 3543/3297/3447 3547/3301/3451
f 3544/3298/3448 3548/3302/3452 3547/3301/3451
f 3547/3301/3451 3549/3303/3453 3546/3300/3450
f 3547/3301/3451 3548/3302/3452 3549/3303/3453
f 3445/3199/3349 3546/3300/3450 3550/3304/3454
f 3549/3303/3453 3550/3304/3454 3546/3300/3450
f 3550/3304/3454 3551/3305/3455 3445/3199/3349
f 3445/3199/3349 3551/3305/3455 3437/3191/3341
f 3438/3192/3342 3437/3191/3341 3551/3305/3455
f 3550/3304/3454 3549/3303/3453 3552/3306/3456
f 3551/3305/3455 3553/3307/3457 3438/3192/3342
f 3553/3307/3457 3434/3188/3338 3438/3192/3342
f 3551/3305/3455 3550/3304/3454 3554/3308/3458
f 3554/3308/3458 3553/3307/3457 3551/3305/3455
f 3552/3306/3456 3554/3308/3458 3550/3304/3454
f 3434/3188/3338 3553/3307/3457 3555/3309/3459
f 3555/3309/3459 3430/3184/3334 3434/3188/3338
f 3553/3307/3457 3554/3308/3458 3556/3310/3460
f 3556/3310/3460 3555/3309/3459 3553/3307/3457
f 3430/3184/3334 3555/3309/3459 3557/3311/3461
f 3557/3311/3461 3418/3172/3322 3430/3184/3334
f 3418/3172/3322 3557/3311/3461 3415/3169/3319
f 3555/3309/3459 3556/3310/3460 3558/3312/3462
f 3558/3312/3462 3557/3311/3461 3555/3309/3459
f 3559/3313/3463 3415/3169/3319 3557/3311/3461
f 3557/3311/3461 3558/3312/3462 3559/3313/3463
f 3415/3169/3319 3559/3313/3463 3411/3165/3315
f 3410/3164/3314 3411/3165/3315 3559/3313/3463
f 3558/3312/3462 3410/3164/3314 3559/3313/3463
f 3410/3164/3314 3558/3312/3462 3560/3314/3464
f 3408/3162/3312 3410/3164/3314 3560/3314/3464
f 3561/3315/3465 3558/3312/3462 3556/3310/3460
f 3558/3312/3462 3561/3315/3465 3560/3314/3464
f 3556/3310/3460 3554/3308/3458 3561/3315/3465
f 3562/3316/3466 3408/3162/3312 3560/3314/3464
f 3560/3314/3464 3561/3315/3465 3562/3316/3466
f 3409/3163/3313 3408/3162/3312 3562/3316/3466
f 3563/3317/3467 3561/3315/3465 3554/3308/3458
f 3561/3315/3465 3563/3317/3467 3562/3316/3466
f 3562/3316/3466 3563/3317/3467 3409/3163/3313
f 3554/3308/3458 3552/3306/3456 3563/3317/3467
f 3563/3317/3467 3564/3318/3468 3409/3163/3313
f 3563/3317/3467 3565/3319/3469 3564/3318/3468
f 3565/3319/3469 3563/3317/3467 3552/3306/3456
f 3552/3306/3456 3566/3320/3470 3565/3319/3469
f 3566/3320/3470 3552/3306/3456 3549/3303/3453
f 3549/3303/3453 3548/3302/3452 3566/3320/3470
f 3548/3302/3452 3567/3321/3471 3566/3320/3470
f 3568/3322/3472 3567/3321/3471 3548/3302/3452
f 3548/3302/3452 3544/3298/3448 3568/3322/3472
f 3545/3299/3449 3568/3322/3472 3544/3298/3448
f 3567/3321/3471 3568/3322/3472 3569/3323/3473
f 3570/3324/3474 3567/3321/3471 3569/3323/3473
f 3569/3323/3473 3498/3252/3402 3570/3324/3474
f 3498/3252/3402 3569/3323/3473 3497/3251/3401
f 3568/3322/3472 3571/3325/3475 3569/3323/3473
f 3571/3325/3475 3497/3251/3401 3569/3323/3473
f 3545/3299/3449 3571/3325/3475 3568/3322/3472
f 3497/3251/3401 3571/3325/3475 3572/3326/3476
f 3572/3326/3476 3571/3325/3475 3545/3299/3449
f 3572/3326/3476 3499/3253/3403 3497/3251/3401
f 3536/3290/3440 3572/3326/3476 3545/3299/3449
f 3536/3290/3440 3499/3253/3403 3572/3326/3476
f 3573/3327/3477 3574/3328/3478 3575/3329/3479
f 3573/3327/3477 3575/3329/3479 3576/3330/3480
f 3573/3327/3477 3576/3330/3480 3577/3331/3481
f 3575/3329/3479 3578/3332/3482 3576/3330/3480
f 3578/3332/3482 3575/3329/3479 3579/3333/3483
f 3577/3331/3481 3576/3330/3480 3580/3334/3484
f 3580/3334/3484 3581/3335/3485 3577/3331/3481
f 3581/3335/3485 3580/3334/3484 3582/3336/3486
f 3580/3334/3484 3576/3330/3480 3583/3337/3487
f 3583/3337/3487 3582/3336/3486 3580/3334/3484
f 3578/3332/3482 3583/3337/3487 3576/3330/3480
f 3582/3336/3486 3583/3337/3487 3584/3338/3488
f 3583/3337/3487 3578/3332/3482 3585/3339/3489
f 3584/3338/3488 3583/3337/3487 3585/3339/3489
f 3579/3333/3483 3586/3340/3490 3578/3332/3482
f 3578/3332/3482 3586/3340/3490 3585/3339/3489
f 3579/3333/3483 3587/3341/3491 3586/3340/3490
f 3587/3341/3491 3579/3333/3483 3588/3342/3492
f 3585/3339/3489 3586/3340/3490 3589/3343/3493
f 3587/3341/3491 3589/3343/3493 3586/3340/3490
f 3588/3342/3492 3590/3344/3494 3587/3341/3491
f 3590/3344/3494 3588/3342/3492 3591/3345/3495
f 3590/3344/3494 3591/3345/3495 3592/3346/3496
f 3589/3343/3493 3587/3341/3491 3593/3347/3497
f 3590/3344/3494 3593/3347/3497 3587/3341/3491
f 3594/3348/3498 3585/3339/3489 3589/3343/3493
f 3593/3347/3497 3594/3348/3498 3589/3343/3493
f 3590/3344/3494 3592/3346/3496 3595/3349/3499
f 3595/3349/3499 3592/3346/3496 3596/3350/3500
f 3593/3347/3497 3590/3344/3494 3597/3351/3501
f 3595/3349/3499 3597/3351/3501 3590/3344/3494
f 3585/3339/3489 3594/3348/3498 3598/3352/3502
f 3584/3338/3488 3585/3339/3489 3598/3352/3502
f 3599/3353/3503 3598/3352/3502 3594/3348/3498
f 3598/3352/3502 3600/3354/3504 3584/3338/3488
f 3598/3352/3502 3599/3353/3503 3600/3354/3504
f 3599/3353/3503 3594/3348/3498 3601/3355/3505
f 3594/3348/3498 3593/3347/3497 3601/3355/3505
f 3600/3354/3504 3599/3353/3503 3602/3356/3506
f 3601/3355/3505 3602/3356/3506 3599/3353/3503
f 3603/3357/3507 3584/3338/3488 3600/3354/3504
f 3601/3355/3505 3593/3347/3497 3604/3358/3508
f 3593/3347/3497 3597/3351/3501 3604/3358/3508
f 3605/3359/3509 3603/3357/3507 3600/3354/3504
f 3602/3356/3506 3605/3359/3509 3600/3354/3504
f 3606/3360/3510 3584/3338/3488 3603/3357/3507
f 3584/3338/3488 3606/3360/3510 3582/3336/3486
f 3606/3360/3510 3607/3335/3511 3582/3336/3486
f 3607/3335/3511 3606/3360/3510 3608/3361/3512
f 3609/3362/3513 3606/3360/3510 3603/3357/3507
f 3603/3357/3507 3605/3359/3509 3609/3362/3513
f 3610/3363/3514 3608/3361/3512 3606/3360/3510
f 3606/3360/3510 3609/3362/3513 3610/3363/3514
f 3608/3361/3512 3610/3363/3514 3611/3364/3515
f 3605/3359/3509 3612/3365/3516 3609/3362/3513
f 3613/3366/3517 3611/3364/3515 3610/3363/3514
f 3611/3364/3515 3613/3366/3517 3614/3367/3518
f 3613/3366/3517 3615/3368/2595 3614/3367/3518
f 3616/3369/3519 3610/3363/3514 3609/3362/3513
f 3610/3363/3514 3616/3369/3519 3613/3366/3517
f 3609/3362/3513 3612/3365/3516 3616/3369/3519
f 3615/3368/2595 3613/3366/3517 3617/3370/3520
f 3617/3370/3520 3613/3366/3517 3616/3369/3519
f 3615/3368/2595 3617/3370/3520 3618/3371/3521
f 3619/3372/3522 3616/3369/3519 3612/3365/3516
f 3616/3369/3519 3619/3372/3522 3617/3370/3520
f 3618/3371/3521 3617/3370/3520 3620/3373/3523
f 3619/3372/3522 3620/3373/3523 3617/3370/3520
f 3621/3374/3524 3618/3371/3521 3620/3373/3523
f 3620/3373/3523 3622/3375/3525 3621/3374/3524
f 3619/3372/3522 3622/3375/3525 3620/3373/3523
f 3623/3376/3526 3619/3372/3522 3612/3365/3516
f 3605/3359/3509 3623/3376/3526 3612/3365/3516
f 3623/3376/3526 3605/3359/3509 3602/3356/3506
f 3624/3377/3527 3622/3375/3525 3619/3372/3522
f 3619/3372/3522 3623/3376/3526 3624/3377/3527
f 3622/3375/3525 3624/3377/3527 3625/3378/3528
f 3602/3356/3506 3626/3379/3529 3623/3376/3526
f 3623/3376/3526 3626/3379/3529 3624/3377/3527
f 3626/3379/3529 3602/3356/3506 3601/3355/3505
f 3627/3380/3530 3625/3378/3528 3624/3377/3527
f 3626/3379/3529 3627/3380/3530 3624/3377/3527
f 3625/3378/3528 3627/3380/3530 3628/3381/3531
f 3601/3355/3505 3629/3382/3532 3626/3379/3529
f 3626/3379/3529 3629/3382/3532 3627/3380/3530
f 3629/3382/3532 3601/3355/3505 3604/3358/3508
f 3627/3380/3530 3630/3383/3533 3628/3381/3531
f 3629/3382/3532 3630/3383/3533 3627/3380/3530
f 3630/3383/3533 3631/3384/3534 3628/3381/3531
f 3630/3383/3533 3632/3385/3535 3631/3384/3534
f 3629/3382/3532 3632/3385/3535 3630/3383/3533
f 3632/3385/3535 3633/3386/3536 3631/3384/3534
f 3604/3358/3508 3634/3387/3537 3629/3382/3532
f 3632/3385/3535 3629/3382/3532 3634/3387/3537
f 3632/3385/3535 3635/3388/3538 3633/3386/3536
f 3634/3387/3537 3635/3388/3538 3632/3385/3535
f 3635/3388/3538 3636/3389/3539 3633/3386/3536
f 3634/3387/3537 3604/3358/3508 3637/3390/3540
f 3604/3358/3508 3597/3351/3501 3637/3390/3540
f 3635/3388/3538 3634/3387/3537 3638/3391/3541
f 3637/3390/3540 3638/3391/3541 3634/3387/3537
f 3639/3392/3542 3636/3389/3539 3635/3388/3538
f 3597/3351/3501 3640/3393/3543 3637/3390/3540
f 3597/3351/3501 3595/3349/3499 3640/3393/3543
f 3641/3394/3544 3639/3392/3542 3635/3388/3538
f 3641/3394/3544 3635/3388/3538 3638/3391/3541
f 3642/3395/3545 3636/3389/3539 3639/3392/3542
f 3642/3395/3545 3643/3396/3546 3636/3389/3539
f 3644/3397/3547 3639/3392/3542 3641/3394/3544
f 3639/3392/3542 3644/3397/3547 3642/3395/3545
f 3638/3391/3541 3645/3398/3548 3641/3394/3544
f 3645/3398/3548 3644/3397/3547 3641/3394/3544
f 3638/3391/3541 3637/3390/3540 3646/3399/3549
f 3646/3399/3549 3645/3398/3548 3638/3391/3541
f 3637/3390/3540 3640/3393/3543 3646/3399/3549
f 3644/3397/3547 3645/3398/3548 3647/3400/3550
f 3645/3398/3548 3646/3399/3549 3648/3401/3551
f 3647/3400/3550 3645/3398/3548 3648/3401/3551
f 3640/3393/3543 3649/3402/3552 3646/3399/3549
f 3646/3399/3549 3650/3403/3553 3648/3401/3551
f 3650/3403/3553 3646/3399/3549 3649/3402/3552
f 3651/3404/3554 3647/3400/3550 3648/3401/3551
f 3650/3403/3553 3651/3404/3554 3648/3401/3551
f 3640/3393/3543 3652/3405/3555 3649/3402/3552
f 3652/3405/3555 3640/3393/3543 3595/3349/3499
f 3595/3349/3499 3596/3350/3500 3652/3405/3555
f 3653/3406/3556 3650/3403/3553 3649/3402/3552
f 3649/3402/3552 3652/3405/3555 3653/3406/3556
f 3596/3350/3500 3654/3407/3557 3652/3405/3555
f 3652/3405/3555 3654/3407/3557 3653/3406/3556
f 3596/3350/3500 3655/3408/3558 3654/3407/3557
f 3653/3406/3556 3654/3407/3557 3655/3408/3558
f 3655/3408/3558 3596/3350/3500 3656/3409/3559
f 3653/3406/3556 3657/3410/3560 3650/3403/3553
f 3651/3404/3554 3650/3403/3553 3657/3410/3560
f 3658/3411/3561 3653/3406/3556 3655/3408/3558
f 3657/3410/3560 3653/3406/3556 3658/3411/3561
f 3659/3412/3562 3655/3408/3558 3656/3409/3559
f 3659/3412/3562 3658/3411/3561 3655/3408/3558
f 3660/3413/3563 3657/3410/3560 3658/3411/3561
f 3658/3411/3561 3659/3412/3562 3660/3413/3563
f 3661/3414/3564 3651/3404/3554 3657/3410/3560
f 3657/3410/3560 3660/3413/3563 3661/3414/3564
f 3659/3412/3562 3656/3409/3559 3662/3415/3565
f 3656/3409/3559 3663/3416/3566 3662/3415/3565
f 3659/3412/3562 3664/3417/3567 3660/3413/3563
f 3662/3415/3565 3664/3417/3567 3659/3412/3562
f 3664/3417/3567 3665/3418/3568 3660/3413/3563
f 3665/3418/3568 3661/3414/3564 3660/3413/3563
f 3666/3419/3569 3664/3417/3567 3662/3415/3565
f 3666/3419/3569 3665/3418/3568 3664/3417/3567
f 3667/3420/3570 3662/3415/3565 3663/3416/3566
f 3667/3420/3570 3666/3419/3569 3662/3415/3565
f 3663/3416/3566 3668/3421/3571 3667/3420/3570
f 3651/3404/3554 3661/3414/3564 3669/3422/829
f 3669/3422/829 3647/3400/3550 3651/3404/3554
f 3661/3414/3564 3670/3423/3572 3669/3422/829
f 3670/3423/3572 3661/3414/3564 3665/3418/3568
f 3671/3424/3573 3647/3400/3550 3669/3422/829
f 3670/3423/3572 3671/3424/3573 3669/3422/829
f 3671/3424/3573 3644/3397/3547 3647/3400/3550
f 3665/3418/3568 3672/3425/3574 3670/3423/3572
f 3644/3397/3547 3671/3424/3573 3673/3426/3575
f 3644/3397/3547 3673/3426/3575 3642/3395/3545
f 3674/3427/3576 3671/3424/3573 3670/3423/3572
f 3671/3424/3573 3674/3427/3576 3673/3426/3575
f 3672/3425/3574 3674/3427/3576 3670/3423/3572
f 3673/3426/3575 3675/3428/3577 3642/3395/3545
f 3643/3396/3546 3642/3395/3545 3675/3428/3577
f 3674/3427/3576 3676/3429/3578 3673/3426/3575
f 3676/3429/3578 3675/3428/3577 3673/3426/3575
f 3643/3396/3546 3675/3428/3577 3677/3430/3579
f 3675/3428/3577 3676/3429/3578 3677/3430/3579
f 3643/3396/3546 3677/3430/3579 3678/3431/3580
f 3674/3427/3576 3679/3432/3581 3676/3429/3578
f 3679/3432/3581 3674/3427/3576 3672/3425/3574
f 3677/3430/3579 3680/3433/3582 3678/3431/3580
f 3681/3434/3583 3678/3431/3580 3680/3433/3582
f 3682/3435/3584 3681/3434/3583 3680/3433/3582
f 3676/3429/3578 3683/3436/3585 3677/3430/3579
f 3683/3436/3585 3680/3433/3582 3677/3430/3579
f 3680/3433/3582 3684/3437/3586 3682/3435/3584
f 3683/3436/3585 3684/3437/3586 3680/3433/3582
f 3684/3437/3586 3685/3438/3587 3682/3435/3584
f 3683/3436/3585 3676/3429/3578 3686/3439/3588
f 3679/3432/3581 3686/3439/3588 3676/3429/3578
f 3685/3438/3587 3684/3437/3586 3687/3440/3589
f 3687/3440/3589 3688/3441/3590 3685/3438/3587
f 3684/3437/3586 3683/3436/3585 3689/3442/3591
f 3689/3442/3591 3687/3440/3589 3684/3437/3586
f 3683/3436/3585 3686/3439/3588 3690/3443/3592
f 3689/3442/3591 3683/3436/3585 3690/3443/3592
f 3688/3441/3590 3687/3440/3589 3691/3444/3593
f 3692/3445/3594 3688/3441/3590 3691/3444/3593
f 3687/3440/3589 3689/3442/3591 3693/3446/3595
f 3693/3446/3595 3691/3444/3593 3687/3440/3589
f 3694/3447/3596 3692/3445/3594 3691/3444/3593
f 3694/3447/3596 3695/3448/3597 3692/3445/3594
f 3693/3446/3595 3696/3449/3598 3691/3444/3593
f 3696/3449/3598 3694/3447/3596 3691/3444/3593
f 3697/3450/3599 3693/3446/3595 3689/3442/3591
f 3690/3443/3592 3697/3450/3599 3689/3442/3591
f 3696/3449/3598 3693/3446/3595 3698/3451/3600
f 3693/3446/3595 3697/3450/3599 3698/3451/3600
f 3694/3447/3596 3696/3449/3598 3699/3452/3601
f 3700/3453/3602 3696/3449/3598 3698/3451/3600
f 3700/3453/3602 3699/3452/3601 3696/3449/3598
f 3697/3450/3599 3701/3454/3603 3698/3451/3600
f 3701/3454/3603 3700/3453/3602 3698/3451/3600
f 3699/3452/3601 3702/3455/3604 3694/3447/3596
f 3695/3448/3597 3694/3447/3596 3702/3455/3604
f 3703/3456/3605 3701/3454/3603 3697/3450/3599
f 3697/3450/3599 3690/3443/3592 3703/3456/3605
f 3704/3457/3606 3695/3448/3597 3702/3455/3604
f 3695/3448/3597 3704/3457/3606 3705/3458/3607
f 3702/3455/3604 3699/3452/3601 3706/3459/3608
f 3707/3460/3609 3705/3458/3607 3704/3457/3606
f 3708/3461/3610 3705/3458/3607 3707/3460/3609
f 3709/3462/3611 3704/3457/3606 3702/3455/3604
f 3702/3455/3604 3706/3459/3608 3709/3462/3611
f 3704/3457/3606 3710/3463/3612 3707/3460/3609
f 3710/3463/3612 3704/3457/3606 3709/3462/3611
f 3711/3464/3613 3708/3461/3610 3707/3460/3609
f 3708/3461/3610 3711/3464/3613 3712/3465/3614
f 3713/3466/3615 3707/3460/3609 3710/3463/3612
f 3713/3466/3615 3711/3464/3613 3707/3460/3609
f 3709/3462/3611 3714/3467/3616 3710/3463/3612
f 3714/3467/3616 3713/3466/3615 3710/3463/3612
f 3715/3468/3617 3712/3465/3614 3711/3464/3613
f 3712/3465/3614 3715/3468/3617 3716/3469/3618
f 3717/3470/3619 3711/3464/3613 3713/3466/3615
f 3711/3464/3613 3717/3470/3619 3715/3468/3617
f 3718/3471/3620 3716/3469/3618 3715/3468/3617
f 3716/3469/3618 3718/3471/3620 3719/3472/3621
f 3720/3473/3622 3715/3468/3617 3717/3470/3619
f 3720/3473/3622 3718/3471/3620 3715/3468/3617
f 3713/3466/3615 3721/3474/3623 3717/3470/3619
f 3713/3466/3615 3714/3467/3616 3721/3474/3623
f 3717/3470/3619 3722/3475/3624 3720/3473/3622
f 3722/3475/3624 3717/3470/3619 3721/3474/3623
f 3723/3476/3625 3718/3471/3620 3720/3473/3622
f 3724/3477/3626 3719/3472/3621 3718/3471/3620
f 3718/3471/3620 3723/3476/3625 3724/3477/3626
f 3719/3472/3621 3724/3477/3626 3725/3478/3627
f 3724/3477/3626 3668/3421/3571 3725/3478/3627
f 3668/3421/3571 3724/3477/3626 3667/3420/3570
f 3724/3477/3626 3726/3479/3628 3667/3420/3570
f 3726/3479/3628 3724/3477/3626 3723/3476/3625
f 3666/3419/3569 3667/3420/3570 3726/3479/3628
f 3723/3476/3625 3720/3473/3622 3727/3480/3629
f 3727/3480/3629 3720/3473/3622 3722/3475/3624
f 3727/3480/3629 3728/3481/3630 3723/3476/3625
f 3723/3476/3625 3728/3481/3630 3726/3479/3628
f 3729/3482/3631 3728/3481/3630 3727/3480/3629
f 3722/3475/3624 3729/3482/3631 3727/3480/3629
f 3730/3483/3632 3726/3479/3628 3728/3481/3630
f 3730/3483/3632 3728/3481/3630 3729/3482/3631
f 3731/3484/3633 3666/3419/3569 3726/3479/3628
f 3731/3484/3633 3726/3479/3628 3730/3483/3632
f 3666/3419/3569 3731/3484/3633 3732/3485/3634
f 3665/3418/3568 3666/3419/3569 3732/3485/3634
f 3672/3425/3574 3665/3418/3568 3732/3485/3634
f 3732/3485/3634 3733/3486/3635 3672/3425/3574
f 3733/3486/3635 3732/3485/3634 3731/3484/3633
f 3733/3486/3635 3679/3432/3581 3672/3425/3574
f 3730/3483/3632 3734/3487/3636 3731/3484/3633
f 3679/3432/3581 3733/3486/3635 3735/3488/3637
f 3735/3488/3637 3686/3439/3588 3679/3432/3581
f 3686/3439/3588 3735/3488/3637 3690/3443/3592
f 3731/3484/3633 3736/3489/3638 3733/3486/3635
f 3736/3489/3638 3731/3484/3633 3734/3487/3636
f 3733/3486/3635 3737/3490/3639 3735/3488/3637
f 3737/3490/3639 3733/3486/3635 3736/3489/3638
f 3738/3491/3640 3690/3443/3592 3735/3488/3637
f 3735/3488/3637 3737/3490/3639 3738/3491/3640
f 3703/3456/3605 3690/3443/3592 3738/3491/3640
f 3739/3492/3641 3737/3490/3639 3736/3489/3638
f 3734/3487/3636 3739/3492/3641 3736/3489/3638
f 3738/3491/3640 3737/3490/3639 3740/3493/3642
f 3703/3456/3605 3738/3491/3640 3740/3493/3642
f 3737/3490/3639 3739/3492/3641 3740/3493/3642
f 3741/3494/3643 3703/3456/3605 3740/3493/3642
f 3701/3454/3603 3703/3456/3605 3741/3494/3643
f 3739/3492/3641 3742/3495/3644 3740/3493/3642
f 3740/3493/3642 3742/3495/3644 3741/3494/3643
f 3739/3492/3641 3734/3487/3636 3743/3496/3645
f 3730/3483/3632 3743/3496/3645 3734/3487/3636
f 3743/3496/3645 3730/3483/3632 3729/3482/3631
f 3743/3496/3645 3744/3497/3646 3739/3492/3641
f 3742/3495/3644 3739/3492/3641 3744/3497/3646
f 3729/3482/3631 3745/3498/3647 3743/3496/3645
f 3744/3497/3646 3743/3496/3645 3745/3498/3647
f 3745/3498/3647 3729/3482/3631 3746/3499/3648
f 3729/3482/3631 3722/3475/3624 3746/3499/3648
f 3747/3500/3649 3744/3497/3646 3745/3498/3647
f 3722/3475/3624 3748/3501/3650 3746/3499/3648
f 3749/3502/3651 3745/3498/3647 3746/3499/3648
f 3746/3499/3648 3748/3501/3650 3749/3502/3651
f 3745/3498/3647 3749/3502/3651 3747/3500/3649
f 3750/3503/3652 3748/3501/3650 3722/3475/3624
f 3722/3475/3624 3721/3474/3623 3750/3503/3652
f 3751/3504/3653 3748/3501/3650 3750/3503/3652
f 3750/3503/3652 3721/3474/3623 3751/3504/3653
f 3748/3501/3650 3751/3504/3653 3749/3502/3651
f 3721/3474/3623 3714/3467/3616 3751/3504/3653
f 3751/3504/3653 3752/3505/3654 3749/3502/3651
f 3752/3505/3654 3751/3504/3653 3714/3467/3616
f 3747/3500/3649 3749/3502/3651 3752/3505/3654
f 3753/3506/3655 3752/3505/3654 3714/3467/3616
f 3714/3467/3616 3709/3462/3611 3753/3506/3655
f 3709/3462/3611 3706/3459/3608 3753/3506/3655
f 3754/3507/3656 3747/3500/3649 3752/3505/3654
f 3752/3505/3654 3753/3506/3655 3754/3507/3656
f 3706/3459/3608 3755/3508/3657 3753/3506/3655
f 3755/3508/3657 3754/3507/3656 3753/3506/3655
f 3699/3452/3601 3755/3508/3657 3706/3459/3608
f 3755/3508/3657 3699/3452/3601 3700/3453/3602
f 3747/3500/3649 3754/3507/3656 3756/3509/3658
f 3744/3497/3646 3747/3500/3649 3756/3509/3658
f 3754/3507/3656 3755/3508/3657 3757/3510/3659
f 3758/3511/3660 3744/3497/3646 3756/3509/3658
f 3754/3507/3656 3758/3511/3660 3756/3509/3658
f 3758/3511/3660 3754/3507/3656 3757/3510/3659
f 3744/3497/3646 3758/3511/3660 3742/3495/3644
f 3755/3508/3657 3759/3512/3661 3757/3510/3659
f 3759/3512/3661 3755/3508/3657 3700/3453/3602
f 3757/3510/3659 3760/3513/3662 3758/3511/3660
f 3760/3513/3662 3742/3495/3644 3758/3511/3660
f 3760/3513/3662 3757/3510/3659 3759/3512/3661
f 3742/3495/3644 3760/3513/3662 3741/3494/3643
f 3700/3453/3602 3761/3514/3663 3759/3512/3661
f 3701/3454/3603 3761/3514/3663 3700/3453/3602
f 3759/3512/3661 3762/3515/3664 3760/3513/3662
f 3762/3515/3664 3759/3512/3661 3761/3514/3663
f 3741/3494/3643 3760/3513/3662 3762/3515/3664
f 3701/3454/3603 3762/3515/3664 3761/3514/3663
f 3762/3515/3664 3701/3454/3603 3741/3494/3643
f 3763/3516/3665 3764/3517/3666 3765/3518/3667
f 3764/3517/3666 3766/3519/3668 3765/3518/3667
f 3766/3519/3668 3764/3517/3666 3767/3520/3669
f 3768/3521/3670 3765/3518/3667 3766/3519/3668
f 3765/3518/3667 3768/3521/3670 3769/3522/3671
f 3767/3520/3669 3770/3523/3672 3766/3519/3668
f 3770/3523/3672 3768/3521/3670 3766/3519/3668
f 3770/3523/3672 3767/3520/3669 3771/3524/3673
f 3769/3522/3671 3768/3521/3670 3772/3525/3674
f 3771/3524/3673 3773/3526/3675 3770/3523/3672
f 3773/3526/3675 3771/3524/3673 3774/3527/3676
f 3768/3521/3670 3770/3523/3672 3775/3528/3677
f 3773/3526/3675 3775/3528/3677 3770/3523/3672
f 3772/3525/3674 3768/3521/3670 3776/3529/3678
f 3768/3521/3670 3775/3528/3677 3776/3529/3678
f 3777/700/3679 3778/703/3680 3772/3525/3674
f 3776/3529/3678 3777/700/3679 3772/3525/3674
f 3777/700/3679 3776/3529/3678 3779/698/3681
f 3780/3530/3682 3779/698/3681 3776/3529/3678
f 3776/3529/3678 3775/3528/3677 3780/3530/3682
f 3779/698/3681 3780/3530/3682 3781/696/3683
f 3775/3528/3677 3782/3531/3684 3780/3530/3682
f 3775/3528/3677 3773/3526/3675 3782/3531/3684
f 3783/3532/3685 3781/696/3683 3780/3530/3682
f 3780/3530/3682 3782/3531/3684 3783/3532/3685
f 3781/696/3683 3783/3532/3685 3784/694/3686
f 3785/3533/3687 3782/3531/3684 3773/3526/3675
f 3773/3526/3675 3774/3527/3676 3785/3533/3687
f 3774/3527/3676 3786/3534/3688 3785/3533/3687
f 3787/3535/3689 3783/3532/3685 3782/3531/3684
f 3785/3533/3687 3787/3535/3689 3782/3531/3684
f 3783/3532/3685 3788/3536/3690 3784/694/3686
f 3783/3532/3685 3787/3535/3689 3788/3536/3690
f 3788/3536/3690 3789/691/3691 3784/694/3686
f 3786/3534/3688 3790/3537/3692 3785/3533/3687
f 3787/3535/3689 3785/3533/3687 3790/3537/3692
f 3786/3534/3688 3791/3538/3693 3790/3537/3692
f 3792/3539/3694 3789/691/3691 3788/3536/3690
f 3789/691/3691 3792/3539/3694 3793/689/3695
f 3792/3539/3694 3794/688/3696 3793/689/3695
f 3791/3538/3693 3795/3540/3697 3790/3537/3692
f 3795/3540/3697 3787/3535/3689 3790/3537/3692
f 3795/3540/3697 3791/3538/3693 3796/3541/3698
f 3797/3542/3699 3795/3540/3697 3796/3541/3698
f 3798/3543/3700 3788/3536/3690 3787/3535/3689
f 3787/3535/3689 3795/3540/3697 3798/3543/3700
f 3788/3536/3690 3798/3543/3700 3792/3539/3694
f 3795/3540/3697 3797/3542/3699 3799/3544/3701
f 3800/3545/3702 3799/3544/3701 3797/3542/3699
f 3795/3540/3697 3801/3546/3703 3798/3543/3700
f 3795/3540/3697 3799/3544/3701 3801/3546/3703
f 3798/3543/3700 3802/3547/3704 3792/3539/3694
f 3802/3547/3704 3798/3543/3700 3801/3546/3703
f 3794/688/3696 3792/3539/3694 3802/3547/3704
f 3799/3544/3701 3803/3548/3705 3801/3546/3703
f 3803/3548/3705 3802/3547/3704 3801/3546/3703
f 3799/3544/3701 3800/3545/3702 3804/3549/3706
f 3803/3548/3705 3799/3544/3701 3804/3549/3706
f 3802/3547/3704 3805/3550/3707 3794/688/3696
f 3794/688/3696 3805/3550/3707 3806/686/3708
f 3802/3547/3704 3803/3548/3705 3807/3551/3709
f 3805/3550/3707 3802/3547/3704 3807/3551/3709
f 3804/3549/3706 3808/3552/3710 3803/3548/3705
f 3808/3552/3710 3807/3551/3709 3803/3548/3705
f 3800/3545/3702 3809/3553/3711 3804/3549/3706
f 3804/3549/3706 3809/3553/3711 3808/3552/3710
f 3809/3553/3711 3800/3545/3702 3810/3554/3712
f 3807/3551/3709 3808/3552/3710 3811/3555/3713
f 3811/3555/3713 3805/3550/3707 3807/3551/3709
f 3809/3553/3711 3812/3556/3714 3808/3552/3710
f 3812/3556/3714 3811/3555/3713 3808/3552/3710
f 3810/3554/3712 3813/3557/3715 3809/3553/3711
f 3812/3556/3714 3809/3553/3711 3813/3557/3715
f 3814/3558/3716 3813/3557/3715 3810/3554/3712
f 3805/3550/3707 3811/3555/3713 3815/3559/3717
f 3805/3550/3707 3815/3559/3717 3806/686/3708
f 3806/686/3708 3815/3559/3717 3816/684/3718
f 3811/3555/3713 3812/3556/3714 3817/3560/3719
f 3815/3559/3717 3811/3555/3713 3817/3560/3719
f 3818/3561/3720 3816/684/3718 3815/3559/3717
f 3817/3560/3719 3818/3561/3720 3815/3559/3717
f 3816/684/3718 3818/3561/3720 3819/682/3721
f 3812/3556/3714 3820/3562/3722 3817/3560/3719
f 3820/3562/3722 3812/3556/3714 3813/3557/3715
f 3821/3563/3723 3818/3561/3720 3817/3560/3719
f 3817/3560/3719 3820/3562/3722 3821/3563/3723
f 3818/3561/3720 3822/3564/3724 3819/682/3721
f 3818/3561/3720 3821/3563/3723 3822/3564/3724
f 3819/682/3721 3822/3564/3724 3823/680/3725
f 3820/3562/3722 3813/3557/3715 3824/3565/3726
f 3813/3557/3715 3814/3558/3716 3824/3565/3726
f 3825/3566/3727 3821/3563/3723 3820/3562/3722
f 3824/3565/3726 3825/3566/3727 3820/3562/3722
f 3814/3558/3716 3826/3567/3728 3824/3565/3726
f 3825/3566/3727 3824/3565/3726 3826/3567/3728
f 3814/3558/3716 3827/3568/3729 3826/3567/3728
f 3826/3567/3728 3827/3568/3729 3828/3569/3730
f 3829/3570/3731 3826/3567/3728 3828/3569/3730
f 3826/3567/3728 3829/3570/3731 3825/3566/3727
f 3828/3569/3730 3830/3571/3732 3829/3570/3731
f 3821/3563/3723 3825/3566/3727 3831/3572/3733
f 3831/3572/3733 3825/3566/3727 3829/3570/3731
f 3822/3564/3724 3821/3563/3723 3831/3572/3733
f 3832/3573/3734 3829/3570/3731 3830/3571/3732
f 3831/3572/3733 3829/3570/3731 3832/3573/3734
f 3832/3573/3734 3830/3571/3732 3833/3574/3735
f 3834/3575/3736 3832/3573/3734 3833/3574/3735
f 3822/3564/3724 3831/3572/3733 3835/3576/3737
f 3831/3572/3733 3832/3573/3734 3835/3576/3737
f 3835/3576/3737 3823/680/3725 3822/3564/3724
f 3823/680/3725 3835/3576/3737 3836/679/3738
f 3832/3573/3734 3834/3575/3736 3837/3577/3739
f 3835/3576/3737 3832/3573/3734 3837/3577/3739
f 3837/3577/3739 3836/679/3738 3835/3576/3737
f 3837/3577/3739 3834/3575/3736 3838/677/667
f 3836/679/3738 3837/3577/3739 3838/677/667
f 3839/3578/3740 3840/3579/3741 3841/3580/3742
f 3839/3578/3740 3841/3580/3742 3842/3581/3743
f 3843/3582/3744 3842/3581/3743 3841/3580/3742
f 3842/3581/3743 3844/3583/3745 3839/3578/3740
f 3844/3583/3745 3845/3584/3746 3839/3578/3740
f 3842/3581/3743 3843/3582/3744 3846/3585/3747
f 3843/3582/3744 3847/3586/3748 3846/3585/3747
f 3842/3581/3743 3848/3587/3749 3844/3583/3745
f 3846/3585/3747 3848/3587/3749 3842/3581/3743
f 3849/3588/3750 3847/3586/3748 3850/3589/3751
f 3846/3585/3747 3847/3586/3748 3851/3590/3752
f 3847/3586/3748 3849/3588/3750 3851/3590/3752
f 3846/3585/3747 3851/3590/3752 3848/3587/3749
f 3852/3591/3753 3851/3590/3752 3849/3588/3750
f 3853/3592/3754 3851/3590/3752 3852/3591/3753
f 3848/3587/3749 3851/3590/3752 3853/3592/3754
f 3854/3593/3755 3853/3592/3754 3852/3591/3753
f 3855/3594/3756 3848/3587/3749 3853/3592/3754
f 3848/3587/3749 3855/3594/3756 3844/3583/3745
f 3856/3595/3757 3853/3592/3754 3854/3593/3755
f 3856/3595/3757 3855/3594/3756 3853/3592/3754
f 3855/3594/3756 3857/3596/3758 3844/3583/3745
f 3845/3584/3746 3844/3583/3745 3857/3596/3758
f 3856/3595/3757 3858/3597/3759 3855/3594/3756
f 3855/3594/3756 3858/3597/3759 3857/3596/3758
f 3854/3593/3755 3859/3598/3760 3856/3595/3757
f 3856/3595/3757 3859/3598/3760 3858/3597/3759
f 3859/3598/3760 3854/3593/3755 3860/3599/3761
f 3861/3600/3762 3859/3598/3760 3860/3599/3761
f 3862/3601/3763 3857/3596/3758 3858/3597/3759
f 3857/3596/3758 3862/3601/3763 3845/3584/3746
f 3859/3598/3760 3861/3600/3762 3863/3602/3764
f 3861/3600/3762 3864/3603/3765 3863/3602/3764
f 3859/3598/3760 3865/3604/3766 3858/3597/3759
f 3859/3598/3760 3863/3602/3764 3865/3604/3766
f 3865/3604/3766 3862/3601/3763 3858/3597/3759
f 3866/3605/3767 3863/3602/3764 3864/3603/3765
f 3866/3605/3767 3865/3604/3766 3863/3602/3764
f 3864/3603/3765 3867/3606/3768 3866/3605/3767
f 3862/3601/3763 3865/3604/3766 3868/3607/3769
f 3868/3607/3769 3845/3584/3746 3862/3601/3763
f 3845/3584/3746 3868/3607/3769 3869/3608/3770
f 3870/3609/3771 3867/3606/3768 3871/3610/3772
f 3867/3606/3768 3870/3609/3771 3872/3611/3773
f 3867/3606/3768 3872/3611/3773 3866/3605/3767
f 3872/3611/3773 3870/3609/3771 3873/3612/3774
f 3865/3604/3766 3866/3605/3767 3874/3613/3775
f 3872/3611/3773 3874/3613/3775 3866/3605/3767
f 3874/3613/3775 3868/3607/3769 3865/3604/3766
f 3872/3611/3773 3873/3612/3774 3875/3614/3776
f 3874/3613/3775 3872/3611/3773 3875/3614/3776
f 3868/3607/3769 3874/3613/3775 3876/3615/3777
f 3875/3614/3776 3876/3615/3777 3874/3613/3775
f 3868/3607/3769 3876/3615/3777 3869/3608/3770
f 3875/3614/3776 3873/3612/3774 3877/3616/3778
f 3876/3615/3777 3875/3614/3776 3877/3616/3778
f 3877/3616/3778 3869/3608/3770 3876/3615/3777
f 3873/3612/3774 3878/3617/3779 3877/3616/3778
f 3879/3618/3780 3869/3608/3770 3877/3616/3778
f 3877/3616/3778 3878/3617/3779 3879/3618/3780
f 3880/3619/3781 3881/3620/3782 3882/3621/3783
f 3881/3620/3782 3880/3619/3781 3883/3622/3784
f 3880/3619/3781 3884/3623/3785 3883/3622/3784
f 3883/3622/3784 3885/3624/3786 3881/3620/3782
f 3886/3625/3787 3881/3620/3782 3885/3624/3786
f 3883/3622/3784 3884/3623/3785 3887/3626/3788
f 3883/3622/3784 3887/3626/3788 3885/3624/3786
f 3884/3623/3785 3888/3627/3789 3887/3626/3788
f 3888/3627/3789 3884/3623/3785 3889/3628/3790
f 3887/3626/3788 3890/3629/3791 3885/3624/3786
f 3888/3627/3789 3890/3629/3791 3887/3626/3788
f 3885/3624/3786 3891/3630/3792 3886/3625/3787
f 3885/3624/3786 3890/3629/3791 3891/3630/3792
f 3886/3625/3787 3891/3630/3792 3892/3631/3793
f 3891/3630/3792 3893/3632/3794 3892/3631/3793
f 3889/3628/3790 3894/3633/3795 3888/3627/3789
f 3894/3633/3795 3889/3628/3790 3895/3634/3796
f 3896/3635/3797 3888/3627/3789 3894/3633/3795
f 3890/3629/3791 3888/3627/3789 3896/3635/3797
f 3897/3636/3798 3896/3635/3797 3894/3633/3795
f 3890/3629/3791 3898/3637/3799 3891/3630/3792
f 3896/3635/3797 3898/3637/3799 3890/3629/3791
f 3893/3632/3794 3891/3630/3792 3899/3638/3800
f 3891/3630/3792 3898/3637/3799 3899/3638/3800
f 3899/3638/3800 3900/3639/3801 3893/3632/3794
f 3898/3637/3799 3896/3635/3797 3901/3640/3802
f 3896/3635/3797 3897/3636/3798 3901/3640/3802
f 3901/3640/3802 3902/3641/3803 3898/3637/3799
f 3902/3641/3803 3901/3640/3802 3897/3636/3798
f 3903/3642/3804 3898/3637/3799 3902/3641/3803
f 3898/3637/3799 3903/3642/3804 3899/3638/3800
f 3897/3636/3798 3904/3643/3805 3902/3641/3803
f 3902/3641/3803 3904/3643/3805 3903/3642/3804
f 3897/3636/3798 3905/3644/3806 3904/3643/3805
f 3906/3645/3807 3899/3638/3800 3903/3642/3804
f 3906/3645/3807 3903/3642/3804 3904/3643/3805
f 3900/3639/3801 3899/3638/3800 3907/3646/3808
f 3899/3638/3800 3906/3645/3807 3907/3646/3808
f 3907/3646/3808 3908/3647/3809 3900/3639/3801
f 3906/3645/3807 3904/3643/3805 3909/3648/3810
f 3909/3648/3810 3904/3643/3805 3905/3644/3806
f 3910/3649/3811 3907/3646/3808 3906/3645/3807
f 3910/3649/3811 3906/3645/3807 3909/3648/3810
f 3911/3650/3812 3909/3648/3810 3905/3644/3806
f 3905/3644/3806 3912/3651/3813 3911/3650/3812
f 3911/3650/3812 3910/3649/3811 3909/3648/3810
f 3911/3650/3812 3913/3652/3814 3910/3649/3811
f 3914/3653/3815 3910/3649/3811 3913/3652/3814
f 3908/3647/3809 3914/3653/3815 3915/3654/3816
f 3910/3649/3811 3914/3653/3815 3916/3655/3817
f 3914/3653/3815 3908/3647/3809 3916/3655/3817
f 3907/3646/3808 3910/3649/3811 3916/3655/3817
f 3908/3647/3809 3907/3646/3808 3916/3655/3817
f 3917/3656/3818 3918/3657/3819 3919/3658/3820
f 3918/3657/3819 3917/3656/3818 3920/3659/3821
f 3917/3656/3818 3921/3660/3822 3920/3659/3821
f 3920/3659/3821 3922/3661/3823 3918/3657/3819
f 3923/3662/3824 3918/3657/3819 3922/3661/3823
f 3920/3659/3821 3921/3660/3822 3924/3663/3825
f 3920/3659/3821 3924/3663/3825 3922/3661/3823
f 3925/3664/3826 3924/3663/3825 3921/3660/3822
f 3925/3664/3826 3921/3660/3822 3926/3665/3827
f 3927/3666/3828 3922/3661/3823 3924/3663/3825
f 3925/3664/3826 3927/3666/3828 3924/3663/3825
f 3922/3661/3823 3928/3667/3829 3923/3662/3824
f 3922/3661/3823 3927/3666/3828 3928/3667/3829
f 3923/3662/3824 3928/3667/3829 3929/3668/3830
f 3928/3667/3829 3930/3669/3831 3929/3668/3830
f 3926/3665/3827 3931/3670/3832 3925/3664/3826
f 3931/3670/3832 3926/3665/3827 3932/3671/3833
f 3933/3672/3834 3925/3664/3826 3931/3670/3832
f 3927/3666/3828 3925/3664/3826 3933/3672/3834
f 3934/3673/3835 3933/3672/3834 3931/3670/3832
f 3935/3674/3836 3928/3667/3829 3927/3666/3828
f 3933/3672/3834 3935/3674/3836 3927/3666/3828
f 3930/3669/3831 3928/3667/3829 3936/3675/3837
f 3928/3667/3829 3935/3674/3836 3936/3675/3837
f 3936/3675/3837 3937/3676/3838 3930/3669/3831
f 3935/3674/3836 3933/3672/3834 3938/3677/3839
f 3933/3672/3834 3934/3673/3835 3938/3677/3839
f 3939/3678/3840 3936/3675/3837 3935/3674/3836
f 3938/3677/3839 3939/3678/3840 3935/3674/3836
f 3940/3679/3841 3938/3677/3839 3934/3673/3835
f 3939/3678/3840 3938/3677/3839 3940/3679/3841
f 3934/3673/3835 3941/3680/3842 3940/3679/3841
f 3940/3679/3841 3942/3681/3843 3939/3678/3840
f 3940/3679/3841 3941/3680/3842 3942/3681/3843
f 3943/3682/3844 3936/3675/3837 3939/3678/3840
f 3943/3682/3844 3939/3678/3840 3942/3681/3843
f 3937/3676/3838 3936/3675/3837 3944/3683/3845
f 3936/3675/3837 3943/3682/3844 3944/3683/3845
f 3944/3683/3845 3945/3684/3846 3937/3676/3838
f 3946/3685/3847 3942/3681/3843 3941/3680/3842
f 3942/3681/3843 3946/3685/3847 3943/3682/3844
f 3947/3686/3848 3946/3685/3847 3941/3680/3842
f 3946/3685/3847 3947/3686/3848 3948/3687/3849
f 3949/3688/3850 3943/3682/3844 3946/3685/3847
f 3949/3688/3850 3946/3685/3847 3948/3687/3849
f 3949/3688/3850 3944/3683/3845 3943/3682/3844
f 3950/3689/3851 3949/3688/3850 3948/3687/3849
f 3944/3683/3845 3949/3688/3850 3951/3690/3852
f 3950/3689/3851 3951/3690/3852 3949/3688/3850
f 3945/3684/3846 3944/3683/3845 3951/3690/3852
f 3951/3690/3852 3950/3689/3851 3952/3691/3853
f 3952/3691/3853 3945/3684/3846 3951/3690/3852
f 3945/3684/3846 3952/3691/3853 3953/3692/3854
f 3954/3693/3855 3955/725/3856 3956/722/3857
f 3955/725/3856 3954/3693/3855 3957/3694/3858
f 3958/3695/3859 3957/3694/3858 3954/3693/3855
f 3959/3696/3860 3955/725/3856 3957/3694/3858
f 3955/725/3856 3959/3696/3860 3960/727/3861
f 3959/3696/3860 3961/728/3862 3960/727/3861
f 3962/3697/3863 3957/3694/3858 3958/3695/3859
f 3961/728/3862 3959/3696/3860 3963/3698/3864
f 3964/3699/3865 3962/3697/3863 3958/3695/3859
f 3963/3698/3864 3965/730/720 3961/728/3862
f 3957/3694/3858 3966/3700/3866 3959/3696/3860
f 3966/3700/3866 3963/3698/3864 3959/3696/3860
f 3966/3700/3866 3957/3694/3858 3962/3697/3863
f 3965/730/720 3963/3698/3864 3967/3701/3867
f 3963/3698/3864 3966/3700/3866 3967/3701/3867
f 3967/3701/3867 3968/3702/3868 3965/730/720
f 3962/3697/3863 3969/3703/3869 3966/3700/3866
f 3969/3703/3869 3967/3701/3867 3966/3700/3866
f 3970/3704/3870 3968/3702/3868 3967/3701/3867
f 3967/3701/3867 3969/3703/3869 3970/3704/3870
f 3970/3704/3870 3971/3705/3871 3968/3702/3868
f 3971/3705/3871 3972/3706/3872 3968/3702/3868
f 3973/3707/3873 3970/3704/3870 3969/3703/3869
f 3970/3704/3870 3973/3707/3873 3971/3705/3871
f 3969/3703/3869 3962/3697/3863 3974/3708/3874
f 3974/3708/3874 3973/3707/3873 3969/3703/3869
f 3974/3708/3874 3962/3697/3863 3964/3699/3865
f 3964/3699/3865 3975/3709/3875 3974/3708/3874
f 3973/3707/3873 3974/3708/3874 3975/3709/3875
f 3975/3709/3875 3964/3699/3865 3976/3710/3876
f 3975/3709/3875 3976/3710/3876 3977/3711/3877
f 3975/3709/3875 3978/3712/3878 3973/3707/3873
f 3978/3712/3878 3971/3705/3871 3973/3707/3873
f 3979/3713/3879 3975/3709/3875 3977/3711/3877
f 3978/3712/3878 3975/3709/3875 3979/3713/3879
f 3977/3711/3877 3980/3714/3880 3979/3713/3879
f 3971/3705/3871 3978/3712/3878 3981/3715/3881
f 3972/3706/3872 3971/3705/3871 3981/3715/3881
f 3982/3716/3882 3979/3713/3879 3980/3714/3880
f 3982/3716/3882 3978/3712/3878 3979/3713/3879
f 3980/3714/3880 3983/3717/3883 3982/3716/3882
f 3984/3718/3884 3982/3716/3882 3983/3717/3883
f 3985/3719/3885 3972/3706/3872 3981/3715/3881
f 3978/3712/3878 3985/3719/3885 3981/3715/3881
f 3986/3720/3886 3972/3706/3872 3985/3719/3885
f 3978/3712/3878 3982/3716/3882 3987/3721/3887
f 3984/3718/3884 3987/3721/3887 3982/3716/3882
f 3978/3712/3878 3987/3721/3887 3985/3719/3885
f 3987/3721/3887 3984/3718/3884 3988/3722/3888
f 3987/3721/3887 3988/3722/3888 3989/3723/3889
f 3987/3721/3887 3989/3723/3889 3985/3719/3885
f 3989/3723/3889 3986/3720/3886 3985/3719/3885
f 3986/3720/3886 3989/3723/3889 3990/3724/3890
f 3991/3725/3891 3992/3726/3892 3993/3727/3893
f 3993/3727/3893 3992/3726/3892 3994/3728/3894
f 3995/3729/3895 3994/3728/3894 3992/3726/3892
f 3994/3728/3894 3996/3730/3896 3993/3727/3893
f 3996/3730/3896 3997/3731/3897 3993/3727/3893
f 3998/3732/3898 3994/3728/3894 3995/3729/3895
f 3998/3732/3898 3996/3730/3896 3994/3728/3894
f 3999/3733/3899 3998/3732/3898 3995/3729/3895
f 3997/3731/3897 3996/3730/3896 4000/3734/3900
f 4001/3735/3901 3998/3732/3898 3999/3733/3899
f 4002/3736/3902 4001/3735/3901 3999/3733/3899
f 3996/3730/3896 3998/3732/3898 4003/3737/3903
f 4001/3735/3901 4003/3737/3903 3998/3732/3898
f 4004/3738/3904 4000/3734/3900 3996/3730/3896
f 4003/3737/3903 4004/3738/3904 3996/3730/3896
f 4005/3739/3905 4006/3740/3906 4000/3734/3900
f 4005/3739/3905 4000/3734/3900 4004/3738/3904
f 4007/3741/3907 4005/3739/3905 4004/3738/3904
f 4004/3738/3904 4003/3737/3903 4007/3741/3907
f 4005/3739/3905 4007/3741/3907 4008/3742/3908
f 4003/3737/3903 4001/3735/3901 4009/3743/3909
f 4009/3743/3909 4007/3741/3907 4003/3737/3903
f 4007/3741/3907 4010/3744/3910 4008/3742/3908
f 4007/3741/3907 4009/3743/3909 4010/3744/3910
f 4010/3744/3910 4011/3745/3911 4008/3742/3908
f 4012/3746/3912 4009/3743/3909 4001/3735/3901
f 4012/3746/3912 4001/3735/3901 4002/3736/3902
f 4002/3736/3902 4013/3747/3913 4012/3746/3912
f 4009/3743/3909 4014/3748/3914 4010/3744/3910
f 4010/3744/3910 4014/3748/3914 4011/3745/3911
f 4009/3743/3909 4012/3746/3912 4015/3749/3915
f 4014/3748/3914 4009/3743/3909 4015/3749/3915
f 4016/3750/3916 4012/3746/3912 4013/3747/3913
f 4016/3750/3916 4015/3749/3915 4012/3746/3912
f 4013/3747/3913 4017/3751/3917 4016/3750/3916
f 4018/3752/3918 4014/3748/3914 4015/3749/3915
f 4015/3749/3915 4016/3750/3916 4018/3752/3918
f 4019/3753/3919 4011/3745/3911 4014/3748/3914
f 4014/3748/3914 4018/3752/3918 4019/3753/3919
f 4011/3745/3911 4019/3753/3919 4020/3754/3920
f 4016/3750/3916 4021/3755/3921 4018/3752/3918
f 4021/3755/3921 4019/3753/3919 4018/3752/3918
f 4019/3753/3919 4022/3756/3922 4020/3754/3920
f 4019/3753/3919 4021/3755/3921 4022/3756/3922
f 4022/3756/3922 4023/3757/3923 4020/3754/3920
f 4024/3758/3924 4016/3750/3916 4017/3751/3917
f 4021/3755/3921 4016/3750/3916 4024/3758/3924
f 4025/3759/3925 4024/3758/3924 4017/3751/3917
f 4021/3755/3921 4026/3760/3926 4022/3756/3922
f 4023/3757/3923 4022/3756/3922 4026/3760/3926
f 4024/3758/3924 4027/3761/3927 4021/3755/3921
f 4026/3760/3926 4021/3755/3921 4027/3761/3927
f 4026/3760/3926 4028/3762/3928 4023/3757/3923
f 4027/3761/3927 4028/3762/3928 4026/3760/3926
f 4029/3763/3929 4023/3757/3923 4028/3762/3928
f 4027/3761/3927 4024/3758/3924 4030/3764/3930
f 4024/3758/3924 4025/3759/3925 4030/3764/3930
f 4028/3762/3928 4027/3761/3927 4031/3765/3931
f 4030/3764/3930 4031/3765/3931 4027/3761/3927
f 4025/3759/3925 4032/3766/3932 4030/3764/3930
f 4031/3765/3931 4030/3764/3930 4032/3766/3932
f 4032/3766/3932 4025/3759/3925 4033/3767/3933
f 4033/3767/3933 4034/3768/3934 4032/3766/3932
f 4034/3768/3934 4031/3765/3931 4032/3766/3932
f 4034/3768/3934 4033/3767/3933 4035/3769/3935
f 4031/3765/3931 4036/3770/3936 4028/3762/3928
f 4028/3762/3928 4036/3770/3936 4029/3763/3929
f 4031/3765/3931 4034/3768/3934 4037/3771/3937
f 4036/3770/3936 4031/3765/3931 4037/3771/3937
f 4035/3769/3935 4038/3772/3938 4034/3768/3934
f 4038/3772/3938 4037/3771/3937 4034/3768/3934
f 4038/3772/3938 4035/3769/3935 4039/3773/3939
f 4037/3771/3937 4040/3774/3940 4036/3770/3936
f 4037/3771/3937 4038/3772/3938 4040/3774/3940
f 4041/3775/3941 4029/3763/3929 4036/3770/3936
f 4041/3775/3941 4036/3770/3936 4040/3774/3940
f 4029/3763/3929 4041/3775/3941 4042/3776/3942
f 4039/3773/3939 4043/3777/3943 4038/3772/3938
f 4043/3777/3943 4040/3774/3940 4038/3772/3938
f 4043/3777/3943 4039/3773/3939 4044/3778/3944
f 4044/3778/3944 4045/3779/3945 4043/3777/3943
f 4046/3780/3946 4042/3776/3942 4041/3775/3941
f 4040/3774/3940 4046/3780/3946 4041/3775/3941
f 4042/3776/3942 4046/3780/3946 4047/3781/3947
f 4040/3774/3940 4043/3777/3943 4048/3782/3948
f 4046/3780/3946 4040/3774/3940 4048/3782/3948
f 4043/3777/3943 4045/3779/3945 4049/3783/3949
f 4049/3783/3949 4048/3782/3948 4043/3777/3943
f 4045/3779/3945 4050/3784/3950 4049/3783/3949
f 4048/3782/3948 4051/3785/3951 4046/3780/3946
f 4046/3780/3946 4051/3785/3951 4047/3781/3947
f 4051/3785/3951 4048/3782/3948 4052/3786/3952
f 4048/3782/3948 4049/3783/3949 4052/3786/3952
f 4053/3787/3953 4047/3781/3947 4051/3785/3951
f 4052/3786/3952 4053/3787/3953 4051/3785/3951
f 4047/3781/3947 4053/3787/3953 4054/3788/3954
f 4049/3783/3949 4055/3789/3955 4052/3786/3952
f 4053/3787/3953 4052/3786/3952 4055/3789/3955
f 4049/3783/3949 4050/3784/3950 4056/3790/3956
f 4055/3789/3955 4049/3783/3949 4056/3790/3956
f 4057/3791/3957 4056/3790/3956 4050/3784/3950
f 4058/3792/3958 4053/3787/3953 4055/3789/3955
f 4056/3790/3956 4058/3792/3958 4055/3789/3955
f 4059/3793/3959 4054/3788/3954 4053/3787/3953
f 4053/3787/3953 4058/3792/3958 4059/3793/3959
f 4054/3788/3954 4059/3793/3959 4060/3794/3960
f 4056/3790/3956 4057/3791/3957 4061/3795/3961
f 4058/3792/3958 4056/3790/3956 4061/3795/3961
f 4057/3791/3957 4062/3796/3962 4061/3795/3961
f 4062/3796/3962 4058/3792/3958 4061/3795/3961
f 4062/3796/3962 4057/3791/3957 4063/3797/3963
f 4064/3798/3964 4062/3796/3962 4063/3797/3963
f 4065/3799/3965 4059/3793/3959 4058/3792/3958
f 4058/3792/3958 4062/3796/3962 4065/3799/3965
f 4066/3800/3966 4060/3794/3960 4059/3793/3959
f 4059/3793/3959 4065/3799/3965 4066/3800/3966
f 4060/3794/3960 4066/3800/3966 4067/3801/3967
f 4064/3798/3964 4068/3802/3968 4062/3796/3962
f 4068/3802/3968 4065/3799/3965 4062/3796/3962
f 4069/3803/3969 4068/3802/3968 4064/3798/3964
f 4070/3804/3970 4068/3802/3968 4069/3803/3969
f 4066/3800/3966 4071/3805/3971 4067/3801/3967
f 4065/3799/3965 4071/3805/3971 4066/3800/3966
f 4072/3806/3972 4067/3801/3967 4071/3805/3971
f 4065/3799/3965 4068/3802/3968 4073/3807/3973
f 4071/3805/3971 4065/3799/3965 4073/3807/3973
f 4068/3802/3968 4070/3804/3970 4074/3808/3974
f 4074/3808/3974 4073/3807/3973 4068/3802/3968
f 4075/3809/3975 4074/3808/3974 4070/3804/3970
f 4076/3810/3976 4074/3808/3974 4075/3809/3975
f 4076/3810/3976 4077/3811/3977 4074/3808/3974
f 4073/3807/3973 4074/3808/3974 4078/3812/3978
f 4078/3812/3978 4074/3808/3974 4077/3811/3977
f 4073/3807/3973 4079/3813/3979 4071/3805/3971
f 4079/3813/3979 4073/3807/3973 4078/3812/3978
f 4078/3812/3978 4077/3811/3977 4079/3813/3979
f 4071/3805/3971 4079/3813/3979 4072/3806/3972
f 4077/3811/3977 4080/3814/3980 4079/3813/3979
f 4072/3806/3972 4079/3813/3979 4081/3815/3981
f 4079/3813/3979 4080/3814/3980 4081/3815/3981
f 4082/3816/3982 4083/3810/3983 4084/3809/3984
f 4085/3817/3985 4083/3810/3983 4082/3816/3982
f 4086/3818/3986 4085/3817/3985 4082/3816/3982
f 4087/3819/3987 4085/3817/3985 4086/3818/3986
f 4087/3819/3987 4088/3820/3988 4085/3817/3985
f 4085/3817/3985 4089/3821/3989 4083/3810/3983
f 4088/3820/3988 4089/3821/3989 4085/3817/3985
f 4090/3811/3990 4083/3810/3983 4089/3821/3989
f 4090/3811/3990 4089/3821/3989 4091/3814/3991
f 4089/3821/3989 4088/3820/3988 4092/3822/3992
f 4092/3822/3992 4091/3814/3991 4089/3821/3989
f 4093/3823/3993 4092/3822/3992 4088/3820/3988
f 4092/3822/3992 4094/3815/3981 4091/3814/3991
f 4092/3822/3992 4093/3823/3993 4095/3824/3994
f 4094/3815/3981 4092/3822/3992 4095/3824/3994
f 4096/3825/3995 4097/3826/3996 4098/3827/3997
f 4098/3827/3997 4099/3828/3998 4100/3829/3999
f 4097/3826/3996 4101/3830/4000 4098/3827/3997
f 4099/3828/3998 4098/3827/3997 4101/3830/4000
f 4097/3826/3996 4102/3831/4001 4101/3830/4000
f 4101/3830/4000 4103/3832/4002 4099/3828/3998
f 4102/3831/4001 4104/3833/4003 4101/3830/4000
f 4103/3832/4002 4101/3830/4000 4104/3833/4003
f 4102/3831/4001 4105/3834/4004 4104/3833/4003
f 4104/3833/4003 4106/3835/4005 4103/3832/4002
f 4105/3834/4004 4107/3836/4006 4104/3833/4003
f 4106/3835/4005 4104/3833/4003 4107/3836/4006
f 4105/3834/4004 4108/3837/4007 4107/3836/4006
f 4107/3836/4006 4109/3838/4008 4106/3835/4005
f 4108/3837/4007 4110/3839/4009 4107/3836/4006
f 4109/3838/4008 4107/3836/4006 4110/3839/4009
f 4108/3837/4007 4111/3840/4010 4110/3839/4009
f 4112/3841/4011 4109/3838/4008 4110/3839/4009
f 4111/3840/4010 4113/3842/4012 4110/3839/4009
f 4112/3841/4011 4110/3839/4009 4113/3842/4012
f 4111/3840/4010 4114/3843/4013 4113/3842/4012
f 4113/3842/4012 4115/3844/4014 4112/3841/4011
f 4114/3843/4013 4116/3845/4015 4113/3842/4012
f 4115/3844/4014 4113/3842/4012 4116/3845/4015
f 4114/3843/4013 4117/3846/4016 4116/3845/4015
f 4118/3847/4017 4115/3844/4014 4116/3845/4015
f 4117/3846/4016 4119/3848/4018 4116/3845/4015
f 4116/3845/4015 4119/3848/4018 4118/3847/4017
f 4117/3846/4016 4120/3849/4019 4119/3848/4018
f 4119/3848/4018 4121/3850/4020 4118/3847/4017
f 4120/3849/4019 4122/3851/4021 4119/3848/4018
f 4121/3850/4020 4119/3848/4018 4122/3851/4021
f 4123/3852/4022 4124/3853/4023 4125/3854/4024
f 4123/3852/4022 4126/3855/4025 4124/3853/4023
f 4126/3855/4025 4127/3856/4026 4124/3853/4023
f 4127/3856/4026 4126/3855/4025 4128/3857/4027
f 4126/3855/4025 4123/3852/4022 4129/3858/4028
f 4129/3858/4028 4128/3857/4027 4126/3855/4025
f 4130/3859/4029 4129/3858/4028 4123/3852/4022
f 4131/3860/4030 4129/3858/4028 4130/3859/4029
f 4131/3860/4030 4132/3861/4031 4129/3858/4028
f 4133/3862/4032 4129/3858/4028 4132/3861/4031
f 4129/3858/4028 4134/3863/4033 4128/3857/4027
f 4129/3858/4028 4133/3862/4032 4134/3863/4033
f 4134/3863/4033 4135/3864/4034 4128/3857/4027
f 4135/3864/4034 4134/3863/4033 4136/3865/4035
f 4133/3862/4032 4136/3865/4035 4134/3863/4033
f 4133/3862/4032 4137/3866/4036 4136/3865/4035
f 4138/3867/4037 4139/3868/4038 4140/3869/4039
f 4141/3870/4040 4140/3869/4039 4139/3868/4038
f 4142/3871/4041 4141/3870/4040 4139/3868/4038
f 4140/3869/4039 4143/3872/4042 4144/3873/4043
f 4143/3872/4042 4140/3869/4039 4141/3870/4040
f 4143/3872/4042 4141/3870/4040 4145/3874/4044
f 4145/3874/4044 4141/3870/4040 4142/3871/4041
f 4146/3875/4045 4143/3872/4042 4145/3874/4044
f 4142/3871/4041 4147/3876/4046 4145/3874/4044
f 4147/3876/4046 4146/3875/4045 4145/3874/4044
f 4147/3876/4046 4142/3871/4041 4148/3877/4047
f 4146/3875/4045 4147/3876/4046 4149/3878/4048
f 4150/3879/4049 4147/3876/4046 4148/3877/4047
f 4147/3876/4046 4150/3879/4049 4149/3878/4048
f 4151/3880/4050 4150/3879/4049 4148/3877/4047
f 4152/3881/4051 4149/3878/4048 4150/3879/4049
f 4153/3882/4052 4150/3879/4049 4151/3880/4050
f 4154/3883/4053 4152/3881/4051 4150/3879/4049
f 4150/3879/4049 4153/3882/4052 4154/3883/4053
f 4152/3881/4051 4154/3883/4053 4155/3884/4054
f 4156/3885/4055 4154/3883/4053 4153/3882/4052
f 4154/3883/4053 4157/3886/4056 4155/3884/4054
f 4154/3883/4053 4156/3885/4055 4157/3886/4056
f 4158/3887/4057 4155/3884/4054 4157/3886/4056
f 4159/3888/4058 4157/3886/4056 4156/3885/4055
f 4160/3889/4059 4158/3887/4057 4157/3886/4056
f 4157/3886/4056 4159/3888/4058 4160/3889/4059
f 4158/3887/4057 4160/3889/4059 4161/3890/4060
f 4159/3888/4058 4162/3891/4061 4160/3889/4059
f 4160/3889/4059 4162/3891/4061 4161/3890/4060
f 4162/3891/4061 4159/3888/4058 4163/3892/4062
f 4161/3890/4060 4162/3891/4061 4164/3893/4063
f 4165/3894/4064 4166/1549/4065 4167/1548/4066
f 4166/1549/4065 4165/3894/4064 4168/3895/4067
f 4169/3896/4068 4168/3895/4067 4165/3894/4064
f 4168/3895/4067 4170/3897/4069 4166/1549/4065
f 4170/3897/4069 4171/1551/4070 4166/1549/4065
f 4168/3895/4067 4169/3896/4068 4172/3898/4071
f 4173/3899/4072 4172/3898/4071 4169/3896/4068
f 4172/3898/4071 4173/3899/4072 4174/3900/4073
f 4175/3901/4074 4172/3898/4071 4174/3900/4073
f 4172/3898/4071 4175/3901/4074 4176/3902/4075
f 4176/3902/4075 4168/3895/4067 4172/3898/4071
f 4177/3903/4076 4176/3902/4075 4175/3901/4074
f 4168/3895/4067 4176/3902/4075 4178/3904/4077
f 4170/3897/4069 4168/3895/4067 4178/3904/4077
f 4176/3902/4075 4177/3903/4076 4179/3905/4078
f 4179/3905/4078 4178/3904/4077 4176/3902/4075
f 4177/3903/4076 4180/3906/4079 4179/3905/4078
f 4177/3903/4076 4181/3907/4080 4180/3906/4079
f 4178/3904/4077 4179/3905/4078 4182/3908/4081
f 4180/3906/4079 4182/3908/4081 4179/3905/4078
f 4182/3908/4081 4170/3897/4069 4178/3904/4077
f 4181/3907/4080 4183/3909/4082 4180/3906/4079
f 4183/3909/4082 4181/3907/4080 4184/3910/4083
f 4182/3908/4081 4180/3906/4079 4185/3911/4084
f 4183/3909/4082 4185/3911/4084 4180/3906/4079
f 4170/3897/4069 4182/3908/4081 4186/3912/4085
f 4185/3911/4084 4186/3912/4085 4182/3908/4081
f 4170/3897/4069 4186/3912/4085 4187/3913/4086
f 4170/3897/4069 4187/3913/4086 4171/1551/4070
f 4187/3913/4086 4188/1553/4087 4171/1551/4070
f 4188/1553/4087 4187/3913/4086 4189/1557/4088
f 4190/3914/4089 4187/3913/4086 4186/3912/4085
f 4186/3912/4085 4185/3911/4084 4190/3914/4089
f 4191/3915/4090 4189/1557/4088 4187/3913/4086
f 4187/3913/4086 4190/3914/4089 4191/3915/4090
f 4189/1557/4088 4191/3915/4090 4192/1558/937
f 4185/3911/4084 4193/3916/4091 4190/3914/4089
f 4194/3917/4092 4192/1558/937 4191/3915/4090
f 4192/1558/937 4194/3917/4092 4195/1559/4093
f 4196/3918/4094 4191/3915/4090 4190/3914/4089
f 4191/3915/4090 4196/3918/4094 4194/3917/4092
f 4196/3918/4094 4190/3914/4089 4193/3916/4091
f 4197/3919/4095 4195/1559/4093 4194/3917/4092
f 4195/1559/4093 4197/3919/4095 4198/1563/4096
f 4197/3919/4095 4199/1565/4097 4198/1563/4096
f 4199/1565/4097 4197/3919/4095 4200/3920/4098
f 4194/3917/4092 4201/3921/4099 4197/3919/4095
f 4201/3921/4099 4200/3920/4098 4197/3919/4095
f 4201/3921/4099 4194/3917/4092 4196/3918/4094
f 4200/3920/4098 4201/3921/4099 4202/3922/4100
f 4196/3918/4094 4203/3923/4101 4201/3921/4099
f 4203/3923/4101 4202/3922/4100 4201/3921/4099
f 4203/3923/4101 4196/3918/4094 4193/3916/4091
f 4202/3922/4100 4203/3923/4101 4204/3924/4102
f 4203/3923/4101 4205/3925/4103 4204/3924/4102
f 4205/3925/4103 4203/3923/4101 4206/3926/4104
f 4193/3916/4091 4206/3926/4104 4203/3923/4101
f 4207/3927/4105 4205/3925/4103 4206/3926/4104
f 4206/3926/4104 4193/3916/4091 4208/3928/4106
f 4193/3916/4091 4185/3911/4084 4208/3928/4106
f 4185/3911/4084 4183/3909/4082 4208/3928/4106
f 4207/3927/4105 4206/3926/4104 4209/3929/4107
f 4208/3928/4106 4209/3929/4107 4206/3926/4104
f 4209/3929/4107 4208/3928/4106 4183/3909/4082
f 4210/3930/4108 4207/3927/4105 4209/3929/4107
f 4184/3910/4083 4209/3929/4107 4183/3909/4082
f 4210/3930/4108 4209/3929/4107 4211/3931/4109
f 4209/3929/4107 4184/3910/4083 4211/3931/4109
f 4212/1154/4110 4213/3932/4111 4214/1155/4112
f 4212/1154/4110 4215/3933/4113 4213/3932/4111
f 4215/3933/4113 4216/3934/4114 4213/3932/4111
f 4212/1154/4110 4217/3935/4115 4215/3933/4113
f 4217/3935/4115 4212/1154/4110 4218/1158/4116
f 4219/1160/4117 4217/3935/4115 4218/1158/4116
f 4220/3936/4118 4219/1160/4117 4221/1162/1207
f 4222/3937/4119 4219/1160/4117 4220/3936/4118
f 4219/1160/4117 4222/3937/4119 4217/3935/4115
f 4222/3937/4119 4220/3936/4118 4223/3938/4120
f 4223/3938/4120 4224/3939/4121 4222/3937/4119
f 4224/3939/4121 4217/3935/4115 4222/3937/4119
f 4224/3939/4121 4223/3938/4120 4225/3940/4122
f 4226/3941/4123 4224/3939/4121 4225/3940/4122
f 4217/3935/4115 4224/3939/4121 4227/3942/4124
f 4224/3939/4121 4226/3941/4123 4228/3943/4125
f 4229/3944/4126 4228/3943/4125 4226/3941/4123
f 4224/3939/4121 4230/3945/4127 4227/3942/4124
f 4230/3945/4127 4224/3939/4121 4228/3943/4125
f 4231/3946/4128 4217/3935/4115 4227/3942/4124
f 4231/3946/4128 4227/3942/4124 4230/3945/4127
f 4217/3935/4115 4231/3946/4128 4215/3933/4113
f 4232/3947/4129 4228/3943/4125 4229/3944/4126
f 4232/3947/4129 4230/3945/4127 4228/3943/4125
f 4233/3948/4130 4232/3947/4129 4229/3944/4126
f 4215/3933/4113 4231/3946/4128 4234/3949/4131
f 4216/3934/4114 4215/3933/4113 4234/3949/4131
f 4233/3948/4130 4235/3950/4132 4232/3947/4129
f 4235/3950/4132 4233/3948/4130 4236/3951/4133
f 4237/3952/4134 4235/3950/4132 4236/3951/4133
f 4238/3953/4135 4216/3934/4114 4234/3949/4131
f 4239/3954/4136 4216/3934/4114 4238/3953/4135
f 4238/3953/4135 4240/3955/3224 4239/3954/4136
f 4241/3956/4137 4238/3953/4135 4234/3949/4131
f 4241/3956/4137 4234/3949/4131 4231/3946/4128
f 4240/3955/3224 4238/3953/4135 4242/3957/4138
f 4238/3953/4135 4241/3956/4137 4242/3957/4138
f 4243/3958/4139 4240/3955/3224 4242/3957/4138
f 4243/3958/4139 4242/3957/4138 4241/3956/4137
f 4240/3955/3224 4243/3958/4139 4244/3959/4140
f 4231/3946/4128 4245/3960/4141 4241/3956/4137
f 4245/3960/4141 4243/3958/4139 4241/3956/4137
f 4246/3961/4142 4244/3959/4140 4243/3958/4139
f 4245/3960/4141 4246/3961/4142 4243/3958/4139
f 4244/3959/4140 4246/3961/4142 4247/3962/4143
f 4246/3961/4142 4248/3963/4144 4247/3962/4143
f 4245/3960/4141 4231/3946/4128 4249/3964/4145
f 4231/3946/4128 4230/3945/4127 4249/3964/4145
f 4248/3963/4144 4246/3961/4142 4250/3965/4146
f 4251/3966/4147 4248/3963/4144 4250/3965/4146
f 4246/3961/4142 4245/3960/4141 4252/3967/4148
f 4252/3967/4148 4250/3965/4146 4246/3961/4142
f 4250/3965/4146 4253/3968/4149 4251/3966/4147
f 4253/3968/4149 4254/3969/4150 4251/3966/4147
f 4250/3965/4146 4252/3967/4148 4255/3970/4151
f 4253/3968/4149 4250/3965/4146 4255/3970/4151
f 4256/3971/4152 4252/3967/4148 4245/3960/4141
f 4249/3964/4145 4256/3971/4152 4245/3960/4141
f 4256/3971/4152 4257/3972/4153 4252/3967/4148
f 4257/3972/4153 4255/3970/4151 4252/3967/4148
f 4256/3971/4152 4249/3964/4145 4258/3973/4153
f 4257/3972/4153 4256/3971/4152 4258/3973/4153
f 4249/3964/4145 4259/3974/4154 4258/3973/4153
f 4259/3974/4154 4249/3964/4145 4230/3945/4127
f 4230/3945/4127 4232/3947/4129 4259/3974/4154
f 4260/3975/4155 4258/3973/4153 4259/3974/4154
f 4260/3975/4155 4257/3972/4153 4258/3973/4153
f 4261/3976/4156 4259/3974/4154 4232/3947/4129
f 4260/3975/4155 4259/3974/4154 4261/3976/4156
f 4232/3947/4129 4235/3950/4132 4261/3976/4156
f 4257/3972/4153 4262/3977/4157 4263/3978/4158
f 4235/3950/4132 4264/3979/4159 4261/3976/4156
f 4260/3975/4155 4261/3976/4156 4264/3979/4159
f 4257/3972/4153 4265/3980/4160 4262/3977/4157
f 4265/3980/4160 4266/3981/4161 4262/3977/4157
f 4257/3972/4153 4260/3975/4155 4265/3980/4160
f 4265/3980/4160 4267/3982/4162 4266/3981/4161
f 4268/3983/4163 4265/3980/4160 4260/3975/4155
f 4265/3980/4160 4268/3983/4163 4267/3982/4162
f 4268/3983/4163 4260/3975/4155 4264/3979/4159
f 4264/3979/4159 4235/3950/4132 4269/3984/4164
f 4235/3950/4132 4237/3952/4134 4269/3984/4164
f 4269/3984/4164 4237/3952/4134 4270/3985/4165
f 4269/3984/4164 4270/3985/4165 4271/3986/4166
f 4271/3986/4166 4264/3979/4159 4269/3984/4164
f 4272/3987/4167 4271/3986/4166 4270/3985/4165
f 4273/3988/4168 4268/3983/4163 4264/3979/4159
f 4264/3979/4159 4271/3986/4166 4273/3988/4168
f 4274/3989/4169 4271/3986/4166 4272/3987/4167
f 4274/3989/4169 4273/3988/4168 4271/3986/4166
f 4275/3990/4170 4274/3989/4169 4272/3987/4167
f 4268/3983/4163 4273/3988/4168 4276/3991/4171
f 4276/3991/4171 4267/3982/4162 4268/3983/4163
f 4274/3989/4169 4275/3990/4170 4277/3992/4172
f 4277/3992/4172 4275/3990/4170 4278/3993/4173
f 4279/2399/4174 4278/3993/4173 4280/2400/4175
f 4279/2399/4174 4277/3992/4172 4278/3993/4173
f 4279/2399/4174 4281/3994/4176 4277/3992/4172
f 4281/3994/4176 4274/3989/4169 4277/3992/4172
f 4281/3994/4176 4279/2399/4174 4282/2402/4177
f 4283/2405/4178 4281/3994/4176 4282/2402/4177
f 4274/3989/4169 4281/3994/4176 4284/3995/4179
f 4273/3988/4168 4274/3989/4169 4284/3995/4179
f 4281/3994/4176 4283/2405/4178 4285/3996/4180
f 4286/2425/4181 4285/3996/4180 4283/2405/4178
f 4287/3997/4182 4284/3995/4179 4281/3994/4176
f 4273/3988/4168 4284/3995/4179 4287/3997/4182
f 4285/3996/4180 4287/3997/4182 4281/3994/4176
f 4276/3991/4171 4273/3988/4168 4287/3997/4182
f 4285/3996/4180 4286/2425/4181 4288/3998/4183
f 4289/2430/2527 4288/3998/4183 4286/2425/4181
f 4290/3999/4184 4287/3997/4182 4285/3996/4180
f 4290/3999/4184 4276/3991/4171 4287/3997/4182
f 4288/3998/4183 4290/3999/4184 4285/3996/4180
f 4276/3991/4171 4290/3999/4184 4291/4000/4185
f 4267/3982/4162 4276/3991/4171 4291/4000/4185
f 4290/3999/4184 4288/3998/4183 4292/4001/4186
f 4292/4001/4186 4291/4000/4185 4290/3999/4184
f 4288/3998/4183 4289/2430/2527 4293/4002/4187
f 4293/4002/4187 4289/2430/2527 4294/2431/4188
f 4294/2431/4188 4295/4003/4189 4293/4002/4187
f 4296/4004/4190 4288/3998/4183 4293/4002/4187
f 4288/3998/4183 4296/4004/4190 4292/4001/4186
f 4297/4005/4191 4293/4002/4187 4295/4003/4189
f 4297/4005/4191 4296/4004/4190 4293/4002/4187
f 4295/4003/4189 4298/4006/4192 4297/4005/4191
f 4299/4007/4193 4292/4001/4186 4296/4004/4190
f 4300/4008/4194 4297/4005/4191 4298/4006/4192
f 4298/4006/4192 4301/4009/4195 4300/4008/4194
f 4296/4004/4190 4297/4005/4191 4302/4010/4196
f 4300/4008/4194 4302/4010/4196 4297/4005/4191
f 4299/4007/4193 4296/4004/4190 4302/4010/4196
f 4303/4011/4197 4300/4008/4194 4301/4009/4195
f 4303/4011/4197 4301/4009/4195 4304/4012/4198
f 4302/4010/4196 4300/4008/4194 4305/4013/1324
f 4303/4011/4197 4305/4013/1324 4300/4008/4194
f 4306/4014/4199 4302/4010/4196 4305/4013/1324
f 4302/4010/4196 4306/4014/4199 4299/4007/4193
f 4305/4013/1324 4303/4011/4197 4307/4015/4200
f 4308/4016/4201 4303/4011/4197 4304/4012/4198
f 4308/4016/4201 4307/4015/4200 4303/4011/4197
f 4308/4016/4201 4304/4012/4198 4309/4017/4202
f 4310/4018/4203 4308/4016/4201 4309/4017/4202
f 4311/4019/4204 4305/4013/1324 4307/4015/4200
f 4305/4013/1324 4311/4019/4204 4306/4014/4199
f 4307/4015/4200 4308/4016/4201 4312/4020/4205
f 4311/4019/4204 4307/4015/4200 4312/4020/4205
f 4308/4016/4201 4310/4018/4203 4313/4021/4206
f 4313/4021/4206 4312/4020/4205 4308/4016/4201
f 4314/4022/4207 4313/4021/4206 4310/4018/4203
f 4312/4020/4205 4315/4023/4208 4311/4019/4204
f 4313/4021/4206 4314/4022/4207 4316/4024/4209
f 4317/4025/4210 4316/4024/4209 4314/4022/4207
f 4312/4020/4205 4313/4021/4206 4318/4026/4211
f 4316/4024/4209 4318/4026/4211 4313/4021/4206
f 4312/4020/4205 4318/4026/4211 4315/4023/4208
f 4316/4024/4209 4317/4025/4210 4319/4027/4212
f 4320/4028/4213 4319/4027/4212 4317/4025/4210
f 4318/4026/4211 4316/4024/4209 4321/4029/4214
f 4319/4027/4212 4321/4029/4214 4316/4024/4209
f 4315/4023/4208 4318/4026/4211 4322/4030/4215
f 4321/4029/4214 4322/4030/4215 4318/4026/4211
f 4315/4023/4208 4323/4031/4216 4311/4019/4204
f 4323/4031/4216 4315/4023/4208 4322/4030/4215
f 4323/4031/4216 4306/4014/4199 4311/4019/4204
f 4323/4031/4216 4322/4030/4215 4324/4032/4217
f 4324/4032/4217 4325/4033/4218 4323/4031/4216
f 4326/4034/4219 4323/4031/4216 4325/4033/4218
f 4306/4014/4199 4323/4031/4216 4327/4035/4220
f 4323/4031/4216 4326/4034/4219 4327/4035/4220
f 4327/4035/4220 4299/4007/4193 4306/4014/4199
f 4328/4036/4221 4327/4035/4220 4326/4034/4219
f 4327/4035/4220 4328/4036/4221 4329/4037/4222
f 4299/4007/4193 4327/4035/4220 4329/4037/4222
f 4330/4038/4223 4329/4037/4222 4328/4036/4221
f 4329/4037/4222 4331/4039/4224 4299/4007/4193
f 4292/4001/4186 4299/4007/4193 4331/4039/4224
f 4291/4000/4185 4292/4001/4186 4331/4039/4224
f 4329/4037/4222 4330/4038/4223 4332/4040/4225
f 4331/4039/4224 4329/4037/4222 4332/4040/4225
f 4331/4039/4224 4332/4040/4225 4291/4000/4185
f 4333/3981/4226 4332/4040/4225 4330/4038/4223
f 4332/4040/4225 4267/3982/4162 4291/4000/4185
f 4332/4040/4225 4333/3981/4226 4267/3982/4162
f 4322/4030/4215 4321/4029/4214 4334/4041/4227
f 4334/4041/4227 4335/4032/4228 4322/4030/4215
f 4335/4032/4228 4334/4041/4227 4336/4042/4229
f 4337/4043/4230 4336/4042/4229 4334/4041/4227
f 4334/4041/4227 4338/4044/4231 4337/4043/4230
f 4321/4029/4214 4339/4045/4232 4334/4041/4227
f 4339/4045/4232 4338/4044/4231 4334/4041/4227
f 4321/4029/4214 4319/4027/4212 4339/4045/4232
f 4338/4044/4231 4340/4046/4233 4341/4043/4234
f 4319/4027/4212 4342/4047/4235 4339/4045/4232
f 4342/4047/4235 4338/4044/4231 4339/4045/4232
f 4342/4047/4235 4319/4027/4212 4343/4048/4236
f 4319/4027/4212 4320/4028/4213 4343/4048/4236
f 4344/4049/4237 4343/4048/4236 4320/4028/4213
f 4343/4048/4236 4344/4049/4237 4345/4050/4238
f 4345/4050/4238 4342/4047/4235 4343/4048/4236
f 4346/4051/4239 4345/4050/4238 4344/4049/4237
f 4345/4050/4238 4346/4051/4239 4347/4052/4240
f 4345/4050/4238 4347/4052/4240 4348/4053/4241
f 4254/3969/4150 4348/4053/4241 4347/4052/4240
f 4342/4047/4235 4345/4050/4238 4349/4054/4242
f 4348/4053/4241 4349/4054/4242 4345/4050/4238
f 4350/4055/420 4342/4047/4235 4349/4054/4242
f 4342/4047/4235 4350/4055/420 4338/4044/4231
f 4348/4053/4241 4254/3969/4150 4351/4056/4243
f 4254/3969/4150 4253/3968/4149 4351/4056/4243
f 4349/4054/4242 4348/4053/4241 4352/4057/4244
f 4351/4056/4243 4352/4057/4244 4348/4053/4241
f 4349/4054/4242 4353/4058/4245 4350/4055/420
f 4353/4058/4245 4349/4054/4242 4352/4057/4244
f 4353/4058/4245 4338/4044/4231 4350/4055/420
f 4352/4057/4244 4351/4056/4243 4354/4059/4246
f 4353/4058/4245 4352/4057/4244 4354/4059/4246
f 4355/4060/4247 4351/4056/4243 4253/3968/4149
f 4351/4056/4243 4355/4060/4247 4354/4059/4246
f 4355/4060/4247 4253/3968/4149 4255/3970/4151
f 4338/4044/4231 4353/4058/4245 4356/4061/4248
f 4338/4044/4231 4356/4061/4248 4340/4046/4233
f 4357/4062/4249 4340/4046/4233 4356/4061/4248
f 4358/4063/4250 4356/4061/4248 4353/4058/4245
f 4353/4058/4245 4354/4059/4246 4358/4063/4250
f 4356/4061/4248 4359/4064/4251 4357/4062/4249
f 4356/4061/4248 4358/4063/4250 4359/4064/4251
f 4360/4065/4252 4357/4062/4249 4359/4064/4251
f 4354/4059/4246 4361/4066/4253 4358/4063/4250
f 4361/4066/4253 4354/4059/4246 4355/4060/4247
f 4361/4066/4253 4359/4064/4251 4358/4063/4250
f 4361/4066/4253 4355/4060/4247 4255/3970/4151
f 4359/4064/4251 4362/4067/4254 4360/4065/4252
f 4359/4064/4251 4361/4066/4253 4362/4067/4254
f 4361/4066/4253 4255/3970/4151 4362/4067/4254
f 4360/4065/4252 4362/4067/4254 4363/4068/4255
f 4255/3970/4151 4257/3972/4153 4362/4067/4254
f 4362/4067/4254 4364/3978/4256 4363/4068/4255
f 4362/4067/4254 4257/3972/4153 4364/3978/4256
f 4365/4069/4257 4366/4070/4258 4367/4071/4259
f 4368/4072/4260 4367/4071/4259 4366/4070/4258
f 4367/4071/4259 4368/4072/4260 4369/4073/4261
f 4368/4072/4260 4366/4070/4258 4370/4074/4262
f 4371/4075/4263 4370/4074/4262 4366/4070/4258
f 4371/4075/4263 4372/4076/4264 4370/4074/4262
f 4369/4073/4261 4368/4072/4260 4373/4077/4265
f 4370/4074/4262 4372/4076/4264 4374/4078/4266
f 4375/4079/4267 4374/4078/4266 4372/4076/4264
f 4368/4072/4260 4370/4074/4262 4376/4080/4268
f 4376/4080/4268 4370/4074/4262 4374/4078/4266
f 4373/4077/4265 4368/4072/4260 4376/4080/4268
f 4374/4078/4266 4375/4079/4267 4377/4081/4269
f 4375/4079/4267 4378/4082/4270 4377/4081/4269
f 4377/4081/4269 4378/4082/4270 4379/4083/4271
f 4380/4084/4272 4374/4078/4266 4377/4081/4269
f 4380/4084/4272 4377/4081/4269 4379/4083/4271
f 4380/4084/4272 4376/4080/4268 4374/4078/4266
f 4381/4085/4273 4380/4084/4272 4379/4083/4271
f 4376/4080/4268 4380/4084/4272 4382/4086/4274
f 4381/4085/4273 4382/4086/4274 4380/4084/4272
f 4381/4085/4273 4379/4083/4271 4383/4087/4275
f 4384/4088/4276 4383/4087/4275 4379/4083/4271
f 4383/4087/4275 4384/4088/4276 4385/4089/4277
f 4385/4089/4277 4386/4090/4278 4383/4087/4275
f 4387/4091/4279 4386/4090/4278 4385/4089/4277
f 4388/4092/4280 4381/4085/4273 4383/4087/4275
f 4388/4092/4280 4383/4087/4275 4386/4090/4278
f 4387/4091/4279 4389/4093/4281 4386/4090/4278
f 4387/4091/4279 4390/4094/4282 4389/4093/4281
f 4391/4095/4283 4388/4092/4280 4386/4090/4278
f 4391/4095/4283 4386/4090/4278 4389/4093/4281
f 4388/4092/4280 4392/4096/4284 4381/4085/4273
f 4382/4086/4274 4381/4085/4273 4392/4096/4284
f 4391/4095/4283 4393/4097/4285 4388/4092/4280
f 4392/4096/4284 4388/4092/4280 4393/4097/4285
f 4394/4098/4286 4391/4095/4283 4389/4093/4281
f 4389/4093/4281 4390/4094/4282 4395/4099/4287
f 4394/4098/4286 4389/4093/4281 4395/4099/4287
f 4390/4094/4282 4396/4100/4288 4395/4099/4287
f 4394/4098/4286 4397/4101/4289 4391/4095/4283
f 4393/4097/4285 4391/4095/4283 4397/4101/4289
f 4395/4099/4287 4396/4100/4288 4398/4102/4290
f 4396/4100/4288 4399/4103/4291 4398/4102/4290
f 4400/4104/4292 4394/4098/4286 4395/4099/4287
f 4400/4104/4292 4395/4099/4287 4398/4102/4290
f 4397/4101/4289 4394/4098/4286 4401/4105/4293
f 4400/4104/4292 4401/4105/4293 4394/4098/4286
f 4402/4106/4294 4398/4102/4290 4399/4103/4291
f 4399/4103/4291 4403/4107/4295 4402/4106/4294
f 4404/4108/4296 4400/4104/4292 4398/4102/4290
f 4404/4108/4296 4398/4102/4290 4402/4106/4294
f 4401/4105/4293 4400/4104/4292 4405/4109/4297
f 4406/4110/4298 4400/4104/4292 4404/4108/4296
f 4400/4104/4292 4406/4110/4298 4405/4109/4297
f 4407/4111/4299 4406/4110/4298 4404/4108/4296
f 4408/4112/4300 4401/4105/4293 4405/4109/4297
f 4404/4108/4296 4409/4113/4301 4407/4111/4299
f 4409/4113/4301 4404/4108/4296 4402/4106/4294
f 4406/4110/4298 4407/4111/4299 4410/4114/4302
f 4409/4113/4301 4410/4114/4302 4407/4111/4299
f 4411/4115/4303 4405/4109/4297 4406/4110/4298
f 4410/4114/4302 4411/4115/4303 4406/4110/4298
f 4408/4112/4300 4405/4109/4297 4411/4115/4303
f 4410/4114/4302 4409/4113/4301 4412/4116/4304
f 4413/4117/4305 4401/4105/4293 4408/4112/4300
f 4413/4117/4305 4397/4101/4289 4401/4105/4293
f 4408/4112/4300 4411/4115/4303 4414/4118/4306
f 4415/4119/4307 4397/4101/4289 4413/4117/4305
f 4415/4119/4307 4393/4097/4285 4397/4101/4289
f 4413/4117/4305 4408/4112/4300 4416/4120/4308
f 4414/4118/4306 4416/4120/4308 4408/4112/4300
f 4415/4119/4307 4413/4117/4305 4417/4121/4309
f 4416/4120/4308 4417/4121/4309 4413/4117/4305
f 4418/4122/4310 4393/4097/4285 4415/4119/4307
f 4418/4122/4310 4392/4096/4284 4393/4097/4285
f 4415/4119/4307 4417/4121/4309 4419/4123/4311
f 4418/4122/4310 4415/4119/4307 4419/4123/4311
f 4420/4124/4312 4392/4096/4284 4418/4122/4310
f 4420/4124/4312 4382/4086/4274 4392/4096/4284
f 4418/4122/4310 4419/4123/4311 4421/4125/4313
f 4421/4125/4313 4420/4124/4312 4418/4122/4310
f 4422/4126/4314 4419/4123/4311 4417/4121/4309
f 4423/4127/4315 4382/4086/4274 4420/4124/4312
f 4422/4126/4314 4424/4128/4316 4419/4123/4311
f 4424/4128/4316 4421/4125/4313 4419/4123/4311
f 4423/4127/4315 4425/4129/4317 4382/4086/4274
f 4382/4086/4274 4425/4129/4317 4376/4080/4268
f 4425/4129/4317 4426/4130/4318 4376/4080/4268
f 4426/4130/4318 4425/4129/4317 4423/4127/4315
f 4373/4077/4265 4376/4080/4268 4426/4130/4318
f 4427/4131/4319 4423/4127/4315 4420/4124/4312
f 4423/4127/4315 4427/4131/4319 4426/4130/4318
f 4420/4124/4312 4421/4125/4313 4427/4131/4319
f 4428/4132/4320 4373/4077/4265 4426/4130/4318
f 4428/4132/4320 4426/4130/4318 4427/4131/4319
f 4428/4132/4320 4369/4073/4261 4373/4077/4265
f 4369/4073/4261 4428/4132/4320 4429/4133/4321
f 4430/4134/4322 4427/4131/4319 4421/4125/4313
f 4430/4134/4322 4428/4132/4320 4427/4131/4319
f 4430/4134/4322 4429/4133/4321 4428/4132/4320
f 4424/4128/4316 4430/4134/4322 4421/4125/4313
f 4429/4133/4321 4430/4134/4322 4431/4135/4323
f 4424/4128/4316 4431/4135/4323 4430/4134/4322
f 4431/4135/4323 4424/4128/4316 4432/4136/4324
f 4422/4126/4314 4432/4136/4324 4424/4128/4316
f 4432/4136/4324 4422/4126/4314 4433/4137/4325
f 4434/4138/4326 4433/4137/4325 4422/4126/4314
f 4434/4138/4326 4422/4126/4314 4417/4121/4309
f 4433/4137/4325 4434/4138/4326 4435/4139/4327
f 4434/4138/4326 4417/4121/4309 4416/4120/4308
f 4436/4140/4328 4435/4139/4327 4434/4138/4326
f 4436/4140/4328 4434/4138/4326 4416/4120/4308
f 4435/4139/4327 4436/4140/4328 4437/4141/4329
f 4436/4140/4328 4416/4120/4308 4414/4118/4306
f 4438/4142/4330 4437/4141/4329 4436/4140/4328
f 4437/4141/4329 4438/4142/4330 4439/4143/4331
f 4440/4144/4332 4436/4140/4328 4414/4118/4306
f 4436/4140/4328 4440/4144/4332 4438/4142/4330
f 4440/4144/4332 4414/4118/4306 4411/4115/4303
f 4441/4145/4333 4439/4143/4331 4438/4142/4330
f 4439/4143/4331 4441/4145/4333 4442/4146/4334
f 4443/4147/4335 4438/4142/4330 4440/4144/4332
f 4438/4142/4330 4443/4147/4335 4441/4145/4333
f 4411/4115/4303 4444/4148/4336 4440/4144/4332
f 4443/4147/4335 4440/4144/4332 4444/4148/4336
f 4411/4115/4303 4410/4114/4302 4444/4148/4336
f 4445/4149/4337 4442/4146/4334 4441/4145/4333
f 4442/4146/4334 4445/4149/4337 4446/4150/4338
f 4447/4151/4339 4441/4145/4333 4443/4147/4335
f 4441/4145/4333 4447/4151/4339 4445/4149/4337
f 4448/4152/4340 4446/4150/4338 4445/4149/4337
f 4446/4150/4338 4448/4152/4340 4449/4153/4341
f 4450/4154/4342 4445/4149/4337 4447/4151/4339
f 4445/4149/4337 4450/4154/4342 4448/4152/4340
f 4443/4147/4335 4451/4155/4343 4447/4151/4339
f 4447/4151/4339 4452/4156/4344 4450/4154/4342
f 4452/4156/4344 4447/4151/4339 4451/4155/4343
f 4451/4155/4343 4443/4147/4335 4453/4157/4345
f 4444/4148/4336 4453/4157/4345 4443/4147/4335
f 4451/4155/4343 4454/4158/4346 4452/4156/4344
f 4453/4157/4345 4455/4159/4347 4451/4155/4343
f 4454/4158/4346 4451/4155/4343 4455/4159/4347
f 4444/4148/4336 4456/4160/4348 4453/4157/4345
f 4455/4159/4347 4453/4157/4345 4456/4160/4348
f 4452/4156/4344 4454/4158/4346 4457/4161/4349
f 4457/4161/4349 4450/4154/4342 4452/4156/4344
f 4455/4159/4347 4458/4162/4350 4454/4158/4346
f 4450/4154/4342 4457/4161/4349 4459/4163/4351
f 4459/4163/4351 4448/4152/4340 4450/4154/4342
f 4457/4161/4349 4454/4158/4346 4460/4164/4352
f 4454/4158/4346 4458/4162/4350 4460/4164/4352
f 4448/4152/4340 4459/4163/4351 4461/4165/4353
f 4449/4153/4341 4448/4152/4340 4461/4165/4353
f 4462/4166/4354 4459/4163/4351 4457/4161/4349
f 4460/4164/4352 4462/4166/4354 4457/4161/4349
f 4459/4163/4351 4463/4167/4355 4461/4165/4353
f 4459/4163/4351 4462/4166/4354 4463/4167/4355
f 4464/4168/4356 4449/4153/4341 4461/4165/4353
f 4464/4168/4356 4461/4165/4353 4463/4167/4355
f 4465/4169/4357 4449/4153/4341 4464/4168/4356
f 4463/4167/4355 4466/4170/4358 4464/4168/4356
f 4462/4166/4354 4466/4170/4358 4463/4167/4355
f 4465/4169/4357 4464/4168/4356 4467/4171/4359
f 4466/4170/4358 4467/4171/4359 4464/4168/4356
f 4468/4172/4360 4465/4169/4357 4467/4171/4359
f 4467/4171/4359 4466/4170/4358 4468/4172/4360
f 4469/4173/4361 4465/4169/4357 4468/4172/4360
f 4466/4170/4358 4462/4166/4354 4470/4174/4362
f 4466/4170/4358 4470/4174/4362 4468/4172/4360
f 4471/4175/4363 4470/4174/4362 4462/4166/4354
f 4462/4166/4354 4460/4164/4352 4471/4175/4363
f 4472/4176/4364 4468/4172/4360 4470/4174/4362
f 4470/4174/4362 4471/4175/4363 4472/4176/4364
f 4468/4172/4360 4473/4177/4365 4469/4173/4361
f 4468/4172/4360 4472/4176/4364 4473/4177/4365
f 4474/4178/4366 4469/4173/4361 4473/4177/4365
f 4475/4179/4367 4469/4173/4361 4474/4178/4366
f 4473/4177/4365 4476/4180/4368 4474/4178/4366
f 4475/4179/4367 4474/4178/4366 4476/4180/4368
f 4472/4176/4364 4476/4180/4368 4473/4177/4365
f 4476/4180/4368 4477/4181/4369 4475/4179/4367
f 4478/4182/4370 4476/4180/4368 4472/4176/4364
f 4477/4181/4369 4476/4180/4368 4478/4182/4370
f 4471/4175/4363 4478/4182/4370 4472/4176/4364
f 4478/4182/4370 4479/4183/4371 4477/4181/4369
f 4471/4175/4363 4480/4184/4372 4478/4182/4370
f 4478/4182/4370 4480/4184/4372 4479/4183/4371
f 4460/4164/4352 4480/4184/4372 4471/4175/4363
f 4480/4184/4372 4481/4185/4373 4479/4183/4371
f 4460/4164/4352 4458/4162/4350 4480/4184/4372
f 4480/4184/4372 4458/4162/4350 4481/4185/4373
f 4482/4186/4374 4481/4185/4373 4458/4162/4350
f 4458/4162/4350 4455/4159/4347 4482/4186/4374
f 4481/4185/4373 4482/4186/4374 4483/4187/4375
f 4456/4160/4348 4482/4186/4374 4455/4159/4347
f 4484/4188/4376 4483/4187/4375 4482/4186/4374
f 4482/4186/4374 4456/4160/4348 4484/4188/4376
f 4483/4187/4375 4484/4188/4376 4485/4189/4377
f 4486/4190/4378 4484/4188/4376 4456/4160/4348
f 4456/4160/4348 4444/4148/4336 4486/4190/4378
f 4444/4148/4336 4410/4114/4302 4486/4190/4378
f 4486/4190/4378 4410/4114/4302 4412/4116/4304
f 4487/4191/4379 4485/4189/4377 4484/4188/4376
f 4484/4188/4376 4486/4190/4378 4487/4191/4379
f 4412/4116/4304 4487/4191/4379 4486/4190/4378
f 4485/4189/4377 4487/4191/4379 4488/4192/4380
f 4487/4191/4379 4412/4116/4304 4489/4193/4381
f 4489/4193/4381 4488/4192/4380 4487/4191/4379
f 4409/4113/4301 4489/4193/4381 4412/4116/4304
f 4488/4192/4380 4489/4193/4381 4490/4194/4382
f 4489/4193/4381 4409/4113/4301 4491/4195/4383
f 4490/4194/4382 4489/4193/4381 4491/4195/4383
f 4402/4106/4294 4491/4195/4383 4409/4113/4301
f 4492/4196/4384 4490/4194/4382 4491/4195/4383
f 4491/4195/4383 4402/4106/4294 4492/4196/4384
f 4490/4194/4382 4492/4196/4384 4493/4197/4385
f 4402/4106/4294 4403/4107/4295 4492/4196/4384
f 4492/4196/4384 4494/4198/4386 4493/4197/4385
f 4403/4107/4295 4494/4198/4386 4492/4196/4384
f 4495/4199/4387 4496/787/4388 4497/789/4389
f 4498/800/4390 4495/4199/4387 4499/801/4391
f 4500/4200/4392 4496/787/4388 4495/4199/4387
f 4495/4199/4387 4498/800/4390 4500/4200/4392
f 4500/4200/4392 4501/786/4393 4496/787/4388
f 4502/798/4394 4500/4200/4392 4498/800/4390
f 4503/4201/4395 4501/786/4393 4500/4200/4392
f 4500/4200/4392 4502/798/4394 4503/4201/4395
f 4504/785/4396 4501/786/4393 4503/4201/4395
f 4505/797/4397 4503/4201/4395 4502/798/4394
f 4506/4202/4398 4504/785/4396 4503/4201/4395
f 4503/4201/4395 4505/797/4397 4506/4202/4398
f 4506/4202/4398 4507/783/4399 4504/785/4396
f 4508/795/4400 4506/4202/4398 4505/797/4397
f 4507/783/4399 4506/4202/4398 4509/4203/4401
f 4506/4202/4398 4508/795/4400 4509/4203/4401
f 4509/4203/4401 4510/781/4402 4507/783/4399
f 4511/793/4403 4509/4203/4401 4508/795/4400
f 4512/4204/4404 4510/781/4402 4509/4203/4401
f 4509/4203/4401 4511/793/4403 4512/4204/4404
f 4512/4204/4404 4513/779/4405 4510/781/4402
f 4511/793/4403 4514/4205/4406 4512/4204/4404
f 4514/4205/4406 4513/779/4405 4512/4204/4404
f 4514/4205/4406 4511/793/4403 4515/790/4407
f 4514/4205/4406 4516/780/4408 4513/779/4405
f 4517/792/4409 4514/4205/4406 4515/790/4407
f 4514/4205/4406 4518/4206/4410 4516/780/4408
f 4514/4205/4406 4517/792/4409 4518/4206/4410
f 4519/777/4411 4520/4207/4412 4521/776/4413
f 4520/4207/4412 4519/777/4411 4522/4208/4414
f 4522/4208/4414 4523/4209/4415 4520/4207/4412
f 4523/4209/4415 4522/4208/4414 4524/4210/4416
f 4524/4210/4416 4525/4211/4417 4523/4209/4415
f 4519/777/4411 4526/4212/4418 4522/4208/4414
f 4525/4211/4417 4524/4210/4416 4527/4213/4419
f 4527/4213/4419 4528/4214/4420 4525/4211/4417
f 4522/4208/4414 4529/4215/4421 4524/4210/4416
f 4529/4215/4421 4522/4208/4414 4526/4212/4418
f 4524/4210/4416 4530/4216/4422 4527/4213/4419
f 4530/4216/4422 4524/4210/4416 4529/4215/4421
f 4528/4214/4420 4527/4213/4419 4531/4217/4423
f 4531/4217/4423 4527/4213/4419 4530/4216/4422
f 4531/4217/4423 4532/4218/4424 4528/4214/4420
f 4533/2489/4425 4534/2490/2592 4532/4218/4424
f 4532/4218/4424 4531/4217/4423 4535/4219/4426
f 4535/4219/4426 4533/2489/4425 4532/4218/4424
f 4535/4219/4426 4531/4217/4423 4536/4220/4422
f 4530/4216/4422 4536/4220/4422 4531/4217/4423
f 4533/2489/4425 4535/4219/4426 4537/4221/4427
f 4536/4220/4422 4537/4221/4427 4535/4219/4426
f 4538/2484/2586 4533/2489/4425 4537/4221/4427
f 4537/4221/4427 4539/2482/4428 4538/2484/2586
f 4536/4220/4422 4540/4222/4429 4537/4221/4427
f 4539/2482/4428 4537/4221/4427 4540/4222/4429
f 4530/4216/4422 4541/4223/4430 4536/4220/4422
f 4540/4222/4429 4536/4220/4422 4541/4223/4430
f 4542/4224/4431 4539/2482/4428 4540/4222/4429
f 4542/4224/4431 4543/2478/4432 4539/2482/4428
f 4542/4224/4431 4544/2476/4433 4543/2478/4432
f 4545/4225/4434 4542/4224/4431 4540/4222/4429
f 4545/4225/4434 4540/4222/4429 4541/4223/4430
f 4544/2476/4433 4542/4224/4431 4546/4226/4435
f 4545/4225/4434 4546/4226/4435 4542/4224/4431
f 4546/4226/4435 4547/2477/2579 4544/2476/4433
f 4547/2477/2579 4546/4226/4435 4548/4227/4436
f 4549/4228/4437 4548/4227/4436 4546/4226/4435
f 4546/4226/4435 4545/4225/4434 4549/4228/4437
f 4548/4227/4436 4549/4228/4437 4550/4229/4438
f 4551/4230/4439 4549/4228/4437 4545/4225/4434
f 4551/4230/4439 4545/4225/4434 4541/4223/4430
f 4552/4231/4440 4550/4229/4438 4549/4228/4437
f 4549/4228/4437 4551/4230/4439 4552/4231/4440
f 4550/4229/4438 4552/4231/4440 4553/4232/4441
f 4551/4230/4439 4541/4223/4430 4554/4233/4442
f 4541/4223/4430 4530/4216/4422 4554/4233/4442
f 4529/4215/4421 4554/4233/4442 4530/4216/4422
f 4554/4233/4442 4529/4215/4421 4555/4234/4443
f 4555/4234/4443 4551/4230/4439 4554/4233/4442
f 4526/4212/4418 4555/4234/4443 4529/4215/4421
f 4556/4235/4444 4552/4231/4440 4551/4230/4439
f 4551/4230/4439 4555/4234/4443 4556/4235/4444
f 4557/4236/4445 4553/4232/4441 4552/4231/4440
f 4552/4231/4440 4556/4235/4444 4557/4236/4445
f 4553/4232/4441 4557/4236/4445 4558/4237/4446
f 4559/4238/4447 4558/4237/4446 4557/4236/4445
f 4560/4239/4448 4556/4235/4444 4555/4234/4443
f 4555/4234/4443 4526/4212/4418 4560/4239/4448
f 4561/4240/4449 4557/4236/4445 4556/4235/4444
f 4556/4235/4444 4560/4239/4448 4561/4240/4449
f 4557/4236/4445 4562/4241/4450 4559/4238/4447
f 4557/4236/4445 4561/4240/4449 4562/4241/4450
f 4562/4241/4450 4563/4242/4451 4559/4238/4447
f 4564/4243/4452 4561/4240/4449 4560/4239/4448
f 4526/4212/4418 4564/4243/4452 4560/4239/4448
f 4565/4244/4453 4562/4241/4450 4561/4240/4449
f 4561/4240/4449 4564/4243/4452 4565/4244/4453
f 4562/4241/4450 4566/4245/4454 4563/4242/4451
f 4562/4241/4450 4565/4244/4453 4566/4245/4454
f 4566/4245/4454 4567/4246/4455 4563/4242/4451
f 4564/4243/4452 4526/4212/4418 4568/4247/4456
f 4526/4212/4418 4519/777/4411 4568/4247/4456
f 4569/775/4457 4568/4247/4456 4519/777/4411
f 4566/4245/4454 4570/4248/4458 4567/4246/4455
f 4570/4248/4458 4571/4249/4459 4567/4246/4455
f 4568/4247/4456 4569/775/4457 4572/4250/4460
f 4573/772/4461 4572/4250/4460 4569/775/4457
f 4568/4247/4456 4574/4251/4462 4564/4243/4452
f 4574/4251/4462 4568/4247/4456 4572/4250/4460
f 4574/4251/4462 4565/4244/4453 4564/4243/4452
f 4575/4252/4463 4566/4245/4454 4565/4244/4453
f 4565/4244/4453 4574/4251/4462 4575/4252/4463
f 4566/4245/4454 4575/4252/4463 4570/4248/4458
f 4572/4250/4460 4576/4253/4464 4574/4251/4462
f 4576/4253/4464 4575/4252/4463 4574/4251/4462
f 4577/4254/4465 4570/4248/4458 4575/4252/4463
f 4575/4252/4463 4576/4253/4464 4577/4254/4465
f 4571/4249/4459 4570/4248/4458 4578/4255/4466
f 4570/4248/4458 4577/4254/4465 4578/4255/4466
f 4578/4255/4466 4579/4256/4467 4571/4249/4459
f 4580/4257/4468 4578/4255/4466 4577/4254/4465
f 4576/4253/4464 4580/4257/4468 4577/4254/4465
f 4579/4256/4467 4578/4255/4466 4581/4258/4469
f 4578/4255/4466 4580/4257/4468 4581/4258/4469
f 4581/4258/4469 4582/4259/4470 4579/4256/4467
f 4580/4257/4468 4576/4253/4464 4583/4260/4471
f 4582/4259/4470 4581/4258/4469 4584/4261/4472
f 4585/4262/4473 4581/4258/4469 4580/4257/4468
f 4581/4258/4469 4585/4262/4473 4584/4261/4472
f 4583/4260/4471 4585/4262/4473 4580/4257/4468
f 4586/4263/4474 4582/4259/4470 4584/4261/4472
f 4582/4259/4470 4586/4263/4474 4587/4264/4475
f 4588/4265/4476 4584/4261/4472 4585/4262/4473
f 4584/4261/4472 4588/4265/4476 4586/4263/4474
f 4589/4266/4477 4587/4264/4475 4586/4263/4474
f 4588/4265/4476 4589/4266/4477 4586/4263/4474
f 4587/4264/4475 4589/4266/4477 4590/4267/4478
f 4591/4268/4479 4588/4265/4476 4585/4262/4473
f 4585/4262/4473 4583/4260/4471 4591/4268/4479
f 4592/4269/4480 4590/4267/4478 4589/4266/4477
f 4590/4267/4478 4592/4269/4480 4593/4270/4481
f 4588/4265/4476 4594/4271/4482 4589/4266/4477
f 4592/4269/4480 4589/4266/4477 4594/4271/4482
f 4595/4272/4483 4594/4271/4482 4588/4265/4476
f 4591/4268/4479 4595/4272/4483 4588/4265/4476
f 4594/4271/4482 4596/4273/4484 4592/4269/4480
f 4595/4272/4483 4597/4274/4485 4594/4271/4482
f 4597/4274/4485 4596/4273/4484 4594/4271/4482
f 4598/4275/4486 4593/4270/4481 4592/4269/4480
f 4593/4270/4481 4598/4275/4486 4599/4276/4487
f 4600/4277/4488 4592/4269/4480 4596/4273/4484
f 4592/4269/4480 4600/4277/4488 4598/4275/4486
f 4597/4274/4485 4601/4278/4489 4596/4273/4484
f 4601/4278/4489 4600/4277/4488 4596/4273/4484
f 4602/4279/4490 4599/4276/4487 4598/4275/4486
f 4599/4276/4487 4602/4279/4490 4603/4280/4491
f 4604/4281/4492 4598/4275/4486 4600/4277/4488
f 4598/4275/4486 4604/4281/4492 4602/4279/4490
f 4601/4278/4489 4605/4282/4493 4600/4277/4488
f 4605/4282/4493 4604/4281/4492 4600/4277/4488
f 4606/4283/4494 4603/4280/4491 4602/4279/4490
f 4603/4280/4491 4606/4283/4494 4607/4284/4495
f 4608/4285/4496 4602/4279/4490 4604/4281/4492
f 4602/4279/4490 4608/4285/4496 4606/4283/4494
f 4609/4286/4497 4607/4284/4495 4606/4283/4494
f 4607/4284/4495 4609/4286/4497 4610/4287/4498
f 4606/4283/4494 4611/4288/4499 4609/4286/4497
f 4611/4288/4499 4606/4283/4494 4608/4285/4496
f 4612/4289/4500 4610/4287/4498 4609/4286/4497
f 4611/4288/4499 4612/4289/4500 4609/4286/4497
f 4610/4287/4498 4612/4289/4500 4613/4290/4501
f 4614/4291/4502 4613/4290/4501 4612/4289/4500
f 4612/4289/4500 4615/4292/4503 4614/4291/4502
f 4615/4292/4503 4616/4293/4504 4614/4291/4502
f 4611/4288/4499 4617/4294/4505 4612/4289/4500
f 4617/4294/4505 4615/4292/4503 4612/4289/4500
f 4615/4292/4503 4618/4295/4506 4616/4293/4504
f 4618/4295/4506 4619/4296/4507 4616/4293/4504
f 4617/4294/4505 4620/4297/4508 4615/4292/4503
f 4620/4297/4508 4618/4295/4506 4615/4292/4503
f 4619/4296/4507 4618/4295/4506 4621/4298/4509
f 4621/4298/4509 4622/4299/4510 4619/4296/4507
f 4620/4297/4508 4623/4300/4511 4618/4295/4506
f 4623/4300/4511 4621/4298/4509 4618/4295/4506
f 4622/4299/4510 4621/4298/4509 4624/4301/4512
f 4624/4301/4512 4625/4302/4513 4622/4299/4510
f 4621/4298/4509 4623/4300/4511 4626/4303/4514
f 4625/4302/4513 4624/4301/4512 4627/4304/4515
f 4627/4304/4515 4628/4305/4516 4625/4302/4513
f 4621/4298/4509 4629/4306/4517 4624/4301/4512
f 4629/4306/4517 4621/4298/4509 4626/4303/4514
f 4624/4301/4512 4630/4307/4518 4627/4304/4515
f 4630/4307/4518 4624/4301/4512 4629/4306/4517
f 4628/4305/4516 4627/4304/4515 4631/4308/4519
f 4631/4308/4519 4632/4309/4520 4628/4305/4516
f 4633/4310/4521 4627/4304/4515 4630/4307/4518
f 4627/4304/4515 4633/4310/4521 4631/4308/4519
f 4632/4309/4520 4631/4308/4519 4634/4311/4522
f 4634/4311/4522 4635/4312/4523 4632/4309/4520
f 4636/4313/4524 4631/4308/4519 4633/4310/4521
f 4631/4308/4519 4636/4313/4524 4634/4311/4522
f 4635/4312/4523 4634/4311/4522 4637/4314/4525
f 4638/4315/4526 4635/4312/4523 4637/4314/4525
f 4639/4316/4527 4634/4311/4522 4636/4313/4524
f 4634/4311/4522 4639/4316/4527 4637/4314/4525
f 4637/4314/4525 4640/4317/4528 4638/4315/4526
f 4641/4318/4529 4638/4315/4526 4640/4317/4528
f 4642/4319/4530 4637/4314/4525 4639/4316/4527
f 4637/4314/4525 4642/4319/4530 4640/4317/4528
f 4640/4317/4528 4643/4320/4531 4641/4318/4529
f 4644/4321/4532 4641/4318/4529 4643/4320/4531
f 4645/4322/4533 4640/4317/4528 4642/4319/4530
f 4640/4317/4528 4645/4322/4533 4643/4320/4531
f 4643/4320/4531 4646/4323/2445 4644/4321/4532
f 4647/4324/4534 4644/4321/4532 4646/4323/2445
f 4646/4323/2445 4648/4325/4535 4647/4324/4534
f 4646/4323/2445 4649/4326/4536 4648/4325/4535
f 4643/4320/4531 4650/4327/4537 4646/4323/2445
f 4649/4326/4536 4646/4323/2445 4650/4327/4537
f 4650/4327/4537 4643/4320/4531 4645/4322/4533
f 4651/4328/4538 4649/4326/4536 4650/4327/4537
f 4651/4328/4538 4652/4329/4539 4649/4326/4536
f 4653/4330/4540 4650/4327/4537 4645/4322/4533
f 4653/4330/4540 4651/4328/4538 4650/4327/4537
f 4652/4329/4539 4651/4328/4538 4654/4331/4541
f 4654/4331/4541 4655/4332/4542 4652/4329/4539
f 4654/4331/4541 4656/4333/4543 4655/4332/4542
f 4657/4334/4544 4654/4331/4541 4651/4328/4538
f 4657/4334/4544 4651/4328/4538 4653/4330/4540
f 4656/4333/4543 4654/4331/4541 4658/4335/4545
f 4657/4334/4544 4658/4335/4545 4654/4331/4541
f 4656/4333/4543 4658/4335/4545 4659/4336/4546
f 4658/4335/4545 4660/4337/4547 4659/4336/4546
f 4658/4335/4545 4661/4338/4548 4660/4337/4547
f 4658/4335/4545 4657/4334/4544 4661/4338/4548
f 4661/4338/4548 4662/4339/4549 4660/4337/4547
f 4663/4340/4550 4661/4338/4548 4657/4334/4544
f 4663/4340/4550 4657/4334/4544 4653/4330/4540
f 4661/4338/4548 4664/4341/4551 4662/4339/4549
f 4661/4338/4548 4663/4340/4550 4664/4341/4551
f 4664/4341/4551 4665/4342/4552 4662/4339/4549
f 4663/4340/4550 4653/4330/4540 4666/4343/4553
f 4666/4343/4553 4653/4330/4540 4645/4322/4533
f 4666/4343/4553 4645/4322/4533 4642/4319/4530
f 4667/4344/4554 4664/4341/4551 4663/4340/4550
f 4667/4344/4554 4663/4340/4550 4666/4343/4553
f 4664/4341/4551 4668/4345/4555 4665/4342/4552
f 4664/4341/4551 4667/4344/4554 4668/4345/4555
f 4668/4345/4555 4669/4346/4556 4665/4342/4552
f 4670/4347/4557 4666/4343/4553 4642/4319/4530
f 4667/4344/4554 4666/4343/4553 4670/4347/4557
f 4670/4347/4557 4642/4319/4530 4639/4316/4527
f 4671/4348/4558 4668/4345/4555 4667/4344/4554
f 4670/4347/4557 4671/4348/4558 4667/4344/4554
f 4668/4345/4555 4672/4349/4559 4669/4346/4556
f 4668/4345/4555 4671/4348/4558 4672/4349/4559
f 4672/4349/4559 4673/4350/4560 4669/4346/4556
f 4674/4351/4561 4670/4347/4557 4639/4316/4527
f 4671/4348/4558 4670/4347/4557 4674/4351/4561
f 4674/4351/4561 4639/4316/4527 4636/4313/4524
f 4675/4352/4562 4672/4349/4559 4671/4348/4558
f 4674/4351/4561 4675/4352/4562 4671/4348/4558
f 4672/4349/4559 4676/4353/4563 4673/4350/4560
f 4672/4349/4559 4675/4352/4562 4676/4353/4563
f 4676/4353/4563 4677/4354/4564 4673/4350/4560
f 4678/4355/4565 4674/4351/4561 4636/4313/4524
f 4675/4352/4562 4674/4351/4561 4678/4355/4565
f 4678/4355/4565 4636/4313/4524 4633/4310/4521
f 4679/4356/4566 4676/4353/4563 4675/4352/4562
f 4678/4355/4565 4679/4356/4566 4675/4352/4562
f 4676/4353/4563 4680/4357/4567 4677/4354/4564
f 4676/4353/4563 4679/4356/4566 4680/4357/4567
f 4680/4357/4567 4681/4358/4568 4677/4354/4564
f 4682/4359/4569 4678/4355/4565 4633/4310/4521
f 4679/4356/4566 4678/4355/4565 4682/4359/4569
f 4682/4359/4569 4633/4310/4521 4630/4307/4518
f 4683/4360/4570 4681/4358/4568 4680/4357/4567
f 4679/4356/4566 4683/4360/4570 4680/4357/4567
f 4683/4360/4570 4684/4361/4571 4681/4358/4568
f 4683/4360/4570 4685/4362/4572 4684/4361/4571
f 4682/4359/4569 4686/4363/4573 4679/4356/4566
f 4683/4360/4570 4679/4356/4566 4686/4363/4573
f 4630/4307/4518 4687/4364/4574 4682/4359/4569
f 4686/4363/4573 4682/4359/4569 4687/4364/4574
f 4687/4364/4574 4630/4307/4518 4629/4306/4517
f 4685/4362/4572 4683/4360/4570 4688/4365/4575
f 4686/4363/4573 4688/4365/4575 4683/4360/4570
f 4688/4365/4575 4689/4366/4576 4685/4362/4572
f 4687/4364/4574 4690/4367/4577 4686/4363/4573
f 4688/4365/4575 4686/4363/4573 4690/4367/4577
f 4689/4366/4576 4688/4365/4575 4691/4368/4578
f 4690/4367/4577 4691/4368/4578 4688/4365/4575
f 4691/4368/4578 4692/4369/4579 4689/4366/4576
f 4690/4367/4577 4687/4364/4574 4693/4370/4580
f 4629/4306/4517 4693/4370/4580 4687/4364/4574
f 4693/4370/4580 4629/4306/4517 4626/4303/4514
f 4623/4300/4511 4693/4370/4580 4626/4303/4514
f 4691/4368/4578 4690/4367/4577 4694/4371/4581
f 4693/4370/4580 4694/4371/4581 4690/4367/4577
f 4692/4369/4579 4691/4368/4578 4695/4372/4582
f 4694/4371/4581 4695/4372/4582 4691/4368/4578
f 4695/4372/4582 4696/4373/4583 4692/4369/4579
f 4693/4370/4580 4623/4300/4511 4697/4374/4584
f 4694/4371/4581 4693/4370/4580 4697/4374/4584
f 4620/4297/4508 4697/4374/4584 4623/4300/4511
f 4694/4371/4581 4698/4375/4585 4695/4372/4582
f 4697/4374/4584 4698/4375/4585 4694/4371/4581
f 4697/4374/4584 4620/4297/4508 4699/4376/4586
f 4697/4374/4584 4699/4376/4586 4698/4375/4585
f 4617/4294/4505 4699/4376/4586 4620/4297/4508
f 4698/4375/4585 4700/4377/4587 4695/4372/4582
f 4696/4373/4583 4695/4372/4582 4700/4377/4587
f 4701/4378/4588 4698/4375/4585 4699/4376/4586
f 4699/4376/4586 4617/4294/4505 4701/4378/4588
f 4698/4375/4585 4702/4379/4589 4700/4377/4587
f 4698/4375/4585 4701/4378/4588 4702/4379/4589
f 4703/4380/4590 4696/4373/4583 4700/4377/4587
f 4702/4379/4589 4703/4380/4590 4700/4377/4587
f 4696/4373/4583 4703/4380/4590 4704/4381/4591
f 4705/4382/4592 4701/4378/4588 4617/4294/4505
f 4705/4382/4592 4702/4379/4589 4701/4378/4588
f 4705/4382/4592 4617/4294/4505 4611/4288/4499
f 4702/4379/4589 4706/4383/4593 4703/4380/4590
f 4702/4379/4589 4705/4382/4592 4706/4383/4593
f 4707/4384/4594 4704/4381/4591 4703/4380/4590
f 4707/4384/4594 4703/4380/4590 4706/4383/4593
f 4704/4381/4591 4707/4384/4594 4708/4385/4595
f 4709/4386/4596 4705/4382/4592 4611/4288/4499
f 4709/4386/4596 4706/4383/4593 4705/4382/4592
f 4611/4288/4499 4608/4285/4496 4709/4386/4596
f 4706/4383/4593 4710/4387/4597 4707/4384/4594
f 4706/4383/4593 4709/4386/4596 4710/4387/4597
f 4708/4385/4595 4707/4384/4594 4711/4388/4598
f 4711/4388/4598 4707/4384/4594 4710/4387/4597
f 4708/4385/4595 4711/4388/4598 4712/4389/4599
f 4713/4390/4600 4709/4386/4596 4608/4285/4496
f 4713/4390/4600 4710/4387/4597 4709/4386/4596
f 4608/4285/4496 4604/4281/4492 4713/4390/4600
f 4605/4282/4493 4713/4390/4600 4604/4281/4492
f 4710/4387/4597 4713/4390/4600 4714/4391/4601
f 4605/4282/4493 4714/4391/4601 4713/4390/4600
f 4710/4387/4597 4714/4391/4601 4711/4388/4598
f 4714/4391/4601 4605/4282/4493 4715/4392/4602
f 4601/4278/4489 4715/4392/4602 4605/4282/4493
f 4716/4393/4603 4711/4388/4598 4714/4391/4601
f 4712/4389/4599 4711/4388/4598 4716/4393/4603
f 4715/4392/4602 4716/4393/4603 4714/4391/4601
f 4712/4389/4599 4716/4393/4603 4717/4394/4604
f 4715/4392/4602 4601/4278/4489 4718/4395/4605
f 4597/4274/4485 4718/4395/4605 4601/4278/4489
f 4719/4396/4606 4716/4393/4603 4715/4392/4602
f 4716/4393/4603 4719/4396/4606 4717/4394/4604
f 4719/4396/4606 4715/4392/4602 4718/4395/4605
f 4719/4396/4606 4720/4397/4607 4717/4394/4604
f 4718/4395/4605 4597/4274/4485 4721/4398/4608
f 4595/4272/4483 4721/4398/4608 4597/4274/4485
f 4719/4396/4606 4718/4395/4605 4722/4399/4609
f 4719/4396/4606 4722/4399/4609 4720/4397/4607
f 4722/4399/4609 4718/4395/4605 4721/4398/4608
f 4722/4399/4609 4723/4400/4610 4720/4397/4607
f 4721/4398/4608 4595/4272/4483 4724/4401/4611
f 4724/4401/4611 4722/4399/4609 4721/4398/4608
f 4591/4268/4479 4724/4401/4611 4595/4272/4483
f 4722/4399/4609 4725/4402/4612 4723/4400/4610
f 4722/4399/4609 4724/4401/4611 4725/4402/4612
f 4725/4402/4612 4726/4403/4613 4723/4400/4610
f 4724/4401/4611 4591/4268/4479 4727/4404/4614
f 4727/4404/4614 4725/4402/4612 4724/4401/4611
f 4725/4402/4612 4728/4405/4615 4726/4403/4613
f 4725/4402/4612 4727/4404/4614 4728/4405/4615
f 4728/4405/4615 4729/4406/4616 4726/4403/4613
f 4591/4268/4479 4730/4407/4617 4727/4404/4614
f 4730/4407/4617 4728/4405/4615 4727/4404/4614
f 4730/4407/4617 4591/4268/4479 4583/4260/4471
f 4728/4405/4615 4731/4408/4618 4729/4406/4616
f 4728/4405/4615 4730/4407/4617 4731/4408/4618
f 4731/4408/4618 4732/4409/4619 4729/4406/4616
f 4731/4408/4618 4733/774/802 4732/4409/4619
f 4733/774/802 4731/4408/4618 4573/772/4461
f 4583/4260/4471 4734/4410/4620 4730/4407/4617
f 4734/4410/4620 4731/4408/4618 4730/4407/4617
f 4731/4408/4618 4734/4410/4620 4573/772/4461
f 4734/4410/4620 4583/4260/4471 4576/4253/4464
f 4572/4250/4460 4573/772/4461 4734/4410/4620
f 4576/4253/4464 4572/4250/4460 4734/4410/4620
f 4735/1230/4621 4736/4411/4622 4737/1231/4623
f 4736/4411/4622 4735/1230/4621 4738/4412/4624
f 4738/4412/4624 4739/4413/4625 4736/4411/4622
f 4739/4413/4625 4740/4414/4626 4736/4411/4622
f 4739/4413/4625 4741/4415/4627 4740/4414/4626
f 4741/4415/4627 4739/4413/4625 4742/4416/4628
f 4739/4413/4625 4743/4417/4629 4742/4416/4628
f 4738/4412/4624 4744/4418/4630 4739/4413/4625
f 4739/4413/4625 4744/4418/4630 4743/4417/4629
f 4735/1230/4621 4745/4419/4631 4738/4412/4624
f 4745/4419/4631 4744/4418/4630 4738/4412/4624
f 4746/1234/4632 4745/4419/4631 4735/1230/4621
f 4747/1262/4633 4745/4419/4631 4746/1234/4632
f 4748/4420/4634 4743/4417/4629 4744/4418/4630
f 4745/4419/4631 4748/4420/4634 4744/4418/4630
f 4743/4417/4629 4748/4420/4634 4749/4421/4635
f 4748/4420/4634 4750/4422/4636 4749/4421/4635
f 4750/4422/4636 4748/4420/4634 4751/4423/4637
f 4748/4420/4634 4752/4424/4638 4751/4423/4637
f 4745/4419/4631 4747/1262/4633 4753/4425/4639
f 4748/4420/4634 4745/4419/4631 4753/4425/4639
f 4752/4424/4638 4748/4420/4634 4753/4425/4639
f 4754/1263/1317 4753/4425/4639 4747/1262/4633
f 4753/4425/4639 4754/1263/1317 4752/4424/4638
f 4755/4426/4640 4756/4427/4641 4757/4428/4642
f 4757/4428/4642 4758/4429/4643 4755/4426/4640
f 4758/4429/4643 4759/4430/4644 4755/4426/4640
f 4759/4430/4644 4760/4431/4645 4755/4426/4640
f 4759/4430/4644 4761/4432/4646 4760/4431/4645
f 4759/4430/4644 4762/4433/4647 4761/4432/4646
f 4758/4429/4643 4762/4433/4647 4759/4430/4644
f 4763/4434/4648 4761/4432/4646 4762/4433/4647
f 4764/4435/4649 4761/4432/4646 4763/4434/4648
f 4762/4433/4647 4758/4429/4643 4765/4436/4650
f 4765/4436/4650 4763/4434/4648 4762/4433/4647
f 4766/4437/4651 4764/4435/4649 4763/4434/4648
f 4764/4435/4649 4766/4437/4651 4767/4438/4652
f 4763/4434/4648 4765/4436/4650 4768/4439/4653
f 4768/4439/4653 4766/4437/4651 4763/4434/4648
f 4758/4429/4643 4769/4440/4654 4765/4436/4650
f 4769/4440/4654 4768/4439/4653 4765/4436/4650
f 4770/4441/4655 4767/4438/4652 4766/4437/4651
f 4771/4442/4656 4767/4438/4652 4770/4441/4655
f 4766/4437/4651 4768/4439/4653 4772/4443/4657
f 4772/4443/4657 4770/4441/4655 4766/4437/4651
f 4768/4439/4653 4769/4440/4654 4773/4444/4658
f 4773/4444/4658 4772/4443/4657 4768/4439/4653
f 4758/4429/4643 4774/4445/4659 4769/4440/4654
f 4774/4445/4659 4773/4444/4658 4769/4440/4654
f 4774/4445/4659 4758/4429/4643 4775/4446/4660
f 4757/4428/4642 4775/4446/4660 4758/4429/4643
f 4776/4447/4661 4775/4446/4660 4757/4428/4642
f 4777/4448/4662 4775/4446/4660 4776/4447/4661
f 4778/4449/4663 4777/4448/4662 4776/4447/4661
f 4775/4446/4660 4779/4450/4664 4774/4445/4659
f 4779/4450/4664 4775/4446/4660 4777/4448/4662
f 4778/4449/4663 4780/4451/4665 4777/4448/4662
f 4780/4451/4665 4779/4450/4664 4777/4448/4662
f 4780/4451/4665 4778/4449/4663 4781/4452/4666
f 4782/4453/3267 4780/4451/4665 4781/4452/4666
f 4779/4450/4664 4783/4454/4667 4774/4445/4659
f 4773/4444/4658 4774/4445/4659 4783/4454/4667
f 4780/4451/4665 4782/4453/3267 4784/4455/4668
f 4782/4453/3267 4785/4456/4669 4784/4455/4668
f 4779/4450/4664 4780/4451/4665 4786/4457/4670
f 4784/4455/4668 4786/4457/4670 4780/4451/4665
f 4787/4458/4671 4783/4454/4667 4779/4450/4664
f 4787/4458/4671 4779/4450/4664 4786/4457/4670
f 4788/4459/4672 4773/4444/4658 4783/4454/4667
f 4783/4454/4667 4787/4458/4671 4788/4459/4672
f 4773/4444/4658 4788/4459/4672 4789/4460/4673
f 4772/4443/4657 4773/4444/4658 4789/4460/4673
f 4790/4461/4674 4789/4460/4673 4788/4459/4672
f 4787/4458/4671 4790/4461/4674 4788/4459/4672
f 4791/4462/4675 4772/4443/4657 4789/4460/4673
f 4791/4462/4675 4789/4460/4673 4790/4461/4674
f 4772/4443/4657 4791/4462/4675 4792/4463/4676
f 4770/4441/4655 4772/4443/4657 4792/4463/4676
f 4793/4464/4677 4791/4462/4675 4790/4461/4674
f 4794/4465/4678 4792/4463/4676 4791/4462/4675
f 4791/4462/4675 4793/4464/4677 4794/4465/4678
f 4795/4466/4679 4770/4441/4655 4792/4463/4676
f 4794/4465/4678 4795/4466/4679 4792/4463/4676
f 4790/4461/4674 4796/4467/4680 4793/4464/4677
f 4790/4461/4674 4787/4458/4671 4796/4467/4680
f 4797/4468/4681 4794/4465/4678 4793/4464/4677
f 4798/4469/4682 4793/4464/4677 4796/4467/4680
f 4793/4464/4677 4798/4469/4682 4797/4468/4681
f 4799/4470/4683 4796/4467/4680 4787/4458/4671
f 4799/4470/4683 4798/4469/4682 4796/4467/4680
f 4794/4465/4678 4797/4468/4681 4800/4471/4684
f 4800/4471/4684 4795/4466/4679 4794/4465/4678
f 4798/4469/4682 4801/4472/4685 4797/4468/4681
f 4797/4468/4681 4801/4472/4685 4800/4471/4684
f 4801/4472/4685 4798/4469/4682 4802/4473/4686
f 4800/4471/4684 4801/4472/4685 4803/4474/4687
f 4804/4475/4688 4802/4473/4686 4798/4469/4682
f 4798/4469/4682 4799/4470/4683 4804/4475/4688
f 4802/4473/4686 4804/4475/4688 4805/4476/4689
f 4804/4475/4688 4806/4477/4690 4805/4476/4689
f 4803/4474/4687 4807/4478/4691 4800/4471/4684
f 4795/4466/4679 4800/4471/4684 4807/4478/4691
f 4807/4478/4691 4803/4474/4687 4808/4479/4692
f 4808/4479/4692 4809/4480/4693 4807/4478/4691
f 4810/4481/4694 4795/4466/4679 4807/4478/4691
f 4809/4480/4693 4810/4481/4694 4807/4478/4691
f 4795/4466/4679 4810/4481/4694 4770/4441/4655
f 4810/4481/4694 4809/4480/4693 4811/4482/4695
f 4810/4481/4694 4771/4442/4656 4770/4441/4655
f 4771/4442/4656 4810/4481/4694 4811/4482/4695
f 4806/4477/4690 4804/4475/4688 4812/4483/4696
f 4804/4475/4688 4799/4470/4683 4812/4483/4696
f 4812/4483/4696 4813/4484/4697 4806/4477/4690
f 4813/4484/4697 4814/4485/3274 4806/4477/4690
f 4812/4483/4696 4799/4470/4683 4815/4486/4698
f 4814/4485/3274 4813/4484/4697 4816/4487/4699
f 4816/4487/4699 4817/4488/4700 4814/4485/3274
f 4818/4489/4701 4813/4484/4697 4812/4483/4696
f 4815/4486/4698 4818/4489/4701 4812/4483/4696
f 4819/4490/4702 4816/4487/4699 4813/4484/4697
f 4813/4484/4697 4818/4489/4701 4819/4490/4702
f 4799/4470/4683 4820/4491/4703 4815/4486/4698
f 4799/4470/4683 4787/4458/4671 4820/4491/4703
f 4820/4491/4703 4787/4458/4671 4786/4457/4670
f 4815/4486/4698 4821/4492/4704 4818/4489/4701
f 4821/4492/4704 4819/4490/4702 4818/4489/4701
f 4815/4486/4698 4820/4491/4703 4822/4493/4705
f 4822/4493/4705 4821/4492/4704 4815/4486/4698
f 4820/4491/4703 4786/4457/4670 4823/4494/4706
f 4822/4493/4705 4820/4491/4703 4823/4494/4706
f 4786/4457/4670 4784/4455/4668 4823/4494/4706
f 4821/4492/4704 4822/4493/4705 4824/4495/4707
f 4825/4496/4708 4822/4493/4705 4823/4494/4706
f 4822/4493/4705 4825/4496/4708 4824/4495/4707
f 4784/4455/4668 4826/4497/4709 4823/4494/4706
f 4826/4497/4709 4825/4496/4708 4823/4494/4706
f 4826/4497/4709 4784/4455/4668 4827/4498/4710
f 4785/4456/4669 4827/4498/4710 4784/4455/4668
f 4828/4499/4711 4826/4497/4709 4827/4498/4710
f 4785/4456/4669 4828/4499/4711 4827/4498/4710
f 4829/4500/4712 4825/4496/4708 4826/4497/4709
f 4826/4497/4709 4828/4499/4711 4829/4500/4712
f 4785/4456/4669 4830/4501/4713 4828/4499/4711
f 4830/4501/4713 4829/4500/4712 4828/4499/4711
f 4785/4456/4669 4831/4502/4714 4830/4501/4713
f 4825/4496/4708 4829/4500/4712 4832/4503/4715
f 4824/4495/4707 4825/4496/4708 4832/4503/4715
f 4829/4500/4712 4830/4501/4713 4833/4504/4716
f 4829/4500/4712 4833/4504/4716 4832/4503/4715
f 4834/4505/4717 4830/4501/4713 4831/4502/4714
f 4834/4505/4717 4831/4502/4714 4835/4506/4718
f 4833/4504/4716 4830/4501/4713 4836/4507/4719
f 4834/4505/4717 4836/4507/4719 4830/4501/4713
f 4835/4506/4718 4837/4508/4720 4834/4505/4717
f 4835/4506/4718 4838/4509/4721 4837/4508/4720
f 4839/4510/4722 4836/4507/4719 4834/4505/4717
f 4837/4508/4720 4839/4510/4722 4834/4505/4717
f 4837/4508/4720 4838/4509/4721 4840/4511/4723
f 4840/4511/4723 4839/4510/4722 4837/4508/4720
f 4841/4512/4724 4840/4511/4723 4838/4509/4721
f 4840/4511/4723 4841/4512/4724 4842/4513/4725
f 4843/4514/4726 4842/4513/4725 4841/4512/4724
f 4839/4510/4722 4840/4511/4723 4844/4515/4727
f 4840/4511/4723 4842/4513/4725 4844/4515/4727
f 4842/4513/4725 4843/4514/4726 4845/4516/4728
f 4842/4513/4725 4846/4517/4729 4844/4515/4727
f 4842/4513/4725 4845/4516/4728 4846/4517/4729
f 4845/4516/4728 4843/4514/4726 4847/4518/4730
f 4843/4514/4726 4848/4519/4731 4847/4518/4730
f 4845/4516/4728 4849/4520/4732 4846/4517/4729
f 4847/4518/4730 4849/4520/4732 4845/4516/4728
f 4844/4515/4727 4846/4517/4729 4850/4521/4733
f 4849/4520/4732 4850/4521/4733 4846/4517/4729
f 4848/4519/4731 4851/4522/4734 4847/4518/4730
f 4851/4522/4734 4848/4519/4731 4852/4523/4735
f 4849/4520/4732 4847/4518/4730 4853/4524/4736
f 4851/4522/4734 4853/4524/4736 4847/4518/4730
f 4853/4524/4736 4854/4525/4737 4849/4520/4732
f 4850/4521/4733 4849/4520/4732 4854/4525/4737
f 4855/4526/4738 4853/4524/4736 4851/4522/4734
f 4852/4523/4735 4856/4527/4739 4851/4522/4734
f 4856/4527/4739 4855/4526/4738 4851/4522/4734
f 4852/4523/4735 4857/4528/4740 4856/4527/4739
f 4857/4528/4740 4852/4523/4735 4858/4529/4741
f 4859/4530/4742 4853/4524/4736 4855/4526/4738
f 4853/4524/4736 4859/4530/4742 4854/4525/4737
f 4857/4528/4740 4858/4529/4741 4860/4531/4743
f 4858/4529/4741 4861/4532/4744 4860/4531/4743
f 4862/4533/4745 4856/4527/4739 4857/4528/4740
f 4855/4526/4738 4856/4527/4739 4863/4534/4746
f 4856/4527/4739 4862/4533/4745 4863/4534/4746
f 4862/4533/4745 4857/4528/4740 4864/4535/4747
f 4864/4535/4747 4857/4528/4740 4860/4531/4743
f 4865/4536/4748 4863/4534/4746 4862/4533/4745
f 4864/4535/4747 4865/4536/4748 4862/4533/4745
f 4855/4526/4738 4863/4534/4746 4866/4537/4749
f 4863/4534/4746 4865/4536/4748 4866/4537/4749
f 4866/4537/4749 4859/4530/4742 4855/4526/4738
f 4865/4536/4748 4864/4535/4747 4867/4538/4750
f 4859/4530/4742 4866/4537/4749 4868/4539/4751
f 4860/4531/4743 4869/4540/4752 4864/4535/4747
f 4864/4535/4747 4869/4540/4752 4867/4538/4750
f 4869/4540/4752 4860/4531/4743 4870/4541/4753
f 4861/4532/4744 4870/4541/4753 4860/4531/4743
f 4870/4541/4753 4871/4542/4754 4869/4540/4752
f 4861/4532/4744 4872/4543/4755 4870/4541/4753
f 4871/4542/4754 4870/4541/4753 4872/4543/4755
f 4872/4543/4755 4861/4532/4744 4873/4544/4756
f 4874/4545/4757 4869/4540/4752 4871/4542/4754
f 4867/4538/4750 4869/4540/4752 4874/4545/4757
f 4871/4542/4754 4872/4543/4755 4875/4546/4758
f 4874/4545/4757 4871/4542/4754 4875/4546/4758
f 4873/4544/4756 4876/4547/4759 4872/4543/4755
f 4875/4546/4758 4872/4543/4755 4876/4547/4759
f 4876/4547/4759 4873/4544/4756 4877/4548/4760
f 4877/4548/4760 4817/4488/4700 4876/4547/4759
f 4876/4547/4759 4878/4549/4761 4875/4546/4758
f 4876/4547/4759 4817/4488/4700 4879/4550/4762
f 4876/4547/4759 4879/4550/4762 4878/4549/4761
f 4816/4487/4699 4879/4550/4762 4817/4488/4700
f 4878/4549/4761 4880/4551/4276 4875/4546/4758
f 4880/4551/4276 4874/4545/4757 4875/4546/4758
f 4879/4550/4762 4816/4487/4699 4881/4552/4763
f 4816/4487/4699 4819/4490/4702 4881/4552/4763
f 4878/4549/4761 4879/4550/4762 4882/4553/4764
f 4880/4551/4276 4878/4549/4761 4882/4553/4764
f 4879/4550/4762 4881/4552/4763 4883/4554/4765
f 4882/4553/4764 4879/4550/4762 4883/4554/4765
f 4819/4490/4702 4884/4555/4766 4881/4552/4763
f 4881/4552/4763 4884/4555/4766 4883/4554/4765
f 4884/4555/4766 4819/4490/4702 4885/4556/4767
f 4819/4490/4702 4821/4492/4704 4885/4556/4767
f 4821/4492/4704 4824/4495/4707 4885/4556/4767
f 4885/4556/4767 4824/4495/4707 4886/4557/4768
f 4886/4557/4768 4884/4555/4766 4885/4556/4767
f 4832/4503/4715 4886/4557/4768 4824/4495/4707
f 4884/4555/4766 4886/4557/4768 4887/4558/4769
f 4886/4557/4768 4832/4503/4715 4887/4558/4769
f 4884/4555/4766 4888/4559/4770 4883/4554/4765
f 4888/4559/4770 4884/4555/4766 4887/4558/4769
f 4888/4559/4770 4882/4553/4764 4883/4554/4765
f 4887/4558/4769 4832/4503/4715 4889/4560/4771
f 4889/4560/4771 4888/4559/4770 4887/4558/4769
f 4833/4504/4716 4889/4560/4771 4832/4503/4715
f 4890/4561/4772 4889/4560/4771 4833/4504/4716
f 4888/4559/4770 4889/4560/4771 4890/4561/4772
f 4833/4504/4716 4836/4507/4719 4890/4561/4772
f 4836/4507/4719 4891/4562/4773 4890/4561/4772
f 4891/4562/4773 4888/4559/4770 4890/4561/4772
f 4836/4507/4719 4839/4510/4722 4891/4562/4773
f 4882/4553/4764 4888/4559/4770 4892/4563/4774
f 4888/4559/4770 4891/4562/4773 4892/4563/4774
f 4892/4563/4774 4893/4564/4775 4882/4553/4764
f 4882/4553/4764 4893/4564/4775 4880/4551/4276
f 4894/4565/4776 4892/4563/4774 4891/4562/4773
f 4880/4551/4276 4893/4564/4775 4895/4566/4777
f 4874/4545/4757 4880/4551/4276 4895/4566/4777
f 4893/4564/4775 4892/4563/4774 4896/4567/4778
f 4892/4563/4774 4894/4565/4776 4896/4567/4778
f 4895/4566/4777 4893/4564/4775 4896/4567/4778
f 4897/4568/4779 4894/4565/4776 4891/4562/4773
f 4839/4510/4722 4897/4568/4779 4891/4562/4773
f 4896/4567/4778 4894/4565/4776 4898/4569/4780
f 4898/4569/4780 4894/4565/4776 4897/4568/4779
f 4899/4570/4781 4897/4568/4779 4839/4510/4722
f 4897/4568/4779 4899/4570/4781 4898/4569/4780
f 4839/4510/4722 4844/4515/4727 4899/4570/4781
f 4844/4515/4727 4850/4521/4733 4899/4570/4781
f 4899/4570/4781 4850/4521/4733 4898/4569/4780
f 4900/4571/4782 4896/4567/4778 4898/4569/4780
f 4895/4566/4777 4896/4567/4778 4900/4571/4782
f 4850/4521/4733 4901/4572/4783 4898/4569/4780
f 4850/4521/4733 4902/4573/4784 4901/4572/4783
f 4850/4521/4733 4854/4525/4737 4902/4573/4784
f 4903/4574/4785 4898/4569/4780 4901/4572/4783
f 4902/4573/4784 4854/4525/4737 4904/4575/4786
f 4904/4575/4786 4901/4572/4783 4902/4573/4784
f 4901/4572/4783 4904/4575/4786 4903/4574/4785
f 4859/4530/4742 4904/4575/4786 4854/4525/4737
f 4904/4575/4786 4859/4530/4742 4868/4539/4751
f 4904/4575/4786 4868/4539/4751 4903/4574/4785
f 4903/4574/4785 4905/4576/4787 4898/4569/4780
f 4905/4576/4787 4903/4574/4785 4868/4539/4751
f 4905/4576/4787 4900/4571/4782 4898/4569/4780
f 4906/4577/4788 4905/4576/4787 4868/4539/4751
f 4906/4577/4788 4868/4539/4751 4866/4537/4749
f 4900/4571/4782 4905/4576/4787 4907/4578/4789
f 4905/4576/4787 4906/4577/4788 4907/4578/4789
f 4908/4579/4790 4900/4571/4782 4907/4578/4789
f 4906/4577/4788 4908/4579/4790 4907/4578/4789
f 4900/4571/4782 4908/4579/4790 4895/4566/4777
f 4866/4537/4749 4909/4580/4791 4906/4577/4788
f 4908/4579/4790 4906/4577/4788 4909/4580/4791
f 4909/4580/4791 4866/4537/4749 4865/4536/4748
f 4895/4566/4777 4908/4579/4790 4910/4581/4792
f 4910/4581/4792 4908/4579/4790 4909/4580/4791
f 4865/4536/4748 4911/4582/4793 4909/4580/4791
f 4909/4580/4791 4911/4582/4793 4910/4581/4792
f 4911/4582/4793 4865/4536/4748 4867/4538/4750
f 4912/4583/4794 4895/4566/4777 4910/4581/4792
f 4911/4582/4793 4912/4583/4794 4910/4581/4792
f 4895/4566/4777 4912/4583/4794 4874/4545/4757
f 4867/4538/4750 4913/4584/4795 4911/4582/4793
f 4912/4583/4794 4911/4582/4793 4913/4584/4795
f 4913/4584/4795 4867/4538/4750 4874/4545/4757
f 4874/4545/4757 4912/4583/4794 4913/4584/4795
f 4914/4585/4796 4915/706/4797 4916/705/4798
f 4914/4585/4796 4916/705/4798 4917/4586/4799
f 4917/4586/4799 4918/4587/4800 4914/4585/4796
f 4919/4588/4801 4914/4585/4796 4918/4587/4800
f 4918/4587/4800 4920/4589/4802 4919/4588/4801
f 4917/4586/4799 4916/705/4798 4921/4590/4803
f 4922/707/4804 4921/4590/4803 4916/705/4798
f 4918/4587/4800 4917/4586/4799 4923/4591/4805
f 4921/4590/4803 4923/4591/4805 4917/4586/4799
f 4923/4591/4805 4920/4589/4802 4918/4587/4800
f 4922/707/4804 4924/4592/4806 4921/4590/4803
f 4924/4592/4806 4922/707/4804 4925/710/700
f 4926/712/4807 4924/4592/4806 4925/710/700
f 4924/4592/4806 4926/712/4807 4927/4593/4808
f 4928/4594/4809 4924/4592/4806 4927/4593/4808
f 4929/4595/4810 4921/4590/4803 4924/4592/4806
f 4924/4592/4806 4928/4594/4809 4929/4595/4810
f 4921/4590/4803 4929/4595/4810 4923/4591/4805
f 4930/4596/4811 4929/4595/4810 4928/4594/4809
f 4931/4597/4812 4923/4591/4805 4929/4595/4810
f 4931/4597/4812 4929/4595/4810 4930/4596/4811
f 4923/4591/4805 4931/4597/4812 4932/4598/4813
f 4920/4589/4802 4923/4591/4805 4932/4598/4813
f 4930/4596/4811 4933/4599/4814 4931/4597/4812
f 4933/4599/4814 4930/4596/4811 4934/4600/4815
f 4931/4597/4812 4935/4601/4816 4932/4598/4813
f 4935/4601/4816 4931/4597/4812 4933/4599/4814
f 4932/4598/4813 4936/4602/4817 4920/4589/4802
f 4936/4602/4817 4932/4598/4813 4935/4601/4816
f 4937/4603/4818 4938/4588/4819 4920/4589/4802
f 4937/4603/4818 4920/4589/4802 4936/4602/4817
f 4939/4604/4820 4937/4603/4818 4936/4602/4817
f 4935/4601/4816 4939/4604/4820 4936/4602/4817
f 4937/4603/4818 4939/4604/4820 4940/4605/4821
f 4939/4604/4820 4935/4601/4816 4941/4606/4822
f 4933/4599/4814 4941/4606/4822 4935/4601/4816
f 4942/4607/2928 4940/4605/4821 4939/4604/4820
f 4941/4606/4822 4942/4607/2928 4939/4604/4820
f 4940/4605/4821 4942/4607/2928 4943/4608/4823
f 4941/4606/4822 4933/4599/4814 4944/4609/4824
f 4934/4600/4815 4944/4609/4824 4933/4599/4814
f 4944/4609/4824 4934/4600/4815 4945/4610/4825
f 4942/4607/2928 4941/4606/4822 4946/4611/4826
f 4944/4609/4824 4946/4611/4826 4941/4606/4822
f 4942/4607/2928 4947/4612/4827 4943/4608/4823
f 4946/4611/4826 4947/4612/4827 4942/4607/2928
f 4947/4612/4827 4948/4613/4828 4943/4608/4823
f 4945/4610/4825 4949/4614/4829 4944/4609/4824
f 4946/4611/4826 4944/4609/4824 4949/4614/4829
f 4949/4614/4829 4945/4610/4825 4950/4615/4830
f 4947/4612/4827 4946/4611/4826 4951/4616/4831
f 4949/4614/4829 4951/4616/4831 4946/4611/4826
f 4947/4612/4827 4952/4617/4832 4948/4613/4828
f 4951/4616/4831 4952/4617/4832 4947/4612/4827
f 4952/4617/4832 4953/4618/4833 4948/4613/4828
f 4950/4615/4830 4954/4619/4834 4949/4614/4829
f 4951/4616/4831 4949/4614/4829 4954/4619/4834
f 4954/4619/4834 4950/4615/4830 4955/4620/4835
f 4955/4620/4835 4956/4621/4836 4954/4619/4834
f 4956/4621/4836 4951/4616/4831 4954/4619/4834
f 4956/4621/4836 4955/4620/4835 4957/4622/4837
f 4951/4616/4831 4956/4621/4836 4958/4623/4838
f 4952/4617/4832 4951/4616/4831 4958/4623/4838
f 4957/4622/4837 4959/4624/4839 4956/4621/4836
f 4959/4624/4839 4958/4623/4838 4956/4621/4836
f 4959/4624/4839 4957/4622/4837 4960/4625/4840
f 4961/4626/4841 4952/4617/4832 4958/4623/4838
f 4958/4623/4838 4959/4624/4839 4961/4626/4841
f 4960/4625/4840 4962/4627/4842 4959/4624/4839
f 4962/4627/4842 4961/4626/4841 4959/4624/4839
f 4962/4627/4842 4960/4625/4840 4963/4628/4843
f 4964/4629/4844 4962/4627/4842 4963/4628/4843
f 4952/4617/4832 4961/4626/4841 4965/4630/4845
f 4953/4618/4833 4952/4617/4832 4965/4630/4845
f 4962/4627/4842 4964/4629/4844 4966/4631/4846
f 4967/3654/4847 4966/4631/4846 4964/4629/4844
f 4966/4631/4846 4967/3654/4847 4968/3653/4848
f 4969/4632/4849 4953/4618/4833 4965/4630/4845
f 4961/4626/4841 4969/4632/4849 4965/4630/4845
f 4970/3651/4850 4953/4618/4833 4969/4632/4849
f 4961/4626/4841 4962/4627/4842 4971/4633/4851
f 4969/4632/4849 4961/4626/4841 4971/4633/4851
f 4966/4631/4846 4971/4633/4851 4962/4627/4842
f 4969/4632/4849 4972/4634/4852 4970/3651/4850
f 4971/4633/4851 4972/4634/4852 4969/4632/4849
f 4972/4634/4852 4973/3650/4853 4970/3651/4850
f 4971/4633/4851 4966/4631/4846 4974/4635/4854
f 4972/4634/4852 4971/4633/4851 4974/4635/4854
f 4974/4635/4854 4973/3650/4853 4972/4634/4852
f 4968/3653/4848 4974/4635/4854 4966/4631/4846
f 4973/3650/4853 4974/4635/4854 4975/3652/4855
f 4974/4635/4854 4968/3653/4848 4975/3652/4855
f 4976/4636/4856 4977/4637/4857 4978/4638/4858
f 4977/4637/4857 4976/4636/4856 4979/4639/4859
f 4980/4640/4860 4977/4637/4857 4979/4639/4859
f 4977/4637/4857 4980/4640/4860 4981/4641/4861
f 4980/4640/4860 4982/4642/4862 4981/4641/4861
f 4982/4642/4862 4980/4640/4860 4983/4643/4863
f 4976/4636/4856 4984/4644/4864 4979/4639/4859
f 4984/4644/4864 4976/4636/4856 4985/4645/4865
f 4986/4646/4866 4984/4644/4864 4985/4645/4865
f 4979/4639/4859 4987/4647/4867 4980/4640/4860
f 4987/4647/4867 4983/4643/4863 4980/4640/4860
f 4979/4639/4859 4984/4644/4864 4987/4647/4867
f 4983/4643/4863 4987/4647/4867 4988/4648/4868
f 4987/4647/4867 4989/4649/4869 4988/4648/4868
f 4984/4644/4864 4986/4646/4866 4990/4650/4870
f 4990/4650/4870 4987/4647/4867 4984/4644/4864
f 4991/2160/4871 4990/4650/4870 4986/4646/4866
f 4990/4650/4870 4991/2160/4871 4992/2156/4872
f 4993/2154/4873 4990/4650/4870 4992/2156/4872
f 4989/4649/4869 4987/4647/4867 4994/4651/4874
f 4987/4647/4867 4990/4650/4870 4994/4651/4874
f 4990/4650/4870 4993/2154/4873 4994/4651/4874
f 4989/4649/4869 4994/4651/4874 4995/4652/4875
f 4994/4651/4874 4993/2154/4873 4996/2155/4876
f 4994/4651/4874 4996/2155/4876 4995/4652/4875
f 4997/4653/4877 4998/4654/4878 4999/4655/4879
f 4998/4654/4878 4997/4653/4877 5000/4656/4880
f 5000/4656/4880 5001/4657/4881 4998/4654/4878
f 5001/4657/4881 5002/4658/4882 4998/4654/4878
f 4997/4653/4877 5003/4659/4883 5000/4656/4880
f 5003/4659/4883 4997/4653/4877 5004/4660/4884
f 5005/4661/4885 5001/4657/4881 5000/4656/4880
f 5000/4656/4880 5003/4659/4883 5005/4661/4885
f 5006/4662/4385 5002/4658/4882 5001/4657/4881
f 5002/4658/4882 5006/4662/4385 5007/4663/4886
f 5004/4660/4884 5008/4664/4887 5003/4659/4883
f 5008/4664/4887 5004/4660/4884 5009/4665/4888
f 5003/4659/4883 5008/4664/4887 5010/4666/4889
f 5010/4666/4889 5005/4661/4885 5003/4659/4883
f 5009/4665/4888 5011/4667/4890 5008/4664/4887
f 5011/4667/4890 5010/4666/4889 5008/4664/4887
f 5011/4667/4890 5009/4665/4888 5012/4668/4891
f 5013/4669/4892 5005/4661/4885 5010/4666/4889
f 5012/4668/4891 5014/4670/4893 5011/4667/4890
f 5015/4671/4894 5014/4670/4893 5012/4668/4891
f 5016/4672/4895 5010/4666/4889 5011/4667/4890
f 5010/4666/4889 5016/4672/4895 5013/4669/4892
f 5017/4673/4896 5011/4667/4890 5014/4670/4893
f 5011/4667/4890 5017/4673/4896 5016/4672/4895
f 5015/4671/4894 5018/4674/4897 5014/4670/4893
f 5018/4674/4897 5015/4671/4894 5019/4675/4898
f 5020/4676/4899 5018/4674/4897 5019/4675/4898
f 5018/4674/4897 5021/4677/4900 5014/4670/4893
f 5014/4670/4893 5021/4677/4900 5017/4673/4896
f 5018/4674/4897 5020/4676/4899 5022/4678/4901
f 5022/4678/4901 5021/4677/4900 5018/4674/4897
f 5023/4679/4902 5022/4678/4901 5020/4676/4899
f 5024/4680/4903 5017/4673/4896 5021/4677/4900
f 5022/4678/4901 5023/4679/4902 5025/4681/4904
f 5025/4681/4904 5023/4679/4902 5026/4682/4905
f 5021/4677/4900 5022/4678/4901 5027/4683/4906
f 5025/4681/4904 5027/4683/4906 5022/4678/4901
f 5021/4677/4900 5027/4683/4906 5024/4680/4903
f 5028/4684/4907 5025/4681/4904 5026/4682/4905
f 5029/4685/4908 5028/4684/4907 5026/4682/4905
f 5027/4683/4906 5025/4681/4904 5030/4686/4909
f 5030/4686/4909 5025/4681/4904 5028/4684/4907
f 5029/4685/4908 5031/4687/4910 5028/4684/4907
f 5028/4684/4907 5031/4687/4910 5030/4686/4909
f 5031/4687/4910 5029/4685/4908 5032/4688/4911
f 5030/4686/4909 5033/4689/4912 5027/4683/4906
f 5033/4689/4912 5024/4680/4903 5027/4683/4906
f 5031/4687/4910 5034/4690/4913 5030/4686/4909
f 5033/4689/4912 5030/4686/4909 5034/4690/4913
f 5032/4688/4911 5035/4691/4914 5031/4687/4910
f 5034/4690/4913 5031/4687/4910 5035/4691/4914
f 5036/4692/4915 5035/4691/4914 5032/4688/4911
f 5035/4691/4914 5036/4692/4915 5037/4693/4916
f 5038/4694/4917 5034/4690/4913 5035/4691/4914
f 5035/4691/4914 5037/4693/4916 5038/4694/4917
f 5039/4695/4918 5033/4689/4912 5034/4690/4913
f 5034/4690/4913 5038/4694/4917 5040/4696/4919
f 5040/4696/4919 5039/4695/4918 5034/4690/4913
f 5041/4697/4920 5033/4689/4912 5039/4695/4918
f 5033/4689/4912 5041/4697/4920 5024/4680/4903
f 5042/4698/4921 5039/4695/4918 5040/4696/4919
f 5039/4695/4918 5042/4698/4921 5041/4697/4920
f 5040/4696/4919 5038/4694/4917 5043/4699/4922
f 5043/4699/4922 5042/4698/4921 5040/4696/4919
f 5044/4700/4923 5024/4680/4903 5041/4697/4920
f 5017/4673/4896 5024/4680/4903 5044/4700/4923
f 5016/4672/4895 5017/4673/4896 5044/4700/4923
f 5045/4701/4924 5041/4697/4920 5042/4698/4921
f 5044/4700/4923 5046/4702/4925 5016/4672/4895
f 5013/4669/4892 5016/4672/4895 5046/4702/4925
f 5041/4697/4920 5047/4703/4926 5044/4700/4923
f 5045/4701/4924 5047/4703/4926 5041/4697/4920
f 5044/4700/4923 5048/4704/4927 5046/4702/4925
f 5048/4704/4927 5044/4700/4923 5047/4703/4926
f 5046/4702/4925 5049/4705/4928 5013/4669/4892
f 5050/4706/4929 5049/4705/4928 5046/4702/4925
f 5050/4706/4929 5046/4702/4925 5048/4704/4927
f 5049/4705/4928 5051/4707/4930 5013/4669/4892
f 5050/4706/4929 5051/4707/4930 5049/4705/4928
f 5051/4707/4930 5052/4708/4931 5013/4669/4892
f 5005/4661/4885 5013/4669/4892 5052/4708/4931
f 5052/4708/4931 5001/4657/4881 5005/4661/4885
f 5001/4657/4881 5052/4708/4931 5006/4662/4385
f 5052/4708/4931 5051/4707/4930 5053/4709/4932
f 5053/4709/4932 5006/4662/4385 5052/4708/4931
f 5053/4709/4932 5051/4707/4930 5054/4710/4933
f 5051/4707/4930 5050/4706/4929 5054/4710/4933
f 5055/4711/4934 5006/4662/4385 5053/4709/4932
f 5053/4709/4932 5054/4710/4933 5055/4711/4934
f 5006/4662/4385 5055/4711/4934 5056/4712/4935
f 5056/4712/4935 5007/4663/4886 5006/4662/4385
f 5007/4663/4886 5056/4712/4935 5057/4713/4936
f 5058/4714/4937 5057/4713/4936 5056/4712/4935
f 5059/4715/4938 5056/4712/4935 5055/4711/4934
f 5056/4712/4935 5060/4716/4939 5058/4714/4937
f 5060/4716/4939 5056/4712/4935 5059/4715/4938
f 5055/4711/4934 5061/4717/4940 5059/4715/4938
f 5061/4717/4940 5055/4711/4934 5054/4710/4933
f 5059/4715/4938 5062/4718/4941 5060/4716/4939
f 5061/4717/4940 5062/4718/4941 5059/4715/4938
f 5063/4719/4942 5058/4714/4937 5060/4716/4939
f 5058/4714/4937 5063/4719/4942 5064/4720/4943
f 5065/4721/4944 5060/4716/4939 5062/4718/4941
f 5063/4719/4942 5060/4716/4939 5065/4721/4944
f 5062/4718/4941 5061/4717/4940 5066/4722/4945
f 5066/4722/4945 5065/4721/4944 5062/4718/4941
f 5054/4710/4933 5067/4723/4946 5061/4717/4940
f 5067/4723/4946 5066/4722/4945 5061/4717/4940
f 5054/4710/4933 5050/4706/4929 5067/4723/4946
f 5050/4706/4929 5068/4724/4947 5067/4723/4946
f 5050/4706/4929 5048/4704/4927 5068/4724/4947
f 5066/4722/4945 5067/4723/4946 5069/4725/4948
f 5068/4724/4947 5069/4725/4948 5067/4723/4946
f 5065/4721/4944 5066/4722/4945 5070/4726/4949
f 5070/4726/4949 5066/4722/4945 5069/4725/4948
f 5069/4725/4948 5068/4724/4947 5071/4727/4950
f 5048/4704/4927 5071/4727/4950 5068/4724/4947
f 5069/4725/4948 5072/4728/4951 5070/4726/4949
f 5072/4728/4951 5069/4725/4948 5071/4727/4950
f 5073/4729/4952 5065/4721/4944 5070/4726/4949
f 5072/4728/4951 5073/4729/4952 5070/4726/4949
f 5073/4729/4952 5074/4730/4953 5065/4721/4944
f 5074/4730/4953 5063/4719/4942 5065/4721/4944
f 5073/4729/4952 5072/4728/4951 5075/4731/4954
f 5076/4732/4955 5063/4719/4942 5074/4730/4953
f 5077/4733/4956 5075/4731/4954 5072/4728/4951
f 5072/4728/4951 5071/4727/4950 5077/4733/4956
f 5078/4734/4957 5074/4730/4953 5073/4729/4952
f 5074/4730/4953 5078/4734/4957 5076/4732/4955
f 5079/4735/4958 5073/4729/4952 5075/4731/4954
f 5073/4729/4952 5079/4735/4958 5078/4734/4957
f 5075/4731/4954 5077/4733/4956 5080/4736/4959
f 5079/4735/4958 5075/4731/4954 5080/4736/4959
f 5081/4737/4960 5077/4733/4956 5071/4727/4950
f 5080/4736/4959 5077/4733/4956 5081/4737/4960
f 5071/4727/4950 5048/4704/4927 5081/4737/4960
f 5079/4735/4958 5080/4736/4959 5082/4738/4961
f 5048/4704/4927 5083/4739/4962 5081/4737/4960
f 5083/4739/4962 5048/4704/4927 5047/4703/4926
f 5080/4736/4959 5081/4737/4960 5084/4740/4963
f 5081/4737/4960 5083/4739/4962 5084/4740/4963
f 5084/4740/4963 5082/4738/4961 5080/4736/4959
f 5047/4703/4926 5085/4741/4964 5083/4739/4962
f 5085/4741/4964 5047/4703/4926 5045/4701/4924
f 5084/4740/4963 5083/4739/4962 5086/4742/4965
f 5083/4739/4962 5085/4741/4964 5086/4742/4965
f 5082/4738/4961 5084/4740/4963 5087/4743/4966
f 5045/4701/4924 5088/4744/4967 5085/4741/4964
f 5042/4698/4921 5088/4744/4967 5045/4701/4924
f 5084/4740/4963 5089/4745/4968 5087/4743/4966
f 5089/4745/4968 5084/4740/4963 5086/4742/4965
f 5088/4744/4967 5042/4698/4921 5090/4746/4969
f 5042/4698/4921 5043/4699/4922 5090/4746/4969
f 5085/4741/4964 5088/4744/4967 5091/4747/4970
f 5092/4748/4971 5088/4744/4967 5090/4746/4969
f 5088/4744/4967 5092/4748/4971 5091/4747/4970
f 5043/4699/4922 5093/4749/4972 5090/4746/4969
f 5093/4749/4972 5092/4748/4971 5090/4746/4969
f 5094/4750/4973 5085/4741/4964 5091/4747/4970
f 5086/4742/4965 5085/4741/4964 5094/4750/4973
f 5095/4751/4974 5094/4750/4973 5091/4747/4970
f 5096/4752/4975 5086/4742/4965 5094/4750/4973
f 5094/4750/4973 5095/4751/4974 5096/4752/4975
f 5086/4742/4965 5096/4752/4975 5089/4745/4968
f 5095/4751/4974 5091/4747/4970 5097/4753/4976
f 5097/4753/4976 5091/4747/4970 5092/4748/4971
f 5098/4754/4977 5095/4751/4974 5097/4753/4976
f 5096/4752/4975 5095/4751/4974 5098/4754/4977
f 5092/4748/4971 5099/4755/4978 5097/4753/4976
f 5097/4753/4976 5099/4755/4978 5098/4754/4977
f 5099/4755/4978 5092/4748/4971 5100/4756/4979
f 5092/4748/4971 5093/4749/4972 5100/4756/4979
f 5098/4754/4977 5101/4757/4980 5096/4752/4975
f 5102/4758/4981 5100/4756/4979 5093/4749/4972
f 5103/4759/4982 5101/4757/4980 5098/4754/4977
f 5099/4755/4978 5103/4759/4982 5098/4754/4977
f 5104/4760/4983 5096/4752/4975 5101/4757/4980
f 5096/4752/4975 5104/4760/4983 5089/4745/4968
f 5100/4756/4979 5105/4761/4984 5099/4755/4978
f 5105/4761/4984 5100/4756/4979 5102/4758/4981
f 5106/4762/4985 5089/4745/4968 5104/4760/4983
f 5089/4745/4968 5106/4762/4985 5087/4743/4966
f 5099/4755/4978 5105/4761/4984 5107/4763/4986
f 5106/4762/4985 5108/4764/4987 5087/4743/4966
f 5108/4764/4987 5082/4738/4961 5087/4743/4966
f 5099/4755/4978 5107/4763/4986 5109/4765/4988
f 5109/4765/4988 5103/4759/4982 5099/4755/4978
f 5110/4766/4989 5082/4738/4961 5108/4764/4987
f 5082/4738/4961 5110/4766/4989 5079/4735/4958
f 5078/4734/4957 5079/4735/4958 5110/4766/4989
f 5111/4767/4990 5110/4766/4989 5108/4764/4987
f 5108/4764/4987 5106/4762/4985 5111/4767/4990
f 5112/4768/4991 5078/4734/4957 5110/4766/4989
f 5076/4732/4955 5078/4734/4957 5112/4768/4991
f 5110/4766/4989 5111/4767/4990 5113/4769/4992
f 5113/4769/4992 5112/4768/4991 5110/4766/4989
f 5106/4762/4985 5114/4770/4993 5111/4767/4990
f 5114/4770/4993 5113/4769/4992 5111/4767/4990
f 5112/4768/4991 5115/4771/4994 5076/4732/4955
f 5112/4768/4991 5113/4769/4992 5116/4772/4995
f 5112/4768/4991 5116/4772/4995 5115/4771/4994
f 5117/4773/4996 5076/4732/4955 5115/4771/4994
f 5117/4773/4996 5063/4719/4942 5076/4732/4955
f 5117/4773/4996 5064/4720/4943 5063/4719/4942
f 5064/4720/4943 5117/4773/4996 5118/4774/4997
f 5115/4771/4994 5119/4775/4998 5117/4773/4996
f 5119/4775/4998 5118/4774/4997 5117/4773/4996
f 5119/4775/4998 5115/4771/4994 5116/4772/4995
f 5120/4776/4999 5118/4774/4997 5119/4775/4998
f 5119/4775/4998 5121/4777/5000 5120/4776/4999
f 5121/4777/5000 5119/4775/4998 5122/4778/5001
f 5116/4772/4995 5122/4778/5001 5119/4775/4998
f 5122/4778/5001 5123/4779/5002 5121/4777/5000
f 5113/4769/4992 5124/4780/5003 5116/4772/4995
f 5122/4778/5001 5116/4772/4995 5124/4780/5003
f 5124/4780/5003 5113/4769/4992 5114/4770/4993
f 5123/4779/5002 5122/4778/5001 5125/4781/5004
f 5124/4780/5003 5125/4781/5004 5122/4778/5001
f 5125/4781/5004 5126/4782/5005 5123/4779/5002
f 5126/4782/5005 5127/4783/5006 5123/4779/5002
f 5125/4781/5004 5124/4780/5003 5128/4784/5007
f 5128/4784/5007 5126/4782/5005 5125/4781/5004
f 5114/4770/4993 5128/4784/5007 5124/4780/5003
f 5129/4785/5008 5127/4783/5006 5126/4782/5005
f 5127/4783/5006 5129/4785/5008 5130/4786/5009
f 5129/4785/5008 5131/4787/5010 5130/4786/5009
f 5126/4782/5005 5128/4784/5007 5132/4788/5011
f 5131/4787/5010 5129/4785/5008 5133/4789/5012
f 5133/4789/5012 5134/4790/5013 5131/4787/5010
f 5134/4790/5013 5133/4789/5012 5135/4791/5014
f 5133/4789/5012 5136/4792/5015 5135/4791/5014
f 5126/4782/5005 5137/4793/5016 5129/4785/5008
f 5137/4793/5016 5133/4789/5012 5129/4785/5008
f 5137/4793/5016 5126/4782/5005 5132/4788/5011
f 5136/4792/5015 5133/4789/5012 5138/4794/5017
f 5133/4789/5012 5137/4793/5016 5138/4794/5017
f 5138/4794/5017 5139/4795/5018 5136/4792/5015
f 5140/4796/5019 5138/4794/5017 5137/4793/5016
f 5139/4795/5018 5138/4794/5017 5140/4796/5019
f 5132/4788/5011 5141/4797/5020 5137/4793/5016
f 5141/4797/5020 5140/4796/5019 5137/4793/5016
f 5142/4798/5021 5139/4795/5018 5140/4796/5019
f 5139/4795/5018 5142/4798/5021 5143/4799/5022
f 5144/4800/5023 5140/4796/5019 5141/4797/5020
f 5140/4796/5019 5144/4800/5023 5142/4798/5021
f 5141/4797/5020 5132/4788/5011 5145/4801/5024
f 5145/4801/5024 5144/4800/5023 5141/4797/5020
f 5132/4788/5011 5146/4802/5025 5145/4801/5024
f 5146/4802/5025 5132/4788/5011 5128/4784/5007
f 5128/4784/5007 5114/4770/4993 5146/4802/5025
f 5144/4800/5023 5145/4801/5024 5147/4803/5026
f 5147/4803/5026 5145/4801/5024 5146/4802/5025
f 5142/4798/5021 5144/4800/5023 5148/4804/5027
f 5147/4803/5026 5148/4804/5027 5144/4800/5023
f 5143/4799/5022 5142/4798/5021 5149/4805/5028
f 5148/4804/5027 5149/4805/5028 5142/4798/5021
f 5149/4805/5028 5150/4806/5029 5143/4799/5022
f 5150/4806/5029 5149/4805/5028 5151/4807/5030
f 5151/4807/5030 5152/4808/5031 5150/4806/5029
f 5149/4805/5028 5148/4804/5027 5153/4809/5032
f 5153/4809/5032 5151/4807/5030 5149/4805/5028
f 5152/4808/5031 5151/4807/5030 5154/4810/5033
f 5154/4810/5033 5155/4811/5034 5152/4808/5031
f 5156/4812/5035 5154/4810/5033 5151/4807/5030
f 5153/4809/5032 5156/4812/5035 5151/4807/5030
f 5157/4813/5036 5155/4811/5034 5154/4810/5033
f 5156/4812/5035 5157/4813/5036 5154/4810/5033
f 5155/4811/5034 5157/4813/5036 5158/4814/5037
f 5153/4809/5032 5159/4815/5038 5156/4812/5035
f 5157/4813/5036 5160/4816/5039 5158/4814/5037
f 5160/4816/5039 5161/4817/4905 5158/4814/5037
f 5156/4812/5035 5162/4818/5040 5157/4813/5036
f 5159/4815/5038 5162/4818/5040 5156/4812/5035
f 5157/4813/5036 5163/4819/5041 5160/4816/5039
f 5162/4818/5040 5163/4819/5041 5157/4813/5036
f 5160/4816/5039 5164/4820/5042 5161/4817/4905
f 5161/4817/4905 5164/4820/5042 5165/4821/5043
f 5163/4819/5041 5166/4822/5044 5160/4816/5039
f 5164/4820/5042 5160/4816/5039 5166/4822/5044
f 5164/4820/5042 5167/4823/5045 5165/4821/5043
f 5168/4824/5046 5165/4821/5043 5167/4823/5045
f 5167/4823/5045 5169/4825/5047 5168/4824/5046
f 5170/4826/5048 5164/4820/5042 5166/4822/5044
f 5167/4823/5045 5164/4820/5042 5170/4826/5048
f 5169/4825/5047 5167/4823/5045 5171/4827/5049
f 5171/4827/5049 5172/4828/5050 5169/4825/5047
f 5173/4829/5051 5172/4828/5050 5171/4827/5049
f 5170/4826/5048 5174/4830/5052 5167/4823/5045
f 5174/4830/5052 5171/4827/5049 5167/4823/5045
f 5173/4829/5051 5171/4827/5049 5175/4831/5053
f 5171/4827/5049 5174/4830/5052 5175/4831/5053
f 5176/4832/5054 5173/4829/5051 5175/4831/5053
f 5174/4830/5052 5176/4832/5054 5175/4831/5053
f 5176/4832/5054 5177/4833/5055 5173/4829/5051
f 5178/4834/5056 5174/4830/5052 5170/4826/5048
f 5166/4822/5044 5178/4834/5056 5170/4826/5048
f 5176/4832/5054 5174/4830/5052 5179/4835/5057
f 5174/4830/5052 5178/4834/5056 5179/4835/5057
f 5177/4833/5055 5176/4832/5054 5180/4836/5058
f 5181/4837/5059 5178/4834/5056 5166/4822/5044
f 5163/4819/5041 5181/4837/5059 5166/4822/5044
f 5182/4838/3790 5179/4835/5057 5178/4834/5056
f 5178/4834/5056 5181/4837/5059 5182/4838/3790
f 5183/4839/5060 5176/4832/5054 5179/4835/5057
f 5183/4839/5060 5179/4835/5057 5182/4838/3790
f 5176/4832/5054 5183/4839/5060 5180/4836/5058
f 5184/4840/5061 5177/4833/5055 5180/4836/5058
f 5183/4839/5060 5184/4840/5061 5180/4836/5058
f 5177/4833/5055 5184/4840/5061 5185/4841/5062
f 5186/4842/5063 5183/4839/5060 5182/4838/3790
f 5181/4837/5059 5186/4842/5063 5182/4838/3790
f 5184/4840/5061 5183/4839/5060 5187/4843/5064
f 5183/4839/5060 5186/4842/5063 5187/4843/5064
f 5185/4841/5062 5184/4840/5061 5188/4844/5065
f 5188/4844/5065 5189/4845/5066 5185/4841/5062
f 5190/4846/5067 5184/4840/5061 5187/4843/5064
f 5184/4840/5061 5190/4846/5067 5188/4844/5065
f 5186/4842/5063 5190/4846/5067 5187/4843/5064
f 5188/4844/5065 5190/4846/5067 5191/4847/5068
f 5189/4845/5066 5188/4844/5065 5191/4847/5068
f 5190/4846/5067 5186/4842/5063 5192/4848/5069
f 5191/4847/5068 5190/4846/5067 5193/4849/5070
f 5190/4846/5067 5192/4848/5069 5193/4849/5070
f 5194/4850/5071 5192/4848/5069 5186/4842/5063
f 5186/4842/5063 5181/4837/5059 5194/4850/5071
f 5195/4851/5072 5192/4848/5069 5194/4850/5071
f 5192/4848/5069 5195/4851/5072 5193/4849/5070
f 5181/4837/5059 5196/4852/5073 5194/4850/5071
f 5196/4852/5073 5195/4851/5072 5194/4850/5071
f 5196/4852/5073 5181/4837/5059 5163/4819/5041
f 5163/4819/5041 5162/4818/5040 5196/4852/5073
f 5195/4851/5072 5196/4852/5073 5197/4853/5074
f 5195/4851/5072 5197/4853/5074 5193/4849/5070
f 5196/4852/5073 5162/4818/5040 5198/4854/5075
f 5198/4854/5075 5197/4853/5074 5196/4852/5073
f 5162/4818/5040 5159/4815/5038 5198/4854/5075
f 5193/4849/5070 5197/4853/5074 5199/4855/5076
f 5197/4853/5074 5198/4854/5075 5200/4856/5077
f 5197/4853/5074 5200/4856/5077 5199/4855/5076
f 5198/4854/5075 5159/4815/5038 5201/4857/5078
f 5201/4857/5078 5200/4856/5077 5198/4854/5075
f 5193/4849/5070 5199/4855/5076 5202/4858/5079
f 5193/4849/5070 5202/4858/5079 5191/4847/5068
f 5202/4858/5079 5189/4845/5066 5191/4847/5068
f 5203/4859/5080 5199/4855/5076 5200/4856/5077
f 5199/4855/5076 5203/4859/5080 5202/4858/5079
f 5109/4765/4988 5189/4845/5066 5202/4858/5079
f 5203/4859/5080 5109/4765/4988 5202/4858/5079
f 5204/4860/5081 5189/4845/5066 5109/4765/4988
f 5103/4759/4982 5109/4765/4988 5203/4859/5080
f 5107/4763/4986 5204/4860/5081 5109/4765/4988
f 5103/4759/4982 5203/4859/5080 5205/4861/5082
f 5103/4759/4982 5205/4861/5082 5101/4757/4980
f 5203/4859/5080 5206/4862/5083 5205/4861/5082
f 5206/4862/5083 5101/4757/4980 5205/4861/5082
f 5200/4856/5077 5206/4862/5083 5203/4859/5080
f 5206/4862/5083 5200/4856/5077 5201/4857/5078
f 5101/4757/4980 5206/4862/5083 5207/4863/5084
f 5207/4863/5084 5206/4862/5083 5201/4857/5078
f 5207/4863/5084 5104/4760/4983 5101/4757/4980
f 5204/4860/5081 5107/4763/4986 5208/4864/5085
f 5105/4761/4984 5208/4864/5085 5107/4763/4986
f 5104/4760/4983 5207/4863/5084 5209/4865/5086
f 5209/4865/5086 5106/4762/4985 5104/4760/4983
f 5208/4864/5085 5105/4761/4984 5210/4866/5087
f 5105/4761/4984 5102/4758/4981 5210/4866/5087
f 5204/4860/5081 5208/4864/5085 5211/4867/5088
f 5208/4864/5085 5210/4866/5087 5211/4867/5088
f 5211/4867/5088 5189/4845/5066 5204/4860/5081
f 5212/4868/5089 5189/4845/5066 5211/4867/5088
f 5211/4867/5088 5213/4869/5090 5212/4868/5089
f 5213/4869/5090 5211/4867/5088 5210/4866/5087
f 5213/4869/5090 5214/4870/5091 5212/4868/5089
f 5215/4871/5092 5213/4869/5090 5210/4866/5087
f 5210/4866/5087 5102/4758/4981 5215/4871/5092
f 5214/4870/5091 5213/4869/5090 5216/4872/5093
f 5213/4869/5090 5215/4871/5092 5216/4872/5093
f 5217/4873/5094 5214/4870/5091 5216/4872/5093
f 5215/4871/5092 5217/4873/5094 5216/4872/5093
f 5214/4870/5091 5217/4873/5094 5218/4874/5095
f 5215/4871/5092 5102/4758/4981 5219/4875/5096
f 5217/4873/5094 5215/4871/5092 5219/4875/5096
f 5218/4874/5095 5217/4873/5094 5220/4876/5097
f 5219/4875/5096 5220/4876/5097 5217/4873/5094
f 5220/4876/5097 5037/4693/4916 5218/4874/5095
f 5102/4758/4981 5221/4877/5098 5219/4875/5096
f 5102/4758/4981 5093/4749/4972 5221/4877/5098
f 5219/4875/5096 5222/4878/5099 5220/4876/5097
f 5221/4877/5098 5222/4878/5099 5219/4875/5096
f 5037/4693/4916 5220/4876/5097 5223/4879/5100
f 5222/4878/5099 5223/4879/5100 5220/4876/5097
f 5038/4694/4917 5037/4693/4916 5223/4879/5100
f 5222/4878/5099 5221/4877/5098 5224/4880/5101
f 5224/4880/5101 5223/4879/5100 5222/4878/5099
f 5221/4877/5098 5093/4749/4972 5224/4880/5101
f 5223/4879/5100 5224/4880/5101 5038/4694/4917
f 5224/4880/5101 5093/4749/4972 5043/4699/4922
f 5038/4694/4917 5224/4880/5101 5043/4699/4922
f 5114/4770/4993 5106/4762/4985 5225/4881/5102
f 5106/4762/4985 5209/4865/5086 5225/4881/5102
f 5114/4770/4993 5225/4881/5102 5226/4882/5103
f 5225/4881/5102 5209/4865/5086 5226/4882/5103
f 5226/4882/5103 5146/4802/5025 5114/4770/4993
f 5146/4802/5025 5226/4882/5103 5147/4803/5026
f 5226/4882/5103 5209/4865/5086 5227/4883/5104
f 5226/4882/5103 5227/4883/5104 5147/4803/5026
f 5228/4884/5105 5227/4883/5104 5209/4865/5086
f 5209/4865/5086 5207/4863/5084 5228/4884/5105
f 5201/4857/5078 5228/4884/5105 5207/4863/5084
f 5227/4883/5104 5229/4885/5106 5147/4803/5026
f 5229/4885/5106 5227/4883/5104 5228/4884/5105
f 5148/4804/5027 5147/4803/5026 5229/4885/5106
f 5229/4885/5106 5153/4809/5032 5148/4804/5027
f 5201/4857/5078 5230/4886/5107 5228/4884/5105
f 5228/4884/5105 5230/4886/5107 5229/4885/5106
f 5153/4809/5032 5229/4885/5106 5230/4886/5107
f 5201/4857/5078 5159/4815/5038 5230/4886/5107
f 5159/4815/5038 5153/4809/5032 5230/4886/5107
f 5231/4887/5108 5232/4888/5109 5233/4889/5110
f 5231/4887/5108 5233/4889/5110 5234/4890/5111
f 5234/4890/5111 5233/4889/5110 5235/4891/5112
f 5236/4892/5113 5235/4891/5112 5233/4889/5110
f 5237/4893/5114 5235/4891/5112 5236/4892/5113
f 5234/4890/5111 5238/4894/5115 5231/4887/5108
f 5237/4893/5114 5239/4895/5116 5235/4891/5112
f 5240/4896/5117 5239/4895/5116 5237/4893/5114
f 5239/4895/5116 5240/4896/5117 5241/4897/5118
f 5242/4898/5119 5239/4895/5116 5241/4897/5118
f 5235/4891/5112 5243/4899/5120 5234/4890/5111
f 5239/4895/5116 5243/4899/5120 5235/4891/5112
f 5238/4894/5115 5234/4890/5111 5243/4899/5120
f 5239/4895/5116 5242/4898/5119 5244/4900/5121
f 5239/4895/5116 5244/4900/5121 5243/4899/5120
f 5242/4898/5119 5245/4901/5122 5244/4900/5121
f 5245/4901/5122 5243/4899/5120 5244/4900/5121
f 5245/4901/5122 5242/4898/5119 5246/4902/5123
f 5243/4899/5120 5247/4903/5124 5238/4894/5115
f 5238/4894/5115 5247/4903/5124 5231/4887/5108
f 5243/4899/5120 5245/4901/5122 5248/4904/5125
f 5247/4903/5124 5243/4899/5120 5248/4904/5125
f 5246/4902/5123 5249/4905/5126 5245/4901/5122
f 5249/4905/5126 5248/4904/5125 5245/4901/5122
f 5249/4905/5126 5246/4902/5123 5250/4906/5127
f 5251/4907/5128 5231/4887/5108 5247/4903/5124
f 5248/4904/5125 5251/4907/5128 5247/4903/5124
f 5231/4887/5108 5251/4907/5128 5252/4908/5129
f 5251/4907/5128 5248/4904/5125 5253/4909/5130
f 5248/4904/5125 5249/4905/5126 5253/4909/5130
f 5254/4910/5131 5252/4908/5129 5251/4907/5128
f 5253/4909/5130 5254/4910/5131 5251/4907/5128
f 5252/4908/5129 5254/4910/5131 5255/4911/5132
f 5249/4905/5126 5256/4912/5133 5253/4909/5130
f 5254/4910/5131 5253/4909/5130 5256/4912/5133
f 5254/4910/5131 5257/4913/5134 5255/4911/5132
f 5256/4912/5133 5257/4913/5134 5254/4910/5131
f 5258/4914/5135 5255/4911/5132 5257/4913/5134
f 5249/4905/5126 5259/4915/5136 5256/4912/5133
f 5250/4906/5127 5259/4915/5136 5249/4905/5126
f 5259/4915/5136 5250/4906/5127 5260/4916/5137
f 5257/4913/5134 5256/4912/5133 5261/4917/5138
f 5259/4915/5136 5261/4917/5138 5256/4912/5133
f 5257/4913/5134 5262/4918/5139 5258/4914/5135
f 5261/4917/5138 5262/4918/5139 5257/4913/5134
f 5263/4919/5140 5258/4914/5135 5262/4918/5139
f 5260/4916/5137 5264/4920/5141 5259/4915/5136
f 5259/4915/5136 5264/4920/5141 5261/4917/5138
f 5264/4920/5141 5260/4916/5137 5265/4921/5142
f 5265/4921/5142 5266/4922/5143 5264/4920/5141
f 5262/4918/5139 5261/4917/5138 5267/4923/5144
f 5264/4920/5141 5267/4923/5144 5261/4917/5138
f 5268/4924/5145 5264/4920/5141 5266/4922/5143
f 5264/4920/5141 5268/4924/5145 5267/4923/5144
f 5266/4922/5143 5269/4925/5146 5268/4924/5145
f 5267/4923/5144 5270/4926/5147 5262/4918/5139
f 5262/4918/5139 5270/4926/5147 5263/4919/5140
f 5268/4924/5145 5271/4927/5148 5267/4923/5144
f 5270/4926/5147 5267/4923/5144 5271/4927/5148
f 5272/4928/5149 5268/4924/5145 5269/4925/5146
f 5268/4924/5145 5272/4928/5149 5271/4927/5148
f 5269/4925/5146 5273/4929/5150 5272/4928/5149
f 5273/4929/5150 5269/4925/5146 5274/4930/5151
f 5272/4928/5149 5275/4931/5152 5271/4927/5148
f 5273/4929/5150 5275/4931/5152 5272/4928/5149
f 5271/4927/5148 5275/4931/5152 5270/4926/5147
f 5274/4930/5151 5276/4932/5153 5273/4929/5150
f 5276/4932/5153 5275/4931/5152 5273/4929/5150
f 5276/4932/5153 5274/4930/5151 5277/4933/5154
f 5278/4934/5155 5270/4926/5147 5275/4931/5152
f 5270/4926/5147 5278/4934/5155 5263/4919/5140
f 5275/4931/5152 5276/4932/5153 5279/4935/5156
f 5279/4935/5156 5278/4934/5155 5275/4931/5152
f 5277/4933/5154 5280/4936/5157 5276/4932/5153
f 5280/4936/5157 5279/4935/5156 5276/4932/5153
f 5280/4936/5157 5277/4933/5154 5281/4937/5158
f 5282/3589/5159 5280/4936/5157 5281/4937/5158
f 5280/4936/5157 5282/3589/5159 5283/3586/5160
f 5284/4938/5161 5263/4919/5140 5278/4934/5155
f 5278/4934/5155 5279/4935/5156 5284/4938/5161
f 5285/3579/5162 5263/4919/5140 5284/4938/5161
f 5283/3586/5160 5286/4939/5163 5280/4936/5157
f 5279/4935/5156 5280/4936/5157 5286/4939/5163
f 5286/4939/5163 5283/3586/5160 5287/3582/5164
f 5288/3580/5165 5286/4939/5163 5287/3582/5164
f 5279/4935/5156 5289/4940/5166 5284/4938/5161
f 5289/4940/5166 5279/4935/5156 5286/4939/5163
f 5284/4938/5161 5289/4940/5166 5285/3579/5162
f 5286/4939/5163 5288/3580/5165 5289/4940/5166
f 5289/4940/5166 5288/3580/5165 5285/3579/5162
f 5290/4941/5167 620/618/608 615/613/603
f 615/613/603 608/1/596 5290/4941/5167
f 5291/4942/5168 620/618/608 5290/4941/5167
f 5290/4941/5167 608/1/596 5292/3/3
f 5293/4943/5169 5291/4942/5168 5290/4941/5167
f 5293/4943/5169 5290/4941/5167 5292/3/3
f 5294/4944/5170 5295/4945/5171 5296/4946/5172
f 5295/4945/5171 5294/4944/5170 5297/4947/5173
f 5294/4944/5170 5296/4946/5172 5298/4948/3305
f 5299/4949/5174 5297/4947/5173 5294/4944/5170
f 5297/4947/5173 5299/4949/5174 5300/4950/5175
f 5294/4944/5170 5298/4948/3305 5301/4951/5176
f 5301/4951/5176 5299/4949/5174 5294/4944/5170
f 5298/4948/3305 5302/4952/5177 5301/4951/5176
f 5303/4953/5178 5302/4952/5177 5298/4948/3305
f 5299/4949/5174 5301/4951/5176 5304/4954/5179
f 5303/4953/5178 5305/4955/5180 5302/4952/5177
f 5306/4956/5181 5305/4955/5180 5303/4953/5178
f 5302/4952/5177 5307/4957/5182 5301/4951/5176
f 5305/4955/5180 5307/4957/5182 5302/4952/5177
f 5301/4951/5176 5307/4957/5182 5304/4954/5179
f 5306/4956/5181 5308/4958/5183 5305/4955/5180
f 5306/4956/5181 5309/4959/5184 5308/4958/5183
f 5307/4957/5182 5305/4955/5180 5310/4960/3689
f 5308/4958/5183 5310/4960/3689 5305/4955/5180
f 5309/4959/5184 5311/4961/5185 5308/4958/5183
f 5309/4959/5184 5312/4962/5186 5311/4961/5185
f 5310/4960/3689 5308/4958/5183 5313/4963/5187
f 5311/4961/5185 5313/4963/5187 5308/4958/5183
f 5314/4964/5188 5307/4957/5182 5310/4960/3689
f 5312/4962/5186 5315/4965/5189 5311/4961/5185
f 5316/4966/5190 5315/4965/5189 5312/4962/5186
f 5317/4967/5191 5315/4965/5189 5316/4966/5190
f 5313/4963/5187 5311/4961/5185 5318/4968/5192
f 5315/4965/5189 5318/4968/5192 5311/4961/5185
f 5319/4969/5193 5310/4960/3689 5313/4963/5187
f 5310/4960/3689 5319/4969/5193 5314/4964/5188
f 5313/4963/5187 5320/4970/5194 5319/4969/5193
f 5320/4970/5194 5313/4963/5187 5318/4968/5192
f 5321/4971/5195 5314/4964/5188 5319/4969/5193
f 5319/4969/5193 5320/4970/5194 5321/4971/5195
f 5314/4964/5188 5321/4971/5195 5322/4972/5196
f 5323/4973/5197 5321/4971/5195 5320/4970/5194
f 5322/4972/5196 5324/4974/5198 5314/4964/5188
f 5307/4957/5182 5314/4964/5188 5324/4974/5198
f 5324/4974/5198 5322/4972/5196 5325/4975/5199
f 5324/4974/5198 5304/4954/5179 5307/4957/5182
f 5320/4970/5194 5326/4976/5200 5323/4973/5197
f 5320/4970/5194 5318/4968/5192 5326/4976/5200
f 5326/4976/5200 5327/4977/5201 5323/4973/5197
f 5328/4978/595 5304/4954/5179 5324/4974/5198
f 5325/4975/5199 5328/4978/595 5324/4974/5198
f 5304/4954/5179 5328/4978/595 5299/4949/5174
f 5325/4975/5199 5329/4979/3326 5328/4978/595
f 5328/4978/595 5300/4950/5175 5299/4949/5174
f 5330/4980/5202 5328/4978/595 5329/4979/3326
f 5300/4950/5175 5328/4978/595 5331/4981/5203
f 5328/4978/595 5330/4980/5202 5331/4981/5203
f 5327/4977/5201 5326/4976/5200 5332/4982/5204
f 5332/4982/5204 5333/4983/5205 5327/4977/5201
f 5332/4982/5204 5334/4984/5206 5333/4983/5205
f 5335/4985/5207 5332/4982/5204 5326/4976/5200
f 5326/4976/5200 5318/4968/5192 5335/4985/5207
f 5318/4968/5192 5315/4965/5189 5335/4985/5207
f 5334/4984/5206 5332/4982/5204 5336/4986/5208
f 5335/4985/5207 5336/4986/5208 5332/4982/5204
f 5315/4965/5189 5337/4987/5209 5335/4985/5207
f 5336/4986/5208 5335/4985/5207 5337/4987/5209
f 5336/4986/5208 5338/4988/5210 5334/4984/5206
f 5338/4988/5210 5339/4989/5211 5334/4984/5206
f 5337/4987/5209 5340/4990/5212 5336/4986/5208
f 5336/4986/5208 5340/4990/5212 5338/4988/5210
f 5337/4987/5209 5315/4965/5189 5341/4991/5213
f 5315/4965/5189 5317/4967/5191 5341/4991/5213
f 5340/4990/5212 5337/4987/5209 5342/4992/5214
f 5341/4991/5213 5342/4992/5214 5337/4987/5209
f 5341/4991/5213 5317/4967/5191 5343/4993/5215
f 5317/4967/5191 5344/4994/5216 5343/4993/5215
f 5342/4992/5214 5341/4991/5213 5345/4995/5217
f 5343/4993/5215 5345/4995/5217 5341/4991/5213
f 5342/4992/5214 5346/4996/5218 5340/4990/5212
f 5345/4995/5217 5346/4996/5218 5342/4992/5214
f 5343/4993/5215 5347/4997/5219 5345/4995/5217
f 5347/4997/5219 5346/4996/5218 5345/4995/5217
f 5344/4994/5216 5348/4998/5220 5343/4993/5215
f 5347/4997/5219 5343/4993/5215 5348/4998/5220
f 5344/4994/5216 5349/4999/5221 5348/4998/5220
f 5350/5000/5222 5347/4997/5219 5348/4998/5220
f 5350/5000/5222 5346/4996/5218 5347/4997/5219
f 5349/4999/5221 5351/5001/5223 5348/4998/5220
f 5348/4998/5220 5351/5001/5223 5350/5000/5222
f 5351/5001/5223 5349/4999/5221 5352/5002/5224
f 5351/5001/5223 5352/5002/5224 5353/5003/5225
f 5346/4996/5218 5350/5000/5222 5354/5004/5226
f 5351/5001/5223 5355/5005/5227 5350/5000/5222
f 5355/5005/5227 5354/5004/5226 5350/5000/5222
f 5351/5001/5223 5353/5003/5225 5356/5006/5228
f 5351/5001/5223 5356/5006/5228 5355/5005/5227
f 5354/5004/5226 5357/5007/5229 5346/4996/5218
f 5346/4996/5218 5357/5007/5229 5340/4990/5212
f 5357/5007/5229 5338/4988/5210 5340/4990/5212
f 5354/5004/5226 5355/5005/5227 5358/5008/5230
f 5356/5006/5228 5358/5008/5230 5355/5005/5227
f 5357/5007/5229 5354/5004/5226 5359/5009/5231
f 5359/5009/5231 5354/5004/5226 5358/5008/5230
f 5338/4988/5210 5357/5007/5229 5360/5010/5232
f 5357/5007/5229 5359/5009/5231 5360/5010/5232
f 5338/4988/5210 5360/5010/5232 5339/4989/5211
f 5360/5010/5232 5361/5011/5233 5339/4989/5211
f 5362/5012/5234 5361/5011/5233 5360/5010/5232
f 5362/5012/5234 5360/5010/5232 5359/5009/5231
f 5361/5011/5233 5362/5012/5234 5363/5013/5235
f 5358/5008/5230 5364/5014/5236 5359/5009/5231
f 5359/5009/5231 5364/5014/5236 5362/5012/5234
f 5365/5015/5237 5364/5014/5236 5358/5008/5230
f 5358/5008/5230 5356/5006/5228 5365/5015/5237
f 5366/5016/5238 5362/5012/5234 5364/5014/5236
f 5364/5014/5236 5365/5015/5237 5366/5016/5238
f 5367/5017/5239 5363/5013/5235 5362/5012/5234
f 5362/5012/5234 5366/5016/5238 5367/5017/5239
f 5363/5013/5235 5367/5017/5239 5368/5018/5240
f 5369/5019/5241 5365/5015/5237 5356/5006/5228
f 5353/5003/5225 5369/5019/5241 5356/5006/5228
f 5369/5019/5241 5353/5003/5225 5370/5020/5242
f 5368/5018/5240 5367/5017/5239 5371/5021/5243
f 5371/5021/5243 5372/5022/5244 5368/5018/5240
f 5373/5023/5245 5372/5022/5244 5371/5021/5243
f 5367/5017/5239 5374/5024/5246 5371/5021/5243
f 5374/5024/5246 5367/5017/5239 5366/5016/5238
f 5373/5023/5245 5371/5021/5243 5375/5025/5247
f 5374/5024/5246 5375/5025/5247 5371/5021/5243
f 5375/5025/5247 5376/5026/5248 5373/5023/5245
f 5366/5016/5238 5377/5027/5249 5374/5024/5246
f 5377/5027/5249 5375/5025/5247 5374/5024/5246
f 5366/5016/5238 5365/5015/5237 5377/5027/5249
f 5365/5015/5237 5369/5019/5241 5377/5027/5249
f 5378/5028/1858 5376/5026/5248 5375/5025/5247
f 5375/5025/5247 5377/5027/5249 5378/5028/1858
f 5376/5026/5248 5378/5028/1858 5379/5029/5250
f 5378/5028/1858 5380/5030/5251 5379/5029/5250
f 5369/5019/5241 5381/5031/5252 5377/5027/5249
f 5377/5027/5249 5381/5031/5252 5378/5028/1858
f 5381/5031/5252 5380/5030/5251 5378/5028/1858
f 5370/5020/5242 5381/5031/5252 5369/5019/5241
f 5382/5032/5253 5380/5030/5251 5381/5031/5252
f 5370/5020/5242 5382/5032/5253 5381/5031/5252
f 5383/5033/5254 5384/5034/5255 5385/5035/5256
f 5384/5034/5255 5383/5033/5254 5386/5036/5257
f 5384/5034/5255 5387/5037/5258 5385/5035/5256
f 5388/5038/5259 5384/5034/5255 5386/5036/5257
f 5389/5039/5260 5388/5038/5259 5386/5036/5257
f 5388/5038/5259 5389/5039/5260 5390/5040/5261
f 5387/5037/5258 5384/5034/5255 5391/5041/5262
f 5388/5038/5259 5391/5041/5262 5384/5034/5255
f 5391/5041/5262 5392/5042/5263 5387/5037/5258
f 5393/5043/5264 5387/5037/5258 5392/5042/5263
f 5391/5041/5262 5388/5038/5259 5394/5044/5265
f 5394/5044/5265 5392/5042/5263 5391/5041/5262
f 5390/5040/5261 5395/5045/5266 5388/5038/5259
f 5394/5044/5265 5388/5038/5259 5395/5045/5266
f 5390/5040/5261 5396/5046/5267 5395/5045/5266
f 5396/5046/5267 5397/5047/5268 5395/5045/5266
f 5395/5045/5266 5397/5047/5268 5394/5044/5265
f 5397/5047/5268 5396/5046/5267 5398/5048/5269
f 5392/5042/5263 5394/5044/5265 5399/5049/5270
f 5399/5049/5270 5394/5044/5265 5397/5047/5268
f 5397/5047/5268 5398/5048/5269 5400/5050/5271
f 5397/5047/5268 5400/5050/5271 5399/5049/5270
f 5400/5050/5271 5398/5048/5269 5401/5051/5272
f 5399/5049/5270 5402/5052/5273 5392/5042/5263
f 5392/5042/5263 5402/5052/5273 5393/5043/5264
f 5403/5053/5274 5393/5043/5264 5402/5052/5273
f 5402/5052/5273 5404/5054/5275 5403/5053/5274
f 5405/5055/5276 5399/5049/5270 5400/5050/5271
f 5402/5052/5273 5399/5049/5270 5405/5055/5276
f 5406/5056/5277 5400/5050/5271 5401/5051/5272
f 5405/5055/5276 5400/5050/5271 5406/5056/5277
f 5407/5057/5278 5406/5056/5277 5401/5051/5272
f 5406/5056/5277 5407/5057/5278 5408/5058/5279
f 5408/5058/5279 5405/5055/5276 5406/5056/5277
f 5404/5054/5275 5402/5052/5273 5409/5059/5280
f 5409/5059/5280 5410/5060/5281 5404/5054/5275
f 5411/5061/5282 5402/5052/5273 5405/5055/5276
f 5405/5055/5276 5408/5058/5279 5411/5061/5282
f 5402/5052/5273 5411/5061/5282 5409/5059/5280
f 5412/5062/5283 5411/5061/5282 5408/5058/5279
f 5413/5057/5284 5412/5062/5283 5408/5058/5279
f 5412/5062/5283 5413/5057/5284 5414/5063/5285
f 5415/5064/5286 5409/5059/5280 5411/5061/5282
f 5411/5061/5282 5412/5062/5283 5415/5064/5286
f 5410/5060/5281 5409/5059/5280 5416/5065/5287
f 5409/5059/5280 5415/5064/5286 5416/5065/5287
f 5416/5065/5287 5417/5066/5288 5410/5060/5281
f 5414/5063/5285 5418/5067/5289 5412/5062/5283
f 5418/5067/5289 5415/5064/5286 5412/5062/5283
f 5418/5067/5289 5414/5063/5285 5419/5068/5290
f 5420/5069/5291 5416/5065/5287 5415/5064/5286
f 5415/5064/5286 5418/5067/5289 5420/5069/5291
f 5417/5066/5288 5416/5065/5287 5421/5070/5292
f 5416/5065/5287 5420/5069/5291 5421/5070/5292
f 5421/5070/5292 5422/5071/5293 5417/5066/5288
f 5419/5068/5290 5423/5072/5294 5418/5067/5289
f 5423/5072/5294 5420/5069/5291 5418/5067/5289
f 5423/5072/5294 5419/5068/5290 5424/5073/5295
f 5421/5070/5292 5420/5069/5291 5425/5074/5296
f 5420/5069/5291 5423/5072/5294 5425/5074/5296
f 5422/5071/5293 5421/5070/5292 5426/5075/5297
f 5421/5070/5292 5425/5074/5296 5426/5075/5297
f 5426/5075/5297 5427/5076/5298 5422/5071/5293
f 5423/5072/5294 5424/5073/5295 5428/5077/5299
f 5428/5077/5299 5425/5074/5296 5423/5072/5294
f 5428/5077/5299 5424/5073/5295 5429/5078/5300
f 5430/5079/5301 5426/5075/5297 5425/5074/5296
f 5425/5074/5296 5428/5077/5299 5430/5079/5301
f 5427/5076/5298 5426/5075/5297 5431/5080/5302
f 5426/5075/5297 5430/5079/5301 5431/5080/5302
f 5432/5081/5303 5427/5076/5298 5431/5080/5302
f 5430/5079/5301 5432/5081/5303 5431/5080/5302
f 5427/5076/5298 5432/5081/5303 5433/5082/5304
f 5434/5083/5305 5430/5079/5301 5428/5077/5299
f 5432/5081/5303 5430/5079/5301 5434/5083/5305
f 5435/5084/5306 5428/5077/5299 5429/5078/5300
f 5434/5083/5305 5428/5077/5299 5435/5084/5306
f 5435/5084/5306 5429/5078/5300 5436/5085/5307
f 5437/5086/5308 5433/5082/5304 5432/5081/5303
f 5434/5083/5305 5437/5086/5308 5432/5081/5303
f 5438/5087/5309 5433/5082/5304 5437/5086/5308
f 5437/5086/5308 5439/3717/5310 5438/5087/5309
f 5439/3717/5310 5437/5086/5308 5440/3718/5311
f 5441/5088/5312 5435/5084/5306 5436/5085/5307
f 5441/5088/5312 5434/5083/5305 5435/5084/5306
f 5442/3724/3890 5441/5088/5312 5436/5085/5307
f 5442/3724/3890 5443/3723/5313 5441/5088/5312
f 5437/5086/5308 5434/5083/5305 5444/5089/5314
f 5434/5083/5305 5441/5088/5312 5444/5089/5314
f 5444/5089/5314 5440/3718/5311 5437/5086/5308
f 5443/3723/5313 5444/5089/5314 5441/5088/5312
f 5440/3718/5311 5444/5089/5314 5445/3722/5315
f 5444/5089/5314 5443/3723/5313 5445/3722/5315
f 1776/1661/1711 1779/1664/1714 5446/5090/5316
f 1779/1664/1714 1797/1682/1732 5446/5090/5316
f 1777/1662/1712 1776/1661/1711 5446/5090/5316
f 1840/1719/1775 5446/5090/5316 1797/1682/1732
f 5447/5091/5317 5446/5090/5316 1840/1719/1775
f 1777/1662/1712 5446/5090/5316 5447/5091/5317
f 5447/5091/5317 1840/1719/1775 1843/1722/1778
f 1777/1662/1712 5447/5091/5317 5448/5092/5318
f 5448/5092/5318 1946/1825/1879 1777/1662/1712
f 5447/5091/5317 1843/1722/1778 5449/5093/5319
f 5449/5093/5319 5448/5092/5318 5447/5091/5317
f 1846/1725/1781 5449/5093/5319 1843/1722/1778
f 1850/1729/1785 5449/5093/5319 1846/1725/1781
f 5450/5094/5320 1946/1825/1879 5448/5092/5318
f 1946/1825/1879 5450/5094/5320 1929/1808/1862
f 5451/5095/5321 5448/5092/5318 5449/5093/5319
f 5451/5095/5321 5450/5094/5320 5448/5092/5318
f 5449/5093/5319 1850/1729/1785 5451/5095/5321
f 1929/1808/1862 5450/5094/5320 5451/5095/5321
f 1850/1729/1785 1926/1805/1859 5451/5095/5321
f 1926/1805/1859 1929/1808/1862 5451/5095/5321
f 5452/5096/5322 5453/5097/5323 5454/5098/5324
f 5455/5099/5325 5453/5097/5323 5452/5096/5322
f 5453/5097/5323 5456/5100/5326 5454/5098/5324
f 5457/5101/5327 5453/5097/5323 5455/5099/5325
f 5457/5101/5327 5455/5099/5325 5458/1681/1731
f 5458/1681/1731 5459/1678/5328 5457/5101/5327
f 5456/5100/5326 5453/5097/5323 5460/5102/5329
f 5457/5101/5327 5460/5102/5329 5453/5097/5323
f 5460/5102/5329 5461/5103/5330 5456/5100/5326
f 5459/1678/5328 5462/5104/5331 5457/5101/5327
f 5460/5102/5329 5457/5101/5327 5462/5104/5331
f 5462/5104/5331 5459/1678/5328 5463/1676/5332
f 5461/5103/5330 5460/5102/5329 5464/5105/5333
f 5462/5104/5331 5464/5105/5333 5460/5102/5329
f 5464/5105/5333 5465/5106/5334 5461/5103/5330
f 5465/5106/5334 5464/5105/5333 5466/5107/5335
f 5464/5105/5333 5467/5108/5336 5466/5107/5335
f 5467/5108/5336 5464/5105/5333 5468/5109/5337
f 5464/5105/5333 5462/5104/5331 5469/5110/5338
f 5468/5109/5337 5464/5105/5333 5469/5110/5338
f 5463/1676/5332 5469/5110/5338 5462/5104/5331
f 5470/1672/1722 5468/5109/5337 5469/5110/5338
f 5469/5110/5338 5463/1676/5332 5471/1673/5339
f 5470/1672/1722 5469/5110/5338 5471/1673/5339
f 5472/5111/5340 5473/721/5341 5474/5112/5342
f 5474/5112/5342 5475/5113/5343 5472/5111/5340
f 5473/721/5341 5472/5111/5340 5476/719/709
f 5477/5114/5344 5472/5111/5340 5475/5113/5343
f 5478/5115/5345 5477/5114/5344 5475/5113/5343
f 5476/719/709 5472/5111/5340 5479/5116/5346
f 5476/719/709 5479/5116/5346 5480/716/706
f 5480/716/706 5479/5116/5346 5481/714/5347
f 5472/5111/5340 5482/5117/5348 5479/5116/5346
f 5472/5111/5340 5477/5114/5344 5482/5117/5348
f 5483/5118/5349 5481/714/5347 5479/5116/5346
f 5479/5116/5346 5482/5117/5348 5483/5118/5349
f 5483/5118/5349 5484/715/5350 5481/714/5347
f 5485/5119/5351 5484/715/5350 5483/5118/5349
f 5483/5118/5349 5486/5120/5352 5485/5119/5351
f 5486/5120/5352 5483/5118/5349 5482/5117/5348
f 5486/5120/5352 5487/5121/5353 5485/5119/5351
f 5488/5122/5354 5486/5120/5352 5482/5117/5348
f 5477/5114/5344 5488/5122/5354 5482/5117/5348
f 5486/5120/5352 5489/5123/5355 5487/5121/5353
f 5486/5120/5352 5488/5122/5354 5489/5123/5355
f 5490/5124/5356 5487/5121/5353 5489/5123/5355
f 5487/5121/5353 5490/5124/5356 5491/5125/5357
f 5492/5126/5358 5489/5123/5355 5488/5122/5354
f 5489/5123/5355 5492/5126/5358 5490/5124/5356
f 5493/5127/5359 5488/5122/5354 5477/5114/5344
f 5493/5127/5359 5492/5126/5358 5488/5122/5354
f 5493/5127/5359 5477/5114/5344 5478/5115/5345
f 5478/5115/5345 5494/5128/5360 5493/5127/5359
f 5495/5129/5361 5493/5127/5359 5494/5128/5360
f 5492/5126/5358 5493/5127/5359 5495/5129/5361
f 5494/5128/5360 5496/5130/5362 5495/5129/5361
f 5495/5129/5361 5497/5131/5363 5492/5126/5358
f 5497/5131/5363 5490/5124/5356 5492/5126/5358
f 5498/5132/5364 5495/5129/5361 5496/5130/5362
f 5497/5131/5363 5495/5129/5361 5498/5132/5364
f 5496/5130/5362 5499/5133/5365 5498/5132/5364
f 5490/5124/5356 5497/5131/5363 5500/5134/5366
f 5490/5124/5356 5500/5134/5366 5491/5125/5357
f 5500/5134/5366 5501/5135/5367 5491/5125/5357
f 5498/5132/5364 5499/5133/5365 5502/5136/5368
f 5499/5133/5365 5503/5137/5369 5502/5136/5368
f 5504/5138/5370 5501/5135/5367 5500/5134/5366
f 5501/5135/5367 5504/5138/5370 5505/5139/5371
f 5497/5131/5363 5506/5140/5372 5500/5134/5366
f 5498/5132/5364 5506/5140/5372 5497/5131/5363
f 5500/5134/5366 5506/5140/5372 5504/5138/5370
f 5506/5140/5372 5498/5132/5364 5502/5136/5368
f 5504/5138/5370 5507/5141/5373 5505/5139/5371
f 5506/5140/5372 5507/5141/5373 5504/5138/5370
f 5508/5142/5374 5505/5139/5371 5507/5141/5373
f 5509/5143/5375 5506/5140/5372 5502/5136/5368
f 5502/5136/5368 5503/5137/5369 5509/5143/5375
f 5510/5144/190 5509/5143/5375 5503/5137/5369
f 5506/5140/5372 5509/5143/5375 5511/5145/5376
f 5507/5141/5373 5506/5140/5372 5511/5145/5376
f 5509/5143/5375 5510/5144/190 5512/5146/5377
f 5512/5146/5377 5511/5145/5376 5509/5143/5375
f 5513/5147/5378 5512/5146/5377 5510/5144/190
f 5511/5145/5376 5514/5148/5379 5507/5141/5373
f 5511/5145/5376 5512/5146/5377 5514/5148/5379
f 5515/5149/5380 5512/5146/5377 5513/5147/5378
f 5515/5149/5380 5514/5148/5379 5512/5146/5377
f 5513/5147/5378 5516/5150/5381 5515/5149/5380
f 5517/5151/5382 5507/5141/5373 5514/5148/5379
f 5508/5142/5374 5507/5141/5373 5517/5151/5382
f 5518/5152/5383 5508/5142/5374 5517/5151/5382
f 5514/5148/5379 5515/5149/5380 5519/5153/5384
f 5519/5153/5384 5517/5151/5382 5514/5148/5379
f 5517/5151/5382 5520/5154/5385 5518/5152/5383
f 5517/5151/5382 5519/5153/5384 5520/5154/5385
f 5521/5155/5386 5518/5152/5383 5520/5154/5385
f 5522/5156/5387 5515/5149/5380 5516/5150/5381
f 5522/5156/5387 5519/5153/5384 5515/5149/5380
f 5516/5150/5381 5523/5157/5388 5522/5156/5387
f 5519/5153/5384 5524/5158/5389 5520/5154/5385
f 5521/5155/5386 5520/5154/5385 5524/5158/5389
f 5519/5153/5384 5522/5156/5387 5525/5159/5390
f 5524/5158/5389 5519/5153/5384 5525/5159/5390
f 5526/5160/5391 5522/5156/5387 5523/5157/5388
f 5526/5160/5391 5525/5159/5390 5522/5156/5387
f 5523/5157/5388 5527/3692/5392 5526/5160/5391
f 5527/3692/5392 5528/3691/5393 5526/5160/5391
f 5529/5161/5394 5521/5155/5386 5524/5158/5389
f 5525/5159/5390 5529/5161/5394 5524/5158/5389
f 5521/5155/5386 5529/5161/5394 5530/3686/5395
f 5529/5161/5394 5531/3687/5396 5530/3686/5395
f 5525/5159/5390 5526/5160/5391 5532/5162/5397
f 5529/5161/5394 5525/5159/5390 5532/5162/5397
f 5528/3691/5393 5532/5162/5397 5526/5160/5391
f 5532/5162/5397 5531/3687/5396 5529/5161/5394
f 5532/5162/5397 5528/3691/5393 5533/3689/5398
f 5531/3687/5396 5532/5162/5397 5533/3689/5398
f 5534/1167/5399 5535/412/5399 5536/1165/5400
f 5537/1168/5401 5535/412/5399 5534/1167/5399
f 5536/1165/5400 5535/412/5399 5538/409/5402
f 5535/412/5399 5537/1168/5401 5539/414/5401
f 5538/409/5402 5540/1166/5403 5536/1165/5400
f 5541/1170/5404 5539/414/5401 5537/1168/5401
f 5538/409/5402 5542/411/5403 5540/1166/5403
f 5539/414/5401 5541/1170/5404 5543/415/5405
f 5544/413/5406 5540/1166/5403 5542/411/5403
f 5545/1172/5407 5543/415/5405 5541/1170/5404
f 5540/1166/5403 5544/413/5406 5546/1164/5406
f 5543/415/5405 5545/1172/5407 5547/418/5407
f 5548/448/5408 5546/1164/5406 5544/413/5406
f 5549/1175/5409 5547/418/5407 5545/1172/5407
f 5546/1164/5406 5548/448/5408 5550/1169/5410
f 5547/418/5407 5549/1175/5409 5551/422/5411
f 5552/444/5412 5550/1169/5410 5548/448/5408
f 5549/1175/5409 5553/431/5413 5551/422/5411
f 5550/1169/5410 5552/444/5412 5554/1171/5414
f 5553/431/5413 5549/1175/5409 5555/1176/5413
f 5556/440/5415 5554/1171/5414 5552/444/5412
f 5557/1177/5416 5553/431/5413 5555/1176/5413
f 5554/1171/5414 5556/440/5415 5558/1173/5415
f 5553/431/5413 5557/1177/5416 5559/433/5417
f 5560/435/5418 5558/1173/5415 5556/440/5415
f 5561/1174/5419 5559/433/5417 5557/1177/5416
f 5558/1173/5415 5560/435/5418 5561/1174/5419
f 5559/433/5417 5561/1174/5419 5560/435/5418
f 5562/103/5420 5563/559/5420 5564/114/5421
f 5565/102/5422 5563/559/5420 5562/103/5420
f 5566/557/5423 5564/114/5421 5563/559/5420
f 5563/559/5420 5565/102/5422 5567/561/5424
f 5564/114/5421 5566/557/5423 5568/116/5425
f 5569/98/5422 5567/561/5424 5565/102/5422
f 5566/557/5423 5570/556/5425 5568/116/5425
f 5567/561/5424 5569/98/5422 5571/563/5426
f 5572/555/5427 5568/116/5425 5570/556/5425
f 5573/95/5428 5571/563/5426 5569/98/5422
f 5568/116/5425 5572/555/5427 5574/121/5429
f 5571/563/5426 5573/95/5428 5575/566/5430
f 5576/558/5431 5574/121/5429 5572/555/5427
f 5573/95/5428 5577/568/5432 5575/566/5430
f 5574/121/5429 5576/558/5431 5578/125/5431
f 5573/95/5428 5579/89/5433 5577/568/5432
f 5580/560/5434 5578/125/5431 5576/558/5431
f 5577/568/5432 5579/89/5433 5581/567/5435
f 5578/125/5431 5580/560/5434 5582/128/5436
f 5581/567/5435 5579/89/5433 5583/88/5435
f 5584/138/5437 5582/128/5436 5580/560/5434
f 5583/88/5435 5585/565/5438 5581/567/5435
f 5580/560/5434 5586/562/5437 5584/138/5437
f 5585/565/5438 5583/88/5435 5587/90/5438
f 5588/564/5439 5584/138/5437 5586/562/5437
f 5589/93/5440 5585/565/5438 5587/90/5438
f 5584/138/5437 5588/564/5439 5589/93/5440
f 5585/565/5438 5589/93/5440 5588/564/5439
