# Blender 5.1.1
# www.blender.org
mtllib main.mtl
o AB_Wushu_S0_X_Staticmesh.001
v 0.072214 -0.421315 0.005340 0.2941 0.2353 0.2000
v 0.067537 -0.444052 0.004966 0.1922 0.1530 0.1333
v 0.072003 -0.422250 -0.004438 0.2823 0.2275 0.2157
v -0.040470 -0.282470 -0.031171 0.0196 0.0118 0.0078
v -0.062513 -0.275116 -0.020013 0.0314 0.0235 0.0196
v -0.063530 -0.278064 -0.021415 0.0196 0.0196 0.0078
v -0.026843 -0.282423 -0.031788 0.0314 0.0235 0.0196
v -0.027315 -0.285352 -0.033655 0.0196 0.0157 0.0078
v -0.000782 -0.288677 -0.031339 0.0314 0.0235 0.0196
v -0.000968 -0.291651 -0.033097 0.0275 0.0157 0.0078
v 0.025306 -0.295537 -0.030644 0.0392 0.0235 0.0196
v 0.025405 -0.298526 -0.032321 0.0235 0.0157 0.0078
v 0.038194 -0.299982 -0.028604 0.0392 0.0314 0.0196
v 0.038455 -0.302858 -0.030195 0.0235 0.0118 0.0078
v 0.060435 -0.309256 -0.021908 0.0510 0.0392 0.0314
v 0.060360 -0.312745 -0.022722 0.0471 0.0392 0.0314
v 0.072981 -0.319755 -0.011800 0.0902 0.0745 0.0588
v 0.074058 -0.322519 -0.013027 0.0314 0.0235 0.0157
v 0.077904 -0.327222 -0.004797 0.0745 0.0588 0.0431
v 0.079399 -0.329910 -0.005397 0.0314 0.0275 0.0235
v 0.078220 -0.332813 0.001125 0.0588 0.0471 0.0353
v 0.080251 -0.335300 0.000629 0.0314 0.0275 0.0196
v 0.074137 -0.338367 0.008318 0.0627 0.0471 0.0314
v 0.075534 -0.341026 0.008746 0.0392 0.0314 0.0235
v 0.061414 -0.347834 0.018949 0.0510 0.0392 0.0314
v 0.062544 -0.350537 0.020003 0.0392 0.0314 0.0196
v 0.039794 -0.358637 0.028176 0.0431 0.0353 0.0314
v 0.040545 -0.361411 0.029670 0.0353 0.0235 0.0196
v 0.026607 -0.364374 0.031642 0.0431 0.0353 0.0314
v 0.027178 -0.367173 0.033274 0.0314 0.0196 0.0078
v 0.001533 -0.374494 0.034627 0.0941 0.0706 0.0510
v 0.001498 -0.376404 0.037079 0.0314 0.0196 0.0078
v -0.023831 -0.384344 0.036773 0.0392 0.0275 0.0314
v -0.023885 -0.386634 0.036683 0.0353 0.0235 0.0196
v -0.035762 -0.393968 0.033997 0.0314 0.0235 0.0196
v -0.036360 -0.390587 0.033628 0.0431 0.0353 0.0314
v -0.055892 -0.405894 0.024855 0.0353 0.0235 0.0196
v -0.055289 -0.403358 0.023483 0.0510 0.0392 0.0314
v -0.066755 -0.411932 0.013414 0.0549 0.0431 0.0314
v -0.067773 -0.414481 0.014396 0.0392 0.0314 0.0314
v -0.070393 -0.416684 0.005627 0.0510 0.0392 0.0314
v -0.071734 -0.419273 0.005967 0.0392 0.0275 0.0314
v -0.070278 -0.420070 -0.000949 0.0471 0.0392 0.0314
v -0.071698 -0.422588 -0.001048 0.0392 0.0275 0.0235
v -0.067733 -0.426152 -0.009821 0.0392 0.0275 0.0196
v -0.066465 -0.423603 -0.009097 0.0510 0.0392 0.0314
v -0.056982 -0.430478 -0.020351 0.0314 0.0235 0.0157
v -0.038471 -0.435858 -0.029267 0.0314 0.0235 0.0157
v -0.056003 -0.427976 -0.019114 0.0392 0.0353 0.0314
v -0.025756 -0.436726 -0.030190 0.0353 0.0275 0.0314
v -0.026226 -0.439184 -0.032009 0.0314 0.0196 0.0196
v -0.000864 -0.443506 -0.030694 0.0471 0.0314 0.0314
v -0.001008 -0.445947 -0.032545 0.0314 0.0196 0.0118
v 0.023089 -0.450580 -0.030035 0.0431 0.0353 0.0314
v 0.023285 -0.452961 -0.031814 0.0314 0.0235 0.0196
v 0.035139 -0.454679 -0.026871 0.0471 0.0392 0.0314
v 0.035533 -0.457069 -0.028512 0.0196 0.0157 0.0078
v 0.054175 -0.464271 -0.016824 0.0392 0.0235 0.0196
v 0.053383 -0.461726 -0.015761 0.0627 0.0471 0.0314
v 0.061530 -0.465082 -0.004000 0.0627 0.0471 0.0314
v 0.062713 -0.467731 -0.004230 0.0392 0.0314 0.0314
v 0.062936 -0.467105 0.004935 0.0392 0.0235 0.0314
v 0.054919 -0.461098 0.017222 0.0392 0.0235 0.0235
v 0.061722 -0.464460 0.004609 0.0627 0.0471 0.0353
v 0.036338 -0.448281 0.028749 0.0353 0.0235 0.0157
v 0.054110 -0.458508 0.016058 0.0549 0.0431 0.0314
v 0.023496 -0.439777 0.032248 0.0314 0.0235 0.0196
v 0.036028 -0.445695 0.027084 0.0510 0.0392 0.0314
v -0.001243 -0.423590 0.033398 0.0235 0.0196 0.0118
v 0.023480 -0.437077 0.030506 0.0431 0.0353 0.0314
v -0.025549 -0.407506 0.032345 0.0353 0.0196 0.0196
v -0.000860 -0.420755 0.031758 0.0549 0.0431 0.0314
v -0.038700 -0.398306 0.029434 0.0314 0.0235 0.0157
v -0.024825 -0.404672 0.030829 0.0510 0.0392 0.0314
v -0.060800 -0.382759 0.020971 0.0627 0.0510 0.0392
v -0.037840 -0.395541 0.028084 0.0431 0.0353 0.0314
v -0.074051 -0.374018 0.012112 0.0275 0.0196 0.0078
v -0.059839 -0.379584 0.021015 0.0627 0.0471 0.0314
v -0.078139 -0.371431 0.003954 0.0314 0.0196 0.0078
v -0.072478 -0.371776 0.011178 0.0471 0.0353 0.0314
v -0.078024 -0.369459 -0.003136 0.0314 0.0235 0.0157
v -0.075977 -0.368667 0.003916 0.0431 0.0353 0.0314
v -0.073685 -0.367732 -0.010172 0.0353 0.0235 0.0157
v -0.072389 -0.365010 -0.009251 0.0392 0.0235 0.0196
v -0.061073 -0.365858 -0.021155 0.0314 0.0235 0.0157
v -0.039066 -0.362632 -0.031369 0.0235 0.0157 0.0118
v -0.060152 -0.363149 -0.019750 0.0510 0.0392 0.0314
v -0.026333 -0.360846 -0.034220 0.0314 0.0196 0.0157
v -0.038582 -0.360025 -0.029560 0.0392 0.0314 0.0196
v -0.000427 -0.357257 -0.035243 0.0235 0.0196 0.0078
v -0.026054 -0.358248 -0.032324 0.0392 0.0314 0.0196
v 0.025373 -0.353201 -0.035193 0.0314 0.0235 0.0157
v -0.000483 -0.354627 -0.033362 0.0392 0.0235 0.0196
v 0.038252 -0.350954 -0.032635 0.0314 0.0235 0.0157
v 0.024999 -0.350554 -0.033399 0.0392 0.0314 0.0196
v 0.060702 -0.346846 -0.023019 0.0392 0.0235 0.0196
v 0.059768 -0.344057 -0.021810 0.0392 0.0353 0.0314
v 0.074571 -0.343816 -0.011837 0.0353 0.0275 0.0235
v 0.073348 -0.340924 -0.011122 0.0510 0.0392 0.0314
v 0.081333 -0.341596 -0.002409 0.0510 0.0314 0.0314
v 0.082271 -0.339805 0.004326 0.0392 0.0275 0.0196
v 0.079441 -0.338547 -0.002440 0.0392 0.0275 0.0275
v 0.077160 -0.336663 0.013386 0.0392 0.0275 0.0196
v 0.081964 -0.335669 0.003919 0.0510 0.0392 0.0235
v 0.062045 -0.330806 0.024983 0.0275 0.0235 0.0157
v 0.076577 -0.332371 0.012818 0.0510 0.0392 0.0314
v 0.037973 -0.322293 0.032556 0.0353 0.0275 0.0196
v 0.061334 -0.327817 0.022695 0.0510 0.0392 0.0314
v 0.024394 -0.318068 0.035178 0.0314 0.0235 0.0157
v 0.038162 -0.318957 0.031691 0.0588 0.0431 0.0314
v -0.000598 -0.309991 0.035801 0.0314 0.0196 0.0118
v 0.024304 -0.315292 0.033582 0.1059 0.0902 0.0784
v -0.026698 -0.301433 0.034570 0.0353 0.0275 0.0196
v -0.000352 -0.307161 0.034113 0.0392 0.0353 0.0314
v -0.040404 -0.296890 0.031852 0.0353 0.0275 0.0196
v -0.026134 -0.298554 0.032929 0.0510 0.0392 0.0314
v -0.063311 -0.288941 0.023108 0.0392 0.0235 0.0196
v -0.039676 -0.293954 0.030324 0.0510 0.0392 0.0235
v -0.077680 -0.282607 0.011596 0.0353 0.0235 0.0196
v -0.062181 -0.285977 0.021928 0.0510 0.0392 0.0314
v -0.081569 -0.279437 0.002910 0.0314 0.0235 0.0157
v -0.076186 -0.279657 0.010983 0.0471 0.0353 0.0314
v -0.081442 -0.277820 -0.003620 0.0314 0.0275 0.0157
v -0.079858 -0.276533 0.002949 0.0392 0.0314 0.0196
v -0.077633 -0.276865 -0.011477 0.0314 0.0235 0.0157
v -0.076238 -0.273865 -0.010524 0.0314 0.0235 0.0157
v -0.064999 -0.276983 -0.024243 0.2196 0.1843 0.1569
v -0.041136 -0.281257 -0.034443 0.1686 0.1608 0.1176
v -0.027435 -0.284126 -0.037011 0.1686 0.1490 0.1176
v -0.000577 -0.290381 -0.036422 0.1412 0.1176 0.0941
v 0.026317 -0.297235 -0.035515 0.1373 0.1176 0.0863
v 0.039825 -0.301859 -0.032759 0.0588 0.0510 0.0392
v 0.062657 -0.311513 -0.025050 0.0902 0.0745 0.0588
v 0.077039 -0.321496 -0.014254 0.0902 0.0588 0.0588
v 0.082582 -0.329188 -0.005339 0.1137 0.0902 0.0667
v 0.082751 -0.334269 0.001521 0.0706 0.0549 0.0431
v 0.077712 -0.340547 0.010901 0.0941 0.0706 0.0627
v 0.063824 -0.349929 0.022670 0.1255 0.1098 0.0824
v 0.041095 -0.360589 0.032730 0.1255 0.0980 0.0824
v 0.027289 -0.366297 0.036392 0.1569 0.1294 0.1059
v 0.001470 -0.376459 0.039308 0.1216 0.0941 0.0824
v -0.024246 -0.387067 0.039548 0.1059 0.0824 0.0627
v -0.037299 -0.393287 0.036884 0.1373 0.1137 0.0941
v -0.058205 -0.404989 0.027044 0.1255 0.1020 0.0824
v -0.070577 -0.413602 0.015512 0.0941 0.0667 0.0627
v -0.074732 -0.418529 0.005882 0.1059 0.0824 0.0627
v -0.074478 -0.421861 -0.002079 0.1137 0.0941 0.0745
v -0.069965 -0.425390 -0.011751 0.1137 0.0941 0.0745
v -0.058438 -0.429649 -0.022899 0.1137 0.0824 0.0745
v -0.039141 -0.434918 -0.032251 0.1137 0.0941 0.0745
v -0.026344 -0.438188 -0.034951 0.1255 0.0980 0.0824
v -0.000631 -0.444873 -0.035434 0.1490 0.1137 0.1059
v 0.024213 -0.451864 -0.034710 0.1137 0.0863 0.0745
v 0.037053 -0.456049 -0.031100 0.1098 0.0824 0.0706
v 0.056474 -0.463337 -0.018599 0.1137 0.0863 0.0745
v 0.065971 -0.466276 0.005387 0.1098 0.0902 0.0745
v 0.057440 -0.460169 0.018834 0.1137 0.0941 0.0745
v 0.038210 -0.447271 0.031216 0.1059 0.0824 0.0627
v 0.024888 -0.438721 0.035137 0.1098 0.0824 0.0667
v -0.000495 -0.422732 0.036445 0.1098 0.0902 0.0706
v -0.025399 -0.406848 0.035470 0.1059 0.0824 0.0706
v -0.039096 -0.397759 0.032616 0.0863 0.0706 0.0549
v -0.061995 -0.382262 0.023770 0.0510 0.0353 0.0196
v -0.076100 -0.373780 0.013898 0.0745 0.0588 0.0471
v -0.080594 -0.368166 -0.002971 0.1098 0.0824 0.0745
v -0.076418 -0.366610 -0.011810 0.1451 0.1294 0.0941
v -0.063044 -0.364671 -0.023702 0.0941 0.0784 0.0627
v -0.040293 -0.361406 -0.034397 0.1020 0.0824 0.0667
v -0.027056 -0.359619 -0.037418 0.0824 0.0667 0.0510
v -0.000704 -0.356140 -0.038489 0.0941 0.0824 0.0706
v 0.025555 -0.352170 -0.038444 0.1137 0.0941 0.0745
v 0.038984 -0.349967 -0.035824 0.1137 0.0863 0.0745
v 0.062258 -0.345957 -0.025776 0.1490 0.1176 0.0941
v 0.076925 -0.342828 -0.014064 0.1333 0.1137 0.1020
v 0.083912 -0.340265 -0.003815 0.1530 0.1294 0.1059
v 0.084704 -0.338125 0.004121 0.1333 0.1176 0.1059
v 0.079240 -0.334845 0.014487 0.1333 0.1176 0.1059
v 0.063752 -0.329124 0.026585 0.1490 0.1255 0.0941
v 0.039194 -0.321312 0.035691 0.1176 0.0941 0.0706
v 0.025248 -0.316941 0.038256 0.1176 0.0941 0.0706
v -0.000186 -0.308937 0.038964 0.1176 0.0941 0.0706
v -0.026769 -0.300499 0.037763 0.1176 0.0941 0.0706
v -0.040954 -0.295999 0.035044 0.1176 0.0941 0.0706
v -0.064661 -0.288179 0.025913 0.1255 0.1059 0.0902
v -0.080054 -0.281875 0.013688 0.1059 0.0824 0.0706
v -0.084759 -0.278525 0.003817 0.0941 0.0745 0.0627
v -0.084802 -0.276785 -0.004047 0.1451 0.1176 0.0941
v -0.080207 -0.275789 -0.013423 0.1922 0.1608 0.1373
v -0.064399 -0.357653 0.027823 0.3725 0.3059 0.2510
v -0.040333 -0.343319 0.034298 0.1686 0.1412 0.1059
v -0.063469 -0.356936 0.025700 0.1922 0.1530 0.1216
v 0.000474 -0.400677 -0.035993 0.3294 0.2627 0.2196
v -0.025343 -0.392837 -0.033685 0.1922 0.1569 0.1333
v 0.000705 -0.399683 -0.034256 0.1725 0.1333 0.1059
v 0.039675 -0.410683 -0.029813 0.2314 0.1882 0.1608
v 0.061217 -0.417853 -0.016454 0.1686 0.1333 0.1059
v 0.062209 -0.418924 -0.017779 0.2823 0.2314 0.1882
v -0.078778 -0.221223 -0.010898 0.3725 0.3137 0.2588
v -0.083903 -0.222669 -0.002230 0.3725 0.3137 0.2667
v -0.081436 -0.225072 -0.001835 0.1255 0.0902 0.0627
v -0.083823 -0.224515 0.004455 0.2784 0.2353 0.1961
v -0.078490 -0.227527 0.012809 0.4078 0.3372 0.2902
v -0.081319 -0.226927 0.004104 0.1569 0.1216 0.0902
v -0.062508 -0.233721 0.023582 0.3176 0.2667 0.2196
v -0.076527 -0.230019 0.011545 0.1451 0.1098 0.0824
v -0.038810 -0.242169 0.031800 0.3451 0.2902 0.2392
v -0.061238 -0.236223 0.021697 0.1569 0.1216 0.0902
v -0.024898 -0.247117 0.034159 0.3294 0.2863 0.2275
v -0.038143 -0.244604 0.029610 0.2078 0.1725 0.1294
v 0.001458 -0.256331 0.035241 0.3568 0.3019 0.2510
v -0.024506 -0.249534 0.031883 0.1569 0.1216 0.0902
v 0.027126 -0.264698 0.035325 0.3176 0.2745 0.2196
v 0.001455 -0.258741 0.032945 0.1882 0.1530 0.1255
v 0.040970 -0.269120 0.032623 0.3372 0.2823 0.2275
v 0.026665 -0.267075 0.032946 0.1569 0.1216 0.0902
v 0.064100 -0.279813 0.021053 0.1569 0.1216 0.0902
v 0.065502 -0.277352 0.022776 0.3451 0.2863 0.2353
v 0.079244 -0.285675 0.011114 0.1569 0.1216 0.0902
v 0.081160 -0.283268 0.012091 0.3490 0.2902 0.2392
v 0.086274 -0.286016 0.003175 0.2314 0.1922 0.1569
v 0.084209 -0.287323 0.003026 0.1765 0.1530 0.1137
v 0.084023 -0.289230 -0.003863 0.1490 0.1137 0.0824
v 0.086175 -0.288123 -0.004530 0.2078 0.1765 0.1451
v 0.079981 -0.291263 -0.014282 0.3098 0.2588 0.2118
v 0.063588 -0.295927 -0.026043 0.2314 0.1843 0.1451
v 0.062986 -0.299084 -0.023101 0.1098 0.0902 0.0706
v 0.038921 -0.300942 -0.034928 0.2039 0.1686 0.1373
v 0.038251 -0.302871 -0.032694 0.0706 0.0510 0.0353
v 0.025399 -0.303244 -0.037063 0.3725 0.3216 0.2627
v -0.001308 -0.307104 -0.036399 0.1725 0.1451 0.1098
v 0.024978 -0.305196 -0.034425 0.1333 0.1020 0.0824
v -0.027524 -0.312937 -0.033365 0.1255 0.0902 0.0902
v -0.028001 -0.311004 -0.036077 0.1765 0.1412 0.1176
v -0.040292 -0.314712 -0.030870 0.1530 0.1176 0.0902
v -0.041150 -0.312793 -0.033511 0.1608 0.1255 0.0941
v -0.062757 -0.317818 -0.021076 0.1647 0.1294 0.1020
v -0.064311 -0.315797 -0.023195 0.3294 0.2745 0.2353
v -0.076396 -0.320108 -0.009573 0.1294 0.0941 0.0627
v -0.078646 -0.318134 -0.010930 0.2235 0.1804 0.1490
v -0.082874 -0.319734 -0.001525 0.2706 0.2157 0.1843
v -0.080170 -0.321577 -0.001160 0.1569 0.1137 0.0902
v -0.082212 -0.321394 0.006002 0.2432 0.2078 0.1686
v -0.076383 -0.324642 0.015205 0.2078 0.1725 0.1451
v -0.079530 -0.323296 0.005607 0.1765 0.1412 0.1098
v -0.060603 -0.332858 0.026181 0.2039 0.1647 0.1333
v -0.074200 -0.326565 0.013831 0.1608 0.1255 0.0980
v -0.036343 -0.345104 0.033730 0.1608 0.1176 0.0980
v -0.059131 -0.334770 0.024076 0.1765 0.1451 0.1137
v -0.022147 -0.353225 0.035430 0.1647 0.1373 0.1137
v -0.035745 -0.347433 0.031558 0.1530 0.1216 0.0902
v 0.002719 -0.368945 0.035483 0.1686 0.1255 0.1020
v -0.021796 -0.355405 0.033090 0.0706 0.0667 0.0510
v 0.028400 -0.387193 0.034763 0.1765 0.1373 0.1098
v 0.002397 -0.371688 0.033798 0.1569 0.1216 0.0902
v 0.041734 -0.397202 0.030718 0.1882 0.1530 0.1255
v 0.027880 -0.389424 0.032449 0.1373 0.0980 0.0706
v 0.062178 -0.413129 0.017136 0.2078 0.1647 0.1451
v 0.040749 -0.399388 0.028491 0.1451 0.1098 0.0784
v 0.070689 -0.420200 0.004673 0.2314 0.1765 0.1490
v 0.068187 -0.421962 0.004198 0.1569 0.1216 0.0902
v 0.070433 -0.421050 -0.003951 0.2196 0.1765 0.1451
v 0.067926 -0.422849 -0.003552 0.1490 0.1137 0.0824
v 0.059387 -0.419849 -0.015085 0.1569 0.1137 0.0902
v 0.026315 -0.406640 -0.033706 0.2000 0.1530 0.1216
v 0.038707 -0.412582 -0.027560 0.1451 0.1059 0.0784
v 0.025818 -0.408462 -0.031232 0.1451 0.1098 0.0863
v -0.024824 -0.394491 -0.031081 0.1530 0.1098 0.0902
v -0.037561 -0.391158 -0.028665 0.1647 0.1216 0.1020
v -0.038448 -0.389512 -0.031125 0.2823 0.2353 0.1961
v -0.057793 -0.385677 -0.020052 0.1530 0.1216 0.1020
v -0.059420 -0.384041 -0.022079 0.3059 0.2667 0.2314
v -0.070359 -0.381035 -0.010186 0.1647 0.1216 0.1020
v -0.072606 -0.379368 -0.011551 0.3098 0.2510 0.2039
v -0.079089 -0.375773 -0.002795 0.3372 0.2863 0.2432
v -0.076386 -0.377417 -0.002273 0.1569 0.1216 0.0902
v -0.080806 -0.372588 0.004544 0.2392 0.1961 0.1647
v -0.078213 -0.374293 0.004372 0.1569 0.1216 0.0902
v -0.077611 -0.367407 0.014497 0.2275 0.1843 0.1373
v -0.062374 -0.359779 0.025612 0.1451 0.1098 0.0784
v -0.039347 -0.345039 0.032088 0.1765 0.1412 0.1137
v -0.026677 -0.336534 0.035570 0.2196 0.1922 0.1530
v -0.026217 -0.338764 0.033497 0.1530 0.1255 0.0980
v -0.000830 -0.325065 0.034523 0.2275 0.1843 0.1530
v -0.000813 -0.327379 0.032327 0.1569 0.1216 0.0902
v 0.025020 -0.314359 0.031743 0.1804 0.1373 0.1176
v 0.024649 -0.316709 0.029790 0.1608 0.1255 0.0980
v 0.038248 -0.311802 0.027098 0.1373 0.1020 0.0706
v 0.038804 -0.309137 0.029140 0.1216 0.0941 0.0667
v 0.062323 -0.299989 0.022135 0.1569 0.1176 0.0902
v 0.061007 -0.302036 0.020367 0.0941 0.0706 0.0510
v 0.077353 -0.289913 0.012879 0.1451 0.1098 0.0863
v 0.075895 -0.292290 0.011946 0.1608 0.1333 0.1098
v 0.083672 -0.282807 0.005203 0.2275 0.1804 0.1530
v 0.081638 -0.284180 0.005095 0.1686 0.1333 0.1059
v 0.082633 -0.279291 -0.000577 0.1451 0.1098 0.0784
v 0.085040 -0.277284 -0.000993 0.3647 0.3019 0.2471
v 0.081021 -0.268863 -0.010364 0.3568 0.3019 0.2510
v 0.078861 -0.271171 -0.009128 0.1647 0.1216 0.1020
v 0.066033 -0.257634 -0.022323 0.3098 0.2588 0.2118
v 0.064508 -0.260166 -0.020471 0.1569 0.1059 0.0902
v 0.042010 -0.246883 -0.031211 0.1882 0.1530 0.1216
v 0.027578 -0.244792 -0.031127 0.1098 0.0980 0.0667
v 0.028074 -0.242206 -0.033563 0.3529 0.3019 0.2432
v 0.000482 -0.235158 -0.033844 0.2627 0.2235 0.1804
v 0.000474 -0.237760 -0.031375 0.1333 0.1059 0.0784
v -0.026638 -0.229109 -0.032732 0.2745 0.2235 0.1843
v -0.026191 -0.231685 -0.030284 0.1255 0.0902 0.0627
v -0.039284 -0.228940 -0.028037 0.1255 0.0902 0.0627
v -0.039997 -0.226377 -0.030394 0.2706 0.2235 0.1843
v -0.062266 -0.224759 -0.020006 0.1216 0.0902 0.0627
v -0.063546 -0.222143 -0.021977 0.4157 0.3529 0.2941
v -0.076892 -0.223806 -0.009654 0.1255 0.0902 0.0627
v -0.080199 -0.222439 -0.012104 0.5647 0.4784 0.3765
v -0.085691 -0.225746 0.004536 0.4628 0.3961 0.3333
v -0.080140 -0.228832 0.013677 0.4392 0.3725 0.3176
v -0.063783 -0.235065 0.025003 0.4353 0.3686 0.3176
v -0.039693 -0.243451 0.033496 0.4745 0.3882 0.3451
v -0.025532 -0.248348 0.035959 0.4157 0.3372 0.2941
v 0.001080 -0.257481 0.037130 0.4196 0.3490 0.2980
v 0.027063 -0.265786 0.037300 0.4745 0.3882 0.3451
v 0.041243 -0.270236 0.034609 0.4745 0.3882 0.3451
v 0.066211 -0.278495 0.024581 0.4118 0.3255 0.2863
v 0.082534 -0.284400 0.013553 0.4432 0.3647 0.3137
v 0.088126 -0.287370 0.003322 0.3647 0.3098 0.2667
v 0.081389 -0.292619 -0.015393 0.4550 0.3961 0.3333
v 0.064874 -0.297206 -0.027834 0.5059 0.4196 0.3451
v 0.039697 -0.302124 -0.036945 0.5255 0.4550 0.3725
v 0.025736 -0.304397 -0.038861 0.5059 0.4353 0.3647
v -0.001201 -0.308204 -0.038270 0.4941 0.4196 0.3568
v -0.028124 -0.312107 -0.037968 0.4706 0.4039 0.3451
v -0.041609 -0.313939 -0.035364 0.4432 0.3765 0.3176
v -0.065225 -0.317002 -0.024778 0.4745 0.4196 0.3451
v -0.080039 -0.319383 -0.012076 0.4550 0.3921 0.3333
v -0.084594 -0.320988 -0.002010 0.4353 0.3647 0.3098
v -0.083973 -0.322645 0.006143 0.4392 0.3568 0.3137
v -0.077916 -0.325878 0.015923 0.4706 0.3843 0.3137
v -0.061835 -0.334067 0.027347 0.3137 0.2471 0.2157
v -0.037293 -0.346308 0.035190 0.0902 0.0706 0.0667
v -0.022890 -0.354292 0.037091 0.0745 0.0549 0.0471
v 0.002163 -0.369937 0.037214 0.0314 0.0314 0.0314
v 0.028207 -0.388030 0.036552 0.2784 0.2275 0.2000
v 0.041967 -0.398059 0.032474 0.2823 0.2314 0.1882
v 0.063070 -0.413992 0.018561 0.2823 0.2275 0.2000
v 0.040119 -0.411701 -0.031526 0.4392 0.3725 0.3137
v 0.026375 -0.407622 -0.035471 0.4432 0.3725 0.3137
v -0.025811 -0.393876 -0.035360 0.4432 0.3725 0.3137
v -0.039174 -0.390570 -0.032679 0.4745 0.4039 0.3451
v -0.060507 -0.385130 -0.023323 0.5019 0.4157 0.3412
v -0.074019 -0.380515 -0.012326 0.4706 0.4000 0.3451
v -0.080702 -0.376878 -0.002978 0.4432 0.3882 0.3176
v -0.082488 -0.373622 0.005034 0.4432 0.3647 0.3294
v -0.078899 -0.368215 0.015764 0.4392 0.3568 0.3137
v -0.040367 -0.344226 0.035944 0.4706 0.3882 0.3451
v -0.026474 -0.337443 0.037574 0.4667 0.3843 0.3412
v -0.000358 -0.326101 0.036318 0.4589 0.3804 0.3294
v 0.025694 -0.315477 0.033406 0.1530 0.1176 0.0902
v 0.039699 -0.310359 0.030993 0.1216 0.0902 0.0667
v 0.063645 -0.301226 0.023478 0.1020 0.0745 0.0588
v 0.079162 -0.291133 0.013627 0.0941 0.0706 0.0510
v 0.086680 -0.278150 -0.001874 0.4863 0.4078 0.3451
v 0.082170 -0.269735 -0.011826 0.4432 0.3765 0.3137
v 0.066694 -0.258614 -0.024173 0.4314 0.3765 0.2941
v 0.042235 -0.247961 -0.033240 0.4628 0.3882 0.3137
v 0.028042 -0.243337 -0.035597 0.4432 0.3882 0.3137
v 0.000195 -0.236376 -0.035889 0.5098 0.4510 0.3804
v -0.027155 -0.230380 -0.034646 0.4667 0.4000 0.3176
v -0.040751 -0.227650 -0.032231 0.5412 0.4667 0.3804
v -0.064632 -0.223435 -0.023573 0.5137 0.4510 0.3725
v -0.027856 0.047040 -0.018249 0.1961 0.1922 0.1961
v -0.018848 0.027295 -0.011359 0.0745 0.0706 0.0745
v -0.028008 0.027222 -0.016851 0.1255 0.1294 0.1255
v -0.011720 0.056354 -0.006876 0.1530 0.1490 0.1530
v -0.027826 0.072029 -0.020145 0.2314 0.2275 0.2314
v -0.011500 0.076590 -0.006483 0.1294 0.1294 0.1294
v -0.042427 0.215360 -0.023940 0.3765 0.3804 0.3765
v -0.019109 0.268782 -0.018365 0.1137 0.1098 0.1137
v -0.033030 0.213045 -0.015074 0.1059 0.1020 0.1059
v -0.024012 0.271609 -0.022319 0.3451 0.3412 0.3451
v 0.000000 0.329085 -0.020426 0.1569 0.1530 0.1569
v 0.000000 0.341809 -0.021074 0.2745 0.2745 0.2745
v 0.000000 0.528552 -0.010279 0.5098 0.5019 0.5098
v -0.063098 0.489155 -0.003851 0.8039 0.8078 0.8039
v -0.041365 0.538190 -0.003845 0.8157 0.8196 0.8157
v 0.000000 0.474163 -0.014150 0.4823 0.4863 0.4823
v -0.018177 0.580499 -0.003712 0.8627 0.8509 0.8627
v 0.000000 0.577092 -0.006100 0.5725 0.5804 0.5725
v 0.000000 0.607352 -0.002796 0.8196 0.8235 0.8196
v -0.043003 0.096409 -0.024557 0.2392 0.2353 0.2392
v -0.018906 0.100065 -0.006451 0.2784 0.2745 0.2784
v -0.064014 0.125220 -0.028075 0.2353 0.2314 0.2353
v -0.034621 0.123634 -0.006573 0.1686 0.1647 0.1686
v -0.058911 0.148795 -0.026691 0.2392 0.2471 0.2392
v -0.045367 0.148717 -0.007579 0.1020 0.0980 0.1020
v -0.051943 0.179025 -0.025260 0.3843 0.3882 0.3843
v -0.039935 0.179991 -0.012101 0.0980 0.0941 0.0980
v -0.056151 0.015922 -0.010836 0.0824 0.0824 0.0824
v -0.059817 0.028769 -0.011362 0.1451 0.1490 0.1451
v -0.067644 0.046395 -0.011378 0.1569 0.1530 0.1569
v -0.078931 0.062746 -0.011125 0.1882 0.1843 0.1882
v -0.100943 0.080088 -0.007907 0.1490 0.1451 0.1490
v -0.124005 0.104068 -0.004450 0.4196 0.4196 0.4196
v -0.123246 0.095721 -0.005270 0.3765 0.3725 0.3765
v 0.000000 0.210502 -0.006621 0.1059 0.1059 0.1059
v -0.008989 0.180183 -0.006278 0.1451 0.1451 0.1451
v -0.020685 0.149087 -0.006142 0.1098 0.1176 0.1098
v -0.017850 0.149068 -0.000000 0.0784 0.0784 0.0784
v -0.030927 0.123137 -0.000000 0.1451 0.1451 0.1451
v -0.006264 0.180110 -0.000000 0.0824 0.0824 0.0824
v 0.000000 0.201613 -0.000000 0.0510 0.0510 0.0510
v -0.016748 0.102823 -0.000000 0.2941 0.2902 0.2941
v 0.000000 0.082947 -0.000000 0.1882 0.1961 0.1882
v 0.000000 0.078788 -0.006239 0.2549 0.2627 0.2549
v -0.064065 0.027011 -0.000000 0.1098 0.1059 0.1098
v -0.060808 0.014677 -0.000000 0.0627 0.0667 0.0627
v -0.070989 0.044538 -0.000000 0.0863 0.0863 0.0863
v -0.083824 0.062380 -0.000000 0.0706 0.0706 0.0706
v -0.105723 0.079899 -0.000000 0.0667 0.0667 0.0667
v -0.027449 0.022107 -0.000000 0.0118 0.0196 0.0118
v -0.054291 0.011413 -0.000000 0.0235 0.0235 0.0235
v -0.051258 0.012861 -0.005998 0.0314 0.0235 0.0314
v -0.027374 0.022243 -0.008621 0.0314 0.0314 0.0314
v -0.024828 0.023042 -0.000000 0.0392 0.0392 0.0392
v -0.021422 0.023961 -0.007360 0.0314 0.0275 0.0314
v -0.128093 0.102341 -0.000000 0.4078 0.4039 0.4078
v -0.126876 0.093931 -0.000000 0.1569 0.1569 0.1569
v -0.089414 0.176228 -0.014206 0.3686 0.3608 0.3686
v -0.122900 0.112456 -0.001827 0.2706 0.2667 0.2706
v -0.092560 0.176356 -0.010948 0.2549 0.2510 0.2549
v -0.069322 0.223710 -0.017366 0.3647 0.3608 0.3647
v -0.046921 0.279994 -0.019362 0.3412 0.3412 0.3412
v -0.071864 0.224618 -0.014249 0.2549 0.2510 0.2549
v -0.049748 0.280947 -0.016274 0.2392 0.2353 0.2392
v -0.023587 0.348204 -0.017141 0.2314 0.2432 0.2314
v -0.020531 0.347276 -0.019879 0.4432 0.4510 0.4432
v 0.000000 0.399624 -0.018545 0.4745 0.4823 0.4745
v 0.000000 0.412398 -0.016133 0.3608 0.3686 0.3608
v 0.000000 0.425372 -0.017285 0.5176 0.5137 0.5176
v -0.083084 0.432909 -0.003692 0.7216 0.7137 0.7216
v -0.096897 0.176794 -0.011298 0.6980 0.7020 0.6980
v -0.125406 0.115371 -0.001947 0.8235 0.8274 0.8235
v -0.123008 0.173307 -0.003807 0.7647 0.7686 0.7647
v -0.118378 0.237063 -0.004041 0.6980 0.7020 0.6980
v -0.075644 0.225825 -0.015105 0.6510 0.6432 0.6510
v -0.053619 0.282125 -0.017763 0.5961 0.6039 0.5961
v -0.110910 0.302645 -0.003959 0.6902 0.6824 0.6902
v -0.027347 0.349365 -0.018747 0.5686 0.5686 0.5686
v -0.099677 0.368460 -0.003753 0.6980 0.6941 0.6980
v -0.021956 0.581483 -0.000000 0.8862 0.8862 0.8862
v -0.045388 0.539019 -0.000000 0.8274 0.8274 0.8274
v -0.067508 0.488783 -0.000000 0.7843 0.7804 0.7843
v -0.127548 0.173267 -0.000000 0.6745 0.6706 0.6745
v -0.123383 0.237958 -0.000000 0.6236 0.6157 0.6236
v -0.115839 0.304237 -0.000000 0.6589 0.6510 0.6589
v -0.087429 0.432715 -0.000000 0.7255 0.7294 0.7255
v -0.104157 0.369163 -0.000000 0.6589 0.6628 0.6589
v 0.000000 0.613293 -0.000000 0.8588 0.8509 0.8588
v -0.129175 0.113166 -0.000000 0.7255 0.7294 0.7255
v -0.125757 0.110550 -0.000000 0.2392 0.2353 0.2392
v 0.000000 0.056837 -0.006488 0.1569 0.1608 0.1569
v -0.010742 0.054287 -0.009688 0.3137 0.3098 0.3137
v 0.000000 0.054583 -0.009772 0.3372 0.3333 0.3372
v 0.000000 0.024163 -0.013128 0.0588 0.0588 0.0588
v -0.018081 0.024292 -0.012813 0.0667 0.0667 0.0667
v 0.000000 0.017842 -0.000000 0.0196 0.0196 0.0196
v -0.025364 0.018491 -0.000000 0.0431 0.0392 0.0431
v -0.025364 0.018491 -0.000000 0.0353 0.0353 0.0353
v -0.024828 0.023042 -0.000000 0.0353 0.0392 0.0353
v -0.027856 0.047040 0.018249 0.1725 0.1765 0.1725
v -0.018848 0.027295 0.011359 0.1137 0.1098 0.1137
v -0.011720 0.056354 0.006876 0.1451 0.1412 0.1451
v -0.028008 0.027222 0.016851 0.1098 0.1059 0.1098
v -0.027826 0.072029 0.020144 0.2471 0.2432 0.2471
v -0.011500 0.076590 0.006483 0.1373 0.1451 0.1373
v -0.024012 0.271609 0.022319 0.2980 0.2941 0.2980
v -0.042427 0.215360 0.023940 0.3451 0.3412 0.3451
v -0.019109 0.268782 0.018365 0.1216 0.1176 0.1216
v -0.033030 0.213045 0.015074 0.1020 0.0980 0.1020
v -0.000000 0.329085 0.020426 0.1569 0.1530 0.1569
v -0.000000 0.341809 0.021074 0.2941 0.2902 0.2941
v -0.000000 0.528552 0.010279 0.5176 0.5216 0.5176
v -0.063098 0.489155 0.003851 0.6980 0.6980 0.6980
v -0.000000 0.474163 0.014150 0.4863 0.4823 0.4863
v -0.041365 0.538190 0.003845 0.7451 0.7372 0.7451
v -0.018177 0.580499 0.003712 0.7647 0.7647 0.7647
v -0.000000 0.577092 0.006100 0.5412 0.5412 0.5412
v -0.000000 0.607352 0.002796 0.8862 0.8862 0.8862
v -0.043003 0.096409 0.024557 0.2118 0.2157 0.2118
v -0.018906 0.100065 0.006451 0.3059 0.2902 0.3059
v -0.064014 0.125220 0.028075 0.2392 0.2353 0.2392
v -0.034621 0.123634 0.006573 0.1922 0.1922 0.1922
v -0.045367 0.148717 0.007579 0.0902 0.0902 0.0902
v -0.058911 0.148795 0.026691 0.2235 0.2196 0.2235
v -0.051943 0.179025 0.025260 0.2392 0.2353 0.2392
v -0.039935 0.179991 0.012101 0.0784 0.0784 0.0784
v -0.056151 0.015922 0.010836 0.0667 0.0667 0.0667
v -0.059817 0.028769 0.011362 0.1098 0.1216 0.1098
v -0.067644 0.046395 0.011378 0.0980 0.0980 0.0980
v -0.078931 0.062746 0.011125 0.1176 0.1137 0.1176
v -0.100943 0.080088 0.007907 0.1098 0.1098 0.1098
v -0.123246 0.095721 0.005270 0.2549 0.2588 0.2549
v -0.124005 0.104068 0.004450 0.3451 0.3490 0.3451
v -0.000000 0.267705 0.014215 0.1255 0.1216 0.1255
v -0.000000 0.210502 0.006621 0.0941 0.0941 0.0941
v -0.008989 0.180183 0.006278 0.1216 0.1176 0.1216
v -0.020685 0.149087 0.006142 0.0980 0.0980 0.0980
v -0.000000 0.078788 0.006239 0.2863 0.2823 0.2863
v -0.051258 0.012861 0.005998 0.0196 0.0196 0.0196
v -0.027374 0.022243 0.008621 0.0196 0.0235 0.0196
v -0.021422 0.023961 0.007360 0.0510 0.0549 0.0510
v -0.089414 0.176228 0.014206 0.2941 0.2902 0.2941
v -0.122900 0.112456 0.001827 0.1882 0.2000 0.1882
v -0.092560 0.176356 0.010948 0.2471 0.2432 0.2471
v -0.069322 0.223710 0.017366 0.3294 0.3294 0.3294
v -0.071864 0.224618 0.014249 0.2275 0.2235 0.2275
v -0.046921 0.279994 0.019362 0.3333 0.3294 0.3333
v -0.049748 0.280947 0.016274 0.1922 0.2039 0.1922
v -0.023587 0.348204 0.017141 0.2196 0.2157 0.2196
v -0.020531 0.347276 0.019879 0.3372 0.3372 0.3372
v -0.000000 0.399624 0.018545 0.3176 0.3216 0.3176
v -0.000000 0.412398 0.016133 0.3216 0.3137 0.3216
v -0.000000 0.425372 0.017285 0.4667 0.4667 0.4667
v -0.083084 0.432909 0.003692 0.7020 0.7059 0.7020
v -0.096897 0.176794 0.011298 0.5569 0.5569 0.5569
v -0.123008 0.173307 0.003807 0.6980 0.7020 0.6980
v -0.125406 0.115371 0.001946 0.6980 0.6902 0.6980
v -0.075644 0.225825 0.015104 0.5451 0.5412 0.5451
v -0.118378 0.237063 0.004041 0.6432 0.6393 0.6432
v -0.053619 0.282125 0.017763 0.5412 0.5412 0.5412
v -0.110910 0.302645 0.003959 0.5686 0.5764 0.5686
v -0.027347 0.349365 0.018747 0.5373 0.5333 0.5373
v -0.099677 0.368460 0.003753 0.6354 0.6393 0.6354
v -0.000000 0.056837 0.006488 0.2078 0.2118 0.2078
v -0.010742 0.054287 0.009688 0.3137 0.3255 0.3137
v -0.000000 0.054583 0.009772 0.3372 0.3294 0.3372
v -0.000000 0.024163 0.013128 0.0471 0.0549 0.0471
v -0.018081 0.024292 0.012813 0.0549 0.0549 0.0549
v 0.027856 0.047040 -0.018249 0.1961 0.2000 0.1961
v 0.018848 0.027295 -0.011359 0.0902 0.0980 0.0902
v 0.011720 0.056354 -0.006876 0.1412 0.1412 0.1412
v 0.028008 0.027222 -0.016851 0.1255 0.1294 0.1255
v 0.027826 0.072029 -0.020144 0.2471 0.2432 0.2471
v 0.011500 0.076590 -0.006483 0.1255 0.1373 0.1255
v 0.024012 0.271609 -0.022319 0.3451 0.3412 0.3451
v 0.042427 0.215360 -0.023940 0.3843 0.3804 0.3843
v 0.019109 0.268782 -0.018365 0.1059 0.1020 0.1059
v 0.033030 0.213045 -0.015074 0.1098 0.1059 0.1098
v 0.063098 0.489155 -0.003851 0.7451 0.7412 0.7451
v 0.041365 0.538190 -0.003845 0.7647 0.7608 0.7647
v 0.018177 0.580499 -0.003712 0.8039 0.8078 0.8039
v 0.043003 0.096409 -0.024557 0.2314 0.2314 0.2314
v 0.018906 0.100065 -0.006451 0.2745 0.2706 0.2745
v 0.064014 0.125220 -0.028075 0.3098 0.3059 0.3098
v 0.034621 0.123634 -0.006573 0.1686 0.1647 0.1686
v 0.045367 0.148717 -0.007579 0.1020 0.0980 0.1020
v 0.058911 0.148795 -0.026691 0.2392 0.2353 0.2392
v 0.051943 0.179025 -0.025260 0.3882 0.3921 0.3882
v 0.039935 0.179991 -0.012101 0.0941 0.0941 0.0941
v 0.056151 0.015922 -0.010836 0.0902 0.0902 0.0902
v 0.059817 0.028769 -0.011362 0.1530 0.1490 0.1530
v 0.067644 0.046395 -0.011378 0.1098 0.1176 0.1098
v 0.078931 0.062746 -0.011125 0.1373 0.1333 0.1373
v 0.100943 0.080088 -0.007907 0.1333 0.1294 0.1333
v 0.123246 0.095721 -0.005270 0.3686 0.3686 0.3686
v 0.124005 0.104068 -0.004450 0.4275 0.4275 0.4275
v 0.000000 0.267705 -0.014215 0.1137 0.1255 0.1137
v 0.008989 0.180183 -0.006278 0.1647 0.1490 0.1647
v 0.020685 0.149087 -0.006142 0.1176 0.1176 0.1176
v 0.017850 0.149068 -0.000000 0.0706 0.0706 0.0706
v 0.030927 0.123137 -0.000000 0.1255 0.1294 0.1255
v 0.006264 0.180110 -0.000000 0.0863 0.0863 0.0863
v 0.016748 0.102823 -0.000000 0.2863 0.2823 0.2863
v 0.064065 0.027011 -0.000000 0.1137 0.1098 0.1137
v 0.060808 0.014677 -0.000000 0.0706 0.0706 0.0706
v 0.070989 0.044538 -0.000000 0.0824 0.0863 0.0824
v 0.105723 0.079899 -0.000000 0.0549 0.0588 0.0549
v 0.083824 0.062380 -0.000000 0.0667 0.0667 0.0667
v 0.054291 0.011413 -0.000000 0.0196 0.0235 0.0196
v 0.027449 0.022107 -0.000000 0.0235 0.0157 0.0235
v 0.051258 0.012861 -0.005998 0.0196 0.0235 0.0196
v 0.027374 0.022243 -0.008621 0.0196 0.0235 0.0196
v 0.024828 0.023042 -0.000000 0.0275 0.0353 0.0275
v 0.021422 0.023961 -0.007360 0.0471 0.0353 0.0471
v 0.128093 0.102341 -0.000000 0.4157 0.4157 0.4157
v 0.126876 0.093931 -0.000000 0.1843 0.1882 0.1843
v 0.089414 0.176228 -0.014206 0.4706 0.4745 0.4706
v 0.122900 0.112456 -0.001827 0.2314 0.2432 0.2314
v 0.092560 0.176356 -0.010948 0.2549 0.2510 0.2549
v 0.069322 0.223710 -0.017366 0.3686 0.3647 0.3686
v 0.071864 0.224618 -0.014249 0.2196 0.2314 0.2196
v 0.046921 0.279994 -0.019362 0.3333 0.3294 0.3333
v 0.049748 0.280947 -0.016274 0.2235 0.2196 0.2235
v 0.023587 0.348204 -0.017141 0.1922 0.2000 0.1922
v 0.020531 0.347276 -0.019879 0.4235 0.4157 0.4235
v 0.083084 0.432909 -0.003692 0.6550 0.6471 0.6550
v 0.096897 0.176794 -0.011298 0.7372 0.7333 0.7372
v 0.123008 0.173307 -0.003807 0.7647 0.7529 0.7647
v 0.125406 0.115371 -0.001947 0.7647 0.7686 0.7647
v 0.075644 0.225825 -0.015105 0.6354 0.6236 0.6354
v 0.118378 0.237063 -0.004041 0.6510 0.6510 0.6510
v 0.053619 0.282125 -0.017763 0.5686 0.5764 0.5686
v 0.110910 0.302645 -0.003959 0.6354 0.6393 0.6354
v 0.027347 0.349365 -0.018747 0.5098 0.5059 0.5098
v 0.099677 0.368460 -0.003753 0.6315 0.6315 0.6315
v 0.021956 0.581483 -0.000000 0.8706 0.8666 0.8706
v 0.045388 0.539019 -0.000000 0.8157 0.8274 0.8157
v 0.067508 0.488783 -0.000000 0.7921 0.7921 0.7921
v 0.123383 0.237958 -0.000000 0.5921 0.5961 0.5921
v 0.127548 0.173267 -0.000000 0.6745 0.6745 0.6745
v 0.115839 0.304237 -0.000000 0.6589 0.6550 0.6589
v 0.087429 0.432715 -0.000000 0.7176 0.7137 0.7176
v 0.104157 0.369163 -0.000000 0.6667 0.6706 0.6667
v 0.129175 0.113166 -0.000000 0.7412 0.7372 0.7412
v 0.125757 0.110550 -0.000000 0.2706 0.2667 0.2706
v 0.010742 0.054287 -0.009688 0.3059 0.3019 0.3059
v 0.018081 0.024292 -0.012813 0.0745 0.0745 0.0745
v 0.025364 0.018491 -0.000000 0.0510 0.0471 0.0510
v 0.025364 0.018491 -0.000000 0.0431 0.0392 0.0431
v 0.024828 0.023042 -0.000000 0.0314 0.0353 0.0314
v 0.027856 0.047040 0.018249 0.1647 0.1608 0.1647
v 0.018848 0.027295 0.011359 0.0588 0.0627 0.0588
v 0.028008 0.027222 0.016851 0.1059 0.1020 0.1059
v 0.011720 0.056354 0.006876 0.1412 0.1451 0.1412
v 0.027826 0.072029 0.020144 0.2549 0.2510 0.2549
v 0.011500 0.076590 0.006483 0.1373 0.1333 0.1373
v 0.042427 0.215360 0.023940 0.3804 0.3725 0.3804
v 0.019109 0.268782 0.018365 0.1255 0.1216 0.1255
v 0.033030 0.213045 0.015074 0.1020 0.0980 0.1020
v 0.024012 0.271609 0.022319 0.3451 0.3412 0.3451
v 0.063098 0.489155 0.003851 0.7412 0.7412 0.7412
v 0.041365 0.538190 0.003845 0.8000 0.7882 0.8000
v 0.018177 0.580499 0.003712 0.8509 0.8392 0.8509
v 0.043003 0.096409 0.024557 0.2235 0.2235 0.2235
v 0.018906 0.100065 0.006451 0.2980 0.2941 0.2980
v 0.064014 0.125220 0.028075 0.3372 0.3372 0.3372
v 0.034621 0.123634 0.006573 0.1961 0.1922 0.1961
v 0.058911 0.148795 0.026691 0.2823 0.2784 0.2823
v 0.045367 0.148717 0.007579 0.1020 0.0980 0.1020
v 0.051943 0.179025 0.025260 0.2706 0.2667 0.2706
v 0.039935 0.179991 0.012101 0.0784 0.0824 0.0784
v 0.056151 0.015922 0.010836 0.0706 0.0706 0.0706
v 0.059817 0.028769 0.011362 0.1294 0.1255 0.1294
v 0.067644 0.046395 0.011378 0.0980 0.0980 0.0980
v 0.078931 0.062746 0.011125 0.1216 0.1176 0.1216
v 0.100943 0.080088 0.007907 0.1333 0.1333 0.1333
v 0.124005 0.104068 0.004450 0.4118 0.4196 0.4118
v 0.123246 0.095721 0.005270 0.2784 0.2745 0.2784
v 0.008989 0.180183 0.006278 0.1255 0.1216 0.1255
v 0.020685 0.149087 0.006142 0.1176 0.1176 0.1176
v 0.051258 0.012861 0.005998 0.0196 0.0235 0.0196
v 0.027374 0.022243 0.008621 0.0196 0.0196 0.0196
v 0.021422 0.023961 0.007360 0.0353 0.0353 0.0353
v 0.089414 0.176228 0.014206 0.3176 0.3137 0.3176
v 0.122900 0.112456 0.001827 0.2235 0.2353 0.2235
v 0.092560 0.176356 0.010948 0.2432 0.2471 0.2432
v 0.069322 0.223710 0.017366 0.3412 0.3372 0.3412
v 0.071864 0.224618 0.014249 0.2196 0.2314 0.2196
v 0.046921 0.279994 0.019362 0.3333 0.3451 0.3333
v 0.049748 0.280947 0.016274 0.2196 0.2157 0.2196
v 0.023587 0.348204 0.017141 0.2275 0.2353 0.2275
v 0.020531 0.347276 0.019879 0.3451 0.3412 0.3451
v 0.083084 0.432909 0.003692 0.7412 0.7372 0.7412
v 0.096897 0.176794 0.011298 0.5843 0.5764 0.5843
v 0.125406 0.115371 0.001946 0.7647 0.7686 0.7647
v 0.123008 0.173307 0.003807 0.7294 0.7333 0.7294
v 0.118378 0.237063 0.004041 0.6667 0.6550 0.6667
v 0.075644 0.225825 0.015104 0.5686 0.5764 0.5686
v 0.053619 0.282125 0.017763 0.5764 0.5804 0.5764
v 0.110910 0.302645 0.003959 0.6980 0.7020 0.6980
v 0.027347 0.349365 0.018747 0.5686 0.5764 0.5686
v 0.099677 0.368460 0.003753 0.6667 0.6706 0.6667
v 0.010742 0.054287 0.009688 0.3333 0.3333 0.3333
v 0.018081 0.024292 0.012813 0.0510 0.0510 0.0510
v 0.061925 -0.197650 0.011114 0.4314 0.4196 0.4314
v 0.052047 -0.200657 0.017873 0.3019 0.2902 0.3019
v 0.068252 -0.209749 0.009837 0.7137 0.6745 0.7137
v 0.070418 -0.209400 0.000000 0.5333 0.5255 0.5333
v 0.063978 -0.196645 0.000000 0.4196 0.4118 0.4196
v 0.077137 -0.246887 0.008711 0.3137 0.2980 0.3176
v 0.079960 -0.220772 0.000000 0.7529 0.7294 0.7568
v 0.076480 -0.219557 0.007224 0.5490 0.5333 0.5490
v 0.061414 -0.224373 0.017186 0.3372 0.3216 0.3372
v 0.039712 -0.226110 0.025256 0.2549 0.2510 0.2549
v 0.063367 -0.247236 0.017813 0.2745 0.2588 0.2863
v 0.019653 -0.247624 0.030652 0.4078 0.3843 0.4078
v 0.034775 -0.226147 0.029080 0.4745 0.4550 0.4745
v 0.019649 -0.226083 0.029143 0.4118 0.4039 0.4118
v -0.000000 -0.226060 0.028602 0.5608 0.5412 0.5647
v -0.000000 -0.247556 0.030649 0.3882 0.3725 0.4000
v 0.039493 -0.203579 0.024473 0.2549 0.2510 0.2549
v 0.034667 -0.204356 0.028148 0.4432 0.4353 0.4432
v 0.019534 -0.203980 0.028188 0.3686 0.3608 0.3686
v -0.000000 -0.202309 0.028151 0.3882 0.3725 0.3882
v 0.075913 -0.290310 0.009446 0.2784 0.2549 0.3019
v 0.073752 -0.287147 0.007628 0.2353 0.2078 0.2353
v 0.061537 -0.287146 0.016283 0.1373 0.1255 0.1373
v -0.000000 -0.524474 0.008986 0.1451 0.1412 0.1569
v 0.020369 -0.525023 0.000000 0.1451 0.1373 0.1451
v 0.020369 -0.524210 0.008986 0.1451 0.1412 0.1569
v 0.062876 -0.284181 0.019293 0.0941 0.0824 0.0941
v 0.039762 -0.247610 0.026572 0.2432 0.2353 0.2627
v 0.033704 -0.170979 0.000000 0.3255 0.3216 0.3255
v 0.038836 -0.173419 0.011333 0.2196 0.2000 0.2196
v 0.038641 -0.171064 0.000000 0.2235 0.2275 0.2235
v 0.033804 -0.173122 0.012439 0.2823 0.2784 0.2823
v 0.039718 -0.448454 0.025647 0.0902 0.0784 0.0902
v 0.034656 -0.495437 0.028111 0.3804 0.3568 0.3804
v 0.039114 -0.499847 0.024407 0.2196 0.2039 0.2196
v 0.039573 -0.287147 0.024859 0.1961 0.1765 0.1961
v 0.062691 -0.290313 0.019301 0.2745 0.2471 0.2784
v 0.046084 -0.169071 0.009413 0.2627 0.2588 0.2627
v 0.046438 -0.165388 0.000000 0.2902 0.2863 0.2902
v 0.054435 -0.161920 0.008963 0.3137 0.3098 0.3137
v 0.056425 -0.154563 0.000000 0.3647 0.3568 0.3647
v 0.039156 -0.179712 0.021031 0.4980 0.4863 0.4980
v 0.048752 -0.177972 0.017880 0.4118 0.4039 0.4118
v 0.046748 -0.173343 0.015116 0.4078 0.4000 0.4078
v 0.039372 -0.184721 0.024371 0.4902 0.4745 0.4902
v 0.058547 -0.165221 0.010160 0.3137 0.3137 0.3137
v 0.034541 -0.181013 0.024379 0.7255 0.7020 0.7255
v 0.034686 -0.186313 0.027948 0.5019 0.5059 0.5019
v 0.061727 -0.181448 0.000000 0.3372 0.3333 0.3372
v 0.060836 -0.157397 0.000000 0.2706 0.2667 0.2706
v 0.059703 -0.181689 0.010246 0.3412 0.3333 0.3412
v 0.027925 -0.187876 0.027997 0.5725 0.5569 0.5725
v 0.017945 -0.173752 0.000000 0.2392 0.2353 0.2392
v 0.018693 -0.175459 0.011799 0.2235 0.2196 0.2235
v 0.026137 -0.174013 0.000000 0.2549 0.2510 0.2549
v 0.026503 -0.175546 0.012013 0.2314 0.2275 0.2314
v 0.019407 -0.182178 0.024373 0.6510 0.6354 0.6510
v 0.027041 -0.182680 0.024121 0.6471 0.6354 0.6471
v 0.019807 -0.187077 0.027807 0.6276 0.6079 0.6276
v -0.000000 -0.158711 0.000000 0.3451 0.3412 0.3451
v -0.000000 -0.160459 0.012106 0.4432 0.4353 0.4432
v 0.009869 -0.168773 0.000000 0.2510 0.2510 0.2510
v 0.009720 -0.170339 0.011909 0.2823 0.2863 0.2823
v 0.010189 -0.177029 0.023696 0.6706 0.6589 0.6706
v -0.000000 -0.175822 0.026558 0.7255 0.7098 0.7255
v 0.010309 -0.182341 0.027240 0.7255 0.7294 0.7255
v -0.000000 -0.168324 0.023057 0.9058 0.8941 0.9058
v -0.061925 -0.197650 0.011114 0.5490 0.5373 0.5490
v -0.068252 -0.209749 0.009837 0.6941 0.6745 0.6941
v -0.052047 -0.200657 0.017873 0.3137 0.3098 0.3137
v -0.063978 -0.196645 0.000000 0.4392 0.4314 0.4392
v -0.070418 -0.209400 0.000000 0.5294 0.5216 0.5333
v -0.079960 -0.220772 0.000000 0.6079 0.5961 0.6079
v -0.077137 -0.246887 0.008711 0.1608 0.1530 0.1647
v -0.076480 -0.219557 0.007224 0.3921 0.3843 0.3921
v -0.061414 -0.224373 0.017186 0.3137 0.2980 0.3137
v -0.063367 -0.247236 0.017813 0.1333 0.1373 0.1451
v -0.039712 -0.226110 0.025256 0.2745 0.2667 0.2745
v -0.034775 -0.226147 0.029080 0.4823 0.4628 0.4823
v -0.019653 -0.247624 0.030652 0.3294 0.3137 0.3294
v -0.019649 -0.226083 0.029143 0.3059 0.2863 0.3059
v -0.039493 -0.203579 0.024473 0.2627 0.2588 0.2627
v -0.034667 -0.204356 0.028148 0.4706 0.4510 0.4706
v -0.019534 -0.203980 0.028188 0.3804 0.3686 0.3804
v -0.039762 -0.247610 0.026572 0.1255 0.1216 0.1255
v -0.033704 -0.170979 0.000000 0.3451 0.3412 0.3451
v -0.038836 -0.173419 0.011333 0.2196 0.2157 0.2196
v -0.033804 -0.173122 0.012439 0.2863 0.2823 0.2863
v -0.038641 -0.171064 0.000000 0.2392 0.2353 0.2392
v -0.034656 -0.495437 0.028111 0.3804 0.3725 0.3804
v -0.039718 -0.448454 0.025647 0.1961 0.1804 0.1961
v -0.039114 -0.499847 0.024407 0.2039 0.1882 0.2039
v -0.046084 -0.169071 0.009413 0.2745 0.2706 0.2745
v -0.046438 -0.165388 0.000000 0.3098 0.3059 0.3098
v -0.054435 -0.161920 0.008963 0.3333 0.3176 0.3333
v -0.056425 -0.154563 0.000000 0.3451 0.3451 0.3451
v -0.039156 -0.179712 0.021031 0.5608 0.5530 0.5608
v -0.048752 -0.177972 0.017880 0.4941 0.4784 0.4941
v -0.039372 -0.184721 0.024371 0.5569 0.5490 0.5569
v -0.046748 -0.173343 0.015116 0.4078 0.4000 0.4078
v -0.058547 -0.165221 0.010160 0.3451 0.3490 0.3451
v -0.034541 -0.181013 0.024379 0.7529 0.7255 0.7529
v -0.034686 -0.186313 0.027948 0.5764 0.5569 0.5764
v -0.060836 -0.157397 0.000000 0.2980 0.2941 0.2980
v -0.061727 -0.181448 0.000000 0.3608 0.3568 0.3608
v -0.059703 -0.181689 0.010246 0.3686 0.3608 0.3686
v -0.027925 -0.187876 0.027997 0.5804 0.5686 0.5804
v -0.017945 -0.173752 0.000000 0.2549 0.2588 0.2549
v -0.026137 -0.174013 0.000000 0.2549 0.2549 0.2549
v -0.018693 -0.175459 0.011799 0.2432 0.2314 0.2432
v -0.026503 -0.175546 0.012013 0.2510 0.2471 0.2510
v -0.019407 -0.182178 0.024373 0.6902 0.6785 0.6902
v -0.027041 -0.182680 0.024121 0.7020 0.6824 0.7020
v -0.019807 -0.187077 0.027807 0.6550 0.6471 0.6550
v -0.009869 -0.168773 0.000000 0.2667 0.2627 0.2667
v -0.009720 -0.170339 0.011909 0.3098 0.3059 0.3098
v -0.010309 -0.182341 0.027240 0.6471 0.6393 0.6471
v -0.010189 -0.177029 0.023696 0.6980 0.6863 0.6980
v 0.061925 -0.197650 -0.011114 0.5019 0.5098 0.5019
v 0.068252 -0.209749 -0.009837 0.7960 0.7843 0.7960
v 0.052047 -0.200657 -0.017873 0.3568 0.3490 0.3568
v 0.077137 -0.246887 -0.008711 0.3568 0.3490 0.3686
v 0.076480 -0.219557 -0.007224 0.6432 0.6315 0.6432
v 0.061414 -0.224373 -0.017186 0.3843 0.3765 0.3843
v 0.063367 -0.247236 -0.017813 0.3216 0.3176 0.3333
v 0.039712 -0.226110 -0.025256 0.3255 0.3216 0.3255
v 0.034775 -0.226147 -0.029080 0.6000 0.5921 0.6000
v 0.019653 -0.247624 -0.030652 0.1922 0.1961 0.2000
v 0.019649 -0.226083 -0.029143 0.4823 0.4745 0.4823
v 0.000000 -0.226060 -0.028602 0.3019 0.2941 0.3019
v 0.000000 -0.247556 -0.030649 0.3098 0.3019 0.3098
v 0.039493 -0.203579 -0.024473 0.2549 0.2510 0.2549
v 0.034667 -0.204356 -0.028148 0.4902 0.4823 0.4902
v 0.019534 -0.203980 -0.028188 0.4078 0.4039 0.4078
v 0.000000 -0.202309 -0.028151 0.4118 0.4118 0.4118
v 0.000000 -0.524474 -0.008986 0.1451 0.1373 0.1451
v 0.020369 -0.524210 -0.008986 0.1451 0.1373 0.1451
v 0.039762 -0.247610 -0.026572 0.1961 0.1922 0.1961
v 0.038836 -0.173419 -0.011333 0.2510 0.2510 0.2510
v 0.033804 -0.173122 -0.012439 0.2823 0.2784 0.2823
v 0.034656 -0.495437 -0.028111 0.3451 0.3412 0.3804
v 0.039718 -0.448454 -0.025647 0.0667 0.0667 0.0706
v 0.039114 -0.499847 -0.024407 0.1373 0.1294 0.1373
v 0.046084 -0.169071 -0.009413 0.3059 0.3019 0.3059
v 0.054435 -0.161920 -0.008963 0.3568 0.3490 0.3568
v 0.039156 -0.179712 -0.021031 0.4784 0.4784 0.4784
v 0.048752 -0.177972 -0.017880 0.4902 0.4745 0.4902
v 0.039372 -0.184721 -0.024371 0.4510 0.4510 0.4510
v 0.046748 -0.173343 -0.015116 0.4157 0.4118 0.4157
v 0.058547 -0.165221 -0.010160 0.3804 0.3725 0.3804
v 0.034541 -0.181013 -0.024379 0.7333 0.7372 0.7333
v 0.034686 -0.186313 -0.027948 0.7098 0.7059 0.7098
v 0.059703 -0.181689 -0.010246 0.4118 0.4039 0.4118
v 0.027925 -0.187876 -0.027997 0.7216 0.7098 0.7216
v 0.018693 -0.175459 -0.011799 0.3529 0.3529 0.3529
v 0.026503 -0.175546 -0.012013 0.2510 0.2549 0.2510
v 0.019407 -0.182178 -0.024373 0.6941 0.6980 0.6941
v 0.027041 -0.182680 -0.024121 0.6550 0.6550 0.6550
v 0.019807 -0.187077 -0.027807 0.7020 0.6980 0.7020
v 0.000000 -0.160459 -0.012106 0.4157 0.4118 0.4157
v 0.009720 -0.170339 -0.011909 0.3804 0.3882 0.3804
v 0.010309 -0.182341 -0.027240 0.7372 0.7294 0.7372
v 0.000000 -0.175822 -0.026558 0.8078 0.8000 0.8078
v 0.010189 -0.177029 -0.023696 0.7294 0.7216 0.7294
v 0.000000 -0.168324 -0.023057 0.7686 0.7686 0.7686
v -0.061925 -0.197650 -0.011114 0.7020 0.6863 0.7020
v -0.052047 -0.200657 -0.017873 0.3568 0.3490 0.3568
v -0.068252 -0.209749 -0.009837 0.7882 0.7843 0.7882
v -0.077137 -0.246887 -0.008711 0.2078 0.2039 0.2078
v -0.076480 -0.219557 -0.007224 0.5451 0.5412 0.5451
v -0.019653 -0.247624 -0.030652 0.2627 0.2588 0.2627
v -0.034775 -0.226147 -0.029080 0.5098 0.5019 0.5098
v -0.019649 -0.226083 -0.029143 0.4000 0.3921 0.4000
v -0.039712 -0.226110 -0.025256 0.1922 0.1882 0.1922
v -0.039493 -0.203579 -0.024473 0.2863 0.2863 0.2863
v -0.061414 -0.224373 -0.017186 0.2432 0.2392 0.2432
v -0.034667 -0.204356 -0.028148 0.5373 0.5294 0.5373
v -0.019534 -0.203980 -0.028188 0.4314 0.4353 0.4314
v -0.039762 -0.247610 -0.026572 0.1569 0.1530 0.1569
v -0.038836 -0.173419 -0.011333 0.2549 0.2510 0.2549
v -0.033804 -0.173122 -0.012439 0.2588 0.2588 0.2588
v -0.039718 -0.448454 -0.025647 0.1294 0.1255 0.1608
v -0.034656 -0.495437 -0.028111 0.3137 0.3098 0.3451
v -0.039114 -0.499847 -0.024407 0.1255 0.1137 0.1255
v -0.046084 -0.169071 -0.009413 0.3059 0.3059 0.3059
v -0.054435 -0.161920 -0.008963 0.3686 0.3686 0.3686
v -0.039156 -0.179712 -0.021031 0.5725 0.5647 0.5725
v -0.048752 -0.177972 -0.017880 0.5647 0.5608 0.5647
v -0.046748 -0.173343 -0.015116 0.4078 0.4078 0.4078
v -0.039372 -0.184721 -0.024371 0.5725 0.5725 0.5725
v -0.058547 -0.165221 -0.010160 0.3765 0.3804 0.3765
v -0.034541 -0.181013 -0.024379 0.8313 0.8235 0.8313
v -0.034686 -0.186313 -0.027948 0.8000 0.8000 0.8000
v -0.059703 -0.181689 -0.010246 0.4196 0.4118 0.4196
v -0.027925 -0.187876 -0.027997 0.8196 0.8078 0.8196
v -0.018693 -0.175459 -0.011799 0.3765 0.3686 0.3765
v -0.026503 -0.175546 -0.012013 0.2863 0.2823 0.2863
v -0.027041 -0.182680 -0.024121 0.7686 0.7608 0.7686
v -0.019407 -0.182178 -0.024373 0.7412 0.7294 0.7412
v -0.019807 -0.187077 -0.027807 0.8039 0.8078 0.8039
v -0.009720 -0.170339 -0.011909 0.3882 0.3804 0.3882
v -0.010189 -0.177029 -0.023696 0.7294 0.7333 0.7294
v -0.010309 -0.182341 -0.027240 0.8549 0.8392 0.8549
v 0.047767 -0.518447 0.016368 0.4745 0.4510 0.4745
v 0.038947 -0.520394 0.022454 0.2196 0.2000 0.2196
v 0.046493 -0.520384 0.015676 0.2157 0.2078 0.2157
v 0.020467 -0.518759 0.024479 0.4471 0.4353 0.4706
v 0.020367 -0.520594 0.022881 0.2196 0.2039 0.2235
v -0.000000 -0.518774 0.024479 0.4706 0.4471 0.4706
v -0.000000 -0.520622 0.022894 0.2196 0.2078 0.2235
v -0.020367 -0.520594 0.022881 0.2157 0.1961 0.2157
v 0.052341 -0.518615 -0.007957 0.4275 0.4000 0.4432
v 0.052150 -0.520500 0.000000 0.2157 0.2078 0.2196
v 0.050514 -0.520479 -0.008072 0.2078 0.1922 0.2078
v 0.052343 -0.518617 0.007958 0.3843 0.3647 0.3843
v 0.050513 -0.520476 0.008071 0.2118 0.2000 0.2118
v -0.046483 -0.520382 0.015668 0.2000 0.1922 0.2078
v -0.038946 -0.520414 0.022391 0.1882 0.1725 0.1922
v -0.047768 -0.518447 0.016369 0.4745 0.4510 0.4745
v -0.020468 -0.518760 0.024479 0.4706 0.4353 0.4706
v -0.052147 -0.520495 0.000000 0.2039 0.1882 0.2039
v -0.052345 -0.518618 -0.007959 0.3765 0.3529 0.3765
v -0.050514 -0.520478 -0.008072 0.1961 0.1843 0.1961
v -0.052339 -0.518615 0.007957 0.3568 0.3451 0.3765
v -0.050516 -0.520481 0.008072 0.2157 0.2078 0.2196
v 0.038945 -0.520410 -0.022389 0.2353 0.2196 0.2353
v 0.047769 -0.518447 -0.016369 0.4706 0.4628 0.4706
v 0.046483 -0.520382 -0.015668 0.2314 0.2118 0.2314
v 0.020468 -0.518760 -0.024479 0.5686 0.5294 0.5686
v 0.020367 -0.520593 -0.022880 0.1608 0.1569 0.1608
v 0.000000 -0.518774 -0.024479 0.5333 0.5098 0.5333
v 0.000000 -0.520622 -0.022894 0.1608 0.1530 0.1608
v -0.020367 -0.520593 -0.022880 0.2392 0.2196 0.2392
v -0.047765 -0.518446 -0.016367 0.4628 0.4392 0.4628
v -0.038949 -0.520399 -0.022457 0.2078 0.2000 0.2078
v -0.046492 -0.520381 -0.015675 0.2235 0.2157 0.2275
v -0.020467 -0.518759 -0.024479 0.5373 0.5137 0.5373
v 0.038321 -0.522701 0.008812 0.1530 0.1412 0.1530
v 0.038585 -0.523214 0.000000 0.1333 0.1255 0.1333
v -0.038585 -0.523214 0.000000 0.1569 0.1451 0.1569
v -0.038321 -0.522701 0.008812 0.1530 0.1412 0.1530
v 0.038321 -0.522701 -0.008812 0.1451 0.1373 0.1451
v -0.038321 -0.522701 -0.008812 0.1569 0.1451 0.1569
v 0.097775 -0.118500 -0.015993 0.2745 0.2745 0.2745
v 0.086778 -0.135983 -0.017636 0.6354 0.6393 0.6354
v 0.096440 -0.117952 -0.017650 0.5451 0.5490 0.5451
v 0.088001 -0.136801 -0.015962 0.2196 0.2314 0.2196
v 0.103806 -0.098648 -0.016000 0.3490 0.3608 0.3490
v 0.102368 -0.098362 -0.017617 0.5216 0.5137 0.5216
v 0.073812 -0.151805 -0.017640 0.6039 0.6039 0.6039
v 0.074843 -0.152842 -0.015997 0.2314 0.2196 0.2314
v 0.059007 -0.109565 -0.006198 0.3255 0.3294 0.3255
v 0.068083 -0.084705 -0.007839 0.4118 0.4196 0.4118
v 0.060680 -0.110461 -0.007839 0.3137 0.3216 0.3137
v 0.066428 -0.084542 -0.006198 0.4157 0.4078 0.4157
v 0.043478 -0.131011 -0.007839 0.6315 0.6354 0.6315
v 0.042393 -0.129665 -0.006198 0.6393 0.6393 0.6393
v 0.057982 -0.164777 -0.017604 0.6706 0.6432 0.6706
v 0.058795 -0.165994 -0.016006 0.1882 0.1843 0.1882
v -0.058867 -0.046535 -0.006198 0.1882 0.1843 0.1882
v -0.068050 -0.071134 -0.007839 0.3804 0.3804 0.3804
v -0.059911 -0.045855 -0.007839 0.2549 0.2549 0.2549
v -0.066407 -0.071460 -0.006198 0.3176 0.3216 0.3176
v -0.042330 -0.026424 -0.006198 0.1451 0.1412 0.1451
v -0.043403 -0.025115 -0.007839 0.2314 0.2275 0.2314
v -0.058849 -0.046544 0.006198 0.1686 0.1647 0.1686
v -0.068056 -0.071137 0.007839 0.3686 0.3608 0.3686
v -0.066394 -0.071460 0.006198 0.3059 0.3137 0.3059
v -0.059929 -0.045882 0.007839 0.2314 0.2275 0.2314
v -0.042334 -0.026413 0.006198 0.1333 0.1373 0.1333
v -0.043409 -0.025107 0.007839 0.1922 0.1882 0.1922
v 0.105852 -0.078000 -0.016002 0.5216 0.5137 0.5216
v 0.104380 -0.078000 -0.017615 0.5294 0.5216 0.5294
v 0.103813 -0.057350 -0.016003 0.6941 0.6980 0.6941
v 0.102373 -0.057637 -0.017638 0.5137 0.5137 0.5137
v 0.065484 -0.058136 -0.007839 0.3059 0.3059 0.3059
v 0.063873 -0.058623 -0.006198 0.2196 0.2235 0.2196
v -0.019857 -0.012539 -0.007839 0.2118 0.2078 0.2118
v -0.019369 -0.014140 -0.006198 0.1530 0.1451 0.1530
v -0.019861 -0.012524 0.007839 0.1765 0.1765 0.1765
v -0.019376 -0.014131 0.006198 0.1333 0.1412 0.1333
v 0.000000 -0.183833 -0.015997 0.0510 0.0549 0.0510
v 0.020362 -0.180363 -0.017622 0.2353 0.2471 0.2353
v 0.020649 -0.181808 -0.016011 0.0627 0.0627 0.0627
v 0.000000 -0.182380 -0.017617 0.2471 0.2314 0.2471
v 0.019854 -0.143471 -0.007839 0.6550 0.6550 0.6550
v -0.006538 -0.144385 -0.006198 0.6550 0.6471 0.6550
v 0.019364 -0.141853 -0.006198 0.6197 0.6118 0.6197
v -0.006706 -0.146088 -0.007839 0.6628 0.6628 0.6628
v -0.020362 -0.180366 -0.017630 0.2510 0.2549 0.2510
v -0.020647 -0.181798 -0.016006 0.0627 0.0627 0.0627
v -0.063840 -0.097374 -0.006198 0.5176 0.5137 0.5176
v -0.051709 -0.120410 -0.006198 0.1843 0.1804 0.1843
v -0.065411 -0.097875 -0.007839 0.4314 0.4353 0.4314
v -0.053214 -0.121632 -0.007839 0.1647 0.1490 0.1647
v -0.053082 -0.121537 0.007839 0.1647 0.1725 0.1647
v -0.063842 -0.097372 0.006198 0.5137 0.5059 0.5137
v -0.065435 -0.097842 0.007839 0.4589 0.4510 0.4589
v -0.051622 -0.120361 0.006198 0.2157 0.2235 0.2157
v 0.006706 -0.009904 -0.007839 0.2039 0.2118 0.2039
v 0.006541 -0.011584 -0.006198 0.1569 0.1530 0.1569
v 0.006540 -0.011585 0.006198 0.1412 0.1373 0.1412
v 0.006707 -0.009900 0.007839 0.2000 0.1961 0.2000
v -0.039941 -0.174429 -0.017626 0.3568 0.3568 0.3568
v -0.040506 -0.175790 -0.016016 0.0627 0.0627 0.0627
v -0.031502 -0.136937 -0.006198 0.6471 0.6393 0.6471
v -0.032307 -0.138439 -0.007839 0.6628 0.6550 0.6628
v -0.057983 -0.164779 -0.017611 0.5921 0.5804 0.5921
v -0.058804 -0.166008 -0.016009 0.1490 0.1333 0.1490
v -0.074843 -0.152843 -0.015994 0.1294 0.1412 0.1294
v -0.073812 -0.151804 -0.017640 0.4902 0.4902 0.4902
v -0.087988 -0.136792 -0.015956 0.2118 0.2039 0.2118
v -0.086771 -0.135979 -0.017607 0.5804 0.5686 0.5804
v -0.032293 -0.138435 0.007839 0.5530 0.5451 0.5530
v -0.031484 -0.136916 0.006198 0.5373 0.5294 0.5373
v 0.032250 -0.017665 -0.007839 0.1961 0.1922 0.1961
v 0.031441 -0.019183 -0.006198 0.1294 0.1333 0.1294
v 0.031461 -0.019135 0.006198 0.1451 0.1451 0.1451
v 0.032253 -0.017660 0.007839 0.2078 0.2157 0.2078
v -0.096435 -0.117950 -0.017633 0.5412 0.5490 0.5412
v -0.097801 -0.118511 -0.016002 0.2549 0.2510 0.2549
v -0.102366 -0.098362 -0.017611 0.5373 0.5294 0.5373
v -0.103797 -0.098646 -0.015996 0.3804 0.3725 0.3804
v -0.104384 -0.078000 -0.017630 0.5412 0.5333 0.5412
v -0.105854 -0.078000 -0.016002 0.5137 0.5098 0.5137
v -0.102372 -0.057637 -0.017631 0.4902 0.4863 0.4902
v -0.103801 -0.057353 -0.015999 0.6667 0.6706 0.6667
v -0.006707 -0.146096 0.007839 0.5882 0.5804 0.5882
v -0.006539 -0.144392 0.006198 0.5451 0.5412 0.5451
v 0.052889 -0.034594 -0.007839 0.2196 0.2157 0.2196
v 0.051572 -0.035676 -0.006198 0.1255 0.1333 0.1255
v 0.051575 -0.035673 0.006198 0.1569 0.1530 0.1569
v -0.096435 -0.038055 -0.017615 0.4745 0.4667 0.4745
v -0.097782 -0.037497 -0.015998 0.7843 0.7882 0.7843
v -0.088003 -0.019199 -0.016000 0.6393 0.6471 0.6393
v -0.086784 -0.020013 -0.017617 0.4353 0.4275 0.4353
v -0.073811 -0.004189 -0.017633 0.3921 0.4118 0.3921
v -0.074845 -0.003155 -0.015999 0.7216 0.7137 0.7216
v -0.058798 0.009998 -0.015998 0.5804 0.5882 0.5804
v -0.057987 0.008784 -0.017616 0.4432 0.4392 0.4432
v 0.019854 -0.143477 0.007839 0.5569 0.5490 0.5569
v 0.019361 -0.141844 0.006198 0.5490 0.5412 0.5490
v 0.065476 -0.058138 0.007839 0.3529 0.3529 0.3529
v 0.063842 -0.058634 0.006198 0.2392 0.2353 0.2392
v -0.020650 0.025815 -0.016002 0.4745 0.4784 0.4745
v -0.000000 0.027860 -0.016004 0.5176 0.5176 0.5176
v -0.020363 0.024371 -0.017627 0.3843 0.3921 0.3843
v 0.000000 0.026387 -0.017638 0.3686 0.3647 0.3686
v 0.020364 0.024375 -0.017639 0.4118 0.4157 0.4118
v 0.020639 0.025759 -0.015985 0.5216 0.5176 0.5216
v 0.042388 -0.129671 0.006198 0.5686 0.5608 0.5686
v 0.043474 -0.131006 0.007839 0.5333 0.5294 0.5333
v 0.066418 -0.084540 0.006198 0.4392 0.4353 0.4392
v 0.068093 -0.084707 0.007839 0.4118 0.4196 0.4118
v 0.039944 0.018434 -0.017612 0.4745 0.4823 0.4745
v 0.040501 0.019778 -0.015997 0.5843 0.5961 0.5843
v 0.057992 0.008791 -0.017647 0.4314 0.4353 0.4314
v 0.058792 0.009989 -0.015996 0.8157 0.8039 0.8157
v 0.073810 -0.004190 -0.017627 0.4471 0.4550 0.4471
v 0.074846 -0.003153 -0.016001 0.9098 0.9058 0.9098
v 0.088001 -0.019200 -0.016000 0.9176 0.9019 0.9176
v 0.086787 -0.020011 -0.017634 0.5333 0.5255 0.5059
v 0.060521 -0.110364 0.007839 0.2784 0.2784 0.2784
v 0.058919 -0.109503 0.006198 0.3765 0.3686 0.3765
v 0.096441 -0.038053 -0.017641 0.4941 0.5059 0.4941
v 0.097800 -0.037490 -0.016006 0.8509 0.8392 0.8509
v 0.096438 -0.117948 0.017631 0.4980 0.4941 0.4941
v 0.086778 -0.135983 0.017609 0.5176 0.5098 0.5176
v 0.097761 -0.118494 0.015989 0.2549 0.2510 0.2549
v 0.087985 -0.136789 0.015978 0.2118 0.2078 0.2118
v 0.102374 -0.098364 0.017637 0.5059 0.5059 0.5059
v 0.103801 -0.098647 0.015997 0.3490 0.3451 0.3490
v 0.104384 -0.078000 0.017630 0.5569 0.5490 0.5569
v 0.105856 -0.078000 0.016001 0.5412 0.5333 0.5412
v 0.073807 -0.151804 0.017622 0.5019 0.4941 0.5019
v 0.074841 -0.152841 0.015995 0.1569 0.1530 0.1569
v 0.058798 -0.165997 0.015997 0.1137 0.1098 0.1137
v 0.057985 -0.164783 0.017617 0.4510 0.4314 0.4510
v 0.102366 -0.057638 0.017606 0.6000 0.6079 0.6000
v 0.103792 -0.057354 0.015995 0.7294 0.7333 0.7294
v 0.020652 -0.181822 0.016020 0.0627 0.0745 0.0627
v 0.039943 -0.174433 0.017632 0.4000 0.3921 0.4000
v 0.020361 -0.180361 0.017622 0.1686 0.1647 0.1686
v 0.040502 -0.175781 0.016005 0.0706 0.0706 0.0706
v 0.000000 -0.183839 0.016014 0.0588 0.0588 0.0588
v -0.000000 -0.182385 0.017653 0.2157 0.2118 0.2157
v -0.020361 -0.180362 0.017627 0.2235 0.2118 0.2235
v -0.020646 -0.181793 0.016013 0.0784 0.0706 0.0784
v 0.096439 -0.038054 0.017633 0.5490 0.5490 0.5490
v 0.097785 -0.037496 0.015999 0.8274 0.8235 0.8274
v 0.087995 -0.019204 0.015997 0.7960 0.7960 0.7960
v 0.086782 -0.020014 0.017609 0.5019 0.4980 0.5019
v -0.039942 -0.174431 0.017630 0.4432 0.4314 0.4432
v -0.040506 -0.175793 0.016012 0.0745 0.0784 0.0745
v -0.057985 -0.164783 0.017622 0.6315 0.6197 0.6315
v -0.058794 -0.165992 0.015997 0.1294 0.1255 0.1294
v -0.073807 -0.151805 0.017627 0.6354 0.6236 0.6354
v -0.074850 -0.152850 0.015998 0.2039 0.2000 0.2039
v -0.087991 -0.136794 0.015981 0.2078 0.2039 0.2078
v -0.086778 -0.135983 0.017610 0.5686 0.5608 0.5686
v 0.073811 -0.004189 0.017631 0.3921 0.3843 0.3921
v 0.074851 -0.003149 0.016002 0.7568 0.7529 0.7568
v 0.058804 0.010006 0.016000 0.7098 0.7098 0.7098
v 0.057987 0.008783 0.017615 0.4235 0.4314 0.4235
v -0.096431 -0.117945 0.017606 0.5412 0.5294 0.5412
v -0.097787 -0.118505 0.015999 0.2823 0.2784 0.2823
v -0.103803 -0.098648 0.015999 0.3647 0.3725 0.3647
v -0.102373 -0.098363 0.017633 0.5412 0.5333 0.5412
v -0.105836 -0.078000 0.015995 0.5059 0.5019 0.5059
v -0.104379 -0.078000 0.017610 0.5098 0.5019 0.5098
v -0.103794 -0.057354 0.015994 0.6236 0.6276 0.6236
v -0.102373 -0.057637 0.017633 0.4589 0.4550 0.4589
v 0.040500 0.019777 0.015994 0.5255 0.5333 0.5255
v 0.039945 0.018436 0.017620 0.4432 0.4392 0.4432
v 0.020650 0.025816 0.016002 0.5059 0.5137 0.5059
v 0.020364 0.024377 0.017648 0.5333 0.5412 0.5333
v -0.097785 -0.037496 0.015997 0.7921 0.7960 0.7921
v -0.096433 -0.038056 0.017609 0.4275 0.4353 0.4275
v -0.087999 -0.019201 0.015997 0.7960 0.8000 0.7960
v -0.086787 -0.020011 0.017629 0.3804 0.3882 0.3804
v -0.074830 -0.003170 0.015993 0.7921 0.7960 0.7921
v -0.073813 -0.004187 0.017637 0.4432 0.4471 0.4432
v -0.058797 0.009996 0.015997 0.7608 0.7647 0.7608
v -0.057987 0.008784 0.017617 0.3843 0.3765 0.3843
v -0.000000 0.027845 0.015999 0.4784 0.4706 0.4784
v -0.020363 0.024372 0.017631 0.4157 0.4235 0.4157
v -0.000000 0.026386 0.017635 0.4745 0.4667 0.4745
v -0.020646 0.025795 0.015996 0.6667 0.6628 0.6667
v -0.039946 0.018438 0.017627 0.4550 0.4510 0.4550
v -0.040504 0.019786 0.015998 0.6000 0.6039 0.6000
v -0.042332 -0.026418 -0.000000 0.1098 0.1137 0.1098
v -0.058858 -0.046540 -0.000000 0.1490 0.1451 0.1490
v -0.066400 -0.071460 -0.000000 0.2588 0.2549 0.2588
v 0.039941 -0.174427 -0.017625 0.3961 0.3882 0.3961
v -0.019372 -0.014136 -0.000000 0.1020 0.1020 0.1020
v -0.063841 -0.097373 -0.000000 0.4471 0.4510 0.4471
v 0.006541 -0.011584 -0.000000 0.1059 0.1137 0.1059
v -0.051665 -0.120386 0.000000 0.2235 0.2275 0.2235
v 0.031451 -0.019159 -0.000000 0.1059 0.1059 0.1059
v -0.031493 -0.136926 0.000000 0.4902 0.4863 0.4902
v 0.051574 -0.035675 0.000000 0.1176 0.1176 0.1176
v -0.006539 -0.144388 0.000000 0.4863 0.4863 0.4863
v -0.039944 0.018432 -0.017606 0.4353 0.4432 0.4353
v 0.063858 -0.058629 0.000000 0.1961 0.1922 0.1961
v 0.019363 -0.141849 0.000000 0.4902 0.4902 0.4902
v 0.066423 -0.084541 0.000000 0.3608 0.3608 0.3608
v 0.042390 -0.129668 0.000000 0.5019 0.4980 0.5019
v 0.058963 -0.109534 0.000000 0.2784 0.2823 0.2784
v 0.094838 -0.117283 -0.000000 0.1569 0.1569 0.1569
v 0.100684 -0.098027 -0.000000 0.2078 0.2078 0.2078
v 0.102626 -0.078000 -0.000000 0.3019 0.3059 0.3019
v -0.072587 -0.005413 -0.000000 0.4823 0.4784 0.4823
v -0.085345 -0.020974 -0.000000 0.5019 0.5019 0.5019
v -0.094861 -0.038707 -0.000000 0.4550 0.4550 0.4550
v 0.100703 -0.057969 -0.000000 0.4275 0.4314 0.4275
v 0.094813 -0.038727 -0.000000 0.4667 0.4628 0.4667
v 0.072600 -0.150600 -0.000000 0.1098 0.1059 0.1098
v 0.085350 -0.135029 -0.000000 0.1137 0.1137 0.1137
v 0.072586 -0.005414 0.000000 0.4941 0.4980 0.4941
v 0.085347 -0.020973 -0.000000 0.4902 0.4902 0.4902
v -0.057018 0.007334 -0.000000 0.4000 0.4000 0.4000
v -0.040502 0.019780 -0.015997 0.5255 0.5255 0.5255
v -0.039280 0.016830 -0.000000 0.2902 0.2902 0.2902
v 0.057040 0.007365 0.000000 0.4275 0.4275 0.4275
v 0.039276 0.016821 0.000000 0.3059 0.3059 0.3059
v 0.057042 -0.163370 0.000000 0.0471 0.0471 0.0471
v 0.039286 -0.172846 0.000000 0.0431 0.0431 0.0431
v 0.040506 -0.175790 -0.016018 0.0627 0.0627 0.0627
v 0.020029 0.022694 0.000000 0.3098 0.3098 0.3098
v -0.000000 0.024644 0.000000 0.3098 0.3098 0.3098
v -0.020031 0.022701 -0.000000 0.2941 0.2941 0.2941
v 0.020019 -0.178641 0.000000 0.0392 0.0392 0.0392
v 0.000000 -0.180670 0.000000 0.0392 0.0392 0.0392
v 0.052893 -0.034592 0.007839 0.2549 0.2510 0.2549
v -0.039274 -0.172815 -0.000000 0.0392 0.0392 0.0392
v -0.020031 -0.178702 -0.000000 0.0392 0.0392 0.0392
v -0.100669 -0.057976 -0.000000 0.3765 0.3765 0.3765
v -0.102641 -0.078000 -0.000000 0.2902 0.2902 0.2902
v -0.100692 -0.098029 -0.000000 0.2039 0.2078 0.2039
v -0.094837 -0.117283 -0.000000 0.1530 0.1490 0.1530
v -0.072583 -0.150583 0.000000 0.1059 0.1020 0.1059
v -0.057019 -0.163335 -0.000000 0.0471 0.0431 0.0471
v -0.085357 -0.135033 -0.000000 0.1176 0.1137 0.1176
v 0.006541 -0.011584 -0.000000 0.1059 0.1137 0.1059
v -0.025467 -0.363084 0.039157 0.1569 0.1294 0.1098
v -0.024246 -0.387067 0.039548 0.0902 0.0667 0.0510
v -0.063367 -0.247236 -0.017813 0.1882 0.1882 0.1961
v -0.076249 -0.284190 -0.009451 0.2118 0.2000 0.2118
v -0.062876 -0.284181 -0.019293 0.2039 0.2039 0.2039
v -0.073752 -0.287147 -0.007628 0.1333 0.1216 0.1333
v -0.059736 -0.408062 -0.023524 0.1333 0.1098 0.0902
v -0.072345 -0.403614 -0.012159 0.1333 0.1098 0.0902
v -0.074408 -0.249371 -0.008935 0.0627 0.0471 0.0314
v -0.060844 -0.250559 -0.017942 0.0627 0.0471 0.0314
v 0.060491 -0.285669 -0.019007 0.0667 0.0549 0.0392
v 0.073712 -0.295994 -0.009366 0.0902 0.0745 0.0627
v 0.081364 -0.310163 0.014198 0.1530 0.1216 0.1059
v 0.065350 -0.304444 0.025988 0.1647 0.1373 0.1137
v 0.072664 -0.315622 0.009075 0.1137 0.0863 0.0667
v 0.059687 -0.325362 0.018029 0.0902 0.0745 0.0627
v 0.061809 -0.304294 0.019941 0.1216 0.0980 0.0745
v 0.075177 -0.310116 0.010770 0.1098 0.0902 0.0667
v -0.059668 -0.340975 -0.018143 0.0784 0.0627 0.0471
v -0.071869 -0.342986 -0.008044 0.0706 0.0510 0.0392
v 0.073394 -0.317664 -0.010852 0.0627 0.0471 0.0314
v 0.078167 -0.292779 -0.012918 0.1451 0.1098 0.0784
v 0.059477 -0.321461 -0.021104 0.0824 0.0667 0.0510
v -0.073793 -0.255356 0.010014 0.0902 0.0745 0.0588
v -0.059935 -0.261594 0.019628 0.0902 0.0745 0.0627
v -0.070822 -0.349595 0.011228 0.0784 0.0627 0.0510
v -0.057756 -0.357843 0.020203 0.0745 0.0627 0.0471
v -0.075353 -0.369232 0.013723 0.1451 0.1098 0.0784
v -0.057093 -0.381607 0.022137 0.0431 0.0353 0.0314
v -0.068877 -0.391072 0.012537 0.0902 0.0706 0.0549
v -0.066307 -0.402732 -0.008473 0.0667 0.0510 0.0392
v -0.055412 -0.407265 -0.017711 0.0667 0.0510 0.0392
v -0.063520 -0.262695 0.023995 0.1882 0.1530 0.1255
v -0.078904 -0.256368 0.012362 0.2078 0.1686 0.1451
v -0.077003 -0.343470 -0.010955 0.1294 0.1098 0.0902
v -0.063331 -0.341362 -0.023142 0.1373 0.1137 0.0980
v -0.075106 -0.391455 0.015877 0.1255 0.0941 0.0824
v -0.061683 -0.381943 0.027941 0.1451 0.1137 0.1020
v 0.063887 -0.322411 -0.027092 0.1530 0.1294 0.1020
v 0.079588 -0.318524 -0.014823 0.1647 0.1373 0.1137
v -0.062254 -0.358868 0.025724 0.1137 0.0902 0.0667
v -0.076192 -0.350425 0.013908 0.1569 0.1294 0.1098
v -0.080317 -0.249770 -0.012699 0.1882 0.1608 0.1333
v -0.064470 -0.251135 -0.023292 0.2078 0.1765 0.1451
v 0.065003 -0.285725 -0.024800 0.1725 0.1490 0.1137
v 0.080046 -0.296292 -0.013194 0.0667 0.0549 0.0392
v 0.078907 -0.316593 0.012258 0.0627 0.0471 0.0314
v 0.064091 -0.326341 0.023258 0.1725 0.1373 0.1137
v 0.058064 -0.441515 -0.017151 0.1569 0.1294 0.1098
v 0.038274 -0.434503 -0.031136 0.1333 0.1098 0.0902
v 0.036057 -0.434186 -0.024941 0.0784 0.0549 0.0510
v 0.054346 -0.441209 -0.013869 0.0745 0.0549 0.0471
v 0.000741 -0.401414 -0.031674 0.1490 0.1137 0.0824
v -0.000099 -0.422975 -0.028673 0.0745 0.0510 0.0431
v 0.023841 -0.430020 -0.028197 0.0706 0.0510 0.0392
v -0.000105 -0.423429 -0.036264 0.1451 0.1216 0.1020
v 0.025351 -0.430387 -0.035497 0.1333 0.1098 0.0902
v 0.037407 -0.423145 0.025485 0.0667 0.0549 0.0392
v 0.060345 -0.415179 0.015736 0.1451 0.1098 0.0784
v 0.055030 -0.437242 0.014203 0.0667 0.0510 0.0392
v 0.000885 -0.396539 0.030120 0.0667 0.0510 0.0392
v 0.025043 -0.413761 0.029082 0.0784 0.0627 0.0471
v 0.059042 -0.437296 0.017554 0.1569 0.1294 0.1098
v 0.039886 -0.422880 0.031585 0.1451 0.1137 0.1020
v 0.026654 -0.413687 0.036108 0.1412 0.1137 0.0902
v 0.000773 -0.396921 0.037470 0.1333 0.1098 0.0824
v 0.040160 -0.271513 0.030324 0.1765 0.1530 0.1137
v 0.038132 -0.296303 0.028631 0.0902 0.0745 0.0627
v 0.000584 -0.283529 0.031263 0.0902 0.0745 0.0627
v 0.024924 -0.291819 0.030989 0.0902 0.0706 0.0549
v 0.040348 -0.296433 0.035678 0.1216 0.0980 0.0784
v 0.000488 -0.283957 0.038516 0.1569 0.1294 0.1059
v 0.026281 -0.292048 0.038376 0.1255 0.0980 0.0824
v 0.038201 -0.335481 0.025684 0.0902 0.0745 0.0627
v 0.025126 -0.341023 0.028575 0.0863 0.0706 0.0549
v 0.000423 -0.351408 0.031285 0.0863 0.0706 0.0549
v 0.040501 -0.336158 0.032327 0.1647 0.1294 0.1059
v 0.026560 -0.341506 0.035564 0.1530 0.1294 0.1059
v 0.000517 -0.352012 0.038356 0.1608 0.1412 0.1137
v -0.026106 -0.275343 0.036454 0.1530 0.1137 0.1020
v -0.038018 -0.269754 0.027506 0.0784 0.0667 0.0510
v -0.024711 -0.274572 0.030015 0.0863 0.0706 0.0549
v -0.040121 -0.270649 0.033310 0.2039 0.1608 0.1373
v -0.035807 -0.371817 0.027527 0.0784 0.0627 0.0471
v -0.022745 -0.380470 0.029688 0.0784 0.0510 0.0471
v -0.024444 -0.381224 0.036832 0.0627 0.0471 0.0353
v -0.038416 -0.372803 0.034327 0.0667 0.0549 0.0392
v -0.039053 -0.369468 0.037013 0.1451 0.1137 0.1020
v -0.024086 -0.362483 0.031959 0.0980 0.0824 0.0627
v -0.036604 -0.369056 0.029981 0.0863 0.0706 0.0549
v 0.037220 -0.326039 -0.029428 0.0784 0.0549 0.0510
v -0.001274 -0.309093 -0.033744 0.1451 0.1216 0.0902
v 0.024439 -0.328391 -0.031385 0.0667 0.0549 0.0392
v -0.000825 -0.332419 -0.030976 0.0784 0.0667 0.0510
v -0.001002 -0.332831 -0.039121 0.1765 0.1451 0.1216
v 0.025793 -0.329009 -0.039402 0.1765 0.1530 0.1098
v 0.039487 -0.326817 -0.037044 0.1843 0.1530 0.1216
v 0.037698 -0.348262 -0.030987 0.0510 0.0353 0.0314
v 0.038744 -0.275442 -0.026165 0.0745 0.0588 0.0431
v 0.041177 -0.249454 -0.028886 0.1294 0.0941 0.0667
v -0.000128 -0.263908 -0.028836 0.0667 0.0510 0.0392
v 0.025803 -0.270872 -0.028323 0.0706 0.0549 0.0392
v 0.027108 -0.271059 -0.035228 0.1961 0.1725 0.1333
v -0.000133 -0.264242 -0.035383 0.2078 0.1843 0.1451
v 0.041116 -0.275510 -0.032857 0.1922 0.1608 0.1294
v -0.038729 -0.254870 -0.025876 0.0627 0.0431 0.0314
v -0.025904 -0.257718 -0.028077 0.0627 0.0392 0.0314
v -0.026602 -0.258214 -0.034530 0.1843 0.1608 0.1216
v -0.041509 -0.255180 -0.031845 0.5530 0.5412 0.5373
v -0.039796 -0.279534 -0.029402 0.0314 0.0235 0.0196
v -0.038552 -0.337926 -0.027535 0.0784 0.0667 0.0510
v -0.026151 -0.336140 -0.030305 0.0667 0.0549 0.0392
v -0.040818 -0.338306 -0.034686 0.1765 0.1451 0.1216
v -0.027457 -0.336368 -0.038202 0.1569 0.1216 0.0941
v 0.062002 -0.444304 -0.003538 0.0784 0.0627 0.0510
v 0.062197 -0.443507 0.004101 0.0784 0.0510 0.0471
v 0.067191 -0.444848 -0.003962 0.1451 0.1137 0.0902
v 0.077773 -0.303632 -0.002412 0.0745 0.0588 0.0431
v 0.077384 -0.309040 0.002476 0.1059 0.0824 0.0627
v 0.085081 -0.304397 -0.003687 0.0627 0.0471 0.0314
v 0.084672 -0.309698 0.003073 0.0667 0.0510 0.0353
v 0.085637 -0.283728 0.004923 0.2588 0.2118 0.1843
v 0.078919 -0.315015 -0.002892 0.0784 0.0667 0.0510
v 0.079466 -0.312930 0.003247 0.0902 0.0745 0.0627
v 0.086281 -0.315527 -0.004246 0.1451 0.1216 0.1020
v 0.086868 -0.313341 0.003685 0.1569 0.1216 0.0941
v 0.087778 -0.289521 -0.004778 0.4550 0.3961 0.3333
v -0.078145 -0.250455 -0.002332 0.0627 0.0471 0.0314
v -0.077881 -0.252325 0.003453 0.0745 0.0627 0.0431
v -0.084643 -0.252925 0.003785 0.1922 0.1569 0.1294
v -0.085358 -0.250999 -0.003441 0.2745 0.2353 0.1922
v -0.085759 -0.223861 -0.002897 0.5137 0.4432 0.3647
v -0.079767 -0.274843 -0.003237 0.0314 0.0235 0.0196
v -0.075003 -0.344417 -0.001420 0.0745 0.0510 0.0392
v -0.074686 -0.346376 0.004564 0.0745 0.0627 0.0471
v -0.080575 -0.346891 0.004837 0.1451 0.1216 0.1020
v -0.080733 -0.370042 0.004343 0.0941 0.0706 0.0510
v -0.080912 -0.345013 -0.002093 0.1530 0.1255 0.1059
v -0.075783 -0.366522 -0.002317 0.0392 0.0314 0.0275
v -0.071796 -0.395810 0.005002 0.0784 0.0627 0.0471
v -0.070838 -0.399209 -0.001271 0.0784 0.0588 0.0510
v -0.078961 -0.396678 0.005527 0.1255 0.1059 0.0902
v -0.077966 -0.399977 -0.002423 0.1255 0.1059 0.0902
v -0.024739 -0.416117 -0.028138 0.0784 0.0667 0.0510
v -0.036930 -0.412724 -0.025764 0.0667 0.0471 0.0353
v -0.026269 -0.416746 -0.035735 0.1451 0.1137 0.1020
v -0.039324 -0.413469 -0.033043 0.1216 0.0980 0.0784
v -0.037837 -0.433398 -0.027645 0.0431 0.0275 0.0314
v 0.065666 -0.466877 -0.004886 0.1098 0.0824 0.0706
v 0.079581 -0.290307 0.000000 0.2627 0.2510 0.2706
v 0.077065 -0.287151 0.000000 0.1765 0.1647 0.1843
v 0.076249 -0.284190 0.009451 0.1059 0.0980 0.1059
v 0.070850 -0.370742 0.008773 0.2510 0.2353 0.2549
v 0.019681 -0.290436 0.032647 0.3294 0.3176 0.3294
v 0.034659 -0.287144 0.030927 0.2784 0.2510 0.2784
v 0.019643 -0.287144 0.030927 0.3019 0.2823 0.3019
v 0.019741 -0.284121 0.033088 0.1608 0.1490 0.1608
v 0.080966 -0.246731 0.000000 0.3451 0.3451 0.3568
v 0.079945 -0.284192 0.000000 0.1098 0.1059 0.1137
v 0.034777 -0.247622 0.030572 0.4745 0.4589 0.4902
v -0.000000 -0.290436 0.032647 0.1294 0.1098 0.1294
v -0.000000 -0.287127 0.030927 0.2471 0.2432 0.2706
v -0.000000 -0.284121 0.033088 0.1490 0.1412 0.1490
v 0.074006 -0.370745 0.000000 0.2392 0.2314 0.2549
v 0.062435 -0.448471 0.008317 0.1216 0.1137 0.1216
v 0.065180 -0.448473 0.000000 0.0902 0.0745 0.0902
v 0.055344 -0.499818 0.007946 0.1490 0.1569 0.1725
v 0.053945 -0.448467 0.017090 0.1098 0.0980 0.1098
v 0.059794 -0.370740 0.018172 0.2235 0.2118 0.2314
v 0.040338 -0.370739 0.027617 0.2000 0.1922 0.2000
v 0.039764 -0.290312 0.028819 0.2471 0.2275 0.2471
v 0.049632 -0.499813 0.016302 0.1530 0.1530 0.1686
v 0.034973 -0.447924 0.029513 0.4118 0.3921 0.4118
v 0.020461 -0.370727 0.031744 0.1686 0.1569 0.1686
v 0.019827 -0.447912 0.029716 0.2941 0.2823 0.3059
v -0.000000 -0.370727 0.031744 0.1647 0.1530 0.1647
v -0.000000 -0.447912 0.029823 0.2823 0.2667 0.2823
v 0.019503 -0.495835 0.028130 0.4353 0.3961 0.4353
v 0.039740 -0.284177 0.028776 0.0745 0.0667 0.0745
v 0.057248 -0.499818 0.000000 0.1804 0.1647 0.1804
v 0.053640 -0.503038 0.000000 0.1647 0.1451 0.1686
v 0.052012 -0.503099 0.006696 0.1961 0.1804 0.1961
v 0.038302 -0.503443 0.021091 0.2902 0.2706 0.2902
v 0.020185 -0.499938 0.024479 0.1098 0.1059 0.1098
v 0.055850 -0.507119 0.000000 0.5137 0.4980 0.5216
v 0.054102 -0.507122 0.007935 0.5176 0.5098 0.5333
v 0.047288 -0.503264 0.013892 0.2549 0.2314 0.2549
v 0.039094 -0.507145 0.024229 0.6236 0.5882 0.6236
v 0.048918 -0.507125 0.016286 0.5412 0.5216 0.5569
v 0.020058 -0.503501 0.021003 0.2549 0.2275 0.2549
v 0.020189 -0.507142 0.024405 0.5921 0.5608 0.6039
v -0.000000 -0.507142 0.024405 0.5725 0.5373 0.5843
v -0.000000 -0.503512 0.020957 0.2432 0.2275 0.2549
v -0.000000 -0.499939 0.024479 0.0941 0.0941 0.0941
v 0.034807 -0.290436 0.032647 0.3294 0.3176 0.3294
v 0.034781 -0.284121 0.033088 0.1530 0.1451 0.1530
v 0.035572 -0.370727 0.031744 0.3765 0.3568 0.3765
v -0.020189 -0.507142 0.024405 0.5921 0.5608 0.6039
v -0.020058 -0.503501 0.021003 0.2823 0.2784 0.2823
v -0.073752 -0.287147 0.007628 0.3098 0.2902 0.3098
v -0.077065 -0.287151 0.000000 0.3059 0.2941 0.3059
v -0.079581 -0.290307 0.000000 0.4628 0.4510 0.4745
v -0.076249 -0.284190 0.009451 0.1255 0.1137 0.1255
v -0.075913 -0.290310 0.009446 0.4196 0.3961 0.4196
v -0.070850 -0.370742 0.008773 0.1176 0.1137 0.1255
v -0.034659 -0.287144 0.030927 0.2784 0.2588 0.2784
v -0.019681 -0.290436 0.032647 0.3137 0.2902 0.3294
v -0.019643 -0.287144 0.030927 0.2902 0.2745 0.2902
v -0.019741 -0.284121 0.033088 0.1490 0.1412 0.1490
v -0.080966 -0.246731 0.000000 0.1882 0.1843 0.1882
v -0.079945 -0.284192 0.000000 0.1725 0.1725 0.1725
v -0.062876 -0.284181 0.019293 0.0941 0.0784 0.0941
v -0.034777 -0.247622 0.030572 0.2745 0.2627 0.2745
v -0.074006 -0.370745 0.000000 0.1333 0.1255 0.1373
v -0.062435 -0.448471 0.008317 0.1922 0.1725 0.1922
v -0.065180 -0.448473 0.000000 0.1647 0.1569 0.1765
v -0.055344 -0.499818 0.007946 0.1333 0.1255 0.1333
v -0.059794 -0.370740 0.018172 0.1020 0.0980 0.1137
v -0.053945 -0.448467 0.017090 0.1961 0.1843 0.2039
v -0.040338 -0.370739 0.027617 0.1020 0.0941 0.1020
v -0.039764 -0.290312 0.028819 0.2078 0.1961 0.2157
v -0.049632 -0.499813 0.016302 0.1412 0.1255 0.1412
v -0.020461 -0.370727 0.031744 0.1686 0.1569 0.1686
v -0.034973 -0.447924 0.029513 0.3608 0.3372 0.3608
v -0.019827 -0.447912 0.029716 0.2196 0.2039 0.2275
v -0.019503 -0.495835 0.028130 0.4039 0.3804 0.4039
v -0.039740 -0.284177 0.028776 0.0824 0.0784 0.0824
v -0.039573 -0.287147 0.024859 0.1765 0.1608 0.1961
v -0.061537 -0.287146 0.016283 0.2353 0.2118 0.2353
v -0.062691 -0.290313 0.019301 0.3451 0.3333 0.3647
v -0.020369 -0.525023 0.000000 0.1451 0.1373 0.1451
v -0.020369 -0.524210 0.008986 0.1451 0.1412 0.1530
v -0.000000 -0.525335 0.000000 0.1451 0.1373 0.1451
v -0.020369 -0.524210 -0.008986 0.1569 0.1412 0.1569
v -0.057248 -0.499818 0.000000 0.1373 0.1294 0.1451
v -0.053640 -0.503038 0.000000 0.1451 0.1412 0.1490
v -0.052012 -0.503099 0.006696 0.2588 0.2353 0.2588
v -0.038302 -0.503443 0.021091 0.2823 0.2588 0.2902
v -0.020185 -0.499938 0.024479 0.1216 0.1137 0.1216
v -0.055850 -0.507119 0.000000 0.4902 0.4628 0.4902
v -0.054102 -0.507122 0.007935 0.4941 0.4823 0.5098
v -0.047288 -0.503264 0.013892 0.2471 0.2314 0.2549
v -0.039094 -0.507145 0.024229 0.6236 0.5882 0.6236
v -0.048918 -0.507125 0.016286 0.5412 0.5255 0.5530
v -0.034807 -0.290436 0.032647 0.3255 0.3098 0.3255
v -0.034781 -0.284121 0.033088 0.1530 0.1451 0.1530
v -0.035572 -0.370727 0.031744 0.2196 0.2000 0.2196
v 0.073752 -0.287147 -0.007628 0.0667 0.0627 0.0667
v 0.076249 -0.284190 -0.009451 0.1059 0.0980 0.1059
v 0.075913 -0.290310 -0.009446 0.2980 0.2863 0.2980
v 0.070850 -0.370742 -0.008773 0.2588 0.2471 0.2745
v 0.034659 -0.287144 -0.030927 0.0980 0.0980 0.0980
v 0.019681 -0.290436 -0.032647 0.3804 0.3804 0.4039
v 0.019643 -0.287144 -0.030927 0.0941 0.0941 0.0941
v 0.019741 -0.284121 -0.033088 0.2000 0.1882 0.2000
v 0.062876 -0.284181 -0.019293 0.1059 0.1098 0.1137
v 0.034777 -0.247622 -0.030572 0.3451 0.3255 0.3451
v 0.000000 -0.290436 -0.032647 0.2000 0.2000 0.2039
v 0.000000 -0.287127 -0.030927 0.0941 0.0941 0.0941
v 0.000000 -0.284121 -0.033088 0.2039 0.1882 0.2039
v 0.062435 -0.448471 -0.008317 0.0784 0.0745 0.0902
v 0.055344 -0.499818 -0.007946 0.1569 0.1530 0.1569
v 0.059794 -0.370740 -0.018172 0.2078 0.2039 0.2314
v 0.053945 -0.448467 -0.017090 0.0667 0.0667 0.0784
v 0.040338 -0.370739 -0.027617 0.1882 0.1843 0.2157
v 0.039764 -0.290312 -0.028819 0.2784 0.2745 0.2980
v 0.049632 -0.499813 -0.016302 0.1451 0.1255 0.1490
v 0.020461 -0.370727 -0.031744 0.3059 0.2980 0.3216
v 0.034973 -0.447924 -0.029513 0.1451 0.1373 0.1530
v 0.019827 -0.447912 -0.029716 0.1137 0.1098 0.1137
v 0.000000 -0.370727 -0.031744 0.2627 0.2471 0.2627
v 0.000000 -0.447912 -0.029823 0.2196 0.2000 0.2196
v 0.019503 -0.495835 -0.028130 0.3451 0.3255 0.3451
v 0.039740 -0.284177 -0.028776 0.1059 0.1020 0.1059
v 0.039573 -0.287147 -0.024859 0.0941 0.0941 0.0941
v 0.061537 -0.287146 -0.016283 0.0627 0.0627 0.0627
v 0.062691 -0.290313 -0.019301 0.3019 0.2863 0.3019
v 0.052012 -0.503099 -0.006695 0.1020 0.0863 0.1020
v 0.038302 -0.503443 -0.021091 0.0980 0.0980 0.0980
v 0.020185 -0.499938 -0.024479 0.0902 0.0784 0.0902
v 0.054102 -0.507122 -0.007935 0.5373 0.5137 0.5530
v 0.047288 -0.503264 -0.013892 0.0745 0.0824 0.0902
v 0.039094 -0.507145 -0.024229 0.6000 0.5764 0.6157
v 0.048918 -0.507125 -0.016286 0.5804 0.5569 0.6000
v 0.020189 -0.507142 -0.024405 0.5686 0.5333 0.5686
v 0.020058 -0.503501 -0.021003 0.0980 0.0980 0.0980
v 0.000000 -0.507142 -0.024405 0.5608 0.5294 0.5725
v 0.000000 -0.503512 -0.020957 0.0667 0.0667 0.0667
v 0.000000 -0.499939 -0.024479 0.0824 0.0706 0.0824
v 0.034807 -0.290436 -0.032647 0.3961 0.3765 0.3961
v 0.034781 -0.284121 -0.033088 0.2157 0.2078 0.2157
v 0.035572 -0.370727 -0.031744 0.3568 0.3372 0.3647
v -0.020189 -0.507142 -0.024405 0.6000 0.5725 0.6197
v -0.020058 -0.503501 -0.021003 0.0980 0.0980 0.0980
v -0.020185 -0.499938 -0.024479 0.1059 0.0980 0.1059
v -0.019503 -0.495835 -0.028130 0.3451 0.3255 0.3451
v -0.075913 -0.290310 -0.009446 0.5176 0.5098 0.5373
v -0.070850 -0.370742 -0.008773 0.1647 0.1608 0.1765
v -0.019681 -0.290436 -0.032647 0.6118 0.6079 0.6276
v -0.034659 -0.287144 -0.030927 0.1961 0.1922 0.1961
v -0.019643 -0.287144 -0.030927 0.2039 0.2039 0.2118
v -0.019741 -0.284121 -0.033088 0.1412 0.1530 0.1686
v -0.034777 -0.247622 -0.030572 0.3137 0.3098 0.3137
v -0.062435 -0.448471 -0.008317 0.1647 0.1569 0.1882
v -0.055344 -0.499818 -0.007946 0.1294 0.1216 0.1294
v -0.053945 -0.448467 -0.017090 0.1608 0.1412 0.1608
v -0.059794 -0.370740 -0.018172 0.1608 0.1608 0.1804
v -0.040338 -0.370739 -0.027617 0.1647 0.1530 0.1686
v -0.039764 -0.290312 -0.028819 0.4275 0.4196 0.4392
v -0.049632 -0.499813 -0.016302 0.1608 0.1569 0.1608
v -0.034973 -0.447924 -0.029513 0.3686 0.3490 0.3686
v -0.020461 -0.370727 -0.031744 0.1843 0.1647 0.1843
v -0.019827 -0.447912 -0.029716 0.1882 0.1765 0.1882
v -0.039740 -0.284177 -0.028776 0.1686 0.1725 0.1882
v -0.039573 -0.287147 -0.024859 0.0980 0.0824 0.0980
v -0.061537 -0.287146 -0.016283 0.0980 0.1137 0.1294
v -0.062691 -0.290313 -0.019301 0.5137 0.5019 0.5137
v -0.052012 -0.503099 -0.006695 0.0706 0.0706 0.0706
v -0.038302 -0.503443 -0.021091 0.0980 0.0980 0.0980
v -0.054102 -0.507122 -0.007935 0.4902 0.4667 0.5059
v -0.047288 -0.503264 -0.013892 0.1059 0.0863 0.1059
v -0.039094 -0.507145 -0.024229 0.5686 0.5333 0.5686
v -0.048918 -0.507125 -0.016286 0.5686 0.5333 0.5686
v -0.034807 -0.290436 -0.032647 0.6432 0.6393 0.6510
v -0.034781 -0.284121 -0.033088 0.2902 0.2902 0.2980
v -0.035572 -0.370727 -0.031744 0.3137 0.3019 0.3255
v 0.039352 -0.518634 0.024235 0.4589 0.4275 0.4589
v 0.053937 -0.518704 0.000000 0.3725 0.3529 0.3725
v -0.039353 -0.518636 0.024238 0.4471 0.4235 0.4471
v -0.053934 -0.518703 0.000000 0.3686 0.3490 0.3686
v 0.039358 -0.518642 -0.024251 0.5686 0.5451 0.5686
v -0.039353 -0.518635 -0.024238 0.5059 0.4784 0.5059
v -0.000000 -0.495835 0.028130 0.3176 0.3019 0.3176
v 0.000000 -0.495835 -0.028130 0.3451 0.3255 0.3451
vn 0.9042 -0.1303 -0.4067
vn 0.8922 -0.1308 0.4322
vn 0.9207 -0.1067 0.3754
vn 0.0277 -0.9467 0.3209
vn -0.0912 -0.9478 0.3054
vn 0.4143 -0.1618 0.8956
vn -0.2095 -0.9367 0.2806
vn 0.0040 -0.1779 0.9840
vn -0.2406 -0.9269 0.2880
vn -0.0594 -0.1545 0.9862
vn -0.2874 -0.9330 0.2165
vn -0.1222 -0.1459 0.9817
vn -0.4221 -0.8718 0.2485
vn -0.3112 -0.1300 0.9414
vn -0.5072 -0.8611 0.0354
vn -0.5169 -0.1144 0.8484
vn -0.4616 -0.8245 -0.3274
vn -0.7744 -0.0983 0.6250
vn -0.2868 -0.7583 -0.5854
vn -0.9822 -0.0979 0.1604
vn -0.0593 -0.7943 -0.6046
vn -0.8810 -0.0823 -0.4659
vn 0.0512 -0.8078 -0.5872
vn -0.6307 -0.0823 -0.7717
vn 0.1778 -0.8417 -0.5098
vn -0.3881 -0.1216 -0.9135
vn 0.2477 -0.8689 -0.4286
vn -0.2385 -0.1603 -0.9578
vn 0.2803 -0.8803 -0.3829
vn -0.0748 -0.1850 -0.9799
vn 0.3043 -0.8575 -0.4149
vn 0.0040 -0.2082 -0.9781
vn 0.3915 -0.7711 -0.5022
vn 0.1375 -0.2003 -0.9701
vn 0.4115 -0.1058 -0.9053
vn 0.5640 -0.7769 -0.2800
vn 0.5691 -0.0589 -0.8202
vn 0.5165 -0.8556 0.0355
vn 0.4007 -0.8768 0.2658
vn 0.7981 -0.0354 -0.6015
vn 0.2730 -0.8822 0.3837
vn 0.9902 -0.0198 -0.1381
vn 0.1464 -0.8978 0.4153
vn 0.9290 -0.0435 0.3676
vn 0.7199 -0.0915 0.6880
vn 0.0357 -0.9157 0.4004
vn -0.0752 -0.9299 0.3601
vn -0.1546 -0.9396 0.3053
vn 0.4700 -0.1304 0.8730
vn -0.2330 -0.9358 0.2646
vn 0.0198 -0.1625 0.9865
vn -0.2645 -0.9358 0.2330
vn -0.0515 -0.1623 0.9854
vn -0.3112 -0.9414 0.1300
vn -0.1695 -0.1537 0.9735
vn -0.3739 -0.9250 0.0669
vn -0.4771 -0.1144 0.8714
vn -0.6842 -0.0910 0.7236
vn -0.3514 -0.9358 -0.0276
vn -0.2636 -0.9640 -0.0354
vn -0.9293 -0.0589 0.3646
vn -0.2892 -0.9390 0.1862
vn -0.4536 -0.8717 0.1854
vn -0.9489 -0.0664 -0.3085
vn -0.5498 -0.8345 0.0356
vn -0.7159 -0.0900 -0.6924
vn -0.5113 -0.0898 -0.8547
vn -0.5573 -0.8261 -0.0830
vn -0.5340 -0.8029 -0.2650
vn -0.2309 -0.1135 -0.9663
vn -0.4932 -0.7773 -0.3906
vn -0.0978 -0.1056 -0.9896
vn -0.3899 -0.7680 -0.5080
vn -0.0039 -0.0984 -0.9951
vn -0.2087 -0.7445 -0.6342
vn 0.1848 -0.0826 -0.9793
vn -0.0118 -0.8314 -0.5556
vn 0.3409 -0.0823 -0.9365
vn 0.1222 -0.9342 -0.3351
vn 0.6331 -0.1062 -0.7668
vn 0.1942 -0.9631 -0.1863
vn 0.9272 -0.1303 -0.3511
vn 0.7549 -0.1226 0.6443
vn 0.2341 -0.9718 0.0278
vn 0.2100 -0.9709 0.1150
vn 0.1938 -0.9688 0.1542
vn 0.5281 -0.1390 0.8377
vn 0.3599 -0.1463 0.9215
vn 0.1545 -0.9703 0.1861
vn 0.1389 -0.9561 0.2579
vn 0.1229 -0.1625 0.9790
vn 0.1305 -0.9531 0.2729
vn 0.0436 -0.1623 0.9858
vn -0.0278 -0.1547 0.9876
vn 0.0595 -0.9478 0.3133
vn -0.4529 -0.0985 0.8861
vn -0.0119 -0.9387 0.3446
vn -0.6733 -0.0670 0.7363
vn -0.0985 -0.9342 0.3429
vn -0.1542 -0.9291 0.3361
vn -0.3902 -0.8948 0.2168
vn -0.8713 -0.0749 0.4850
vn -0.4449 -0.8937 -0.0590
vn -0.9867 -0.0983 -0.1297
vn -0.3838 -0.9141 -0.1306
vn -0.7235 -0.1369 -0.6766
vn -0.3743 -0.8865 -0.2719
vn -0.4899 -0.1529 -0.8583
vn -0.3410 -0.1450 -0.9288
vn -0.3198 -0.9121 -0.2567
vn -0.2958 -0.9030 -0.3115
vn -0.1297 -0.1611 -0.9784
vn -0.2642 -0.8952 -0.3589
vn -0.0510 -0.1610 -0.9856
vn 0.0275 -0.1612 -0.9865
vn -0.1847 -0.8920 -0.4126
vn -0.0984 -0.8861 -0.4529
vn 0.2159 -0.1688 -0.9617
vn 0.0356 -0.8899 -0.4548
vn 0.3727 -0.1608 -0.9139
vn 0.1938 -0.9216 -0.3362
vn 0.6337 -0.1457 -0.7597
vn 0.2570 -0.9605 -0.1067
vn 0.6793 -0.1470 0.7190
vn 0.1537 -0.9735 0.1695
vn -0.4576 -0.0508 -0.8877
vn -0.3019 -0.0353 -0.9527
vn -0.0665 -0.0274 -0.9974
vn -0.0117 -0.0743 -0.9972
vn 0.0589 -0.0904 -0.9942
vn 0.2387 -0.0978 -0.9662
vn 0.4205 -0.1140 -0.9001
vn 0.6761 -0.1384 -0.7237
vn 0.9255 -0.1614 -0.3427
vn 0.9459 -0.1623 0.2810
vn 0.7417 -0.1468 0.6545
vn 0.5017 -0.1146 0.8574
vn 0.3524 -0.0990 0.9306
vn 0.1622 -0.0593 0.9850
vn 0.0752 -0.0674 0.9949
vn -0.0356 -0.0912 0.9952
vn -0.2726 -0.1383 0.9521
vn -0.4623 -0.1936 0.8653
vn -0.7209 -0.2403 0.6500
vn -0.9322 -0.2636 0.2479
vn -0.9370 -0.2391 -0.2548
vn -0.7781 -0.1916 -0.5982
vn -0.5520 -0.1605 -0.8183
vn -0.3637 -0.1525 -0.9190
vn -0.1136 -0.1449 -0.9829
vn -0.0354 -0.1534 -0.9875
vn 0.0903 -0.1452 -0.9853
vn 0.4459 -0.1144 -0.8878
vn 0.6572 -0.1220 -0.7438
vn 0.9231 -0.1704 0.3446
vn 0.6597 -0.1383 0.7387
vn 0.4327 -0.1231 0.8931
vn 0.0752 -0.1466 0.9863
vn -0.0753 -0.1388 0.9874
vn -0.1622 -0.1384 0.9770
vn -0.3680 -0.1702 0.9141
vn -0.5031 -0.1466 0.8517
vn -0.7377 -0.1065 0.6667
vn -0.9669 -0.0901 -0.2388
vn -0.7603 -0.0897 -0.6433
vn -0.5284 -0.1135 -0.8414
vn -0.3652 -0.1217 -0.9229
vn -0.0981 -0.1451 -0.9845
vn -0.0039 -0.1535 -0.9881
vn 0.0668 -0.1532 -0.9859
vn 0.3253 -0.1764 -0.9290
vn 0.4913 -0.1769 -0.8528
vn 0.7056 -0.1931 -0.6818
vn 0.9116 -0.1855 -0.3670
vn 0.9570 -0.1470 0.2502
vn 0.7181 -0.1151 0.6864
vn 0.4561 -0.0992 0.8844
vn 0.2738 -0.0992 0.9566
vn 0.0514 -0.1146 0.9921
vn -0.0515 -0.0911 0.9945
vn -0.1224 -0.0592 0.9907
vn -0.3112 -0.0433 0.9494
vn -0.4674 -0.0275 0.8836
vn -0.7029 -0.0274 0.7108
vn -0.9453 -0.0745 0.3177
vn -0.9619 -0.0982 -0.2552
vn -0.7016 -0.0666 -0.7094
vn -0.2376 0.8064 -0.5415
vn -0.4703 0.0435 0.8814
vn -0.3633 0.8476 -0.3867
vn 0.2543 0.9585 0.1291
vn 0.0117 0.0821 -0.9966
vn 0.2543 0.9662 0.0430
vn 0.6405 -0.0511 -0.7663
vn 0.1923 0.9536 0.2315
vn 0.1061 0.9630 0.2476
vn 0.9109 0.2170 0.3510
vn 0.1300 0.9808 0.1457
vn 0.0747 0.9717 0.2242
vn 0.1298 0.9559 0.2636
vn 0.2563 0.9502 0.1774
vn 0.9483 0.2322 -0.2164
vn 0.3349 0.9418 0.0276
vn 0.7211 0.2167 -0.6580
vn 0.3567 0.9291 -0.0980
vn 0.4906 0.1845 -0.8516
vn 0.3340 0.9313 -0.1454
vn 0.3262 0.1612 -0.9314
vn 0.3094 0.9204 -0.2389
vn 0.1528 0.1606 -0.9751
vn 0.2790 0.9235 -0.2633
vn 0.0668 0.1532 -0.9859
vn -0.0117 0.1524 -0.9883
vn 0.2081 0.9303 -0.3022
vn 0.1376 0.9237 -0.3576
vn -0.3726 0.1609 -0.9139
vn 0.0899 0.9417 -0.3243
vn -0.6126 0.1834 -0.7688
vn -0.8935 0.2537 -0.3706
vn 0.1135 0.9664 -0.2308
vn 0.0589 0.9539 -0.2944
vn -0.9309 0.2946 0.2160
vn -0.1680 0.9727 -0.1602
vn -0.5088 0.2485 0.8243
vn -0.2565 0.9637 0.0744
vn -0.3258 0.2395 0.9146
vn -0.2319 0.9630 0.1375
vn -0.1603 0.9814 0.1055
vn -0.1370 0.9748 0.1762
vn -0.0831 0.2334 0.9688
vn -0.1298 0.9796 0.1534
vn 0.0354 0.2322 0.9720
vn -0.0824 0.9848 0.1530
vn 0.2811 0.2653 0.9223
vn -0.0506 0.9869 0.1530
vn 0.4538 0.2724 0.8485
vn -0.0348 0.9889 0.1441
vn 0.6832 0.2962 0.6674
vn 0.9026 0.3272 0.2798
vn -0.0196 0.9841 0.1764
vn 0.0590 0.9649 0.2560
vn 0.2240 0.9314 0.2869
vn 0.9238 0.3263 -0.2005
vn 0.3738 0.9089 0.1850
vn 0.7514 0.3030 -0.5862
vn 0.4613 0.8872 0.0119
vn 0.5396 0.2639 -0.7995
vn 0.5139 0.8513 -0.1059
vn 0.3728 0.2315 -0.8986
vn 0.5306 0.8057 -0.2633
vn 0.2081 0.2159 -0.9540
vn 0.5218 0.7885 -0.3256
vn 0.1213 0.1917 -0.9739
vn 0.4353 0.8196 -0.3725
vn 0.0354 0.2006 -0.9790
vn 0.2705 0.8507 -0.4508
vn -0.2470 0.2470 -0.9370
vn -0.8154 0.3239 -0.4799
vn 0.0901 0.9441 -0.3172
vn 0.0355 0.9966 0.0748
vn -0.8516 0.3336 0.4042
vn -0.5529 0.2706 0.7881
vn -0.3363 0.2572 0.9060
vn 0.2477 0.9553 0.1612
vn -0.0277 0.2415 0.9700
vn 0.1467 0.2576 0.9551
vn 0.2397 0.9706 -0.0197
vn 0.3747 0.2406 0.8954
vn 0.2234 0.9681 -0.1137
vn 0.5563 0.2723 0.7851
vn 0.1771 0.9564 -0.2322
vn 0.7565 0.3129 0.5743
vn 0.9044 0.3673 0.2172
vn 0.0744 0.9283 -0.3643
vn 0.8735 0.3597 -0.3281
vn -0.0275 0.8995 -0.4360
vn -0.1132 0.8471 -0.5192
vn 0.3018 0.2155 -0.9287
vn 0.1214 0.1842 -0.9754
vn -0.0587 0.1368 -0.9889
vn -0.4045 0.8759 -0.2631
vn -0.1294 0.1215 -0.9841
vn -0.3955 0.8889 -0.2310
vn -0.2003 0.1375 -0.9700
vn -0.3883 0.9060 -0.1686
vn -0.3861 0.9164 -0.1053
vn -0.3316 0.1444 -0.9323
vn -0.5042 0.1994 -0.8403
vn -0.3968 0.9075 0.1375
vn -0.7661 0.2475 -0.5932
vn -0.3092 0.8335 0.4578
vn -0.9579 0.2698 -0.0978
vn -0.0433 0.7521 0.6576
vn 0.1141 0.7590 0.6410
vn -0.8403 0.2249 0.4932
vn -0.5694 0.2004 0.7972
vn 0.2088 0.8155 0.5397
vn -0.3362 0.1939 0.9216
vn 0.2486 0.8718 0.4221
vn 0.2565 0.9036 0.3432
vn 0.2394 0.9301 0.2786
vn -0.0118 0.1855 0.9826
vn 0.0513 0.1777 0.9828
vn 0.2243 0.9404 0.2557
vn 0.1225 0.1779 0.9764
vn 0.2241 0.9553 0.1926
vn 0.2322 0.9564 0.1771
vn 0.3045 0.1701 0.9372
vn 0.2003 0.9701 0.1374
vn 0.4543 0.1778 0.8729
vn 0.6657 0.1931 0.7208
vn -0.6933 0.0745 -0.7168
vn -0.9508 0.0196 0.3091
vn -0.7110 0.0118 0.7031
vn -0.4767 0.0276 0.8786
vn -0.2968 0.0515 0.9536
vn -0.0909 0.0909 0.9917
vn -0.0039 0.1070 0.9943
vn 0.0830 0.1066 0.9908
vn 0.3192 0.1064 0.9417
vn 0.4627 0.0910 0.8818
vn 0.6980 0.0591 0.7137
vn 0.9546 0.0199 0.2971
vn 0.7264 0.0118 -0.6872
vn 0.4765 0.0433 -0.8781
vn 0.2871 0.0669 -0.9556
vn 0.0275 0.0983 -0.9948
vn -0.0354 0.0983 -0.9945
vn -0.0980 0.0824 -0.9918
vn -0.3557 0.0274 -0.9342
vn -0.5282 -0.0117 -0.8490
vn -0.7482 -0.0431 -0.6620
vn -0.9668 -0.0665 -0.2465
vn -0.9609 -0.0588 0.2706
vn -0.7527 -0.0197 0.6581
vn -0.4863 0.0119 0.8737
vn -0.2730 0.0277 0.9616
vn -0.0512 0.0592 0.9969
vn 0.0355 0.0670 0.9971
vn 0.1147 0.0435 0.9924
vn 0.4298 -0.0039 0.9029
vn 0.6221 -0.0594 0.7806
vn 0.4456 0.0119 -0.8952
vn 0.1213 0.0666 -0.9904
vn -0.0745 0.0903 -0.9931
vn -0.3341 0.0747 -0.9396
vn -0.5276 0.0508 -0.8480
vn -0.7489 0.0039 -0.6627
vn -0.9385 -0.0510 -0.3416
vn -0.9727 -0.0827 0.2167
vn -0.7411 -0.0353 0.6705
vn -0.2957 0.0986 0.9502
vn -0.0592 0.1301 0.9897
vn 0.0197 0.1458 0.9891
vn 0.0910 0.1464 0.9850
vn 0.2495 0.1070 0.9624
vn 0.4383 0.0672 0.8963
vn 0.7068 0.0277 0.7068
vn 0.9470 0.0119 -0.3210
vn 0.7065 0.0434 -0.7064
vn 0.4450 0.0512 -0.8941
vn 0.2779 0.0587 -0.9588
vn 0.0587 0.0508 -0.9970
vn -0.0117 0.0587 -0.9982
vn -0.0904 0.0590 -0.9942
vn -0.2851 0.0586 -0.9567
vn -0.4509 0.0667 -0.8901
vn 0.2243 -0.2558 -0.9404
vn 0.2079 -0.0510 -0.9768
vn 0.3251 -0.0588 -0.9439
vn 0.4360 0.0275 -0.8995
vn 0.3021 -0.0118 -0.9532
vn 0.4438 0.0903 -0.8916
vn 0.3645 -0.1372 -0.9210
vn 0.0118 0.0039 -0.9999
vn 0.3253 -0.1293 -0.9367
vn -0.0039 -0.1370 -0.9906
vn -0.0039 0.0352 -0.9994
vn -0.1996 0.1057 -0.9742
vn -0.0039 0.0743 -0.9972
vn -0.2000 0.0824 -0.9763
vn -0.0039 0.0665 -0.9978
vn -0.0039 0.0898 -0.9960
vn -0.2153 0.1370 -0.9669
vn -0.0039 0.3558 -0.9345
vn 0.1293 -0.0039 -0.9916
vn 0.5923 0.3334 -0.7335
vn -0.1215 -0.0196 -0.9924
vn 0.5793 0.2483 -0.7764
vn 0.4601 -0.0747 -0.8847
vn -0.1523 0.0273 -0.9880
vn -0.0431 0.0040 -0.9991
vn 0.4129 -0.1376 -0.9003
vn -0.3269 -0.5160 -0.7917
vn -0.4999 -0.1850 -0.8461
vn -0.4336 -0.2305 -0.8711
vn -0.3660 -0.2872 -0.8852
vn -0.2944 -0.3023 -0.9066
vn -0.4115 0.1058 -0.9052
vn -0.3491 -0.1687 -0.9218
vn -0.0039 -0.1216 -0.9926
vn 0.3270 -0.1458 -0.9337
vn 0.3254 -0.1764 -0.9290
vn 0.9162 -0.4006 -0.0039
vn 0.9972 0.0749 -0.0039
vn 0.9495 -0.3138 -0.0040
vn -0.0040 -1.0000 -0.0040
vn 0.7919 0.6107 -0.0039
vn -0.0039 0.2305 -0.9731
vn -0.0039 1.0000 -0.0039
vn -0.8840 -0.4676 -0.0039
vn -0.9422 -0.3351 -0.0039
vn -0.8756 -0.4830 -0.0039
vn -0.7188 -0.6952 -0.0039
vn -0.6107 -0.7919 -0.0039
vn 0.2165 -0.9172 -0.3346
vn 0.3515 -0.9362 -0.0039
vn 0.1069 -0.9943 -0.0040
vn 0.2965 -0.8815 -0.3676
vn -0.1069 -0.9943 -0.0040
vn 0.0275 -0.8523 -0.5224
vn -0.9983 0.0587 -0.0039
vn -0.5891 0.1600 -0.7920
vn -0.3639 0.0900 -0.9271
vn -0.4183 0.0977 -0.9030
vn -0.2864 0.0981 -0.9531
vn -0.2227 0.0664 -0.9726
vn -0.2150 0.0821 -0.9732
vn -0.3013 0.0743 -0.9506
vn -0.1291 0.0587 -0.9899
vn -0.1835 0.0820 -0.9796
vn -0.0039 0.1916 -0.9815
vn -0.0039 -0.0665 -0.9978
vn -0.2001 0.0746 -0.9769
vn -0.3420 0.0197 -0.9395
vn -0.2231 0.0039 -0.9748
vn -0.3180 -0.0589 -0.9462
vn -0.2081 0.0196 -0.9779
vn -0.2948 0.0354 -0.9549
vn -0.2542 0.0508 -0.9658
vn -0.1839 0.0352 -0.9823
vn -0.1610 0.0510 -0.9856
vn -0.8582 0.5133 -0.0039
vn -0.8998 0.4362 -0.0039
vn -0.9309 0.3653 -0.0039
vn -0.9987 0.0509 -0.0039
vn -0.9951 0.0983 -0.0039
vn -0.9883 0.1524 -0.0039
vn -0.9765 0.2157 -0.0039
vn -0.9584 0.2856 -0.0039
vn -0.9998 -0.0196 -0.0000
vn -0.9869 0.1612 -0.0039
vn -0.0039 0.1371 -0.9906
vn -0.0039 0.1765 -0.9843
vn -0.1375 0.2003 -0.9700
vn -0.0039 -0.3748 -0.9271
vn -0.0671 -0.4852 -0.8718
vn -0.0828 -0.9966 -0.0039
vn 0.0276 -0.8523 -0.5224
vn -0.0827 -0.9966 -0.0039
vn -0.1070 -0.9943 -0.0040
vn 0.4391 0.0277 0.8980
vn 0.2095 -0.0514 0.9764
vn 0.3275 -0.0592 0.9430
vn 0.2260 -0.2577 0.9394
vn 0.4469 0.0910 0.8899
vn 0.3043 -0.0119 0.9525
vn 0.3277 -0.1303 0.9357
vn 0.0119 0.0040 0.9999
vn 0.3672 -0.1382 0.9198
vn -0.0039 -0.1381 0.9904
vn -0.0040 0.0356 0.9994
vn -0.0040 0.0670 0.9977
vn -0.0039 0.0749 0.9972
vn -0.2016 0.0830 0.9760
vn -0.2011 0.1065 0.9738
vn -0.0039 0.0906 0.9959
vn -0.2170 0.1381 0.9664
vn -0.0039 0.3585 0.9335
vn 0.5957 0.3354 0.7298
vn 0.1304 -0.0039 0.9915
vn 0.5829 0.2498 0.7732
vn -0.1225 -0.0197 0.9923
vn -0.1534 0.0275 0.9878
vn 0.4633 -0.0752 0.8830
vn -0.0434 0.0039 0.9990
vn 0.4158 -0.1386 0.8988
vn -0.5032 -0.1862 0.8439
vn -0.3290 -0.5193 0.7888
vn -0.4366 -0.2321 0.8692
vn -0.2965 -0.3044 0.9052
vn -0.3685 -0.2893 0.8835
vn -0.4144 0.1066 0.9038
vn -0.3517 -0.1699 0.9206
vn -0.0039 -0.1148 0.9934
vn -0.0039 -0.1226 0.9924
vn 0.3294 -0.1469 0.9327
vn 0.3278 -0.1777 0.9279
vn -0.0039 0.2323 0.9726
vn 0.2170 -0.9196 0.3276
vn 0.2973 -0.8840 0.3607
vn 0.0276 -0.8558 0.5166
vn -0.3665 0.0906 0.9260
vn -0.5928 0.1609 0.7891
vn -0.4212 0.0984 0.9016
vn -0.2885 0.0988 0.9524
vn -0.3035 0.0749 0.9499
vn -0.2166 0.0827 0.9727
vn -0.2244 0.0669 0.9722
vn -0.1849 0.0826 0.9793
vn -0.1301 0.0591 0.9897
vn -0.0039 -0.0670 0.9977
vn -0.0039 0.1931 0.9812
vn -0.0039 0.0670 0.9977
vn -0.2017 0.0751 0.9766
vn -0.3204 -0.0594 0.9454
vn -0.2248 0.0039 0.9744
vn -0.3446 0.0198 0.9385
vn -0.2970 0.0356 0.9542
vn -0.2097 0.0198 0.9776
vn -0.1853 0.0355 0.9820
vn -0.2561 0.0512 0.9653
vn -0.1622 0.0514 0.9854
vn -0.0039 0.1381 0.9904
vn -0.1386 0.2018 0.9696
vn -0.0039 0.1779 0.9840
vn -0.0040 -0.3776 0.9260
vn -0.0676 -0.4886 0.8699
vn -0.4423 0.0274 -0.8964
vn -0.2154 -0.0509 -0.9752
vn -0.3321 -0.0586 -0.9414
vn -0.2317 -0.2553 -0.9387
vn -0.4501 0.0900 -0.8885
vn -0.3092 -0.0117 -0.9509
vn -0.3323 -0.1290 -0.9343
vn -0.0197 0.0039 -0.9998
vn -0.3713 -0.1368 -0.9184
vn 0.1925 0.0825 -0.9778
vn 0.1921 0.1058 -0.9757
vn 0.2079 0.1373 -0.9685
vn -0.5974 0.3319 -0.7301
vn -0.1371 -0.0039 -0.9906
vn -0.5845 0.2471 -0.7728
vn 0.1138 -0.0196 -0.9933
vn 0.1446 0.0274 -0.9891
vn -0.4662 -0.0745 -0.8815
vn 0.0352 0.0039 -0.9994
vn -0.4193 -0.1372 -0.8974
vn 0.4939 -0.1857 -0.8494
vn 0.3199 -0.5173 -0.7937
vn 0.4273 -0.2313 -0.8740
vn 0.2872 -0.3029 -0.9087
vn 0.3591 -0.2881 -0.8877
vn 0.4050 0.1061 -0.9081
vn 0.3422 -0.1692 -0.9243
vn -0.0039 -0.1139 -0.9935
vn -0.3340 -0.1454 -0.9313
vn -0.3324 -0.1760 -0.9266
vn -0.9175 -0.3977 -0.0039
vn -0.9972 0.0743 -0.0039
vn -0.9502 -0.3115 -0.0039
vn -0.7948 0.6069 -0.0039
vn 0.9413 -0.3376 -0.0040
vn 0.8822 -0.4708 -0.0040
vn 0.8738 -0.4863 -0.0040
vn 0.6057 -0.7957 -0.0039
vn 0.7150 -0.6991 -0.0039
vn -0.2239 -0.9156 -0.3340
vn -0.1147 -0.9934 -0.0040
vn -0.3585 -0.9335 -0.0039
vn -0.3036 -0.8794 -0.3667
vn 0.0991 -0.9951 -0.0040
vn -0.0353 -0.8521 -0.5222
vn 0.9982 0.0592 -0.0039
vn 0.3570 0.0902 -0.9297
vn 0.5840 0.1607 -0.7957
vn 0.4118 0.0980 -0.9060
vn 0.2792 0.0983 -0.9552
vn 0.2941 0.0745 -0.9529
vn 0.2075 0.0822 -0.9748
vn 0.2152 0.0665 -0.9743
vn 0.1759 0.0821 -0.9810
vn 0.1214 0.0588 -0.9909
vn 0.1926 0.0747 -0.9784
vn 0.3109 -0.0591 -0.9486
vn 0.2157 0.0039 -0.9765
vn 0.3350 0.0197 -0.9420
vn 0.2876 0.0354 -0.9571
vn 0.2006 0.0197 -0.9795
vn 0.1763 0.0352 -0.9837
vn 0.2469 0.0509 -0.9677
vn 0.1533 0.0511 -0.9869
vn 0.8561 0.5168 -0.0039
vn 0.8983 0.4393 -0.0039
vn 0.9298 0.3680 -0.0040
vn 0.9951 0.0991 -0.0040
vn 0.9987 0.0513 -0.0039
vn 0.9881 0.1535 -0.0039
vn 0.9577 0.2877 -0.0039
vn 0.9761 0.2173 -0.0039
vn 0.9998 -0.0198 -0.0039
vn 0.9867 0.1624 -0.0040
vn 0.1298 0.2005 -0.9711
vn 0.0592 -0.4854 -0.8723
vn 0.0749 -0.9972 -0.0039
vn -0.0354 -0.8521 -0.5223
vn -0.2334 -0.2572 0.9377
vn -0.2171 -0.0513 0.9748
vn -0.3345 -0.0590 0.9405
vn -0.4455 0.0276 0.8949
vn -0.3115 -0.0118 0.9502
vn -0.4532 0.0906 0.8868
vn -0.3740 -0.1378 0.9171
vn -0.0198 0.0039 0.9998
vn -0.3347 -0.1300 0.9333
vn -0.0198 0.0040 0.9998
vn 0.1935 0.1067 0.9753
vn 0.1939 0.0831 0.9775
vn 0.2094 0.1383 0.9680
vn -0.1381 -0.0039 0.9904
vn -0.6008 0.3338 0.7264
vn 0.1147 -0.0198 0.9932
vn -0.5881 0.2486 0.7696
vn -0.4695 -0.0750 0.8798
vn 0.1457 0.0276 0.9889
vn 0.0355 0.0039 0.9994
vn -0.4223 -0.1381 0.8959
vn 0.3219 -0.5206 0.7908
vn 0.4972 -0.1870 0.8472
vn 0.4302 -0.2329 0.8722
vn 0.3616 -0.2901 0.8860
vn 0.2893 -0.3051 0.9073
vn 0.4079 0.1069 0.9068
vn 0.3447 -0.1704 0.9231
vn -0.3365 -0.1465 0.9302
vn -0.3348 -0.1772 0.9255
vn -0.2246 -0.9180 0.3270
vn -0.3045 -0.8819 0.3599
vn -0.0355 -0.8555 0.5165
vn 0.5877 0.1617 0.7928
vn 0.3597 0.0909 0.9286
vn 0.4147 0.0987 0.9046
vn 0.2812 0.0990 0.9545
vn 0.2963 0.0751 0.9521
vn 0.2169 0.0670 0.9739
vn 0.2091 0.0829 0.9744
vn 0.1224 0.0592 0.9907
vn 0.1773 0.0827 0.9807
vn 0.1941 0.0752 0.9781
vn 0.3376 0.0198 0.9411
vn 0.2173 0.0039 0.9761
vn 0.3133 -0.0595 0.9478
vn 0.2021 0.0198 0.9792
vn 0.2898 0.0357 0.9564
vn 0.2487 0.0513 0.9672
vn 0.1777 0.0355 0.9834
vn 0.1545 0.0515 0.9866
vn 0.1308 0.2021 0.9706
vn 0.0596 -0.4888 0.8704
vn -0.0355 -0.8556 0.5165
vn 0.7215 0.3667 0.5874
vn 0.8316 0.2562 0.4927
vn 0.4533 0.0907 0.8868
vn 0.9555 0.2949 -0.0039
vn 0.8410 0.5409 -0.0040
vn 0.7321 0.1939 0.6530
vn 0.7187 0.0278 0.6948
vn 0.9777 0.2098 -0.0040
vn 0.4484 0.0437 0.8928
vn 0.4314 0.0831 0.8983
vn 0.4159 0.0673 0.9069
vn -0.0118 0.0592 0.9982
vn 0.1866 0.0596 0.9806
vn -0.0039 0.0592 0.9982
vn 0.4700 0.0592 0.8807
vn 0.2265 0.0357 0.9734
vn -0.0119 0.0356 0.9993
vn -0.0039 0.0434 0.9990
vn 0.4646 -0.0119 0.8855
vn 0.7711 -0.0118 0.6366
vn 0.7337 -0.0436 0.6781
vn 0.0355 -0.9834 0.1777
vn -0.0039 -0.9812 0.1931
vn 0.0434 -0.9990 -0.0040
vn 0.4484 -0.0437 0.8928
vn 0.4162 0.0515 0.9078
vn -0.3256 0.9455 -0.0039
vn -0.1991 0.9800 -0.0039
vn -0.1840 0.8964 0.4032
vn -0.1536 0.9177 0.3663
vn 0.5182 -0.1464 0.8426
vn 0.5350 -0.0357 0.8441
vn 0.2180 -0.0991 0.9709
vn 0.4233 -0.0040 0.9060
vn 0.4956 0.0199 0.8683
vn -0.6375 0.7704 -0.0039
vn -0.5299 0.7654 0.3651
vn -0.3020 0.9533 -0.0039
vn -0.2933 0.7392 0.6063
vn -0.1064 0.6500 0.7524
vn 0.1144 0.7219 0.6825
vn 0.4542 0.1778 0.8730
vn 0.4958 0.1151 0.8608
vn 0.8270 0.2177 0.5184
vn -0.0511 0.7591 0.6490
vn 0.3437 0.1857 0.9205
vn 0.9951 0.0991 -0.0039
vn 0.9422 0.3351 -0.0039
vn 0.8761 0.0991 0.4718
vn -0.0198 0.2173 0.9759
vn -0.1688 0.9856 -0.0039
vn 0.3091 0.9510 -0.0039
vn 0.2865 0.9065 0.3100
vn -0.1450 0.9288 0.3410
vn 0.2163 0.7748 0.5940
vn -0.0904 0.7819 0.6169
vn 0.0198 0.2341 0.9720
vn 0.6328 0.7743 -0.0039
vn -0.0039 0.9502 0.3115
vn 0.5931 0.7581 0.2710
vn 0.0673 0.2018 0.9771
vn 0.4452 0.6895 0.5713
vn -0.0040 0.2972 0.9548
vn -0.0039 0.7948 0.6069
vn -0.4595 0.0903 0.8836
vn -0.8340 0.2545 0.4895
vn -0.7252 0.3646 0.5841
vn -0.8433 0.5374 -0.0039
vn -0.9562 0.2927 -0.0039
vn -0.7358 0.1928 0.6492
vn -0.9781 0.2082 -0.0039
vn -0.7225 0.0276 0.6909
vn -0.4224 0.0671 0.9039
vn -0.4378 0.0828 0.8953
vn -0.4547 0.0435 0.8896
vn 0.0040 0.0592 0.9982
vn -0.1943 0.0595 0.9791
vn -0.4761 0.0590 0.8774
vn 0.0040 0.0355 0.9994
vn -0.2340 0.0357 0.9716
vn -0.4228 0.0514 0.9048
vn 0.1459 0.9188 0.3667
vn 0.1916 0.9815 -0.0039
vn 0.1765 0.8980 0.4031
vn 0.3186 0.9479 -0.0039
vn -0.5239 -0.1458 0.8392
vn -0.2255 -0.0989 0.9692
vn -0.5406 -0.0355 0.8405
vn 0.5242 0.7686 0.3666
vn 0.2861 0.7409 0.6076
vn 0.2949 0.9555 -0.0039
vn -0.5018 0.1146 0.8574
vn -0.1222 0.7212 0.6818
vn -0.4605 0.1772 0.8698
vn 0.0986 0.6505 0.7530
vn -0.8295 0.2162 0.5150
vn -0.3506 0.1852 0.9180
vn 0.0432 0.7594 0.6492
vn -0.9430 0.3327 -0.0000
vn -0.8780 0.0984 0.4685
vn 0.0119 0.2174 0.9760
vn -0.2937 0.9045 0.3093
vn -0.3162 0.9487 -0.0039
vn 0.1612 0.9869 -0.0039
vn 0.1373 0.9299 0.3413
vn -0.2238 0.7735 0.5929
vn 0.0826 0.7824 0.6173
vn -0.0278 0.2341 0.9718
vn -0.6375 0.7705 -0.0039
vn -0.5982 0.7546 0.2698
vn -0.4515 0.6871 0.5693
vn -0.0751 0.2017 0.9766
vn 0.4501 0.0900 -0.8884
vn 0.8284 0.2552 -0.4986
vn 0.7181 0.3649 -0.5925
vn 0.7284 0.1929 -0.6575
vn 0.7147 0.0276 -0.6989
vn 0.4129 0.0668 -0.9083
vn 0.4283 0.0825 -0.8999
vn 0.4452 0.0433 -0.8944
vn 0.1852 0.0591 -0.9809
vn -0.0039 0.0587 -0.9983
vn 0.4667 0.0588 -0.8824
vn -0.0118 0.0353 -0.9993
vn 0.2247 0.0355 -0.9738
vn -0.0039 0.0431 -0.9991
vn 0.0355 -0.9820 -0.1854
vn -0.0039 -0.9797 -0.2006
vn 0.4133 0.0512 -0.9092
vn -0.1834 0.8936 -0.4097
vn -0.1532 0.9151 -0.3731
vn 0.5148 -0.1454 -0.8449
vn 0.2163 -0.0984 -0.9714
vn 0.5315 -0.0354 -0.8463
vn -0.5284 0.7632 -0.3718
vn -0.2919 0.7357 -0.6111
vn 0.4924 0.1143 -0.8628
vn 0.1138 0.7180 -0.6866
vn 0.4511 0.1766 -0.8748
vn -0.1057 0.6462 -0.7558
vn 0.8236 0.2168 -0.5241
vn 0.3412 0.1844 -0.9217
vn -0.0508 0.7552 -0.6535
vn 0.8728 0.0987 -0.4779
vn -0.0196 0.2157 -0.9763
vn -0.1446 0.9263 -0.3478
vn 0.2858 0.9043 -0.3171
vn -0.0899 0.7781 -0.6217
vn 0.2153 0.7712 -0.5990
vn 0.0197 0.2323 -0.9724
vn -0.0039 0.9479 -0.3186
vn 0.5918 0.7565 -0.2783
vn 0.4432 0.6864 -0.5766
vn 0.0667 0.2002 -0.9775
vn -0.0039 0.2949 -0.9555
vn -0.0039 0.7910 -0.6118
vn -0.7219 0.3629 -0.5892
vn -0.8308 0.2535 -0.4954
vn -0.4563 0.0897 -0.8853
vn -0.7320 0.1919 -0.6537
vn -0.7185 0.0275 -0.6949
vn 0.0039 0.0587 -0.9983
vn -0.1928 0.0590 -0.9795
vn -0.4728 0.0586 -0.8792
vn -0.4194 0.0666 -0.9054
vn -0.4347 0.0822 -0.8968
vn -0.2322 0.0354 -0.9720
vn 0.0039 0.0353 -0.9994
vn -0.4198 0.0510 -0.9062
vn 0.1455 0.9161 -0.3735
vn 0.1758 0.8948 -0.4103
vn -0.5205 -0.1448 -0.8415
vn -0.5371 -0.0353 -0.8428
vn -0.2238 -0.0982 -0.9697
vn 0.5227 0.7664 -0.3734
vn 0.2852 0.7367 -0.6131
vn 0.0980 0.6467 -0.7564
vn -0.1215 0.7174 -0.6860
vn -0.4573 0.1759 -0.8717
vn -0.4984 0.1139 -0.8594
vn -0.8261 0.2154 -0.5208
vn 0.0430 0.7555 -0.6537
vn -0.3481 0.1839 -0.9192
vn -0.8747 0.0981 -0.4746
vn 0.0118 0.2157 -0.9764
vn -0.2929 0.9023 -0.3164
vn 0.1370 0.9273 -0.3482
vn -0.2228 0.7699 -0.5980
vn 0.0822 0.7786 -0.6221
vn -0.0276 0.2322 -0.9723
vn -0.5969 0.7530 -0.2770
vn -0.0746 0.2001 -0.9769
vn -0.4495 0.6840 -0.5746
vn 0.3365 -0.8987 0.2811
vn 0.7491 -0.1467 0.6460
vn 0.0908 -0.9432 0.3197
vn 0.0198 -0.9469 0.3210
vn 0.0040 -0.1148 0.9934
vn -0.0040 -0.9413 0.3376
vn -0.0040 -0.1070 0.9943
vn -0.0277 -0.9467 0.3209
vn 0.3115 -0.9423 -0.1222
vn 0.9044 -0.2173 -0.3673
vn 0.2972 -0.9548 -0.0040
vn 0.3118 -0.9432 0.1145
vn 0.9070 -0.2179 0.3604
vn -0.7525 -0.1458 0.6422
vn -0.3435 -0.8963 0.2804
vn -0.0986 -0.9425 0.3194
vn -0.0119 -0.1148 0.9933
vn -0.3186 -0.9400 -0.1219
vn -0.3044 -0.9525 -0.0039
vn -0.9058 -0.2157 -0.3647
vn -0.3189 -0.9409 0.1142
vn -0.9084 -0.2163 0.3578
vn 0.3358 -0.8967 -0.2884
vn 0.0908 -0.9432 -0.3197
vn 0.7453 -0.1459 -0.6506
vn 0.0198 -0.9445 -0.3281
vn 0.0039 -0.1139 -0.9935
vn -0.0040 -0.9387 -0.3446
vn -0.0039 -0.1061 -0.9943
vn -0.0276 -0.9443 -0.3280
vn -0.3428 -0.8943 -0.2876
vn -0.7487 -0.1451 -0.6468
vn -0.0984 -0.9401 -0.3265
vn -0.0118 -0.1139 -0.9934
vn 0.0912 -0.9872 0.1308
vn 0.1304 -0.9915 -0.0039
vn -0.1381 -0.9904 -0.0039
vn -0.0991 -0.9865 0.1307
vn 0.0911 -0.9861 -0.1386
vn -0.0990 -0.9854 -0.1385
vn -0.1912 0.0663 -0.9793
vn 0.9214 -0.3757 0.0988
vn -0.1600 0.1210 -0.9797
vn 0.8286 -0.5511 0.0991
vn -0.1913 0.0508 -0.9802
vn 0.9761 -0.1936 0.0988
vn -0.1521 0.1365 -0.9789
vn 0.7041 -0.7042 0.0915
vn -0.2540 0.1368 -0.9575
vn -0.8549 0.4567 -0.2460
vn -0.2855 0.0274 -0.9580
vn -0.9662 0.0978 -0.2386
vn -0.1837 0.2228 -0.9574
vn -0.6129 0.7534 -0.2382
vn 0.5515 -0.8292 0.0912
vn -0.1053 0.1755 -0.9788
vn 0.2470 -0.1294 -0.9603
vn 0.8640 -0.4616 -0.2012
vn 0.2710 -0.0275 -0.9622
vn 0.9721 -0.0905 -0.2165
vn 0.6198 -0.7541 -0.2172
vn 0.1767 -0.2081 -0.9620
vn 0.9737 -0.0907 0.2090
vn 0.8653 -0.4623 0.1936
vn 0.2731 -0.0277 0.9616
vn 0.2489 -0.1304 0.9597
vn 0.6209 -0.7553 0.2096
vn 0.1781 -0.2097 0.9614
vn -0.1991 -0.0118 -0.9799
vn 0.9951 0.0040 0.0991
vn -0.1991 -0.0195 -0.9798
vn 0.9746 0.2012 0.0986
vn -0.9318 -0.2791 -0.2320
vn -0.2704 -0.0744 -0.9599
vn 0.0746 -0.2631 -0.9619
vn 0.2812 -0.9307 -0.2337
vn 0.0752 -0.2651 0.9613
vn 0.2817 -0.9325 0.2262
vn 0.1936 -0.9761 0.0988
vn -0.0040 -0.9951 0.0991
vn -0.0273 0.1990 -0.9796
vn -0.0196 0.1991 -0.9798
vn -0.2864 0.9297 -0.2315
vn -0.0822 0.2702 -0.9593
vn 0.0902 0.9687 -0.2314
vn 0.0196 0.2855 -0.9582
vn 0.0430 0.1914 -0.9806
vn -0.2012 -0.9746 0.0986
vn 0.2629 0.0824 -0.9613
vn 0.9307 0.2812 -0.2337
vn 0.7451 0.6189 -0.2484
vn 0.2153 0.1840 -0.9590
vn 0.2649 0.0830 0.9607
vn 0.2170 0.1854 0.9584
vn 0.9303 0.2890 0.2257
vn 0.7514 0.6176 0.2322
vn -0.0274 -0.2783 -0.9601
vn -0.0987 -0.9675 -0.2330
vn -0.0989 -0.9692 0.2255
vn -0.0276 -0.2804 0.9595
vn 0.0586 0.1913 -0.9798
vn -0.3825 -0.9187 0.0985
vn 0.4514 0.8596 -0.2395
vn 0.1291 0.2543 -0.9585
vn 0.1142 0.1614 -0.9803
vn -0.5565 -0.8250 0.0986
vn -0.7076 -0.6997 0.0988
vn 0.1221 0.1536 -0.9806
vn -0.8310 -0.5475 0.0984
vn 0.1680 0.0977 -0.9809
vn 0.1301 0.2562 0.9578
vn 0.4522 0.8612 0.2321
vn -0.1374 -0.2394 -0.9612
vn -0.4615 -0.8560 -0.2328
vn -0.4624 -0.8576 0.2253
vn -0.1384 -0.2412 0.9606
vn 0.1757 0.0899 -0.9803
vn -0.9226 -0.3730 0.0981
vn -0.9765 -0.1922 0.0980
vn 0.1915 0.0274 -0.9811
vn -0.9952 0.0039 0.0983
vn 0.1916 0.0196 -0.9813
vn -0.9750 0.1997 0.0978
vn 0.1839 -0.0430 -0.9820
vn 0.0197 0.2877 0.9575
vn 0.0904 0.9704 0.2240
vn -0.2231 -0.1761 -0.9587
vn -0.7548 -0.6140 -0.2308
vn -0.7598 -0.6102 0.2244
vn -0.9199 0.3797 0.0978
vn 0.1762 -0.0587 -0.9826
vn -0.8275 0.5529 0.0980
vn 0.1526 -0.1134 -0.9818
vn 0.1448 -0.1212 -0.9820
vn -0.7037 0.7037 0.0982
vn -0.5529 0.8274 0.0980
vn 0.0978 -0.1604 -0.9822
vn -0.0829 0.2722 0.9587
vn -0.2869 0.9314 0.2240
vn -0.9335 -0.2796 0.2246
vn -0.2724 -0.0750 0.9593
vn 0.0195 -0.1916 -0.9813
vn -0.1997 0.9750 0.0978
vn -0.0039 0.9952 0.0983
vn 0.0117 -0.1916 -0.9814
vn -0.0508 -0.1838 -0.9816
vn 0.1921 0.9765 0.0980
vn -0.6151 0.7561 0.2234
vn -0.1851 0.2244 0.9568
vn -0.9697 0.0981 0.2238
vn -0.2876 0.0276 0.9573
vn -0.0664 -0.1837 -0.9807
vn 0.3730 0.9226 0.0981
vn -0.1211 -0.1524 -0.9809
vn 0.5475 0.8310 0.0984
vn -0.1290 -0.1447 -0.9810
vn 0.6997 0.7076 0.0988
vn 0.8249 0.5566 0.0987
vn -0.1756 -0.0976 -0.9796
vn -0.2486 0.1381 0.9587
vn -0.8581 0.4584 0.2312
vn -0.1759 -0.0821 -0.9810
vn 0.9187 0.3825 0.0985
vn 0.9207 -0.3754 -0.1066
vn -0.1927 0.0668 0.9790
vn -0.1613 0.1219 0.9794
vn 0.8279 -0.5506 -0.1069
vn 0.9753 -0.1935 -0.1066
vn -0.1928 0.0512 0.9799
vn 0.9943 0.0039 -0.1069
vn -0.2007 -0.0039 0.9797
vn -0.1532 0.1376 0.9786
vn 0.7036 -0.7036 -0.0994
vn 0.5510 -0.8286 -0.0991
vn -0.0983 0.1770 0.9793
vn 0.9738 0.2011 -0.1064
vn -0.2006 -0.0196 0.9795
vn -0.0275 0.2006 0.9793
vn 0.1935 -0.9753 -0.1066
vn -0.0905 0.1771 0.9800
vn 0.3754 -0.9207 -0.1066
vn -0.0039 -0.9943 -0.1069
vn -0.0196 0.2006 0.9795
vn 0.0433 0.1929 0.9803
vn -0.2010 -0.9738 -0.1064
vn 0.9180 0.3821 -0.1063
vn -0.1772 -0.0828 0.9807
vn 0.8243 0.5561 -0.1065
vn -0.1770 -0.0983 0.9793
vn 0.0590 0.1927 0.9795
vn -0.3822 -0.9180 -0.1064
vn 0.1142 0.1614 0.9803
vn -0.5561 -0.8243 -0.1064
vn 0.1298 0.1534 0.9796
vn -0.7070 -0.6991 -0.1066
vn -0.8304 -0.5470 -0.1062
vn 0.1693 0.0984 0.9806
vn -0.1377 -0.1455 0.9797
vn 0.6991 0.7070 -0.1066
vn 0.5470 0.8304 -0.1062
vn -0.1221 -0.1536 0.9806
vn 0.1695 0.0906 0.9814
vn -0.9219 -0.3727 -0.1059
vn 0.1930 0.0276 0.9808
vn -0.9757 -0.1920 -0.1057
vn 0.1930 0.0197 0.9810
vn -0.9944 0.0039 -0.1061
vn 0.1852 -0.0512 0.9814
vn -0.9742 0.1995 -0.1056
vn 0.3727 0.9219 -0.1059
vn -0.0670 -0.1850 0.9805
vn 0.1920 0.9757 -0.1057
vn -0.0512 -0.1852 0.9814
vn 0.1775 -0.0592 0.9823
vn -0.9192 0.3794 -0.1055
vn -0.8268 0.5525 -0.1057
vn 0.1537 -0.1143 0.9815
vn -0.7031 0.7031 -0.1060
vn 0.1458 -0.1222 0.9817
vn -0.5525 0.8268 -0.1058
vn 0.0985 -0.1693 0.9806
vn 0.0118 -0.1931 0.9811
vn -0.0040 0.9944 -0.1061
vn 0.0197 -0.1930 0.9810
vn -0.1995 0.9742 -0.1056
vn 0.0829 -0.1696 0.9820
vn -0.3794 0.9192 -0.1056
vn 0.8822 -0.4708 -0.0039
vn 0.6367 -0.7711 -0.0040
vn 0.9958 -0.0912 -0.0040
vn -0.0897 0.1833 -0.9790
vn 0.2877 -0.9577 -0.0039
vn -0.0991 -0.9951 -0.0039
vn 0.7711 0.6366 -0.0119
vn -0.4769 -0.8789 -0.0039
vn 0.4675 0.8840 -0.0039
vn -0.7743 -0.6328 -0.0039
vn 0.0905 0.9959 -0.0039
vn 0.0822 -0.1683 -0.9823
vn -0.9584 -0.2856 -0.0039
vn -0.2927 0.9562 -0.0039
vn -0.6328 0.7743 -0.0039
vn -0.8807 0.4736 -0.0117
vn 0.9812 -0.1931 -0.0039
vn 0.9232 -0.3843 -0.0039
vn 1.0000 0.0039 -0.0039
vn -0.8302 0.5574 -0.0039
vn -0.7071 0.7071 -0.0039
vn -0.9216 0.3882 -0.0039
vn 0.9797 0.2007 -0.0039
vn 0.9204 0.3910 -0.0039
vn 0.7071 -0.7071 -0.0039
vn 0.8314 -0.5556 -0.0039
vn 0.7032 0.7110 -0.0039
vn 0.8278 0.5610 -0.0039
vn -0.3797 0.9199 0.0978
vn -0.5574 0.8302 -0.0039
vn -0.3882 0.9216 -0.0039
vn 0.5520 0.8338 -0.0039
vn 0.3815 0.9243 -0.0039
vn 0.3757 -0.9215 0.0989
vn 0.5556 -0.8314 -0.0040
vn 0.3843 -0.9232 -0.0040
vn 0.1931 -0.9812 -0.0040
vn -0.0039 -1.0000 -0.0039
vn -0.2248 -0.1775 0.9581
vn -0.2007 -0.9797 -0.0039
vn -0.3910 -0.9204 -0.0039
vn -1.0000 0.0039 -0.0039
vn -0.9800 0.1991 -0.0039
vn -0.9243 -0.3815 -0.0039
vn -0.9815 -0.1916 -0.0039
vn -0.5610 -0.8278 -0.0039
vn -0.7110 -0.7032 -0.0039
vn -0.8338 -0.5520 -0.0039
vn -0.0591 0.0434 0.9973
vn -0.0357 -0.0912 0.9952
vn -0.4515 0.0432 -0.8912
vn -0.4515 -0.0432 -0.8912
vn -0.7252 -0.0588 -0.6860
vn -0.7334 -0.0431 -0.6784
vn -0.7651 -0.0745 -0.6396
vn -0.5372 -0.0274 -0.8430
vn 0.6788 0.0119 0.7343
vn 0.4329 -0.0040 0.9015
vn -0.6987 0.0355 0.7145
vn -0.4361 0.0196 0.8997
vn 0.7148 -0.0198 0.6990
vn 0.4613 0.0039 0.8872
vn -0.4424 0.0196 -0.8966
vn -0.6933 0.0744 -0.7168
vn -0.4425 -0.0039 -0.8967
vn -0.6752 0.0117 -0.7376
vn 0.5008 0.0591 0.8636
vn 0.7323 0.0752 0.6768
vn -0.7373 0.2879 0.6112
vn -0.7037 0.0983 0.7037
vn -0.4759 0.0670 0.8770
vn 0.6790 0.0196 -0.7339
vn 0.4362 -0.0039 -0.8998
vn 0.7047 0.0827 -0.7047
vn 0.4444 0.0747 -0.8927
vn 0.7074 0.1462 -0.6915
vn 0.5927 0.2944 -0.7497
vn 0.4504 0.0822 -0.8890
vn 0.7502 0.0913 0.6549
vn 0.5197 0.0516 0.8528
vn -0.4674 0.0275 0.8836
vn -0.7032 0.0039 0.7110
vn -0.7589 -0.0583 -0.6486
vn -0.5314 -0.0354 -0.8464
vn -0.4794 -0.0594 0.8756
vn -0.7476 -0.1226 0.6527
vn 0.4824 -0.0510 -0.8745
vn 0.7207 -0.0748 -0.6892
vn -0.4765 -0.0433 0.8781
vn -0.7441 -0.0591 0.6654
vn -0.6991 0.0195 -0.7147
vn -0.4518 0.0275 -0.8917
vn 0.4456 -0.0118 -0.8951
vn 0.7106 -0.0353 -0.7027
vn 0.7182 -0.0437 0.6944
vn 0.4614 -0.0039 0.8872
vn 0.4515 -0.0432 -0.8912
vn 0.6568 -0.0669 -0.7511
vn -0.4158 0.0673 0.9069
vn -0.6259 0.0827 0.7755
vn 0.0040 0.0277 0.9996
vn 0.0672 0.2411 0.9682
vn -0.0990 0.0357 0.9944
vn -0.0039 -0.0118 -0.9999
vn 0.1139 -0.0196 -0.9933
vn -0.6135 0.0821 -0.7854
vn -0.3964 0.0824 -0.9144
vn -0.4803 0.2538 -0.8396
vn 0.0117 0.0509 -0.9986
vn -0.1060 0.0432 -0.9934
vn 0.6473 -0.0754 0.7585
vn 0.4385 -0.0593 0.8968
vn 0.1148 -0.0277 0.9930
vn -0.0118 -0.0198 0.9997
vn -0.2949 -0.0039 -0.9555
vn -0.2307 0.1682 -0.9584
vn 0.0039 -0.0196 -0.9998
vn -0.0821 -0.0195 -0.9964
vn 0.3043 0.0197 0.9524
vn -0.0197 0.0356 0.9992
vn 0.0748 0.0276 0.9968
vn -0.2855 -0.0196 -0.9582
vn -0.0586 -0.0430 -0.9974
vn -0.1370 -0.0352 -0.9900
vn 0.2970 0.0356 0.9542
vn 0.1223 0.0671 0.9902
vn 0.0434 0.0591 0.9973
vn -0.0990 0.0436 0.9941
vn 0.2710 -0.0196 -0.9624
vn 0.0827 -0.0118 -0.9965
vn -0.2969 0.0435 0.9539
vn 0.2707 0.0510 -0.9613
vn 0.1059 0.0589 -0.9926
vn -0.0912 -0.0198 0.9956
vn -0.3041 -0.0434 0.9517
vn -0.2949 -0.0039 0.9555
vn 0.0430 -0.0587 -0.9974
vn 0.2637 0.0275 -0.9642
vn -0.3041 0.0434 0.9517
vn -0.0197 0.2248 0.9742
vn -0.0513 0.0276 0.9983
vn 0.0119 0.0197 0.9997
vn -0.0196 0.0039 -0.9998
vn 0.0431 -0.0039 -0.9991
vn 0.3019 -0.0274 -0.9529
vn -0.2732 -0.1228 0.9541
vn -0.2563 0.0276 0.9662
vn -0.1783 0.2021 0.9630
vn -0.0040 0.0040 1.0000
vn -0.0671 0.0118 0.9977
vn -0.0039 0.0196 -0.9998
vn 0.0665 0.0039 -0.9978
vn 0.2637 -0.0118 -0.9645
vn 0.2804 -0.0197 0.9597
vn 0.0670 -0.0118 0.9977
vn -0.0743 0.0352 -0.9966
vn -0.2947 0.0354 -0.9549
vn 0.2485 -0.1854 0.9507
vn 0.3276 0.0513 0.9434
vn 0.0827 0.0276 0.9962
vn -0.3651 -0.0275 -0.9305
vn -0.0983 -0.0039 -0.9951
vn -0.9065 0.1217 0.4042
vn -0.9065 0.1217 -0.4042
vn 0.9103 -0.1143 -0.3979
vn -0.9376 0.0667 0.3413
vn -0.9457 0.0981 -0.3100
vn 0.9454 -0.0593 -0.3204
vn 0.9473 -0.0674 0.3131
vn 0.9502 0.0040 0.3115
vn -0.9159 0.0983 0.3891
vn -0.9613 0.0510 -0.2707
vn 0.9336 -0.0748 -0.3505
vn 0.9603 -0.0593 0.2727
vn 0.9471 0.0040 -0.3210
vn 0.9595 0.0276 0.2804
vn 0.9497 0.0355 -0.3113
vn -0.9453 -0.0196 0.3256
vn -0.9625 -0.0039 -0.2711
vn -0.9494 0.0586 -0.3086
vn 0.9680 -0.1383 0.2094
vn 0.9657 0.0985 0.2404
vn 0.9502 0.0986 -0.2957
vn -0.9599 -0.0744 0.2703
vn -0.9593 -0.0822 0.2702
vn -0.9681 -0.0745 -0.2391
vn 0.9754 -0.1304 0.1777
vn 0.9564 0.1771 -0.2322
vn 0.9385 0.1465 0.3128
vn -0.9642 -0.1535 0.2164
vn -0.9423 -0.1290 -0.3089
vn 0.0833 0.0357 0.9959
vn 0.3279 0.0277 0.9443
vn -0.0899 -0.0039 -0.9959
vn -0.3490 -0.0118 -0.9371
vn 0.2737 -0.1626 0.9480
vn 0.9069 -0.1545 -0.3920
vn 0.9982 -0.0592 -0.0039
vn 0.9994 -0.0355 -0.0039
vn 0.7254 -0.0595 0.6857
vn 0.7871 -0.0672 0.6131
vn -0.0040 0.0119 0.9999
vn 0.2727 -0.0593 0.9603
vn -0.0039 0.0118 0.9999
vn 0.9999 0.0118 -0.0039
vn 0.9972 -0.0749 -0.0000
vn 0.2018 0.0672 0.9771
vn -0.0040 0.0118 0.9999
vn 0.9924 -0.1226 -0.0039
vn 0.9966 -0.0827 -0.0039
vn 0.8292 -0.0913 0.5514
vn 0.8595 -0.1545 0.4872
vn 0.4862 -0.0198 0.8736
vn 0.5909 -0.0516 0.8051
vn 0.5257 -0.0356 0.8499
vn 0.4549 0.0277 0.8901
vn 0.6539 -0.1071 0.7490
vn 0.0040 -0.0277 0.9996
vn 0.2021 -0.0277 0.9790
vn -0.0040 -0.0119 0.9999
vn -0.0039 -0.0119 0.9999
vn -0.0039 -0.0277 0.9996
vn 0.0078 -0.0992 0.9950
vn 0.4296 -0.0276 0.9026
vn 0.9826 -0.1855 -0.0000
vn 0.9812 -0.1931 -0.0040
vn 0.9026 -0.1551 0.4016
vn -0.0039 -0.6748 0.7380
vn 0.9998 0.0198 -0.0040
vn 0.9248 0.0516 0.3770
vn 0.2575 0.1941 0.9466
vn 0.7276 -0.0914 0.6799
vn 0.7469 0.1304 0.6521
vn -0.0040 0.2174 0.9761
vn -0.0039 -0.0118 0.9999
vn -0.0039 -0.0040 1.0000
vn -0.0040 0.2249 0.9744
vn -0.0039 -0.6830 0.7304
vn 0.1931 0.0198 0.9810
vn 0.2022 0.0118 0.9793
vn 0.1946 -0.0119 0.9808
vn -0.0039 0.2174 0.9761
vn -0.9994 -0.0352 -0.0039
vn -0.7373 -0.0434 0.6742
vn -0.9983 -0.0587 -0.0039
vn -0.7291 -0.0591 0.6818
vn -0.7743 -0.0118 0.6327
vn -0.7901 -0.0668 0.6093
vn -0.2800 -0.0591 0.9582
vn -0.9999 0.0118 -0.0039
vn -0.9972 -0.0743 -0.0039
vn -0.4547 -0.0435 0.8896
vn -0.2094 0.0670 0.9755
vn -0.9966 -0.0821 -0.0039
vn -0.8317 -0.0907 0.5478
vn -0.9926 -0.1216 -0.0039
vn -0.8616 -0.1535 0.4839
vn -0.4922 -0.0197 0.8702
vn -0.5315 -0.0354 0.8463
vn -0.5961 -0.0513 0.8013
vn -0.4612 0.0276 0.8869
vn -0.6584 -0.1065 0.7451
vn -0.0118 -0.0277 0.9995
vn -0.2097 -0.0296 0.9773
vn -0.0119 -0.0991 0.9950
vn -0.4360 -0.0275 0.8995
vn -0.4298 -0.0040 0.9029
vn -0.5016 0.0198 0.8649
vn -0.4708 -0.0119 0.8822
vn -0.0513 -0.9987 -0.0039
vn -0.0434 -0.9831 0.1777
vn -0.0434 -0.9817 -0.1853
vn -0.9829 -0.1841 -0.0039
vn -0.9041 -0.1540 0.3987
vn -0.2804 -0.0276 0.9595
vn -0.9998 0.0197 -0.0039
vn -0.9259 0.0512 0.3743
vn -0.7313 -0.0909 0.6760
vn -0.2648 0.1937 0.9446
vn -0.7503 0.1297 0.6482
vn -0.2006 0.0197 0.9795
vn -0.2098 0.0118 0.9777
vn -0.2022 -0.0119 0.9793
vn 0.7297 -0.0434 -0.6824
vn 0.7215 -0.0591 -0.6899
vn 0.7672 -0.0118 -0.6413
vn 0.7833 -0.0669 -0.6180
vn 0.2707 -0.0589 -0.9609
vn -0.0039 0.0118 -0.9999
vn -0.0039 0.0117 -0.9999
vn 0.4452 -0.0434 -0.8944
vn 0.2002 0.0671 -0.9774
vn 0.8256 -0.0909 -0.5569
vn 0.8562 -0.1539 -0.4932
vn 0.4829 -0.0196 -0.8755
vn 0.5223 -0.0353 -0.8521
vn 0.5872 -0.0512 -0.8078
vn 0.4518 0.0275 -0.8917
vn 0.6500 -0.1064 -0.7524
vn 0.0039 -0.0274 -0.9996
vn 0.2006 -0.0275 -0.9793
vn -0.0039 -0.0274 -0.9996
vn 0.0039 -0.0984 -0.9951
vn 0.4266 -0.0274 -0.9040
vn 0.4203 -0.0039 -0.9074
vn 0.4613 -0.0118 -0.8871
vn 0.4922 0.0197 -0.8702
vn 0.8997 -0.1546 -0.4082
vn -0.0039 -0.6709 -0.7415
vn 0.9220 0.0515 -0.3838
vn 0.7237 -0.0909 -0.6841
vn 0.2555 0.1927 -0.9474
vn 0.7430 0.1298 -0.6565
vn -0.0039 -0.0117 -0.9999
vn -0.0039 0.2157 -0.9764
vn -0.0039 -0.0039 -1.0000
vn -0.0039 0.2232 -0.9748
vn -0.0039 -0.6791 -0.7340
vn 0.2007 0.0118 -0.9796
vn 0.1931 -0.0118 -0.9811
vn -0.0118 -0.0984 -0.9951
vn -0.7704 -0.0117 -0.6375
vn -0.7863 -0.0665 -0.6142
vn -0.2779 -0.0587 -0.9588
vn -0.2078 0.0666 -0.9759
vn -0.8281 -0.0903 -0.5533
vn -0.8583 -0.1529 -0.4899
vn -0.4889 -0.0196 -0.8721
vn -0.5923 -0.0510 -0.8041
vn -0.5279 -0.0352 -0.8486
vn -0.4580 0.0274 -0.8885
vn -0.6545 -0.1059 -0.7486
vn -0.0117 -0.0274 -0.9996
vn -0.2081 -0.0275 -0.9777
vn -0.4329 -0.0273 -0.9010
vn -0.4268 -0.0039 -0.9044
vn -0.4675 -0.0118 -0.8839
vn -0.4981 0.0196 -0.8669
vn -0.9012 -0.1535 -0.4053
vn -0.2783 -0.0274 -0.9601
vn -0.9231 0.0511 -0.3810
vn -0.2629 0.1923 -0.9455
vn -0.7274 -0.0904 -0.6802
vn -0.7465 0.1290 -0.6527
vn -0.1991 0.0196 -0.9798
vn -0.2082 0.0117 -0.9780
vn -0.2007 -0.0118 -0.9796
vn 0.2734 -0.1149 0.9550
vn 0.9685 -0.2491 -0.0040
vn -0.2807 -0.1147 0.9529
vn -0.9690 -0.2472 -0.0039
vn 0.2714 -0.1141 -0.9557
vn -0.2786 -0.1138 -0.9536
vn -0.0040 -0.0992 0.9951
vt 0.249023 0.127441
vt 0.238281 0.127441
vt 0.238281 0.103027
vt 0.195068 0.278320
vt 0.168823 0.278320
vt 0.195068 0.274414
vt 0.154541 0.278320
vt 0.154541 0.274414
vt 0.125366 0.278320
vt 0.125366 0.274414
vt 0.095703 0.278320
vt 0.095703 0.274414
vt 0.080750 0.278320
vt 0.080750 0.274414
vt 0.053375 0.278320
vt 0.053375 0.274414
vt 0.033142 0.278320
vt 0.033142 0.274414
vt 0.022125 0.278320
vt 0.022125 0.274414
vt 0.015343 0.278320
vt 0.015343 0.274414
vt 0.621094 0.061035
vt 0.621094 0.057617
vt 0.645020 0.061035
vt 0.600098 0.061035
vt 0.600098 0.057617
vt 0.571777 0.061035
vt 0.571777 0.057617
vt 0.553223 0.061035
vt 0.553223 0.057617
vt 0.523926 0.061035
vt 0.523926 0.057617
vt 0.488281 0.061035
vt 0.488281 0.057617
vt 0.479004 0.057617
vt 0.479004 0.061035
vt 0.450928 0.057617
vt 0.450928 0.061035
vt 0.430908 0.061035
vt 0.430908 0.057617
vt 0.420166 0.061035
vt 0.420166 0.057617
vt 0.412598 0.061035
vt 0.412598 0.057617
vt 0.401855 0.057617
vt 0.401855 0.061035
vt 0.384766 0.061035
vt 0.361572 0.061035
vt 0.384766 0.057617
vt 0.347656 0.061035
vt 0.347656 0.057617
vt 0.319580 0.061035
vt 0.319580 0.057617
vt 0.292236 0.061035
vt 0.292236 0.057617
vt 0.278076 0.061035
vt 0.278076 0.057617
vt 0.252686 0.057617
vt 0.252686 0.061035
vt 0.237427 0.061035
vt 0.237427 0.057617
vt 0.228882 0.061035
vt 0.208618 0.061035
vt 0.228882 0.057617
vt 0.180298 0.061035
vt 0.208618 0.057617
vt 0.180298 0.057617
vt 0.163330 0.061035
vt 0.127686 0.061035
vt 0.163330 0.057617
vt 0.099487 0.061035
vt 0.127686 0.057617
vt 0.078979 0.061035
vt 0.099487 0.057617
vt 0.052246 0.061035
vt 0.078979 0.057617
vt 0.031555 0.061035
vt 0.052246 0.057617
vt 0.021378 0.061035
vt 0.031555 0.057617
vt 0.014351 0.061035
vt 0.021378 0.057617
vt 0.627441 0.274414
vt 0.636719 0.278320
vt 0.627441 0.278320
vt 0.608887 0.278320
vt 0.583008 0.278320
vt 0.608887 0.274414
vt 0.583008 0.274414
vt 0.569336 0.278320
vt 0.541016 0.278320
vt 0.569336 0.274414
vt 0.513184 0.278320
vt 0.541016 0.274414
vt 0.513184 0.274414
vt 0.499268 0.278320
vt 0.472168 0.274414
vt 0.472168 0.278320
vt 0.453125 0.274414
vt 0.453125 0.278320
vt 0.441650 0.278320
vt 0.434082 0.278320
vt 0.441650 0.274414
vt 0.423828 0.278320
vt 0.434082 0.274414
vt 0.403564 0.278320
vt 0.423828 0.274414
vt 0.375244 0.278320
vt 0.403564 0.274414
vt 0.375244 0.274414
vt 0.360107 0.278320
vt 0.331787 0.278320
vt 0.360107 0.274414
vt 0.302246 0.278320
vt 0.331787 0.274414
vt 0.302246 0.274414
vt 0.286865 0.278320
vt 0.259766 0.278320
vt 0.286865 0.274414
vt 0.235352 0.278320
vt 0.259766 0.274414
vt 0.227295 0.278320
vt 0.235352 0.274414
vt 0.221802 0.278320
vt 0.227295 0.274414
vt 0.213135 0.274414
vt 0.213135 0.278320
vt 0.204102 0.146973
vt 0.176758 0.144043
vt 0.204102 0.144043
vt 0.176758 0.146973
vt 0.161743 0.144043
vt 0.161743 0.146973
vt 0.134155 0.144043
vt 0.134155 0.146973
vt 0.104126 0.144043
vt 0.104126 0.146973
vt 0.088257 0.144043
vt 0.088257 0.146973
vt 0.059601 0.144043
vt 0.059601 0.146973
vt 0.037231 0.144043
vt 0.037231 0.146973
vt 0.023926 0.144043
vt 0.023926 0.146973
vt 0.015442 0.144043
vt 0.675781 0.076660
vt 0.675781 0.079590
vt 0.662598 0.076660
vt 0.662598 0.079590
vt 0.639648 0.076660
vt 0.639648 0.079590
vt 0.610352 0.076660
vt 0.610352 0.079590
vt 0.593750 0.076660
vt 0.593750 0.079590
vt 0.554688 0.076660
vt 0.554688 0.079590
vt 0.524902 0.076660
vt 0.524902 0.079590
vt 0.508789 0.076660
vt 0.508789 0.079590
vt 0.479980 0.076660
vt 0.479980 0.079590
vt 0.458740 0.076660
vt 0.458740 0.079590
vt 0.446045 0.076660
vt 0.446045 0.079590
vt 0.437012 0.076660
vt 0.437012 0.079590
vt 0.427734 0.076660
vt 0.427734 0.079590
vt 0.408691 0.076660
vt 0.408691 0.079590
vt 0.383545 0.076660
vt 0.383545 0.079590
vt 0.368408 0.076660
vt 0.368408 0.079590
vt 0.338623 0.076660
vt 0.338623 0.079590
vt 0.309814 0.076660
vt 0.309814 0.079590
vt 0.294189 0.076660
vt 0.294189 0.079590
vt 0.266602 0.076660
vt 0.266602 0.079590
vt 0.249023 0.076660
vt 0.238281 0.076660
vt 0.238281 0.079590
vt 0.220703 0.076660
vt 0.220703 0.079590
vt 0.190308 0.076660
vt 0.190308 0.079590
vt 0.171875 0.076660
vt 0.171875 0.079590
vt 0.138062 0.076660
vt 0.138062 0.079590
vt 0.105530 0.076660
vt 0.105530 0.079590
vt 0.087219 0.079590
vt 0.087219 0.076660
vt 0.055725 0.079590
vt 0.055725 0.076660
vt 0.034180 0.076660
vt 0.034180 0.079590
vt 0.022751 0.076660
vt 0.014717 0.076660
vt 0.014717 0.079590
vt 0.666992 0.146973
vt 0.666992 0.144043
vt 0.676758 0.144043
vt 0.647461 0.144043
vt 0.647461 0.146973
vt 0.620605 0.144043
vt 0.620605 0.146973
vt 0.605957 0.146973
vt 0.605957 0.144043
vt 0.577148 0.144043
vt 0.577148 0.146973
vt 0.548340 0.144043
vt 0.548340 0.146973
vt 0.533203 0.144043
vt 0.533203 0.146973
vt 0.505371 0.144043
vt 0.505371 0.146973
vt 0.483887 0.144043
vt 0.483887 0.146973
vt 0.470459 0.144043
vt 0.470459 0.146973
vt 0.461426 0.146973
vt 0.461426 0.144043
vt 0.449219 0.144043
vt 0.449219 0.146973
vt 0.427246 0.144043
vt 0.427246 0.146973
vt 0.397705 0.144043
vt 0.397705 0.146973
vt 0.381592 0.144043
vt 0.381592 0.146973
vt 0.352783 0.144043
vt 0.352783 0.146973
vt 0.322998 0.144043
vt 0.322998 0.146973
vt 0.306885 0.144043
vt 0.306885 0.146973
vt 0.278564 0.146973
vt 0.278564 0.144043
vt 0.253174 0.144043
vt 0.253174 0.146973
vt 0.242310 0.144043
vt 0.242310 0.146973
vt 0.234619 0.144043
vt 0.234619 0.146973
vt 0.223999 0.146973
vt 0.223999 0.144043
vt 0.479980 0.129883
vt 0.479980 0.127441
vt 0.508789 0.129883
vt 0.338623 0.129883
vt 0.338623 0.127441
vt 0.368408 0.129883
vt 0.266602 0.127441
vt 0.294189 0.129883
vt 0.266602 0.129883
vt 0.221802 0.226074
vt 0.213135 0.220215
vt 0.221802 0.220215
vt 0.227295 0.220215
vt 0.235352 0.220215
vt 0.227295 0.226074
vt 0.259766 0.220215
vt 0.235352 0.226074
vt 0.286865 0.220215
vt 0.259766 0.226074
vt 0.302246 0.220215
vt 0.286865 0.226074
vt 0.331787 0.220215
vt 0.302246 0.226074
vt 0.360107 0.220215
vt 0.331787 0.226074
vt 0.360107 0.226074
vt 0.375244 0.220215
vt 0.403564 0.220215
vt 0.403564 0.226074
vt 0.423828 0.220215
vt 0.423828 0.226074
vt 0.434082 0.226074
vt 0.434082 0.220215
vt 0.441650 0.220215
vt 0.441650 0.226074
vt 0.453125 0.220215
vt 0.472168 0.226074
vt 0.472168 0.220215
vt 0.499268 0.226074
vt 0.499268 0.220215
vt 0.513184 0.220215
vt 0.541016 0.220215
vt 0.513184 0.226074
vt 0.569336 0.220215
vt 0.569336 0.226074
vt 0.583008 0.220215
vt 0.583008 0.226074
vt 0.608887 0.220215
vt 0.608887 0.226074
vt 0.627441 0.220215
vt 0.627441 0.226074
vt 0.636719 0.226074
vt 0.636719 0.220215
vt 0.014351 0.011230
vt 0.021378 0.011230
vt 0.014351 0.014648
vt 0.031555 0.011230
vt 0.021378 0.014648
vt 0.052246 0.011230
vt 0.031555 0.014648
vt 0.078979 0.011230
vt 0.052246 0.014648
vt 0.099487 0.011230
vt 0.078979 0.014648
vt 0.127686 0.011230
vt 0.099487 0.014648
vt 0.163330 0.011230
vt 0.127686 0.014648
vt 0.180298 0.011230
vt 0.163330 0.014648
vt 0.208618 0.011230
vt 0.180298 0.014648
vt 0.228882 0.014648
vt 0.228882 0.011230
vt 0.237427 0.011230
vt 0.252686 0.011230
vt 0.237427 0.014648
vt 0.278076 0.011230
vt 0.252686 0.014648
vt 0.278076 0.014648
vt 0.292236 0.011230
vt 0.319580 0.011230
vt 0.292236 0.014648
vt 0.347656 0.011230
vt 0.347656 0.014648
vt 0.361572 0.011230
vt 0.361572 0.014648
vt 0.384766 0.011230
vt 0.384766 0.014648
vt 0.401855 0.011230
vt 0.401855 0.014648
vt 0.412598 0.014648
vt 0.412598 0.011230
vt 0.420166 0.014648
vt 0.420166 0.011230
vt 0.430908 0.011230
vt 0.450928 0.014648
vt 0.450928 0.011230
vt 0.479004 0.014648
vt 0.479004 0.011230
vt 0.488281 0.014648
vt 0.488281 0.011230
vt 0.523926 0.014648
vt 0.523926 0.011230
vt 0.553223 0.014648
vt 0.553223 0.011230
vt 0.571777 0.011230
vt 0.571777 0.014648
vt 0.600098 0.014648
vt 0.600098 0.011230
vt 0.621094 0.014648
vt 0.621094 0.011230
vt 0.645020 0.014648
vt 0.645020 0.011230
vt 0.022125 0.220215
vt 0.022125 0.226074
vt 0.015343 0.220215
vt 0.033142 0.226074
vt 0.033142 0.220215
vt 0.053375 0.226074
vt 0.053375 0.220215
vt 0.080750 0.220215
vt 0.095703 0.220215
vt 0.095703 0.226074
vt 0.125366 0.226074
vt 0.125366 0.220215
vt 0.154541 0.226074
vt 0.154541 0.220215
vt 0.168823 0.220215
vt 0.168823 0.226074
vt 0.195068 0.220215
vt 0.195068 0.226074
vt 0.213135 0.226074
vt 0.223999 0.202148
vt 0.234619 0.204590
vt 0.223999 0.204590
vt 0.242310 0.204590
vt 0.242310 0.202148
vt 0.253174 0.202148
vt 0.253174 0.204590
vt 0.278564 0.204590
vt 0.278564 0.202148
vt 0.306885 0.204590
vt 0.306885 0.202148
vt 0.322998 0.204590
vt 0.322998 0.202148
vt 0.352783 0.204590
vt 0.352783 0.202148
vt 0.381592 0.204590
vt 0.381592 0.202148
vt 0.397705 0.204590
vt 0.397705 0.202148
vt 0.427246 0.204590
vt 0.427246 0.202148
vt 0.449219 0.204590
vt 0.449219 0.202148
vt 0.461426 0.204590
vt 0.461426 0.202148
vt 0.470459 0.204590
vt 0.483887 0.204590
vt 0.483887 0.202148
vt 0.505371 0.204590
vt 0.505371 0.202148
vt 0.533203 0.204590
vt 0.533203 0.202148
vt 0.548340 0.202148
vt 0.548340 0.204590
vt 0.577148 0.204590
vt 0.577148 0.202148
vt 0.605957 0.204590
vt 0.605957 0.202148
vt 0.620605 0.202148
vt 0.620605 0.204590
vt 0.647461 0.204590
vt 0.647461 0.202148
vt 0.666992 0.204590
vt 0.666992 0.202148
vt 0.677734 0.204590
vt 0.677734 0.202148
vt 0.014717 0.129883
vt 0.022751 0.127441
vt 0.022751 0.129883
vt 0.034180 0.127441
vt 0.034180 0.129883
vt 0.055725 0.129883
vt 0.055725 0.127441
vt 0.087219 0.129883
vt 0.087219 0.127441
vt 0.105530 0.127441
vt 0.105530 0.129883
vt 0.138062 0.129883
vt 0.138062 0.127441
vt 0.171875 0.129883
vt 0.171875 0.127441
vt 0.190308 0.129883
vt 0.190308 0.127441
vt 0.220703 0.129883
vt 0.220703 0.127441
vt 0.238281 0.129883
vt 0.249023 0.129883
vt 0.294189 0.127441
vt 0.309814 0.129883
vt 0.309814 0.127441
vt 0.368408 0.127441
vt 0.383545 0.129883
vt 0.383545 0.127441
vt 0.408691 0.129883
vt 0.408691 0.127441
vt 0.427734 0.129883
vt 0.427734 0.127441
vt 0.437012 0.129883
vt 0.437012 0.127441
vt 0.446045 0.129883
vt 0.446045 0.127441
vt 0.458740 0.129883
vt 0.458740 0.127441
vt 0.508789 0.127441
vt 0.524902 0.129883
vt 0.524902 0.127441
vt 0.554688 0.129883
vt 0.554688 0.127441
vt 0.593750 0.129883
vt 0.593750 0.127441
vt 0.610352 0.129883
vt 0.610352 0.127441
vt 0.639648 0.129883
vt 0.639648 0.127441
vt 0.662598 0.129883
vt 0.662598 0.127441
vt 0.675781 0.129883
vt 0.023926 0.202148
vt 0.023926 0.204590
vt 0.015442 0.204590
vt 0.037231 0.204590
vt 0.037231 0.202148
vt 0.059601 0.204590
vt 0.059601 0.202148
vt 0.088257 0.204590
vt 0.088257 0.202148
vt 0.104126 0.204590
vt 0.104126 0.202148
vt 0.134155 0.204590
vt 0.134155 0.202148
vt 0.161743 0.204590
vt 0.161743 0.202148
vt 0.176758 0.204590
vt 0.176758 0.202148
vt 0.204102 0.204590
vt 0.204102 0.202148
vt 0.201050 0.322266
vt 0.201172 0.343262
vt 0.188965 0.318848
vt 0.179565 0.352539
vt 0.203003 0.369629
vt 0.179443 0.375000
vt 0.205444 0.522705
vt 0.219238 0.526367
vt 0.189331 0.582764
vt 0.195923 0.586426
vt 0.167847 0.648926
vt 0.167847 0.662598
vt 0.213989 0.876953
vt 0.167847 0.865845
vt 0.237793 0.824097
vt 0.167847 0.806885
vt 0.167847 0.918213
vt 0.188354 0.922485
vt 0.167847 0.950653
vt 0.220947 0.395996
vt 0.189209 0.400391
vt 0.243164 0.428223
vt 0.204956 0.427246
vt 0.216187 0.453613
vt 0.239380 0.454590
vt 0.231812 0.487305
vt 0.213013 0.487305
vt 0.231567 0.312012
vt 0.236816 0.324219
vt 0.247070 0.341797
vt 0.260742 0.358887
vt 0.285889 0.378418
vt 0.311279 0.405762
vt 0.309570 0.396973
vt 0.167847 0.518555
vt 0.180786 0.487305
vt 0.191650 0.455078
vt 0.184937 0.453613
vt 0.197388 0.426758
vt 0.173584 0.485840
vt 0.167847 0.505859
vt 0.183472 0.405762
vt 0.167847 0.376953
vt 0.167847 0.385254
vt 0.239990 0.303711
vt 0.248169 0.316406
vt 0.258057 0.334473
vt 0.272705 0.353516
vt 0.295166 0.374512
vt 0.227661 0.306152
vt 0.201172 0.303223
vt 0.231934 0.299805
vt 0.200439 0.312012
vt 0.198608 0.303711
vt 0.192871 0.311523
vt 0.317627 0.403320
vt 0.316162 0.394043
vt 0.312012 0.415527
vt 0.273438 0.485352
vt 0.278320 0.485840
vt 0.248779 0.536377
vt 0.225464 0.597900
vt 0.221069 0.596191
vt 0.252930 0.537842
vt 0.195435 0.670166
vt 0.191040 0.668701
vt 0.167847 0.725342
vt 0.167847 0.739746
vt 0.167847 0.753784
vt 0.260010 0.763550
vt 0.312012 0.482910
vt 0.282715 0.486328
vt 0.314697 0.418457
vt 0.257080 0.539307
vt 0.304199 0.552734
vt 0.292969 0.623291
vt 0.229858 0.599365
vt 0.279297 0.694092
vt 0.199707 0.671631
vt 0.193848 0.924622
vt 0.219727 0.878662
vt 0.244141 0.824341
vt 0.318359 0.482910
vt 0.311279 0.553955
vt 0.299805 0.625488
vt 0.285400 0.695312
vt 0.266113 0.763794
vt 0.167847 0.958038
vt 0.319092 0.416016
vt 0.315674 0.413086
vt 0.167847 0.352539
vt 0.167847 0.348145
vt 0.177612 0.349121
vt 0.167847 0.313965
vt 0.187378 0.315430
vt 0.167847 0.297852
vt 0.196411 0.300781
vt 0.460449 0.904114
vt 0.481934 0.913452
vt 0.469727 0.937897
vt 0.482178 0.934326
vt 0.460205 0.881470
vt 0.483887 0.886841
vt 0.468750 0.673096
vt 0.475342 0.669434
vt 0.498779 0.729248
vt 0.484863 0.732910
vt 0.447510 0.606689
vt 0.447510 0.593018
vt 0.447510 0.449219
vt 0.447510 0.390137
vt 0.516602 0.432129
vt 0.492920 0.379395
vt 0.447510 0.337402
vt 0.467529 0.333496
vt 0.447510 0.305176
vt 0.469971 0.856201
vt 0.501465 0.860107
vt 0.485352 0.828857
vt 0.522949 0.827271
vt 0.519043 0.801147
vt 0.496094 0.802124
vt 0.511230 0.768188
vt 0.492676 0.768555
vt 0.518066 0.931763
vt 0.513184 0.943909
vt 0.527832 0.913940
vt 0.566406 0.876770
vt 0.541504 0.896362
vt 0.591309 0.849243
vt 0.589844 0.858154
vt 0.447510 0.674072
vt 0.447510 0.737061
vt 0.460449 0.768311
vt 0.471436 0.800781
vt 0.464844 0.802368
vt 0.477539 0.829224
vt 0.453369 0.770020
vt 0.447510 0.750000
vt 0.464111 0.850708
vt 0.447510 0.870605
vt 0.447510 0.878784
vt 0.529297 0.938965
vt 0.521973 0.951782
vt 0.539062 0.920898
vt 0.575684 0.880310
vt 0.553711 0.901978
vt 0.509277 0.949982
vt 0.513672 0.956024
vt 0.482666 0.953400
vt 0.481689 0.944336
vt 0.479980 0.952881
vt 0.473877 0.945160
vt 0.598145 0.851318
vt 0.596191 0.860962
vt 0.553223 0.770142
vt 0.592285 0.839600
vt 0.557617 0.769653
vt 0.528320 0.718994
vt 0.532227 0.717529
vt 0.500000 0.659424
vt 0.504395 0.657715
vt 0.469971 0.587158
vt 0.474121 0.585693
vt 0.447510 0.516113
vt 0.447510 0.530518
vt 0.447510 0.501953
vt 0.538574 0.492676
vt 0.594727 0.836304
vt 0.562500 0.768921
vt 0.591797 0.772461
vt 0.583496 0.702637
vt 0.536133 0.716064
vt 0.508789 0.656250
vt 0.572266 0.632080
vt 0.478516 0.584229
vt 0.558105 0.561523
vt 0.473145 0.331543
vt 0.498779 0.377441
vt 0.522949 0.431641
vt 0.590332 0.701172
vt 0.598145 0.772339
vt 0.578613 0.630127
vt 0.544922 0.492188
vt 0.564453 0.560547
vt 0.447510 0.297852
vt 0.599121 0.838745
vt 0.595703 0.841919
vt 0.447510 0.902954
vt 0.458496 0.907654
vt 0.447510 0.907288
vt 0.447510 0.941467
vt 0.468262 0.941101
vt 0.447510 0.957794
vt 0.477539 0.955963
vt 0.152466 0.352539
vt 0.130859 0.343262
vt 0.143677 0.318359
vt 0.130981 0.322266
vt 0.152832 0.375488
vt 0.129150 0.370117
vt 0.146729 0.583252
vt 0.140137 0.586914
vt 0.116211 0.527344
vt 0.129883 0.523438
vt 0.100220 0.824097
vt 0.123779 0.876648
vt 0.148682 0.922119
vt 0.143311 0.400391
vt 0.111572 0.396973
vt 0.128052 0.427734
vt 0.090210 0.429688
vt 0.094604 0.455566
vt 0.117554 0.454590
vt 0.102905 0.488770
vt 0.121460 0.487793
vt 0.094116 0.325195
vt 0.098938 0.312988
vt 0.084167 0.342773
vt 0.046173 0.380859
vt 0.070862 0.360840
vt 0.021576 0.409180
vt 0.022949 0.399902
vt 0.167847 0.581543
vt 0.153564 0.487793
vt 0.141968 0.455566
vt 0.148682 0.454102
vt 0.135620 0.427246
vt 0.160400 0.485840
vt 0.148926 0.406250
vt 0.082397 0.317871
vt 0.090027 0.305176
vt 0.072876 0.336426
vt 0.036530 0.377441
vt 0.058594 0.355469
vt 0.102600 0.306641
vt 0.097961 0.300781
vt 0.131348 0.302734
vt 0.131836 0.312012
vt 0.134277 0.303223
vt 0.139893 0.311035
vt 0.015030 0.407227
vt 0.016312 0.397461
vt 0.061279 0.487305
vt 0.021027 0.418457
vt 0.056519 0.487793
vt 0.086731 0.537842
vt 0.082581 0.539551
vt 0.115234 0.597168
vt 0.110840 0.598877
vt 0.146362 0.669189
vt 0.142090 0.670654
vt 0.078003 0.764160
vt 0.018478 0.421875
vt 0.051910 0.488770
vt 0.022690 0.485840
vt 0.031464 0.555176
vt 0.078552 0.541016
vt 0.106384 0.600586
vt 0.043427 0.625488
vt 0.137695 0.672119
vt 0.058319 0.695801
vt 0.143188 0.924133
vt 0.117920 0.878357
vt 0.093933 0.824341
vt 0.024582 0.556396
vt 0.016296 0.485840
vt 0.036743 0.627686
vt 0.071838 0.764526
vt 0.052094 0.697021
vt 0.013863 0.419922
vt 0.017273 0.416504
vt 0.154541 0.349121
vt 0.145386 0.315430
vt 0.137085 0.300293
vt 0.412354 0.934570
vt 0.412354 0.913635
vt 0.424805 0.938049
vt 0.433594 0.904175
vt 0.410400 0.886963
vt 0.433838 0.881531
vt 0.409424 0.732666
vt 0.395752 0.729004
vt 0.426025 0.673096
vt 0.419434 0.669189
vt 0.402588 0.379395
vt 0.378906 0.432129
vt 0.427979 0.333496
vt 0.392578 0.860229
vt 0.424072 0.856201
vt 0.370605 0.827271
vt 0.408447 0.828857
vt 0.397705 0.802124
vt 0.374512 0.801147
vt 0.382568 0.767944
vt 0.401367 0.768433
vt 0.381592 0.944336
vt 0.376465 0.932129
vt 0.366211 0.914307
vt 0.352539 0.896667
vt 0.327393 0.876953
vt 0.302246 0.849243
vt 0.303955 0.858154
vt 0.433350 0.768188
vt 0.421875 0.800781
vt 0.428711 0.802368
vt 0.416016 0.829346
vt 0.440186 0.769897
vt 0.429932 0.850708
vt 0.372803 0.952271
vt 0.364746 0.939453
vt 0.354980 0.921326
vt 0.340332 0.902283
vt 0.317871 0.880493
vt 0.412109 0.953674
vt 0.385254 0.950409
vt 0.413086 0.944611
vt 0.380859 0.956451
vt 0.420898 0.945374
vt 0.415039 0.953186
vt 0.295898 0.851318
vt 0.297363 0.861084
vt 0.301758 0.839478
vt 0.340820 0.769897
vt 0.336182 0.769409
vt 0.366211 0.718750
vt 0.362061 0.717285
vt 0.390137 0.657471
vt 0.394531 0.659180
vt 0.420898 0.585693
vt 0.425293 0.587158
vt 0.356689 0.492188
vt 0.302246 0.771973
vt 0.331543 0.768677
vt 0.299072 0.836182
vt 0.357910 0.715820
vt 0.310791 0.701904
vt 0.322754 0.631592
vt 0.385742 0.656006
vt 0.336914 0.561279
vt 0.416504 0.583984
vt 0.422363 0.331543
vt 0.396729 0.377441
vt 0.372559 0.431641
vt 0.295898 0.771973
vt 0.303955 0.700684
vt 0.315918 0.629395
vt 0.330811 0.560059
vt 0.350342 0.491699
vt 0.294434 0.838623
vt 0.297852 0.841797
vt 0.435791 0.907715
vt 0.426270 0.941284
vt 0.417480 0.956207
vt 0.599609 0.358398
vt 0.605957 0.344727
vt 0.619629 0.348145
vt 0.594238 0.341309
vt 0.588867 0.355469
vt 0.590820 0.369629
vt 0.590820 0.399414
vt 0.582031 0.370117
vt 0.608398 0.399414
vt 0.610352 0.374023
vt 0.635254 0.375488
vt 0.658691 0.375488
vt 0.658691 0.399414
vt 0.642090 0.375977
vt 0.680176 0.375488
vt 0.680176 0.399414
vt 0.635254 0.351562
vt 0.641602 0.352051
vt 0.658691 0.351562
vt 0.680176 0.349609
vt 0.608887 0.442871
vt 0.591797 0.447754
vt 0.591797 0.443848
vt 0.039032 0.935913
vt 0.039032 0.913879
vt 0.047821 0.935852
vt 0.609375 0.438965
vt 0.635742 0.399414
vt 0.632324 0.298828
vt 0.637695 0.298340
vt 0.633301 0.311523
vt 0.638672 0.312012
vt 0.637207 0.675537
vt 0.635254 0.619141
vt 0.643066 0.668945
vt 0.633789 0.443848
vt 0.609375 0.447754
vt 0.622559 0.297363
vt 0.624023 0.309082
vt 0.605957 0.295410
vt 0.612793 0.306152
vt 0.624512 0.316895
vt 0.634766 0.324707
vt 0.623535 0.323242
vt 0.635742 0.331055
vt 0.610352 0.310547
vt 0.640625 0.327148
vt 0.641602 0.333496
vt 0.597168 0.325195
vt 0.601562 0.299805
vt 0.608398 0.327148
vt 0.648926 0.334473
vt 0.645996 0.297852
vt 0.654785 0.296387
vt 0.655762 0.310059
vt 0.647461 0.311523
vt 0.657715 0.326172
vt 0.649414 0.327148
vt 0.657715 0.333008
vt 0.664062 0.293457
vt 0.680176 0.289551
vt 0.680176 0.301758
vt 0.666504 0.306641
vt 0.668457 0.328125
vt 0.667969 0.321289
vt 0.680176 0.322266
vt 0.680176 0.314453
vt 0.740723 0.348145
vt 0.753906 0.344727
vt 0.760254 0.358398
vt 0.770996 0.355469
vt 0.765625 0.341309
vt 0.769043 0.369629
vt 0.777832 0.370117
vt 0.769531 0.399414
vt 0.724609 0.375977
vt 0.749512 0.374023
vt 0.751465 0.399414
vt 0.701172 0.375488
vt 0.717773 0.375977
vt 0.701172 0.399414
vt 0.725098 0.351562
vt 0.701660 0.351562
vt 0.718262 0.352051
vt 0.724121 0.399414
vt 0.721191 0.312012
vt 0.722656 0.298340
vt 0.727051 0.311523
vt 0.727539 0.298828
vt 0.722168 0.675537
vt 0.716797 0.668945
vt 0.724609 0.619141
vt 0.735840 0.309082
vt 0.737793 0.297363
vt 0.747070 0.306152
vt 0.753906 0.295410
vt 0.724609 0.331055
vt 0.725098 0.324707
vt 0.736328 0.323242
vt 0.735352 0.316895
vt 0.749512 0.310547
vt 0.718262 0.333496
vt 0.719238 0.327148
vt 0.758301 0.299805
vt 0.763184 0.325684
vt 0.751465 0.327148
vt 0.710938 0.334473
vt 0.704102 0.310059
vt 0.705566 0.296387
vt 0.713867 0.298340
vt 0.712402 0.311523
vt 0.702148 0.326172
vt 0.710938 0.327148
vt 0.702148 0.333008
vt 0.695801 0.293457
vt 0.693359 0.306641
vt 0.691895 0.321289
vt 0.691895 0.328125
vt 0.827637 0.646973
vt 0.814453 0.650391
vt 0.807617 0.636719
vt 0.796875 0.639648
vt 0.802246 0.653809
vt 0.799316 0.625488
vt 0.790527 0.624756
vt 0.798828 0.596680
vt 0.843750 0.619385
vt 0.818359 0.620850
vt 0.816895 0.596680
vt 0.866699 0.619629
vt 0.850586 0.619141
vt 0.867188 0.596680
vt 0.888184 0.596680
vt 0.888184 0.619629
vt 0.843262 0.643799
vt 0.866699 0.643555
vt 0.850098 0.642822
vt 0.888184 0.645508
vt 0.057526 0.935913
vt 0.057526 0.913879
vt 0.844238 0.596680
vt 0.840332 0.696289
vt 0.841309 0.683594
vt 0.845703 0.696777
vt 0.847168 0.683350
vt 0.846191 0.319824
vt 0.852051 0.326660
vt 0.844238 0.376465
vt 0.830566 0.697510
vt 0.832031 0.686279
vt 0.821289 0.689209
vt 0.813965 0.699707
vt 0.843750 0.664062
vt 0.843262 0.670654
vt 0.832031 0.671875
vt 0.833008 0.678223
vt 0.818359 0.684570
vt 0.850098 0.661865
vt 0.849121 0.668213
vt 0.809570 0.695557
vt 0.805176 0.669678
vt 0.816895 0.667725
vt 0.857422 0.660889
vt 0.855469 0.683838
vt 0.864258 0.685303
vt 0.854492 0.697021
vt 0.862793 0.698730
vt 0.857422 0.668213
vt 0.865723 0.669189
vt 0.866211 0.662109
vt 0.888184 0.693604
vt 0.888184 0.705811
vt 0.872559 0.701904
vt 0.874512 0.688721
vt 0.876465 0.674072
vt 0.876465 0.666992
vt 0.888184 0.673340
vt 0.888184 0.680908
vt 0.968750 0.636963
vt 0.961914 0.650635
vt 0.948730 0.647217
vt 0.974121 0.654053
vt 0.979492 0.639893
vt 0.977539 0.625732
vt 0.977539 0.596680
vt 0.986328 0.625000
vt 0.909668 0.619629
vt 0.909668 0.596680
vt 0.926270 0.619385
vt 0.933105 0.643799
vt 0.933105 0.619629
vt 0.958008 0.621094
vt 0.926270 0.643066
vt 0.909668 0.643799
vt 0.932617 0.596680
vt 0.929199 0.683350
vt 0.935059 0.683594
vt 0.930664 0.696777
vt 0.936035 0.696533
vt 0.931152 0.319824
vt 0.933105 0.376465
vt 0.925293 0.326660
vt 0.944336 0.686523
vt 0.945801 0.697754
vt 0.955078 0.689453
vt 0.962402 0.699951
vt 0.943359 0.678467
vt 0.933594 0.670898
vt 0.944824 0.672119
vt 0.932617 0.664307
vt 0.958008 0.684814
vt 0.927734 0.668213
vt 0.926758 0.662109
vt 0.971191 0.669922
vt 0.966797 0.695801
vt 0.959961 0.667969
vt 0.919434 0.661133
vt 0.921875 0.697266
vt 0.912109 0.685303
vt 0.920898 0.684082
vt 0.913574 0.698730
vt 0.910645 0.669189
vt 0.918945 0.668213
vt 0.910645 0.662354
vt 0.903809 0.701904
vt 0.901855 0.688965
vt 0.899902 0.667236
vt 0.899902 0.674072
vt 0.625977 0.701172
vt 0.625488 0.698486
vt 0.637207 0.701172
vt 0.657227 0.701172
vt 0.657227 0.698486
vt 0.679688 0.701172
vt 0.679688 0.698486
vt 0.702148 0.701172
vt 0.825684 0.294434
vt 0.824707 0.297363
vt 0.816895 0.294434
vt 0.616699 0.701172
vt 0.607910 0.701172
vt 0.615723 0.698486
vt 0.734375 0.698486
vt 0.733887 0.701172
vt 0.722656 0.701172
vt 0.702148 0.698486
vt 0.952148 0.294434
vt 0.960938 0.294434
vt 0.953125 0.297363
vt 0.743164 0.701172
vt 0.744141 0.698486
vt 0.751953 0.701172
vt 0.834961 0.294434
vt 0.846191 0.294434
vt 0.834473 0.297363
vt 0.866211 0.294434
vt 0.866211 0.297363
vt 0.888672 0.294434
vt 0.888672 0.297363
vt 0.911133 0.294434
vt 0.942871 0.294434
vt 0.942871 0.297363
vt 0.931641 0.294434
vt 0.911133 0.297363
vt 0.039032 0.955902
vt 0.023331 0.936096
vt 0.039032 0.968826
vt 0.047821 0.955902
vt 0.047821 0.970596
vt 0.030548 0.964478
vt 0.047821 0.857178
vt 0.047821 0.871948
vt 0.039032 0.858887
vt 0.030716 0.863281
vt 0.039032 0.871948
vt 0.073181 0.936157
vt 0.057526 0.955902
vt 0.057526 0.968857
vt 0.064758 0.964539
vt 0.057526 0.859009
vt 0.057526 0.871948
vt 0.064880 0.863281
vt 0.877930 0.934570
vt 0.879395 0.936218
vt 0.860352 0.948578
vt 0.861816 0.950562
vt 0.892578 0.917419
vt 0.894043 0.918701
vt 0.840820 0.958984
vt 0.841309 0.961121
vt 0.845703 0.912231
vt 0.844238 0.910217
vt 0.864746 0.889160
vt 0.862793 0.888062
vt 0.819336 0.926086
vt 0.818359 0.923706
vt 0.819824 0.967682
vt 0.819336 0.965454
vt 0.749512 0.794678
vt 0.750977 0.796387
vt 0.730469 0.817261
vt 0.732422 0.818604
vt 0.775879 0.782715
vt 0.775391 0.780396
vt 0.918945 0.106445
vt 0.899902 0.084473
vt 0.920898 0.104980
vt 0.900879 0.083008
vt 0.874023 0.071777
vt 0.874512 0.069824
vt 0.903320 0.897705
vt 0.905273 0.898621
vt 0.910156 0.876160
vt 0.912598 0.876648
vt 0.871094 0.860474
vt 0.873535 0.860718
vt 0.805176 0.777466
vt 0.804688 0.779785
vt 0.845215 0.067871
vt 0.845215 0.069824
vt 0.774414 0.967773
vt 0.752441 0.961151
vt 0.774902 0.965515
vt 0.753418 0.959045
vt 0.790039 0.926331
vt 0.789551 0.928711
vt 0.762695 0.918091
vt 0.761230 0.920227
vt 0.733398 0.948517
vt 0.732422 0.950409
vt 0.721680 0.845825
vt 0.724121 0.846069
vt 0.727051 0.874634
vt 0.724609 0.875366
vt 0.930664 0.133301
vt 0.929199 0.162598
vt 0.928223 0.133301
vt 0.926758 0.162109
vt 0.833496 0.786011
vt 0.832520 0.788208
vt 0.817871 0.079102
vt 0.816895 0.077148
vt 0.716309 0.934265
vt 0.714355 0.935913
vt 0.740234 0.900024
vt 0.738281 0.901550
vt 0.702148 0.916931
vt 0.700195 0.918213
vt 0.689453 0.897888
vt 0.691406 0.897034
vt 0.682617 0.876160
vt 0.685059 0.875671
vt 0.915527 0.189453
vt 0.913574 0.187988
vt 0.856445 0.804932
vt 0.854492 0.806519
vt 0.796387 0.098145
vt 0.794434 0.096680
vt 0.683105 0.853394
vt 0.680664 0.853394
vt 0.683105 0.830688
vt 0.685059 0.831177
vt 0.689453 0.808838
vt 0.691406 0.809692
vt 0.700195 0.788574
vt 0.702148 0.789917
vt 0.893555 0.208984
vt 0.892090 0.207031
vt 0.870605 0.831177
vt 0.868164 0.831909
vt 0.783691 0.124023
vt 0.714355 0.770874
vt 0.716309 0.772461
vt 0.732422 0.756226
vt 0.733398 0.758179
vt 0.753418 0.747559
vt 0.752441 0.745361
vt 0.774414 0.738525
vt 0.774902 0.740967
vt 0.865234 0.218262
vt 0.865234 0.215820
vt 0.781738 0.152832
vt 0.779297 0.153320
vt 0.819824 0.740723
vt 0.820312 0.738525
vt 0.842285 0.745361
vt 0.841309 0.747314
vt 0.861328 0.757690
vt 0.862305 0.755859
vt 0.836426 0.214355
vt 0.835938 0.216797
vt 0.791504 0.179688
vt 0.789551 0.181152
vt 0.878906 0.772217
vt 0.880371 0.770630
vt 0.893066 0.789673
vt 0.895020 0.788330
vt 0.903809 0.809570
vt 0.905762 0.808716
vt 0.912598 0.830811
vt 0.910645 0.831177
vt 0.809082 0.203613
vt 0.810547 0.201660
vt 0.912598 0.853760
vt 0.914551 0.853760
vt 0.775879 0.228516
vt 0.777344 0.227051
vt 0.795410 0.240234
vt 0.793945 0.242188
vt 0.760742 0.211426
vt 0.762207 0.209961
vt 0.749023 0.191895
vt 0.750977 0.190918
vt 0.815430 0.250000
vt 0.814453 0.252441
vt 0.836426 0.258301
vt 0.836914 0.255859
vt 0.741211 0.169922
vt 0.743164 0.169434
vt 0.881348 0.254883
vt 0.881836 0.256836
vt 0.859375 0.257324
vt 0.859375 0.259766
vt 0.903809 0.249512
vt 0.902832 0.247559
vt 0.922363 0.236328
vt 0.923828 0.238281
vt 0.738281 0.147461
vt 0.740234 0.147461
vt 0.739258 0.124512
vt 0.741699 0.124512
vt 0.938965 0.221191
vt 0.940918 0.223145
vt 0.952637 0.203613
vt 0.954590 0.205078
vt 0.962402 0.183105
vt 0.964844 0.184082
vt 0.970703 0.162109
vt 0.968262 0.161621
vt 0.747559 0.103027
vt 0.745117 0.102051
vt 0.755371 0.081543
vt 0.757324 0.082520
vt 0.969727 0.139160
vt 0.972168 0.139160
vt 0.966797 0.117188
vt 0.968750 0.116699
vt 0.959473 0.095703
vt 0.961426 0.094727
vt 0.948242 0.076172
vt 0.950195 0.075195
vt 0.769531 0.062988
vt 0.771484 0.064941
vt 0.787109 0.047852
vt 0.788086 0.049805
vt 0.933594 0.059570
vt 0.935059 0.057617
vt 0.916992 0.043945
vt 0.915527 0.045898
vt 0.896484 0.033691
vt 0.895508 0.035645
vt 0.874023 0.027832
vt 0.874023 0.029785
vt 0.807617 0.038574
vt 0.806641 0.036621
vt 0.829102 0.031250
vt 0.828613 0.029297
vt 0.851562 0.028320
vt 0.851074 0.026367
vt 0.895996 0.089355
vt 0.872559 0.078125
vt 0.913574 0.109375
vt 0.796875 0.967682
vt 0.846191 0.076172
vt 0.921875 0.134277
vt 0.821289 0.084473
vt 0.920410 0.160645
vt 0.801270 0.102051
vt 0.909180 0.184082
vt 0.789551 0.125488
vt 0.889160 0.201172
vt 0.797363 0.738525
vt 0.788086 0.151855
vt 0.864258 0.209961
vt 0.796875 0.176758
vt 0.837891 0.208008
vt 0.813965 0.196777
vt 0.747070 0.221680
vt 0.764648 0.240723
vt 0.733398 0.199219
vt 0.722656 0.742188
vt 0.745605 0.729736
vt 0.702148 0.758911
vt 0.724609 0.174316
vt 0.720215 0.148438
vt 0.847656 0.976822
vt 0.870605 0.964417
vt 0.891113 0.948547
vt 0.729492 0.096191
vt 0.722168 0.121582
vt 0.797363 0.736328
vt 0.770996 0.721924
vt 0.796875 0.719238
vt 0.741211 0.072266
vt 0.757324 0.051270
vt 0.796875 0.969955
vt 0.823242 0.984413
vt 0.796875 0.987045
vt 0.776855 0.034180
vt 0.799805 0.020996
vt 0.823242 0.721680
vt 0.848633 0.729004
vt 0.824707 0.012695
vt 0.850586 0.009277
vt 0.770996 0.984543
vt 0.746094 0.976990
vt 0.781250 0.123535
vt 0.876953 0.010742
vt 0.902344 0.017578
vt 0.892090 0.758545
vt 0.871582 0.742188
vt 0.925781 0.029297
vt 0.946777 0.045410
vt 0.722656 0.964691
vt 0.702637 0.948059
vt 0.785156 0.256836
vt 0.808594 0.268555
vt 0.673828 0.802490
vt 0.686035 0.779297
vt 0.908203 0.928711
vt 0.920898 0.905762
vt 0.833496 0.274902
vt 0.859863 0.276855
vt 0.885742 0.273438
vt 0.910645 0.265137
vt 0.663574 0.853394
vt 0.666016 0.827515
vt 0.932617 0.854004
vt 0.929199 0.880493
vt 0.933594 0.252441
vt 0.953613 0.234863
vt 0.969238 0.213379
vt 0.980957 0.189941
vt 0.673340 0.904602
vt 0.666504 0.879150
vt 0.988770 0.138672
vt 0.986816 0.164551
vt 0.921387 0.802002
vt 0.929688 0.827393
vt 0.977051 0.087891
vt 0.985352 0.112793
vt 0.685547 0.927734
vt 0.963867 0.064941
vt 0.909180 0.778809
vt 0.754883 0.801147
vt 0.777832 0.788696
vt 0.804199 0.786011
vt 0.829590 0.793701
vt 0.849609 0.810425
vt 0.862305 0.833740
vt 0.864746 0.859863
vt 0.856934 0.885071
vt 0.840332 0.905518
vt 0.816895 0.917786
vt 0.790527 0.920166
vt 0.765625 0.912598
vt 0.745117 0.895996
vt 0.732910 0.872803
vt 0.730469 0.846680
vt 0.738281 0.821411
vt 0.524902 0.103027
vt 0.959961 0.596680
vt 0.959473 0.556641
vt 0.977051 0.556641
vt 0.976562 0.552246
vt 0.427734 0.103027
vt 0.408691 0.103027
vt 0.213135 0.250977
vt 0.195068 0.250977
vt 0.033142 0.250977
vt 0.053375 0.250977
vt 0.449219 0.173828
vt 0.427246 0.173828
vt 0.600098 0.037109
vt 0.621094 0.037109
vt 0.403564 0.250977
vt 0.423828 0.250977
vt 0.608887 0.250977
vt 0.627441 0.250977
vt 0.453125 0.226074
vt 0.453125 0.250977
vt 0.472168 0.250977
vt 0.235352 0.250977
vt 0.259766 0.250977
vt 0.031555 0.037109
vt 0.052246 0.037109
vt 0.430908 0.037109
vt 0.430908 0.014648
vt 0.450928 0.037109
vt 0.401855 0.037109
vt 0.384766 0.037109
vt 0.278564 0.173828
vt 0.253174 0.173828
vt 0.666992 0.173828
vt 0.647461 0.173828
vt 0.479980 0.103027
vt 0.458740 0.103027
vt 0.505371 0.173828
vt 0.483887 0.173828
vt 0.055725 0.103027
vt 0.034180 0.103027
vt 0.223999 0.173828
vt 0.204102 0.173828
vt 0.059601 0.173828
vt 0.037231 0.173828
vt 0.662598 0.103027
vt 0.639648 0.103027
vt 0.294189 0.103027
vt 0.266602 0.103027
vt 0.278076 0.037109
vt 0.252686 0.037109
vt 0.319580 0.037109
vt 0.319580 0.014648
vt 0.292236 0.037109
vt 0.338623 0.103027
vt 0.309814 0.103027
vt 0.208618 0.037109
vt 0.180298 0.037109
vt 0.208618 0.014648
vt 0.127686 0.037109
vt 0.163330 0.037109
vt 0.220703 0.103027
vt 0.190308 0.103027
vt 0.171875 0.103027
vt 0.138062 0.103027
vt 0.375244 0.250977
vt 0.375244 0.226074
vt 0.331787 0.250977
vt 0.360107 0.250977
vt 0.397705 0.173828
vt 0.352783 0.173828
vt 0.381592 0.173828
vt 0.571777 0.037109
vt 0.523926 0.037109
vt 0.553223 0.037109
vt 0.610352 0.103027
vt 0.593750 0.103027
vt 0.554688 0.103027
vt 0.322998 0.173828
vt 0.286865 0.250977
vt 0.302246 0.250977
vt 0.306885 0.173828
vt 0.078979 0.037109
vt 0.099487 0.037109
vt 0.105530 0.103027
vt 0.087219 0.103027
vt 0.508789 0.103027
vt 0.488281 0.037109
vt 0.479004 0.037109
vt 0.499268 0.250977
vt 0.541016 0.226074
vt 0.513184 0.250977
vt 0.541016 0.250977
vt 0.577148 0.173828
vt 0.548340 0.173828
vt 0.533203 0.173828
vt 0.499268 0.274414
vt 0.080750 0.250977
vt 0.080750 0.226074
vt 0.125366 0.250977
vt 0.095703 0.250977
vt 0.134155 0.173828
vt 0.104126 0.173828
vt 0.088257 0.173828
vt 0.168823 0.250977
vt 0.154541 0.250977
vt 0.161743 0.173828
vt 0.176758 0.173828
vt 0.168823 0.274414
vt 0.583008 0.250977
vt 0.569336 0.250977
vt 0.620605 0.173828
vt 0.605957 0.173828
vt 0.237427 0.037109
vt 0.228882 0.037109
vt 0.249023 0.103027
vt 0.022125 0.250977
vt 0.645020 0.037109
vt 0.645020 0.057617
vt 0.023926 0.173828
vt 0.675781 0.103027
vt 0.675781 0.127441
vt 0.015343 0.250977
vt 0.015343 0.226074
vt 0.015442 0.173828
vt 0.015442 0.202148
vt 0.015442 0.146973
vt 0.441650 0.250977
vt 0.434082 0.250977
vt 0.470459 0.173828
vt 0.461426 0.173828
vt 0.470459 0.202148
vt 0.221802 0.250977
vt 0.227295 0.250977
vt 0.242310 0.173828
vt 0.234619 0.173828
vt 0.234619 0.202148
vt 0.221802 0.274414
vt 0.636719 0.250977
vt 0.021378 0.037109
vt 0.022751 0.103027
vt 0.022751 0.079590
vt 0.677734 0.173828
vt 0.677734 0.146973
vt 0.014351 0.037109
vt 0.014351 0.057617
vt 0.014717 0.103027
vt 0.014717 0.127441
vt 0.420166 0.037109
vt 0.412598 0.037109
vt 0.446045 0.103027
vt 0.437012 0.103027
vt 0.347656 0.037109
vt 0.361572 0.037109
vt 0.368408 0.103027
vt 0.383545 0.103027
vt 0.361572 0.057617
vt 0.249023 0.079590
vt 0.636719 0.274414
vt 0.582031 0.443848
vt 0.580566 0.447754
vt 0.591309 0.438965
vt 0.595703 0.535156
vt 0.658691 0.443848
vt 0.658691 0.447754
vt 0.642090 0.443848
vt 0.658691 0.438965
vt 0.580566 0.399414
vt 0.580566 0.438965
vt 0.642578 0.399414
vt 0.680176 0.443848
vt 0.680176 0.447754
vt 0.680176 0.438965
vt 0.594727 0.619141
vt 0.585449 0.535156
vt 0.604004 0.619141
vt 0.612305 0.675537
vt 0.634766 0.535156
vt 0.617188 0.619141
vt 0.611328 0.535156
vt 0.635742 0.447754
vt 0.623047 0.675537
vt 0.658203 0.619141
vt 0.642090 0.619141
vt 0.657715 0.535156
vt 0.679688 0.535156
vt 0.679688 0.619141
vt 0.659180 0.668945
vt 0.635742 0.438965
vt 0.603516 0.675537
vt 0.605469 0.680664
vt 0.613281 0.680664
vt 0.637207 0.680664
vt 0.658203 0.675537
vt 0.605469 0.685791
vt 0.613770 0.685791
vt 0.637695 0.685791
vt 0.623047 0.680664
vt 0.624023 0.685791
vt 0.657715 0.685791
vt 0.658203 0.680664
vt 0.679688 0.680664
vt 0.679688 0.685791
vt 0.679688 0.675537
vt 0.642578 0.447754
vt 0.642578 0.438965
vt 0.641602 0.535156
vt 0.701660 0.685791
vt 0.701660 0.680664
vt 0.779297 0.447754
vt 0.768066 0.443848
vt 0.777832 0.443848
vt 0.768555 0.438965
vt 0.768066 0.447754
vt 0.764160 0.535156
vt 0.701172 0.443848
vt 0.717773 0.443848
vt 0.701172 0.447754
vt 0.701172 0.438965
vt 0.779785 0.399414
vt 0.779297 0.438965
vt 0.750977 0.438965
vt 0.717285 0.399414
vt 0.774414 0.535156
vt 0.755371 0.619141
vt 0.765137 0.619141
vt 0.747559 0.675537
vt 0.725098 0.535156
vt 0.748535 0.535156
vt 0.742188 0.619141
vt 0.724121 0.447754
vt 0.736816 0.675537
vt 0.701172 0.619141
vt 0.702148 0.535156
vt 0.717773 0.619141
vt 0.700684 0.668945
vt 0.724121 0.438965
vt 0.726074 0.443848
vt 0.750488 0.447754
vt 0.750977 0.443848
vt 0.047821 0.891785
vt 0.039032 0.891785
vt 0.023331 0.913879
vt 0.023331 0.891785
vt 0.047821 0.913879
vt 0.073181 0.913879
vt 0.073181 0.891785
vt 0.057526 0.891785
vt 0.756348 0.675537
vt 0.754395 0.680664
vt 0.746582 0.680664
vt 0.722656 0.680664
vt 0.701660 0.675537
vt 0.754395 0.685791
vt 0.746094 0.685791
vt 0.736328 0.680664
vt 0.722168 0.685791
vt 0.735352 0.685791
vt 0.717285 0.447754
vt 0.717285 0.438965
vt 0.718262 0.535156
vt 0.789062 0.547852
vt 0.799805 0.552246
vt 0.790527 0.552246
vt 0.799805 0.556641
vt 0.799805 0.547852
vt 0.804199 0.460449
vt 0.867188 0.552246
vt 0.850586 0.552246
vt 0.867188 0.547852
vt 0.867188 0.556641
vt 0.788574 0.596680
vt 0.789062 0.556641
vt 0.817383 0.556641
vt 0.851074 0.596680
vt 0.888184 0.552246
vt 0.888184 0.547852
vt 0.888184 0.556641
vt 0.793945 0.460449
vt 0.812988 0.376465
vt 0.803711 0.376465
vt 0.821289 0.319824
vt 0.843262 0.460449
vt 0.819824 0.460449
vt 0.826172 0.376465
vt 0.844238 0.547852
vt 0.832031 0.319824
vt 0.867188 0.376465
vt 0.866211 0.460449
vt 0.850586 0.376465
vt 0.888672 0.376465
vt 0.888672 0.460449
vt 0.868164 0.326660
vt 0.844238 0.556641
vt 0.842285 0.552246
vt 0.817383 0.552246
vt 0.817871 0.547852
vt 0.812500 0.319824
vt 0.813965 0.314941
vt 0.821777 0.314941
vt 0.846191 0.314941
vt 0.867188 0.319824
vt 0.813965 0.309570
vt 0.822754 0.309570
vt 0.832031 0.314941
vt 0.846191 0.309570
vt 0.833008 0.309570
vt 0.867188 0.314941
vt 0.866699 0.309570
vt 0.888672 0.314941
vt 0.888672 0.309570
vt 0.888672 0.319824
vt 0.851074 0.547852
vt 0.851074 0.556641
vt 0.850098 0.460449
vt 0.910645 0.309570
vt 0.910645 0.314941
vt 0.910645 0.319824
vt 0.909668 0.326660
vt 0.986328 0.552246
vt 0.987793 0.547852
vt 0.977051 0.547852
vt 0.973145 0.460449
vt 0.909668 0.552246
vt 0.909668 0.547852
vt 0.926270 0.552246
vt 0.909668 0.556641
vt 0.987793 0.596680
vt 0.987793 0.556641
vt 0.925781 0.596680
vt 0.973633 0.376465
vt 0.982910 0.460449
vt 0.964355 0.376465
vt 0.956543 0.319824
vt 0.933594 0.460449
vt 0.951172 0.376465
vt 0.957031 0.460449
vt 0.932617 0.547852
vt 0.945312 0.319824
vt 0.910156 0.376465
vt 0.926758 0.376465
vt 0.910645 0.460449
vt 0.932617 0.556641
vt 0.934570 0.552246
vt 0.959473 0.552246
vt 0.958984 0.547852
vt 0.965332 0.319824
vt 0.963379 0.314941
vt 0.955566 0.314941
vt 0.931641 0.314941
vt 0.963379 0.309570
vt 0.955078 0.309570
vt 0.931152 0.309570
vt 0.945312 0.314941
vt 0.944336 0.309570
vt 0.925781 0.547852
vt 0.925781 0.556641
vt 0.926758 0.460449
vt 0.637207 0.698486
vt 0.815918 0.297363
vt 0.606934 0.698486
vt 0.722168 0.698486
vt 0.961914 0.297363
vt 0.752930 0.698486
vt 0.846191 0.297363
vt 0.931152 0.297363
vt 0.023331 0.955902
vt 0.023331 0.871948
vt 0.073181 0.955902
vt 0.073181 0.871948
vt 0.679688 0.668945
vt 0.888672 0.326660
s 1
usemtl AB_Wushu_S0_X_MI
f 3/1/1 1/2/2 2/3/3
f 6/4/4 4/5/5 5/6/6
f 8/7/7 7/8/8 4/5/5
f 10/9/9 9/10/10 8/7/7
f 12/11/11 11/12/12 10/9/9
f 14/13/13 13/14/14 12/11/11
f 16/15/15 15/16/16 14/13/13
f 18/17/17 17/18/18 16/15/15
f 20/19/19 19/20/20 18/17/17
f 22/21/21 21/22/22 20/19/19
f 24/23/23 23/24/24 22/25/21
f 26/26/25 25/27/26 24/23/23
f 28/28/27 27/29/28 26/26/25
f 30/30/29 29/31/30 28/28/27
f 32/32/31 31/33/32 30/30/29
f 34/34/33 33/35/34 32/32/31
f 36/36/35 34/34/33 35/37/36
f 38/38/37 35/37/36 37/39/38
f 40/40/39 39/41/40 37/39/38
f 42/42/41 41/43/42 40/40/39
f 44/44/43 43/45/44 42/42/41
f 46/46/45 44/44/43 45/47/46
f 45/47/46 47/48/47 46/46/45
f 47/48/47 48/49/48 49/50/49
f 51/51/50 50/52/51 48/49/48
f 53/53/52 52/54/53 51/51/50
f 55/55/54 54/56/55 53/53/52
f 57/57/56 56/58/57 55/55/54
f 59/59/58 57/57/56 58/60/59
f 61/61/60 60/62/61 58/60/59
f 61/61/60 62/63/62 60/62/61
f 62/63/62 63/64/63 64/65/64
f 63/64/63 65/66/65 66/67/66
f 68/68/67 65/66/65 67/69/68
f 67/69/68 69/70/69 70/71/70
f 69/70/69 71/72/71 72/73/72
f 71/72/71 73/74/73 74/75/74
f 73/74/73 75/76/75 76/77/76
f 75/76/75 77/78/77 78/79/78
f 77/78/77 79/80/79 80/81/80
f 79/80/79 81/82/81 82/83/82
f 84/84/83 81/85/81 83/86/84
f 83/86/84 85/87/85 84/84/83
f 85/87/85 86/88/86 87/89/87
f 89/90/88 86/88/86 88/91/89
f 88/91/89 90/92/90 91/93/91
f 90/92/90 92/94/92 93/95/93
f 95/96/94 92/94/92 94/97/95
f 97/98/96 94/97/95 96/99/97
f 99/100/98 96/99/97 98/101/99
f 98/101/99 100/102/100 99/100/98
f 100/102/100 101/103/101 102/104/102
f 101/103/101 103/105/103 104/106/104
f 103/105/103 105/107/105 106/108/106
f 105/107/105 107/109/107 108/110/108
f 110/111/109 107/109/107 109/112/110
f 109/112/110 111/113/111 112/114/112
f 111/113/111 113/115/113 114/116/114
f 116/117/115 113/115/113 115/118/116
f 115/118/116 117/119/117 118/120/118
f 117/119/117 119/121/119 120/122/120
f 119/121/119 121/123/121 122/124/122
f 121/123/121 123/125/123 124/126/82
f 126/127/124 123/125/123 125/128/125
f 125/128/125 6/4/4 126/127/124
f 127/129/126 4/130/5 6/131/4
f 4/130/5 128/132/127 8/133/7
f 8/133/7 129/134/128 10/135/9
f 10/135/9 130/136/129 12/137/11
f 12/137/11 131/138/130 14/139/13
f 14/139/13 132/140/131 16/141/15
f 16/141/15 133/142/132 18/143/17
f 18/143/17 134/144/133 20/145/19
f 20/145/19 135/146/134 22/147/21
f 22/148/21 136/149/135 24/150/23
f 24/150/23 137/151/136 26/152/25
f 26/152/25 138/153/137 28/154/27
f 28/154/27 139/155/138 30/156/29
f 30/156/29 140/157/139 32/158/31
f 32/158/31 141/159/140 34/160/33
f 34/160/33 142/161/141 35/162/36
f 35/162/36 143/163/142 37/164/38
f 144/165/143 40/166/39 37/164/38
f 40/166/39 145/167/144 42/168/41
f 42/168/41 146/169/145 44/170/43
f 44/170/43 147/171/146 45/172/46
f 45/172/46 148/173/147 47/174/47
f 149/175/148 48/176/48 47/174/47
f 48/176/48 150/177/149 51/178/50
f 51/178/50 151/179/150 53/180/52
f 53/180/52 152/181/151 55/182/54
f 55/182/54 153/183/152 57/184/56
f 57/184/56 154/185/153 58/186/59
f 58/186/59 155/187/154 61/188/60
f 62/189/62 61/188/60 156/190/155
f 63/191/63 62/189/62 157/192/156
f 65/193/65 63/191/63 158/194/157
f 67/195/68 65/193/65 159/196/158
f 69/197/69 67/195/68 160/198/159
f 71/199/71 69/197/69 161/200/160
f 162/201/161 73/202/73 71/199/71
f 163/203/162 75/204/75 73/202/73
f 163/203/162 77/205/77 75/204/75
f 77/205/77 164/206/163 79/207/79
f 81/208/81 79/207/79 165/209/164
f 166/210/165 83/211/84 81/212/81
f 85/213/85 83/211/84 167/214/166
f 86/215/86 85/213/85 168/216/167
f 169/217/168 88/218/89 86/215/86
f 90/219/90 88/218/89 170/220/169
f 92/221/92 90/219/90 171/222/170
f 94/223/95 92/221/92 172/224/171
f 96/225/97 94/223/95 173/226/172
f 98/227/99 96/225/97 174/228/173
f 100/229/100 98/227/99 175/230/174
f 176/231/175 101/232/101 100/229/100
f 103/233/103 101/232/101 177/234/176
f 105/235/105 103/233/103 178/236/177
f 107/237/107 105/235/105 179/238/178
f 109/239/110 107/237/107 180/240/179
f 111/241/111 109/239/110 181/242/180
f 113/243/113 111/241/111 182/244/181
f 115/245/116 113/243/113 183/246/182
f 184/247/183 117/248/117 115/245/116
f 119/249/119 117/248/117 185/250/184
f 121/251/121 119/249/119 186/252/185
f 123/253/123 121/251/121 187/254/186
f 188/255/187 125/256/125 123/253/123
f 6/131/4 125/256/125 127/129/126
f 191/257/188 189/258/189 190/259/190
f 194/260/191 192/261/192 193/262/193
f 197/263/194 195/264/195 196/265/196
f 200/266/197 198/267/198 199/268/199
f 199/268/199 201/269/200 200/266/197
f 201/269/200 202/270/201 203/271/202
f 202/270/201 204/272/203 205/273/204
f 204/272/203 206/274/205 207/275/206
f 206/274/205 208/276/207 209/277/208
f 208/276/207 210/278/209 211/279/210
f 210/278/209 212/280/211 213/281/212
f 215/282/213 212/280/211 214/283/214
f 217/284/215 216/285/216 214/283/214
f 219/286/217 218/287/218 217/284/215
f 221/288/219 219/286/217 220/289/220
f 223/290/221 222/291/222 220/289/220
f 223/290/221 224/292/223 222/291/222
f 226/293/224 224/292/223 225/294/225
f 228/295/226 225/294/225 227/296/227
f 228/295/226 227/296/227 229/297/228
f 229/297/228 230/298/229 231/299/230
f 233/300/231 232/301/232 230/298/229
f 235/302/233 234/303/234 233/300/231
f 237/304/235 236/305/236 235/302/233
f 239/306/237 238/307/238 237/304/235
f 241/308/239 239/306/237 240/309/240
f 240/310/240 242/311/241 241/312/239
f 242/311/241 243/313/242 244/314/243
f 243/313/242 245/315/244 246/316/245
f 245/315/244 247/317/246 248/318/247
f 247/317/246 249/319/248 250/320/249
f 249/319/248 251/321/250 252/322/251
f 251/321/250 253/323/252 254/324/253
f 253/323/252 255/325/254 256/326/255
f 255/325/254 257/327/256 258/328/257
f 260/329/258 257/327/256 259/330/259
f 259/330/259 261/331/260 260/329/258
f 261/331/260 196/332/196 262/333/261
f 196/332/196 195/334/195 263/335/262
f 265/336/263 195/334/195 264/337/264
f 264/337/264 194/338/191 266/339/265
f 193/340/193 267/341/266 194/338/191
f 269/342/267 268/343/268 193/340/193
f 271/344/269 270/345/270 269/342/267
f 273/346/271 272/347/272 271/344/269
f 275/348/273 273/346/271 274/349/274
f 277/350/275 274/349/274 276/351/276
f 276/351/276 278/352/277 277/350/275
f 279/353/278 278/352/277 191/354/188
f 280/355/279 191/354/188 190/356/190
f 282/357/280 190/356/190 281/358/281
f 284/359/282 281/358/281 283/360/283
f 286/361/284 283/360/283 285/362/285
f 288/363/286 287/364/287 285/362/285
f 290/365/288 288/363/286 289/366/289
f 292/367/290 289/366/289 291/368/291
f 294/369/292 291/368/291 293/370/293
f 296/371/294 295/372/295 293/373/293
f 298/374/296 296/371/294 297/375/297
f 300/376/298 297/375/297 299/377/299
f 299/377/299 301/378/300 300/376/298
f 303/379/301 302/380/302 301/378/300
f 305/381/303 303/379/301 304/382/304
f 307/383/305 304/382/304 306/384/306
f 309/385/307 308/386/308 306/384/306
f 311/387/309 310/388/310 309/385/307
f 198/267/198 312/389/311 311/387/309
f 313/390/312 199/391/199 198/392/198
f 201/393/200 199/391/199 314/394/313
f 315/395/314 202/396/201 201/393/200
f 204/397/203 202/396/201 316/398/315
f 206/399/205 204/397/203 317/400/316
f 208/401/207 206/399/205 318/402/317
f 210/403/209 208/401/207 319/404/318
f 212/405/211 210/403/209 320/406/319
f 214/407/214 212/405/211 321/408/320
f 217/409/215 214/407/214 322/410/321
f 219/411/217 217/409/215 323/412/322
f 219/411/217 323/412/322 220/413/220
f 220/413/220 324/414/323 223/415/221
f 224/416/223 223/415/221 325/417/324
f 225/418/225 224/416/223 326/419/325
f 227/420/227 225/418/225 327/421/326
f 328/422/327 229/423/228 227/420/227
f 230/424/229 229/423/228 329/425/328
f 233/426/231 230/424/229 330/427/329
f 331/428/330 235/429/233 233/426/231
f 237/430/235 235/429/233 332/431/331
f 239/432/237 237/430/235 333/433/332
f 240/434/240 239/432/237 334/435/333
f 240/436/240 335/437/334 242/438/241
f 336/439/335 243/440/242 242/438/241
f 245/441/244 243/440/242 337/442/336
f 247/443/246 245/441/244 338/444/337
f 339/445/338 249/446/248 247/443/246
f 251/447/250 249/446/248 340/448/339
f 253/449/252 251/447/250 341/450/340
f 255/451/254 253/449/252 342/452/341
f 257/453/256 255/451/254 343/454/342
f 259/455/259 257/453/256 1/2/2
f 261/456/260 259/455/259 3/1/1
f 259/455/259 1/2/2 3/1/1
f 196/265/196 261/456/260 197/263/194
f 195/264/195 344/457/343 264/458/264
f 264/458/264 345/459/344 194/260/191
f 193/262/193 346/460/345 269/461/267
f 269/461/267 347/462/346 271/463/269
f 348/464/347 273/465/271 271/463/269
f 349/466/348 274/467/274 273/465/271
f 274/467/274 350/468/349 276/469/276
f 276/469/276 351/470/350 278/471/277
f 352/472/351 191/257/188 278/471/277
f 190/259/190 353/473/352 281/474/281
f 281/474/281 354/475/353 283/476/283
f 283/476/283 355/477/354 285/478/285
f 285/478/285 356/479/355 288/480/286
f 288/480/286 357/481/356 289/482/289
f 289/482/289 358/483/357 291/484/291
f 291/484/291 359/485/358 293/486/293
f 360/487/359 296/488/294 293/489/293
f 296/488/294 360/487/359 297/490/297
f 297/490/297 361/491/360 299/492/299
f 299/492/299 362/493/361 301/494/300
f 301/494/300 363/495/362 303/496/301
f 303/496/301 364/497/363 304/498/304
f 304/498/304 365/499/364 306/500/306
f 306/500/306 366/501/365 309/502/307
f 309/502/307 367/503/366 311/504/309
f 368/505/367 198/392/198 311/504/309
f 371/506/368 369/507/369 370/508/370
f 372/509/371 370/508/370 369/507/369
f 369/507/369 373/510/372 372/509/371
f 374/511/373 372/509/371 373/510/372
f 377/512/374 375/513/375 376/514/376
f 378/515/375 376/514/376 375/513/375
f 378/515/375 379/516/377 376/514/376
f 379/516/377 378/515/375 380/517/378
f 383/518/379 381/519/380 382/520/381
f 384/521/382 382/520/381 381/519/380
f 386/522/383 381/519/380 385/523/384
f 383/518/379 385/523/384 381/519/380
f 387/524/385 386/522/383 385/523/384
f 373/510/372 388/525/386 389/526/387
f 374/511/373 373/510/372 389/526/387
f 388/525/386 390/527/388 391/528/389
f 389/526/387 388/525/386 391/528/389
f 393/529/390 390/527/388 392/530/391
f 375/513/375 377/512/374 394/531/392
f 395/532/393 394/531/392 377/512/374
f 371/506/368 396/533/394 397/534/395
f 369/507/369 397/534/395 398/535/396
f 388/525/386 399/536/397 400/537/398
f 390/527/388 401/538/399 392/530/391
f 402/539/400 401/538/399 390/527/388
f 395/532/393 392/530/391 394/531/392
f 392/530/391 395/532/393 393/529/390
f 377/512/374 376/514/376 403/540/401
f 403/540/401 404/541/402 377/512/374
f 395/532/393 377/512/374 404/541/402
f 405/542/403 395/532/393 404/541/402
f 395/532/393 405/542/403 393/529/390
f 405/542/403 391/528/389 393/529/390
f 405/542/403 406/543/404 391/528/389
f 407/544/405 391/528/389 406/543/404
f 404/541/402 408/545/406 405/542/403
f 406/543/404 405/542/403 408/545/406
f 409/546/407 404/541/402 403/540/401
f 408/545/406 404/541/402 409/546/407
f 389/526/387 391/528/389 410/547/408
f 407/544/405 410/547/408 391/528/389
f 412/548/409 389/526/387 411/549/410
f 410/547/408 411/549/410 389/526/387
f 414/550/411 413/551/412 396/533/394
f 397/534/395 396/533/394 413/551/412
f 415/552/413 398/535/396 397/534/395
f 413/551/412 415/552/413 397/534/395
f 400/537/398 416/553/414 417/554/415
f 416/553/414 400/537/398 399/536/397
f 420/555/416 418/556/417 419/557/418
f 421/558/419 418/556/417 420/555/416
f 422/559/420 418/556/417 421/558/419
f 422/559/420 421/558/419 423/560/421
f 402/539/400 424/561/422 401/538/399
f 425/562/414 424/561/422 402/539/400
f 419/557/418 414/550/411 396/533/394
f 420/555/416 419/557/418 396/533/394
f 420/555/416 396/533/394 371/506/368
f 371/506/368 421/558/419 420/555/416
f 427/563/423 426/564/424 401/538/399
f 428/565/425 426/564/424 427/563/423
f 426/564/424 428/565/425 429/566/426
f 432/567/427 430/568/428 431/569/429
f 429/566/426 431/569/429 430/568/428
f 430/568/428 432/567/427 433/570/430
f 433/570/430 434/571/431 430/568/428
f 434/571/431 433/570/430 435/572/432
f 436/573/433 435/572/432 433/570/430
f 384/521/382 437/574/382 382/520/381
f 438/575/434 382/520/381 437/574/382
f 380/517/378 434/571/431 435/572/432
f 392/530/391 426/564/424 394/531/392
f 426/564/424 392/530/391 401/538/399
f 375/513/375 394/531/392 429/566/426
f 426/564/424 429/566/426 394/531/392
f 378/515/375 375/513/375 430/568/428
f 429/566/426 430/568/428 375/513/375
f 380/517/378 378/515/375 434/571/431
f 430/568/428 434/571/431 378/515/375
f 441/576/435 439/577/436 440/578/437
f 443/579/438 439/577/436 442/580/439
f 441/576/435 442/580/439 439/577/436
f 445/581/440 444/582/441 442/580/439
f 443/579/438 442/580/439 444/582/441
f 447/583/427 446/584/442 445/581/440
f 444/582/441 445/581/440 446/584/442
f 437/574/382 446/584/442 438/575/434
f 447/583/427 438/575/434 446/584/442
f 428/565/425 440/578/437 439/577/436
f 440/578/437 428/565/425 427/563/423
f 439/577/436 443/579/438 428/565/425
f 431/569/429 428/565/425 443/579/438
f 432/567/427 431/569/429 444/582/441
f 444/582/441 446/584/442 432/567/427
f 433/570/430 432/567/427 446/584/442
f 436/573/433 446/584/442 437/574/382
f 446/584/442 436/573/433 433/570/430
f 385/523/384 383/518/379 448/585/443
f 449/586/444 448/585/443 383/518/379
f 450/587/445 449/586/444 382/520/381
f 383/518/379 382/520/381 449/586/444
f 442/580/439 451/588/446 452/589/447
f 445/581/440 452/589/447 453/590/448
f 452/589/447 445/581/440 442/580/439
f 455/591/449 454/592/450 447/583/427
f 438/575/434 447/583/427 454/592/450
f 454/592/450 450/587/445 438/575/434
f 382/520/381 438/575/434 450/587/445
f 385/523/384 448/585/443 387/524/385
f 387/524/385 448/585/443 456/593/410
f 447/583/427 453/590/448 455/591/449
f 453/590/448 447/583/427 445/581/440
f 457/594/451 451/588/446 440/578/437
f 424/561/422 458/595/452 401/538/399
f 427/563/423 401/538/399 458/595/452
f 440/578/437 458/595/452 457/594/451
f 427/563/423 458/595/452 440/578/437
f 412/548/409 374/511/373 389/526/387
f 374/511/373 412/548/409 459/596/453
f 372/509/371 374/511/373 459/596/453
f 400/537/398 402/539/400 390/527/388
f 388/525/386 400/537/398 390/527/388
f 425/562/414 402/539/400 417/554/415
f 400/537/398 417/554/415 402/539/400
f 391/528/389 390/527/388 393/529/390
f 461/597/454 460/598/455 459/596/453
f 372/509/371 459/596/453 460/598/455
f 460/598/455 461/597/454 462/599/456
f 463/600/457 460/598/455 462/599/456
f 463/600/457 464/601/407 465/602/458
f 462/599/456 464/601/407 463/600/457
f 372/509/371 460/598/455 370/508/370
f 370/508/370 460/598/455 463/600/457
f 423/560/459 466/602/460 467/559/461
f 370/508/370 421/558/419 371/506/368
f 423/560/421 421/558/419 370/508/370
f 370/508/370 463/600/457 423/560/421
f 463/600/457 465/602/458 423/560/421
f 415/552/413 416/553/414 398/535/396
f 399/536/397 398/535/396 416/553/414
f 373/510/372 369/507/369 398/535/396
f 399/536/397 373/510/372 398/535/396
f 369/507/369 371/506/368 397/534/395
f 373/510/372 399/536/397 388/525/386
f 470/603/462 468/604/463 469/605/464
f 471/606/465 469/605/464 468/604/463
f 473/607/466 472/608/467 470/603/462
f 468/604/463 470/603/462 472/608/467
f 476/609/468 474/610/469 475/611/469
f 477/612/470 476/609/468 475/611/469
f 476/609/468 478/613/471 474/610/469
f 478/613/471 479/614/472 474/610/469
f 482/615/473 480/616/474 481/617/475
f 483/618/476 481/617/475 480/616/474
f 485/619/477 484/620/478 480/616/474
f 483/618/476 480/616/474 484/620/478
f 484/620/478 485/619/477 486/621/479
f 488/622/480 487/623/481 472/608/467
f 488/622/480 472/608/467 473/607/466
f 490/624/482 489/625/483 487/623/481
f 490/624/482 487/623/481 488/622/480
f 492/626/484 489/625/483 491/627/485
f 477/612/470 475/611/469 493/628/486
f 477/612/470 493/628/486 494/629/487
f 496/630/488 495/631/489 471/606/465
f 497/632/490 496/630/488 468/604/463
f 499/633/491 498/634/492 487/623/481
f 501/635/493 500/636/494 489/625/483
f 501/635/493 489/625/483 492/626/484
f 493/628/486 492/626/484 494/629/487
f 491/627/485 494/629/487 492/626/484
f 478/613/471 476/609/468 502/637/495
f 502/637/495 476/609/468 503/638/496
f 477/612/470 503/638/496 476/609/468
f 503/638/496 477/612/470 504/639/497
f 494/629/487 504/639/497 477/612/470
f 504/639/497 494/629/487 505/640/498
f 491/627/485 505/640/498 494/629/487
f 491/627/485 490/624/482 505/640/498
f 406/641/404 505/640/498 490/624/482
f 407/642/405 406/641/404 490/624/482
f 408/643/406 504/639/497 505/640/498
f 406/641/404 408/643/406 505/640/498
f 409/644/407 503/638/496 504/639/497
f 408/643/406 409/644/407 504/639/497
f 407/642/405 490/624/482 410/645/408
f 488/622/480 410/645/408 490/624/482
f 410/645/408 488/622/480 411/646/410
f 506/647/499 411/646/410 488/622/480
f 496/630/488 413/648/412 495/631/489
f 414/649/411 495/631/489 413/648/412
f 496/630/488 497/632/490 415/650/413
f 496/630/488 415/650/413 413/648/412
f 499/633/491 417/651/415 416/652/414
f 416/652/414 498/634/492 499/633/491
f 507/653/500 419/654/418 418/655/417
f 418/655/417 508/656/501 507/653/500
f 508/656/501 422/657/420 509/658/502
f 422/657/420 508/656/501 418/655/417
f 501/635/493 424/659/422 500/636/494
f 425/660/414 500/636/494 424/659/422
f 507/653/500 495/631/489 419/654/418
f 414/649/411 419/654/418 495/631/489
f 507/653/500 471/606/465 495/631/489
f 508/656/501 471/606/465 507/653/500
f 501/635/493 510/661/503 511/662/504
f 512/663/505 511/662/504 510/661/503
f 510/661/503 513/664/506 512/663/505
f 514/665/507 512/663/505 513/664/506
f 513/664/506 515/666/508 514/665/507
f 516/667/509 514/665/507 515/666/508
f 518/668/510 517/669/511 515/666/508
f 516/667/509 515/666/508 517/669/511
f 520/670/512 517/669/511 519/671/513
f 518/668/510 519/671/513 517/669/511
f 521/672/514 482/615/473 481/617/475
f 521/672/514 481/617/475 522/673/515
f 519/671/513 518/668/510 479/614/472
f 493/628/486 510/661/503 492/626/484
f 492/626/484 510/661/503 501/635/493
f 475/611/469 513/664/506 493/628/486
f 510/661/503 493/628/486 513/664/506
f 474/610/469 515/666/508 475/611/469
f 513/664/506 475/611/469 515/666/508
f 515/666/508 474/610/469 518/668/510
f 479/614/472 518/668/510 474/610/469
f 525/674/516 523/675/517 524/676/518
f 527/677/519 523/675/517 526/678/520
f 523/675/517 527/677/519 524/676/518
f 526/678/520 528/679/521 527/677/519
f 529/680/522 527/677/519 528/679/521
f 528/679/521 530/681/523 529/680/522
f 531/682/509 529/680/522 530/681/523
f 530/681/523 521/672/514 522/673/515
f 530/681/523 522/673/515 531/682/509
f 523/675/517 525/674/516 512/663/505
f 525/674/516 511/662/504 512/663/505
f 514/665/507 526/678/520 512/663/505
f 523/675/517 512/663/505 526/678/520
f 516/667/509 528/679/521 514/665/507
f 526/678/520 514/665/507 528/679/521
f 517/669/511 530/681/523 516/667/509
f 528/679/521 516/667/509 530/681/523
f 520/670/512 521/672/514 530/681/523
f 530/681/523 517/669/511 520/670/512
f 484/620/478 448/683/443 483/618/476
f 449/684/444 483/618/476 448/683/443
f 483/618/476 449/684/444 481/617/475
f 450/685/445 481/617/475 449/684/444
f 527/677/519 452/686/447 451/687/446
f 524/676/518 527/677/519 451/687/446
f 529/680/522 453/688/448 452/686/447
f 527/677/519 529/680/522 452/686/447
f 522/673/515 454/689/450 531/682/509
f 455/690/449 531/682/509 454/689/450
f 481/617/475 450/685/445 522/673/515
f 454/689/450 522/673/515 450/685/445
f 486/621/479 456/691/410 448/683/443
f 484/620/478 486/621/479 448/683/443
f 531/682/509 455/690/449 453/688/448
f 453/688/448 529/680/522 531/682/509
f 524/676/518 451/687/446 525/674/516
f 457/692/451 525/674/516 451/687/446
f 424/659/422 501/635/493 458/693/452
f 511/662/504 458/693/452 501/635/493
f 457/692/451 458/693/452 525/674/516
f 511/662/504 525/674/516 458/693/452
f 488/622/480 473/607/466 506/647/499
f 506/647/499 473/607/466 532/694/524
f 470/603/462 532/694/524 473/607/466
f 499/633/491 489/625/483 500/636/494
f 489/625/483 499/633/491 487/623/481
f 499/633/491 500/636/494 417/651/415
f 425/660/414 417/651/415 500/636/494
f 491/627/485 489/625/483 490/624/482
f 470/603/462 533/695/525 532/694/524
f 534/696/526 532/694/524 533/695/525
f 533/695/525 535/697/527 534/696/526
f 535/697/527 533/695/525 536/698/528
f 464/699/407 535/697/527 536/698/528
f 464/699/407 536/698/528 465/700/458
f 470/603/462 469/605/464 533/695/525
f 536/698/528 533/695/525 469/605/464
f 467/657/461 466/700/460 509/658/502
f 508/656/501 469/605/464 471/606/465
f 509/658/502 469/605/464 508/656/501
f 509/658/502 536/698/528 469/605/464
f 509/658/502 465/700/458 536/698/528
f 498/634/492 416/652/414 497/632/490
f 415/650/413 497/632/490 416/652/414
f 497/632/490 468/604/463 472/608/467
f 497/632/490 472/608/467 498/634/492
f 496/630/488 471/606/465 468/604/463
f 487/623/481 498/634/492 472/608/467
f 539/701/529 537/702/530 538/703/531
f 540/704/532 538/703/531 537/702/530
f 542/705/533 541/706/534 539/701/529
f 537/702/530 539/701/529 541/706/534
f 545/707/535 543/708/536 544/709/536
f 546/710/537 545/707/535 544/709/536
f 545/707/535 379/516/377 543/708/536
f 379/516/377 380/517/378 543/708/536
f 384/521/382 381/519/380 547/711/538
f 548/712/539 547/711/538 381/519/380
f 386/522/383 549/713/540 381/519/380
f 548/712/539 381/519/380 549/713/540
f 549/713/540 386/522/383 387/524/385
f 551/714/541 550/715/542 541/706/534
f 551/714/541 541/706/534 542/705/533
f 553/716/543 552/717/544 550/715/542
f 553/716/543 550/715/542 551/714/541
f 555/718/545 552/717/544 554/719/546
f 546/710/537 544/709/536 556/720/547
f 546/710/537 556/720/547 557/721/548
f 559/722/549 558/723/550 540/704/532
f 560/724/551 559/722/549 537/702/530
f 562/725/552 561/726/553 550/715/542
f 564/727/554 563/728/555 552/717/544
f 564/727/554 552/717/544 555/718/545
f 556/720/547 555/718/545 557/721/548
f 554/719/546 557/721/548 555/718/545
f 379/516/377 545/707/535 565/729/556
f 565/729/556 545/707/535 403/540/401
f 546/710/537 403/540/401 545/707/535
f 403/540/401 546/710/537 566/730/557
f 557/721/548 566/730/557 546/710/537
f 566/730/557 557/721/548 567/731/558
f 554/719/546 567/731/558 557/721/548
f 554/719/546 553/716/543 567/731/558
f 568/732/559 567/731/558 553/716/543
f 569/733/560 568/732/559 553/716/543
f 570/734/561 566/730/557 567/731/558
f 568/732/559 570/734/561 567/731/558
f 409/546/407 403/540/401 566/730/557
f 570/734/561 409/546/407 566/730/557
f 569/733/560 553/716/543 571/735/562
f 551/714/541 571/735/562 553/716/543
f 571/735/562 551/714/541 411/549/410
f 412/548/409 411/549/410 551/714/541
f 559/722/549 572/736/563 558/723/550
f 573/737/564 558/723/550 572/736/563
f 559/722/549 560/724/551 574/738/565
f 559/722/549 574/738/565 572/736/563
f 562/725/552 575/739/566 576/740/567
f 561/726/553 562/725/552 576/740/567
f 579/741/568 577/742/569 578/743/570
f 580/744/571 579/741/568 578/743/570
f 578/743/570 581/745/572 580/744/571
f 582/746/573 580/744/571 581/745/572
f 564/727/554 583/747/574 563/728/555
f 584/748/567 563/728/555 583/747/574
f 577/742/569 558/723/550 573/737/564
f 579/741/568 558/723/550 577/742/569
f 580/744/571 540/704/532 579/741/568
f 558/723/550 579/741/568 540/704/532
f 564/727/554 585/749/575 586/750/576
f 587/751/577 586/750/576 585/749/575
f 585/749/575 588/752/578 587/751/577
f 589/753/579 587/751/577 588/752/578
f 588/752/578 590/754/580 589/753/579
f 591/755/581 589/753/579 590/754/580
f 593/756/582 592/757/583 590/754/580
f 591/755/581 590/754/580 592/757/583
f 436/573/433 592/757/583 435/572/432
f 593/756/582 435/572/432 592/757/583
f 437/574/382 384/521/382 547/711/538
f 437/574/382 547/711/538 594/758/584
f 435/572/432 593/756/582 380/517/378
f 556/720/547 585/749/575 555/718/545
f 555/718/545 585/749/575 564/727/554
f 544/709/536 588/752/578 556/720/547
f 585/749/575 556/720/547 588/752/578
f 543/708/536 590/754/580 544/709/536
f 588/752/578 544/709/536 590/754/580
f 590/754/580 543/708/536 593/756/582
f 380/517/378 593/756/582 543/708/536
f 597/759/585 595/760/586 596/761/587
f 599/762/588 595/760/586 598/763/589
f 595/760/586 599/762/588 596/761/587
f 598/763/589 600/764/590 599/762/588
f 601/765/591 599/762/588 600/764/590
f 600/764/590 602/766/592 601/765/591
f 603/767/581 601/765/591 602/766/592
f 602/766/592 437/574/382 594/758/584
f 602/766/592 594/758/584 603/767/581
f 595/760/586 597/759/585 587/751/577
f 597/759/585 586/750/576 587/751/577
f 589/753/579 598/763/589 587/751/577
f 595/760/586 587/751/577 598/763/589
f 591/755/581 600/764/590 589/753/579
f 598/763/589 589/753/579 600/764/590
f 592/757/583 602/766/592 591/755/581
f 600/764/590 591/755/581 602/766/592
f 436/573/433 437/574/382 602/766/592
f 602/766/592 592/757/583 436/573/433
f 549/713/540 604/768/593 548/712/539
f 605/769/594 548/712/539 604/768/593
f 548/712/539 605/769/594 547/711/538
f 606/770/595 547/711/538 605/769/594
f 599/762/588 607/771/596 608/772/597
f 596/761/587 599/762/588 608/772/597
f 601/765/591 609/773/598 607/771/596
f 599/762/588 601/765/591 607/771/596
f 594/758/584 610/774/599 603/767/581
f 611/775/600 603/767/581 610/774/599
f 547/711/538 606/770/595 594/758/584
f 610/774/599 594/758/584 606/770/595
f 387/524/385 456/593/410 604/768/593
f 549/713/540 387/524/385 604/768/593
f 603/767/581 611/775/600 609/773/598
f 609/773/598 601/765/591 603/767/581
f 596/761/587 608/772/597 597/759/585
f 612/776/601 597/759/585 608/772/597
f 583/747/574 564/727/554 613/777/602
f 586/750/576 613/777/602 564/727/554
f 612/776/601 613/777/602 597/759/585
f 586/750/576 597/759/585 613/777/602
f 551/714/541 542/705/533 412/548/409
f 412/548/409 542/705/533 459/596/453
f 539/701/529 459/596/453 542/705/533
f 562/725/552 552/717/544 563/728/555
f 552/717/544 562/725/552 550/715/542
f 584/748/567 575/739/566 563/728/555
f 562/725/552 563/728/555 575/739/566
f 554/719/546 552/717/544 553/716/543
f 461/597/454 459/596/453 614/778/603
f 539/701/529 614/778/603 459/596/453
f 614/778/603 462/599/456 461/597/454
f 462/599/456 614/778/603 615/779/604
f 615/779/604 616/780/605 464/601/407
f 462/599/456 615/779/604 464/601/407
f 539/701/529 538/703/531 614/778/603
f 615/779/604 614/778/603 538/703/531
f 618/745/572 617/780/605 582/746/606
f 540/704/532 580/744/571 538/703/531
f 582/746/573 538/703/531 580/744/571
f 582/746/573 615/779/604 538/703/531
f 582/746/573 616/780/605 615/779/604
f 561/726/553 576/740/567 560/724/551
f 574/738/565 560/724/551 576/740/567
f 560/724/551 537/702/530 541/706/534
f 560/724/551 541/706/534 561/726/553
f 559/722/549 540/704/532 537/702/530
f 550/715/542 561/726/553 541/706/534
f 621/781/607 619/782/608 620/783/609
f 622/784/610 620/783/609 619/782/608
f 619/782/608 623/785/611 622/784/610
f 624/786/612 622/784/610 623/785/611
f 627/787/613 625/788/614 626/789/615
f 628/790/616 626/789/615 625/788/614
f 628/790/616 478/613/471 626/789/615
f 478/613/471 628/790/616 479/614/472
f 630/791/617 480/616/474 629/792/618
f 482/615/473 629/792/618 480/616/474
f 485/619/477 480/616/474 631/793/619
f 630/791/617 631/793/619 480/616/474
f 486/621/479 485/619/477 631/793/619
f 623/785/611 632/794/620 633/795/621
f 624/786/612 623/785/611 633/795/621
f 632/794/620 634/796/622 635/797/623
f 633/795/621 632/794/620 635/797/623
f 637/798/624 634/796/622 636/799/625
f 625/788/614 627/787/613 638/800/626
f 639/801/627 638/800/626 627/787/613
f 621/781/607 640/802/628 641/803/629
f 619/782/608 641/803/629 642/804/630
f 632/794/620 643/805/631 644/806/632
f 634/796/622 645/807/633 636/799/625
f 646/808/634 645/807/633 634/796/622
f 639/801/627 636/799/625 638/800/626
f 636/799/625 639/801/627 637/798/624
f 502/637/495 626/789/615 478/613/471
f 502/637/495 503/638/496 626/789/615
f 627/787/613 626/789/615 503/638/496
f 503/638/496 647/809/635 627/787/613
f 639/801/627 627/787/613 647/809/635
f 648/810/636 639/801/627 647/809/635
f 639/801/627 648/810/636 637/798/624
f 648/810/636 635/797/623 637/798/624
f 648/810/636 568/811/559 635/797/623
f 569/812/560 635/797/623 568/811/559
f 647/809/635 570/813/561 648/810/636
f 568/811/559 648/810/636 570/813/561
f 409/644/407 647/809/635 503/638/496
f 570/813/561 647/809/635 409/644/407
f 633/795/621 635/797/623 571/814/562
f 569/812/560 571/814/562 635/797/623
f 506/647/499 633/795/621 411/646/410
f 571/814/562 411/646/410 633/795/621
f 573/815/564 572/816/563 640/802/628
f 641/803/629 640/802/628 572/816/563
f 574/817/565 642/804/630 641/803/629
f 572/816/563 574/817/565 641/803/629
f 576/818/567 644/806/632 643/805/631
f 575/819/566 644/806/632 576/818/567
f 578/820/570 649/821/637 650/822/638
f 577/823/569 649/821/637 578/820/570
f 651/824/639 581/825/572 650/822/638
f 578/820/570 650/822/638 581/825/572
f 646/808/634 583/826/574 645/807/633
f 584/827/567 583/826/574 646/808/634
f 640/802/628 577/823/569 573/815/564
f 649/821/637 577/823/569 640/802/628
f 649/821/637 640/802/628 621/781/607
f 650/822/638 649/821/637 621/781/607
f 653/828/640 652/829/641 645/807/633
f 654/830/642 652/829/641 653/828/640
f 652/829/641 654/830/642 655/831/643
f 656/832/644 655/831/643 654/830/642
f 658/833/645 657/834/646 656/832/644
f 655/831/643 656/832/644 657/834/646
f 657/834/646 658/833/645 659/835/647
f 659/835/647 660/836/648 657/834/646
f 660/836/648 659/835/647 519/671/513
f 520/670/512 519/671/513 659/835/647
f 482/615/473 521/672/514 629/792/618
f 661/837/649 629/792/618 521/672/514
f 479/614/472 660/836/648 519/671/513
f 636/799/625 652/829/641 638/800/626
f 652/829/641 636/799/625 645/807/633
f 625/788/614 638/800/626 655/831/643
f 652/829/641 655/831/643 638/800/626
f 628/790/616 625/788/614 657/834/646
f 655/831/643 657/834/646 625/788/614
f 479/614/472 628/790/616 660/836/648
f 657/834/646 660/836/648 628/790/616
f 664/838/650 662/839/651 663/840/652
f 666/841/653 662/839/651 665/842/654
f 664/838/650 665/842/654 662/839/651
f 668/843/655 667/844/656 665/842/654
f 666/841/653 665/842/654 667/844/656
f 670/845/645 669/846/657 668/843/655
f 667/844/656 668/843/655 669/846/657
f 521/672/514 669/846/657 661/837/649
f 670/845/645 661/837/649 669/846/657
f 654/830/642 663/840/652 662/839/651
f 663/840/652 654/830/642 653/828/640
f 662/839/651 666/841/653 654/830/642
f 656/832/644 654/830/642 666/841/653
f 666/841/653 667/844/656 656/832/644
f 658/833/645 656/832/644 667/844/656
f 667/844/656 669/846/657 658/833/645
f 659/835/647 658/833/645 669/846/657
f 520/670/512 669/846/657 521/672/514
f 669/846/657 520/670/512 659/835/647
f 631/793/619 630/791/617 604/847/593
f 605/848/594 604/847/593 630/791/617
f 606/849/595 605/848/594 629/792/618
f 630/791/617 629/792/618 605/848/594
f 665/842/654 608/850/597 607/851/596
f 608/850/597 665/842/654 664/838/650
f 668/843/655 607/851/596 609/852/598
f 607/851/596 668/843/655 665/842/654
f 611/853/600 610/854/599 670/845/645
f 661/837/649 670/845/645 610/854/599
f 610/854/599 606/849/595 661/837/649
f 629/792/618 661/837/649 606/849/595
f 631/793/619 604/847/593 486/621/479
f 486/621/479 604/847/593 456/691/410
f 670/845/645 609/852/598 611/853/600
f 609/852/598 670/845/645 668/843/655
f 612/855/601 608/850/597 663/840/652
f 664/838/650 663/840/652 608/850/597
f 583/826/574 613/856/602 645/807/633
f 653/828/640 645/807/633 613/856/602
f 663/840/652 613/856/602 612/855/601
f 653/828/640 613/856/602 663/840/652
f 506/647/499 624/786/612 633/795/621
f 624/786/612 506/647/499 532/694/524
f 622/784/610 624/786/612 532/694/524
f 644/806/632 646/808/634 634/796/622
f 632/794/620 644/806/632 634/796/622
f 644/806/632 575/819/566 646/808/634
f 584/827/567 646/808/634 575/819/566
f 635/797/623 634/796/622 637/798/624
f 622/784/610 532/694/524 671/857/658
f 534/696/526 671/857/658 532/694/524
f 671/857/658 534/696/526 535/697/527
f 672/858/659 671/857/658 535/697/527
f 672/858/659 535/697/527 464/699/407
f 616/859/605 672/858/659 464/699/407
f 622/784/610 671/857/658 620/783/609
f 620/783/609 671/857/658 672/858/659
f 651/824/660 617/859/605 618/825/572
f 651/824/639 650/822/638 620/783/609
f 650/822/638 621/781/607 620/783/609
f 620/783/609 672/858/659 651/824/639
f 672/858/659 616/859/605 651/824/639
f 574/817/565 576/818/567 642/804/630
f 643/805/631 642/804/630 576/818/567
f 623/785/611 619/782/608 642/804/630
f 643/805/631 623/785/611 642/804/630
f 619/782/608 621/781/607 641/803/629
f 623/785/611 643/805/631 632/794/620
f 675/860/661 673/861/662 674/862/663
f 677/863/664 673/861/662 676/864/665
f 675/860/661 676/864/665 673/861/662
f 680/865/666 678/866/667 679/867/668
f 683/868/669 681/869/670 682/870/671
f 686/871/672 684/872/474 685/873/673
f 686/871/672 687/874/674 688/875/474
f 680/865/666 676/864/665 675/860/661
f 679/867/668 676/864/665 680/865/666
f 689/876/675 682/870/671 674/862/663
f 681/869/670 674/862/663 682/870/671
f 685/873/673 690/877/676 686/871/672
f 691/878/677 686/871/672 690/877/676
f 686/871/672 691/878/677 687/874/674
f 692/879/678 687/874/674 691/878/677
f 680/865/666 681/869/670 678/866/667
f 695/880/679 693/881/680 694/882/681
f 698/883/682 696/884/683 697/885/684
f 695/880/679 694/882/681 699/886/685
f 682/870/671 685/873/673 700/887/686
f 689/876/675 690/877/676 682/870/671
f 685/873/673 682/870/671 690/877/676
f 703/888/687 701/889/688 702/890/689
f 704/891/690 702/890/689 701/889/688
f 707/892/691 705/893/692 706/894/693
f 695/880/679 708/895/694 709/896/695
f 699/886/685 708/895/694 695/880/679
f 711/897/696 703/888/687 710/898/697
f 702/890/689 710/898/697 703/888/687
f 674/862/663 681/869/670 675/860/661
f 713/899/698 711/897/696 712/900/699
f 710/898/697 712/900/699 711/897/696
f 716/901/700 714/902/701 715/903/702
f 717/904/703 715/903/702 714/902/701
f 715/903/702 718/905/704 716/901/700
f 712/900/699 716/901/700 718/905/704
f 714/902/701 719/906/705 717/904/703
f 720/907/706 717/904/703 719/906/705
f 718/905/704 721/908/707 722/909/708
f 723/910/709 721/908/707 718/905/704
f 724/911/710 690/877/676 720/907/706
f 717/904/703 720/907/706 689/876/675
f 690/877/676 689/876/675 720/907/706
f 689/876/675 674/862/663 717/904/703
f 715/903/702 717/904/703 674/862/663
f 723/910/709 715/903/702 674/862/663
f 713/899/698 718/905/704 722/909/708
f 718/905/704 713/899/698 712/900/699
f 702/890/689 704/891/690 714/902/701
f 714/902/701 704/891/690 719/906/705
f 710/898/697 702/890/689 716/901/700
f 714/902/701 716/901/700 702/890/689
f 716/901/700 712/900/699 710/898/697
f 721/908/707 723/910/709 677/863/664
f 673/861/662 677/863/664 723/910/709
f 723/910/709 674/862/663 673/861/662
f 675/860/661 681/869/670 680/865/666
f 718/905/704 715/903/702 723/910/709
f 727/912/711 725/913/712 726/914/713
f 728/915/714 727/912/711 726/914/713
f 728/915/714 726/914/713 729/916/715
f 730/917/716 728/915/714 729/916/715
f 730/917/716 729/916/715 731/918/717
f 724/911/710 730/917/716 731/918/717
f 734/919/718 732/920/410 733/921/719
f 734/919/718 733/921/719 735/922/720
f 728/915/714 701/889/688 727/912/711
f 704/891/690 701/889/688 728/915/714
f 738/923/721 736/924/722 737/925/723
f 737/925/723 736/924/722 739/926/724
f 724/911/710 720/907/706 730/917/716
f 736/924/722 735/922/720 739/926/724
f 733/921/719 739/926/724 735/922/720
f 704/891/690 728/915/714 730/917/716
f 726/914/713 725/913/712 735/922/720
f 734/919/718 735/922/720 725/913/712
f 729/916/715 726/914/713 736/924/722
f 735/922/720 736/924/722 726/914/713
f 731/918/717 729/916/715 738/923/721
f 736/924/722 738/923/721 729/916/715
f 737/925/723 692/879/678 738/923/721
f 731/918/717 691/878/677 724/911/710
f 738/923/721 691/878/677 731/918/717
f 692/879/678 691/878/677 738/923/721
f 724/911/710 691/878/677 690/877/676
f 742/927/725 740/928/726 741/929/727
f 744/930/728 740/928/726 743/931/729
f 741/929/727 740/928/726 744/930/728
f 747/932/730 745/933/731 746/934/732
f 750/935/733 748/936/734 749/937/735
f 753/938/736 751/939/737 752/940/474
f 688/875/474 687/874/674 753/938/736
f 741/929/727 744/930/728 747/932/730
f 745/933/731 747/932/730 744/930/728
f 754/941/738 742/927/725 750/935/733
f 748/936/734 750/935/733 742/927/725
f 756/942/739 755/943/740 753/938/736
f 751/939/737 753/938/736 755/943/740
f 692/879/678 756/942/739 687/874/674
f 753/938/736 687/874/674 756/942/739
f 747/932/730 746/934/732 748/936/734
f 751/939/737 750/935/733 757/944/741
f 755/943/740 754/941/738 750/935/733
f 751/939/737 755/943/740 750/935/733
f 760/945/742 758/946/743 759/947/744
f 761/948/745 759/947/744 758/946/743
f 764/949/746 762/950/747 763/951/748
f 759/947/744 761/948/745 765/952/749
f 766/953/718 765/952/749 761/948/745
f 741/929/727 748/936/734 742/927/725
f 765/952/749 766/953/718 767/954/750
f 768/955/751 767/954/750 766/953/718
f 771/956/752 769/957/753 770/958/754
f 772/959/755 770/958/754 769/957/753
f 767/954/750 773/960/756 772/959/755
f 770/958/754 772/959/755 773/960/756
f 775/961/757 774/962/758 771/956/752
f 769/957/753 771/956/752 774/962/758
f 773/960/756 776/963/759 777/964/447
f 778/965/760 773/960/756 777/964/447
f 775/961/757 755/943/740 779/966/761
f 775/961/757 771/956/752 754/941/738
f 755/943/740 775/961/757 754/941/738
f 770/958/754 742/927/725 771/956/752
f 754/941/738 771/956/752 742/927/725
f 742/927/725 770/958/754 778/965/760
f 768/955/751 776/963/759 773/960/756
f 767/954/750 768/955/751 773/960/756
f 774/962/758 760/945/742 769/957/753
f 769/957/753 760/945/742 759/947/744
f 769/957/753 759/947/744 772/959/755
f 765/952/749 772/959/755 759/947/744
f 765/952/749 767/954/750 772/959/755
f 740/928/726 778/965/760 743/931/729
f 777/964/447 743/931/729 778/965/760
f 740/928/726 742/927/725 778/965/760
f 747/932/730 748/936/734 741/929/727
f 778/965/760 770/958/754 773/960/756
f 782/967/762 780/968/763 781/969/764
f 782/967/762 781/969/764 783/970/765
f 783/970/765 784/971/766 782/967/762
f 784/971/766 783/970/765 785/972/767
f 786/973/768 784/971/766 785/972/767
f 786/973/768 785/972/767 779/966/761
f 733/921/719 732/920/410 787/974/769
f 788/975/770 733/921/719 787/974/769
f 781/969/764 758/946/743 783/970/765
f 760/945/742 783/970/765 758/946/743
f 790/976/771 789/977/772 737/925/723
f 790/976/771 737/925/723 739/926/724
f 779/966/761 785/972/767 775/961/757
f 733/921/719 788/975/770 739/926/724
f 790/976/771 739/926/724 788/975/770
f 783/970/765 760/945/742 785/972/767
f 787/974/769 780/968/763 788/975/770
f 782/967/762 788/975/770 780/968/763
f 788/975/770 782/967/762 790/976/771
f 784/971/766 790/976/771 782/967/762
f 790/976/771 784/971/766 789/977/772
f 786/973/768 789/977/772 784/971/766
f 789/977/772 692/879/678 737/925/723
f 779/966/761 756/942/739 786/973/768
f 786/973/768 756/942/739 789/977/772
f 789/977/772 756/942/739 692/879/678
f 755/943/740 756/942/739 779/966/761
f 793/978/773 791/979/774 792/980/775
f 676/981/665 791/979/774 677/982/664
f 792/980/775 791/979/774 676/981/665
f 795/983/776 679/984/668 794/985/777
f 798/986/778 796/987/779 797/988/780
f 801/989/364 799/990/781 800/991/380
f 803/992/380 802/993/782 801/989/364
f 792/980/775 676/981/665 795/983/776
f 679/984/668 795/983/776 676/981/665
f 804/994/783 793/978/773 798/986/778
f 796/987/779 798/986/778 793/978/773
f 806/995/784 805/996/785 801/989/364
f 799/990/781 801/989/364 805/996/785
f 807/997/786 806/995/784 802/993/782
f 801/989/364 802/993/782 806/995/784
f 795/983/776 794/985/777 796/987/779
f 809/998/787 697/885/684 808/999/788
f 799/990/781 798/986/778 810/1000/789
f 805/996/785 804/994/783 798/986/778
f 799/990/781 805/996/785 798/986/778
f 703/1001/687 811/1002/790 701/1003/688
f 812/1004/791 701/1003/688 811/1002/790
f 815/1005/792 813/1006/793 814/1007/794
f 711/1008/696 816/1009/795 703/1001/687
f 811/1002/790 703/1001/687 816/1009/795
f 792/980/775 796/987/779 793/978/773
f 816/1009/795 711/1008/696 817/1010/796
f 713/1011/698 817/1010/796 711/1008/696
f 820/1012/797 818/1013/798 819/1014/799
f 821/1015/800 819/1014/799 818/1013/798
f 817/1010/796 822/1016/801 821/1015/800
f 819/1014/799 821/1015/800 822/1016/801
f 824/1017/802 823/1018/803 820/1012/797
f 818/1013/798 820/1012/797 823/1018/803
f 822/1016/801 722/1019/708 721/1020/707
f 825/1021/804 822/1016/801 721/1020/707
f 824/1017/802 805/996/785 826/1022/805
f 824/1017/802 820/1012/797 804/994/783
f 805/996/785 824/1017/802 804/994/783
f 819/1014/799 793/978/773 820/1012/797
f 804/994/783 820/1012/797 793/978/773
f 793/978/773 819/1014/799 825/1021/804
f 822/1016/801 817/1010/796 713/1011/698
f 822/1016/801 713/1011/698 722/1019/708
f 818/1013/798 823/1018/803 812/1004/791
f 811/1002/790 818/1013/798 812/1004/791
f 816/1009/795 821/1015/800 811/1002/790
f 818/1013/798 811/1002/790 821/1015/800
f 816/1009/795 817/1010/796 821/1015/800
f 791/979/774 825/1021/804 677/982/664
f 721/1020/707 677/982/664 825/1021/804
f 791/979/774 793/978/773 825/1021/804
f 795/983/776 796/987/779 792/980/775
f 825/1021/804 819/1014/799 822/1016/801
f 828/1023/806 827/1024/807 727/1025/711
f 725/1026/712 727/1025/711 827/1024/807
f 830/1027/808 829/1028/809 828/1023/806
f 827/1024/807 828/1023/806 829/1028/809
f 831/1029/810 829/1028/809 830/1027/808
f 831/1029/810 830/1027/808 826/1022/805
f 832/1030/811 732/1031/410 734/1032/718
f 833/1033/812 832/1030/811 734/1032/718
f 701/1003/688 812/1004/791 828/1023/806
f 701/1003/688 828/1023/806 727/1025/711
f 836/1034/813 834/1035/814 835/1036/815
f 836/1034/813 835/1036/815 837/1037/816
f 826/1022/805 830/1027/808 824/1017/802
f 823/1018/803 824/1017/802 830/1027/808
f 836/1034/813 837/1037/816 833/1033/812
f 832/1030/811 833/1033/812 837/1037/816
f 812/1004/791 823/1018/803 830/1027/808
f 812/1004/791 830/1027/808 828/1023/806
f 827/1024/807 833/1033/812 725/1026/712
f 734/1032/718 725/1026/712 833/1033/812
f 829/1028/809 836/1034/813 827/1024/807
f 833/1033/812 827/1024/807 836/1034/813
f 836/1034/813 829/1028/809 834/1035/814
f 831/1029/810 834/1035/814 829/1028/809
f 834/1035/814 807/997/786 835/1036/815
f 826/1022/805 806/995/784 831/1029/810
f 831/1029/810 806/995/784 834/1035/814
f 834/1035/814 806/995/784 807/997/786
f 805/996/785 806/995/784 826/1022/805
f 840/1038/817 838/1039/818 839/1040/819
f 743/1041/729 838/1039/818 744/1042/728
f 840/1038/817 744/1042/728 838/1039/818
f 842/1043/820 841/1044/821 745/1045/731
f 845/1046/822 843/1047/380 844/1048/823
f 845/1046/822 802/993/782 803/992/380
f 842/1043/820 744/1042/728 840/1038/817
f 745/1045/731 744/1042/728 842/1043/820
f 847/1049/824 846/1050/825 839/1040/819
f 848/1051/826 839/1040/819 846/1050/825
f 844/1048/823 849/1052/827 845/1046/822
f 850/1053/828 845/1046/822 849/1052/827
f 845/1046/822 850/1053/828 802/993/782
f 807/997/786 802/993/782 850/1053/828
f 842/1043/820 848/1051/826 841/1044/821
f 846/1050/825 844/1048/823 851/1054/829
f 847/1049/824 849/1052/827 846/1050/825
f 844/1048/823 846/1050/825 849/1052/827
f 853/1055/830 852/1056/831 758/1057/743
f 761/1058/745 758/1057/743 852/1056/831
f 856/1059/832 854/1060/833 855/1061/834
f 852/1056/831 857/1062/835 761/1058/745
f 766/1063/718 761/1058/745 857/1062/835
f 839/1040/819 848/1051/826 840/1038/817
f 857/1062/835 858/1064/836 766/1063/718
f 768/1065/751 766/1063/718 858/1064/836
f 861/1066/837 859/1067/838 860/1068/839
f 862/1069/840 860/1068/839 859/1067/838
f 860/1068/839 863/1070/841 861/1066/837
f 858/1064/836 861/1066/837 863/1070/841
f 859/1067/838 864/1071/842 862/1069/840
f 865/1072/843 862/1069/840 864/1071/842
f 863/1070/841 777/1073/447 776/1074/759
f 866/1075/844 777/1073/447 863/1070/841
f 867/1076/845 849/1052/827 865/1072/843
f 862/1069/840 865/1072/843 847/1049/824
f 849/1052/827 847/1049/824 865/1072/843
f 847/1049/824 839/1040/819 862/1069/840
f 860/1068/839 862/1069/840 839/1040/819
f 866/1075/844 860/1068/839 839/1040/819
f 858/1064/836 863/1070/841 768/1065/751
f 776/1074/759 768/1065/751 863/1070/841
f 859/1067/838 853/1055/830 864/1071/842
f 853/1055/830 859/1067/838 852/1056/831
f 859/1067/838 861/1066/837 852/1056/831
f 857/1062/835 852/1056/831 861/1066/837
f 861/1066/837 858/1064/836 857/1062/835
f 777/1073/447 866/1075/844 743/1041/729
f 838/1039/818 743/1041/729 866/1075/844
f 866/1075/844 839/1040/819 838/1039/818
f 840/1038/817 848/1051/826 842/1043/820
f 863/1070/841 860/1068/839 866/1075/844
f 781/1077/764 868/1078/846 869/1079/847
f 780/1080/763 868/1078/846 781/1077/764
f 871/1081/848 870/1082/849 869/1079/847
f 868/1078/846 871/1081/848 869/1079/847
f 870/1082/849 871/1081/848 872/1083/850
f 867/1076/845 870/1082/849 872/1083/850
f 787/1084/769 732/1031/410 832/1030/811
f 787/1084/769 832/1030/811 873/1085/851
f 869/1079/847 853/1055/830 758/1057/743
f 781/1077/764 869/1079/847 758/1057/743
f 875/1086/852 874/1087/853 835/1036/815
f 835/1036/815 874/1087/853 837/1037/816
f 867/1076/845 865/1072/843 870/1082/849
f 832/1030/811 837/1037/816 873/1085/851
f 874/1087/853 873/1085/851 837/1037/816
f 869/1079/847 870/1082/849 853/1055/830
f 787/1084/769 873/1085/851 780/1080/763
f 868/1078/846 780/1080/763 873/1085/851
f 873/1085/851 874/1087/853 868/1078/846
f 871/1081/848 868/1078/846 874/1087/853
f 872/1083/850 871/1081/848 875/1086/852
f 874/1087/853 875/1086/852 871/1081/848
f 835/1036/815 807/997/786 875/1086/852
f 872/1083/850 850/1053/828 867/1076/845
f 875/1086/852 850/1053/828 872/1083/850
f 807/997/786 850/1053/828 875/1086/852
f 867/1076/845 850/1053/828 849/1052/827
f 878/1088/854 876/1089/855 877/1090/856
f 880/1091/857 877/1090/856 879/1092/858
f 882/1093/859 880/1091/857 881/1094/860
f 882/1093/859 881/1094/860 883/1095/861
f 886/1096/862 884/1097/863 885/1098/864
f 888/1099/865 885/1100/864 887/1101/866
f 888/1099/865 887/1101/866 878/1088/854
f 891/1102/867 889/1103/868 890/1104/869
f 883/1095/861 892/1105/870 890/1104/869
f 895/1106/871 893/1107/872 894/1108/873
f 897/1109/874 896/1110/875 893/1111/872
f 896/1110/875 897/1109/874 889/1103/868
f 900/1112/876 898/1113/877 899/1114/878
f 902/1115/879 901/1116/880 898/1113/877
f 904/1117/881 903/1118/882 902/1115/879
f 903/1118/882 904/1117/881 905/1119/883
f 884/1097/863 886/1096/862 900/1112/876
f 908/1120/884 906/1121/885 907/1122/886
f 905/1119/883 907/1122/886 909/1123/887
f 895/1106/871 894/1108/873 908/1120/884
f 698/883/682 910/1124/888 880/1125/857
f 698/883/682 880/1125/857 696/884/683
f 888/1126/865 911/1127/889 885/1128/864
f 910/1124/888 888/1126/865 878/1129/854
f 893/1130/872 912/1131/890 897/1132/874
f 889/1133/868 897/1132/874 913/1134/891
f 809/998/787 902/1135/879 914/1136/892
f 809/998/787 808/999/788 902/1135/879
f 886/1137/862 885/1128/864 911/1127/889
f 900/1138/876 886/1137/862 914/1136/892
f 912/1131/890 893/1130/872 895/1139/871
f 915/1140/893 895/1139/871 908/1141/884
f 918/1142/894 916/1143/895 917/1144/896
f 919/1145/897 917/1144/896 916/1143/895
f 921/1146/898 920/1147/899 918/1142/894
f 916/1143/895 918/1142/894 920/1147/899
f 917/1144/896 919/1145/897 922/1148/900
f 923/1149/901 922/1148/900 919/1145/897
f 926/1150/902 924/1151/903 925/1152/904
f 927/1153/905 925/1152/904 924/1151/903
f 926/1150/902 928/1154/906 924/1151/903
f 928/1154/906 929/1155/907 924/1151/903
f 931/1156/908 930/1157/909 923/1149/901
f 922/1148/900 923/1149/901 930/1157/909
f 934/1158/910 932/1159/911 933/1160/912
f 935/1161/913 933/1160/912 932/1159/911
f 932/1159/911 934/1158/910 936/1162/914
f 937/1163/915 936/1162/914 934/1158/910
f 940/1164/916 938/1165/917 939/1166/918
f 941/1167/919 939/1166/918 938/1165/917
f 938/1165/917 942/1168/920 941/1167/919
f 943/1169/921 941/1167/919 942/1168/920
f 945/1170/922 944/1171/923 921/1146/898
f 920/1147/899 921/1146/898 944/1171/923
f 947/1172/924 946/1173/925 944/1171/923
f 945/1170/922 947/1172/924 944/1171/923
f 949/1174/926 948/1175/927 927/1153/905
f 925/1152/904 927/1153/905 948/1175/927
f 936/1162/914 937/1163/915 950/1176/928
f 951/1177/929 936/1162/914 950/1176/928
f 943/1169/921 942/1168/920 952/1178/930
f 953/1179/931 952/1178/930 942/1168/920
f 956/1180/932 954/1181/933 955/1182/934
f 957/1183/935 955/1182/934 954/1181/933
f 960/1184/936 958/1185/937 959/1186/938
f 961/1187/939 959/1186/938 958/1185/937
f 957/1183/935 954/1181/933 962/1188/940
f 963/1189/941 962/1188/940 954/1181/933
f 966/1190/942 964/1191/943 965/1192/944
f 965/1192/944 967/1193/945 966/1190/942
f 970/1194/946 968/1195/947 969/1196/948
f 971/1197/949 969/1196/948 968/1195/947
f 950/1176/928 972/1198/950 951/1177/929
f 973/1199/951 951/1177/929 972/1198/950
f 952/1178/930 953/1179/931 974/1200/952
f 974/1200/952 975/1201/953 952/1178/930
f 962/1188/940 963/1189/941 976/1202/954
f 977/1203/955 976/1202/954 963/1189/941
f 959/1186/938 961/1187/939 978/1204/956
f 979/1205/957 978/1204/956 961/1187/939
f 976/1202/954 977/1203/955 980/1206/958
f 981/1207/959 980/1206/958 977/1203/955
f 981/1207/959 982/1208/960 980/1206/958
f 983/1209/961 980/1206/958 982/1208/960
f 978/1204/956 979/1205/957 965/1192/944
f 967/1193/945 965/1192/944 979/1205/957
f 982/1208/960 984/1210/962 983/1209/961
f 985/1211/963 983/1209/961 984/1210/962
f 968/1195/947 986/1212/964 971/1197/949
f 986/1212/964 987/1213/965 971/1197/949
f 972/1198/950 988/1214/966 973/1199/951
f 988/1214/966 989/1215/967 973/1199/951
f 975/1201/953 974/1200/952 990/1216/968
f 990/1216/968 991/1217/969 975/1201/953
f 985/1211/963 984/1210/962 992/1218/970
f 993/1219/971 992/1218/970 984/1210/962
f 995/1220/972 994/1221/973 992/1218/970
f 993/1219/971 995/1220/972 992/1218/970
f 997/1222/974 996/1223/975 994/1221/973
f 995/1220/972 997/1222/974 994/1221/973
f 999/1224/976 998/1225/977 997/1222/974
f 996/1223/975 997/1222/974 998/1225/977
f 987/1213/965 986/1212/964 1000/1226/978
f 1000/1226/978 1001/1227/979 987/1213/965
f 989/1215/967 988/1214/966 1002/1228/980
f 1002/1228/980 1003/1229/981 989/1215/967
f 990/1216/968 1004/1230/982 991/1217/969
f 1006/1231/983 1005/1232/984 999/1224/976
f 998/1225/977 999/1224/976 1005/1232/984
f 1005/1232/984 1006/1231/983 1007/1233/985
f 1007/1233/985 1008/1234/986 1005/1232/984
f 1008/1234/986 1007/1233/985 1009/1235/987
f 1010/1236/988 1009/1235/987 1007/1233/985
f 1009/1235/987 1010/1236/988 1011/1237/989
f 1012/1238/990 1009/1235/987 1011/1237/989
f 1001/1227/979 1000/1226/978 1013/1239/991
f 1014/1240/992 1001/1227/979 1013/1239/991
f 1003/1229/981 1002/1228/980 949/1174/926
f 948/1175/927 949/1174/926 1002/1228/980
f 1016/1241/993 1015/1242/994 1004/1230/982
f 1019/1243/995 1017/1244/996 1018/1245/997
f 1018/1245/997 1020/1246/998 1019/1243/995
f 1020/1246/998 1018/1245/997 1021/1247/999
f 1022/1248/1000 1021/1247/999 1018/1245/997
f 1014/1240/992 1013/1239/991 1023/1249/1001
f 1024/1250/1002 1023/1249/1001 1013/1239/991
f 1016/1241/993 1025/1251/1003 1015/1242/994
f 1026/1252/1004 1015/1242/994 1025/1251/1003
f 1021/1247/999 1022/1248/1000 1027/1253/1005
f 1028/1254/1006 1027/1253/1005 1022/1248/1000
f 1027/1253/1005 1028/1254/1006 1029/1255/1007
f 1030/1256/1008 1029/1255/1007 1028/1254/1006
f 1029/1255/1007 1030/1256/1008 1031/1257/1009
f 1032/1258/1010 1031/1257/1009 1030/1256/1008
f 1031/1257/1009 1032/1258/1010 1033/1259/1011
f 1033/1259/1011 1034/1260/1012 1031/1257/1009
f 1024/1250/1002 1035/1261/1013 1023/1249/1001
f 1036/1262/1014 1023/1249/1001 1035/1261/1013
f 1026/1252/1004 1025/1251/1003 1036/1262/1014
f 1035/1261/1013 1026/1252/1004 1036/1262/1014
f 1034/1260/1012 1033/1259/1011 1037/1263/1015
f 1038/1264/1016 1037/1263/1015 1033/1259/1011
f 1037/1263/1015 1038/1264/1016 946/1173/925
f 947/1172/924 1037/1263/1015 946/1173/925
f 1041/1265/1017 1039/1266/1018 1040/1267/1019
f 1040/1267/1019 1042/1268/1020 1041/1265/1017
f 1044/1269/1021 1043/1270/1022 1039/1266/1018
f 1041/1265/1017 1044/1269/1021 1039/1266/1018
f 1046/1271/1023 1045/1272/1024 1043/1270/1022
f 1044/1269/1021 1046/1271/1023 1043/1270/1022
f 1042/1268/1020 1040/1267/1019 1047/1273/1025
f 1047/1273/1025 1048/1274/1026 1042/1268/1020
f 1048/1274/1026 1047/1273/1025 1049/1275/1027
f 1050/1276/1028 1049/1275/1027 1047/1273/1025
f 1052/1277/1029 1051/1278/1030 1046/1271/1023
f 1045/1272/1024 1046/1271/1023 1051/1278/1030
f 1055/1279/1031 1053/1280/1032 1054/1281/1033
f 1056/1282/1034 1054/1281/1033 1053/1280/1032
f 1053/1280/1032 1055/1279/1031 1057/1283/1035
f 1058/1284/1036 1057/1283/1035 1055/1279/1031
f 1058/1284/1036 1059/1285/1037 1057/1283/1035
f 1060/1286/1038 1057/1283/1035 1059/1285/1037
f 1062/1287/1039 1061/1288/1040 1052/1277/1029
f 1051/1278/1030 1052/1277/1029 1061/1288/1040
f 1061/1288/1040 1062/1287/1039 1063/1289/1041
f 1063/1289/1041 1064/1290/1042 1061/1288/1040
f 1059/1285/1037 1065/1291/1043 1060/1286/1038
f 1066/1292/1044 1060/1286/1038 1065/1291/1043
f 1065/1291/1043 1067/1293/1045 1066/1292/1044
f 1068/1294/1046 1066/1292/1044 1067/1293/1045
f 1068/1294/1046 1067/1293/1045 1069/1295/1047
f 1070/1296/1048 1068/1294/1046 1069/1295/1047
f 1070/1296/1048 1069/1295/1047 1071/1297/1049
f 1072/1298/1050 1071/1297/1049 1069/1295/1047
f 1064/1290/1042 1063/1289/1041 1073/1299/1051
f 1074/1300/1052 1073/1299/1051 1063/1289/1041
f 1073/1299/1051 1074/1300/1052 1075/1301/1053
f 1076/1302/1054 1073/1299/1051 1075/1301/1053
f 1071/1297/1049 1072/1298/1050 1077/1303/1055
f 1077/1303/1055 1078/1304/1056 1071/1297/1049
f 1080/1305/1057 1079/1306/1058 1077/1303/1055
f 1078/1304/1056 1077/1303/1055 1079/1306/1058
f 1082/1307/1059 1081/1308/1060 1080/1305/1057
f 1079/1306/1058 1080/1305/1057 1081/1308/1060
f 1084/1309/1061 1083/1310/1062 1081/1308/1060
f 1082/1307/1059 1084/1309/1061 1081/1308/1060
f 1076/1302/1054 1075/1301/1053 1085/1311/1063
f 1076/1302/1054 1085/1311/1063 1086/1312/1064
f 1085/1311/1063 1087/1313/1065 1086/1312/1064
f 1088/1314/1066 1086/1312/1064 1087/1313/1065
f 1090/1315/1067 1089/1316/1068 1083/1310/1062
f 1084/1309/1061 1090/1315/1067 1083/1310/1062
f 1089/1316/1068 1090/1315/1067 1091/1317/1069
f 1092/1318/1070 1091/1317/1069 1090/1315/1067
f 1091/1317/1069 1092/1318/1070 1093/1319/1071
f 1094/1320/1072 1093/1319/1071 1092/1318/1070
f 1093/1319/1071 1094/1320/1072 1095/1321/1073
f 1096/1322/1074 1095/1321/1073 1094/1320/1072
f 1099/1323/1075 1097/1324/1076 1098/1325/1077
f 1100/1326/1078 1098/1325/1077 1097/1324/1076
f 1097/1324/1076 1099/1323/1075 1088/1314/1066
f 1088/1314/1066 1087/1313/1065 1097/1324/1076
f 1096/1322/1074 1101/1327/1079 1095/1321/1073
f 1102/1328/1080 1095/1321/1073 1101/1327/1079
f 926/1150/902 918/1142/894 917/1144/896
f 917/1144/896 922/1148/900 926/1150/902
f 928/1154/906 926/1150/902 922/1148/900
f 1104/1329/1081 1103/1330/1082 938/1165/917
f 942/1168/920 938/1165/917 1103/1330/1082
f 925/1152/904 945/1170/922 921/1146/898
f 921/1146/898 918/1142/894 926/1150/902
f 925/1152/904 921/1146/898 926/1150/902
f 1104/1329/1081 938/1165/917 1105/1331/1083
f 940/1164/916 1105/1331/1083 938/1165/917
f 930/1157/909 928/1154/906 922/1148/900
f 928/1154/906 1106/1332/1084 958/1185/937
f 930/1157/909 1106/1332/1084 928/1154/906
f 1103/1330/1082 953/1179/931 942/1168/920
f 1107/1333/1085 953/1179/931 1103/1330/1082
f 1108/1334/664 1105/1331/1083 969/1196/948
f 940/1164/916 969/1196/948 1105/1331/1083
f 955/1182/934 958/1185/937 1106/1332/1084
f 957/1183/935 961/1187/939 955/1182/934
f 958/1185/937 955/1182/934 961/1187/939
f 962/1188/940 961/1187/939 957/1183/935
f 961/1187/939 962/1188/940 979/1205/957
f 976/1202/954 979/1205/957 962/1188/940
f 1107/1333/1085 974/1200/952 953/1179/931
f 1109/1335/1086 974/1200/952 1107/1333/1085
f 1110/1336/1087 1108/1334/664 971/1197/949
f 969/1196/948 971/1197/949 1108/1334/664
f 980/1206/958 979/1205/957 976/1202/954
f 979/1205/957 980/1206/958 967/1193/945
f 983/1209/961 967/1193/945 980/1206/958
f 985/1211/963 967/1193/945 983/1209/961
f 966/1190/942 967/1193/945 992/1218/970
f 985/1211/963 992/1218/970 967/1193/945
f 990/1216/968 974/1200/952 1111/1337/1088
f 1109/1335/1086 1111/1337/1088 974/1200/952
f 971/1197/949 1112/1338/1089 1110/1336/1087
f 987/1213/965 1112/1338/1089 971/1197/949
f 1004/1230/982 990/1216/968 1113/1339/1090
f 1111/1337/1088 1113/1339/1090 990/1216/968
f 987/1213/965 1114/1340/1091 1112/1338/1089
f 1001/1227/979 1114/1340/1091 987/1213/965
f 1009/1235/987 937/1163/915 1008/1234/986
f 934/1158/910 1008/1234/986 937/1163/915
f 1012/1238/990 937/1163/915 1009/1235/987
f 1012/1238/990 1115/1341/1092 937/1163/915
f 950/1176/928 937/1163/915 1115/1341/1092
f 1016/1241/993 1004/1230/982 1116/1342/1093
f 1113/1339/1090 1116/1342/1093 1004/1230/982
f 1117/1343/1094 1114/1340/1091 1014/1240/992
f 1001/1227/979 1014/1240/992 1114/1340/1091
f 1019/1243/995 950/1176/928 1115/1341/1092
f 950/1176/928 1019/1243/995 972/1198/950
f 1020/1246/998 972/1198/950 1019/1243/995
f 1021/1247/999 972/1198/950 1020/1246/998
f 988/1214/966 972/1198/950 1027/1253/1005
f 1021/1247/999 1027/1253/1005 972/1198/950
f 1025/1251/1003 1016/1241/993 1118/1344/447
f 1116/1342/1093 1118/1344/447 1016/1241/993
f 1119/1345/1095 1117/1343/1094 1023/1249/1001
f 1014/1240/992 1023/1249/1001 1117/1343/1094
f 1029/1255/1007 988/1214/966 1027/1253/1005
f 1031/1257/1009 1002/1228/980 1029/1255/1007
f 988/1214/966 1029/1255/1007 1002/1228/980
f 1025/1251/1003 1118/1344/447 1036/1262/1014
f 1120/1346/1096 1036/1262/1014 1118/1344/447
f 1037/1263/1015 948/1175/927 1034/1260/1012
f 1120/1346/1096 1023/1249/1001 1036/1262/1014
f 1023/1249/1001 1120/1346/1096 1119/1345/1095
f 947/1172/924 948/1175/927 1037/1263/1015
f 945/1170/922 948/1175/927 947/1172/924
f 925/1152/904 948/1175/927 945/1170/922
f 1122/1347/1097 1044/1269/1021 1121/1348/1098
f 1041/1265/1017 1121/1348/1098 1044/1269/1021
f 1040/1267/1019 1039/1266/1018 1035/1261/1013
f 1024/1250/1002 1047/1273/1025 1035/1261/1013
f 1040/1267/1019 1035/1261/1013 1047/1273/1025
f 1123/1349/1099 1046/1271/1023 1122/1347/1097
f 1044/1269/1021 1122/1347/1097 1046/1271/1023
f 1047/1273/1025 1024/1250/1002 1050/1276/1028
f 1013/1239/991 1054/1281/1033 1024/1250/1002
f 1050/1276/1028 1024/1250/1002 1054/1281/1033
f 1125/1350/1100 1124/1351/1101 1007/1233/985
f 1010/1236/988 1007/1233/985 1124/1351/1101
f 1126/1352/1102 1125/1350/1100 1006/1231/983
f 1007/1233/985 1006/1231/983 1125/1350/1100
f 1054/1281/1033 1013/1239/991 1055/1279/1031
f 1013/1239/991 1000/1226/978 1055/1279/1031
f 1058/1284/1036 1055/1279/1031 1000/1226/978
f 1123/1349/1099 1127/1353/1103 1046/1271/1023
f 1052/1277/1029 1046/1271/1023 1127/1353/1103
f 1127/1353/1103 1128/1354/1104 1052/1277/1029
f 1062/1287/1039 1052/1277/1029 1128/1354/1104
f 1058/1284/1036 1000/1226/978 1059/1285/1037
f 1000/1226/978 986/1212/964 1059/1285/1037
f 1065/1291/1043 1059/1285/1037 986/1212/964
f 923/1149/901 919/1145/897 1129/1355/1105
f 1130/1356/1106 1129/1355/1105 919/1145/897
f 919/1145/897 916/1143/895 1130/1356/1106
f 1121/1357/1098 1130/1356/1106 916/1143/895
f 1065/1291/1043 986/1212/964 1067/1293/1045
f 1069/1295/1047 1067/1293/1045 968/1195/947
f 986/1212/964 968/1195/947 1067/1293/1045
f 1063/1289/1041 1131/1358/1107 1074/1300/1052
f 1132/1359/1108 1131/1358/1107 1063/1289/1041
f 1134/1360/1109 1011/1237/989 1133/1361/1110
f 1135/1362/1111 1134/1360/1109 1133/1361/1110
f 1069/1295/1047 968/1195/947 1072/1298/1050
f 1072/1298/1050 968/1195/947 1077/1303/1055
f 970/1194/946 1077/1303/1055 968/1195/947
f 1011/1237/989 1010/1236/988 1124/1351/1101
f 1133/1361/1110 1011/1237/989 1124/1351/1101
f 1062/1287/1039 1132/1359/1108 1063/1289/1041
f 1128/1354/1104 1132/1359/1108 1062/1287/1039
f 1075/1301/1053 1136/1363/1112 1085/1311/1063
f 1137/1364/1113 1085/1311/1063 1136/1363/1112
f 1140/1365/1114 1138/1366/1115 1139/1367/1116
f 931/1156/908 1138/1366/1115 1140/1365/1114
f 931/1156/908 1129/1355/1105 1138/1366/1115
f 923/1149/901 1129/1355/1105 931/1156/908
f 1074/1300/1052 1131/1358/1107 1075/1301/1053
f 1136/1363/1112 1075/1301/1053 1131/1358/1107
f 941/1167/919 943/1169/921 1092/1318/1070
f 1094/1320/1072 1092/1318/1070 943/1169/921
f 1087/1313/1065 1141/1368/743 1097/1324/1076
f 1142/1369/410 1097/1324/1076 1141/1368/743
f 1017/1244/996 1143/1370/688 1018/1245/997
f 1142/1371/410 1018/1245/997 1143/1370/688
f 1094/1320/1072 943/1169/921 1096/1322/1074
f 1101/1327/1079 1096/1322/1074 952/1178/930
f 943/1169/921 952/1178/930 1096/1322/1074
f 1017/1244/996 1134/1360/1109 1135/1362/1111
f 1143/1370/688 1017/1244/996 1135/1362/1111
f 1085/1311/1063 1137/1364/1113 1087/1313/1065
f 1141/1368/743 1087/1313/1065 1137/1364/1113
f 1101/1327/1079 952/1178/930 1098/1325/1077
f 1099/1323/1075 1098/1325/1077 975/1201/953
f 952/1178/930 975/1201/953 1098/1325/1077
f 1143/1372/688 1135/1373/1111 1100/1326/1078
f 1102/1328/1080 1100/1326/1078 1135/1373/1111
f 954/1181/933 1144/1374/1117 1145/1375/1118
f 956/1180/932 1144/1374/1117 954/1181/933
f 1099/1323/1075 975/1201/953 1088/1314/1066
f 1088/1314/1066 975/1201/953 1086/1312/1064
f 991/1217/969 1086/1312/1064 975/1201/953
f 956/1180/932 1139/1367/1116 1144/1374/1117
f 1140/1365/1114 1139/1367/1116 956/1180/932
f 1142/1369/410 1143/1372/688 1097/1324/1076
f 1100/1326/1078 1097/1324/1076 1143/1372/688
f 1086/1312/1064 991/1217/969 1076/1302/1054
f 991/1217/969 1146/1376/1119 1076/1302/1054
f 1073/1299/1051 1076/1302/1054 1146/1376/1119
f 1133/1377/1110 1124/1378/1101 1095/1321/1073
f 1093/1319/1071 1095/1321/1073 1124/1378/1101
f 1028/1254/1006 1022/1248/1000 1137/1379/1113
f 1141/1380/743 1137/1379/1113 1022/1248/1000
f 1073/1299/1051 1146/1376/1119 1064/1290/1042
f 1146/1376/1119 1015/1242/994 1064/1290/1042
f 1061/1288/1040 1064/1290/1042 1015/1242/994
f 1022/1248/1000 1018/1245/997 1141/1380/743
f 1142/1371/410 1141/1380/743 1018/1245/997
f 1135/1373/1111 1133/1377/1110 1102/1328/1080
f 1095/1321/1073 1102/1328/1080 1133/1377/1110
f 1061/1288/1040 1015/1242/994 1051/1278/1030
f 1015/1242/994 1026/1252/1004 1051/1278/1030
f 1045/1272/1024 1051/1278/1030 1026/1252/1004
f 1091/1317/1069 1125/1381/1100 1089/1316/1068
f 1126/1382/1102 1089/1316/1068 1125/1381/1100
f 1148/1383/1120 1147/1384/1121 963/1189/941
f 977/1203/955 963/1189/941 1147/1384/1121
f 1145/1375/1118 1148/1383/1120 954/1181/933
f 963/1189/941 954/1181/933 1148/1383/1120
f 1043/1270/1022 1045/1272/1024 1026/1252/1004
f 1035/1261/1013 1043/1270/1022 1026/1252/1004
f 1039/1266/1018 1043/1270/1022 1035/1261/1013
f 1093/1319/1071 1124/1378/1101 1091/1317/1069
f 1125/1381/1100 1091/1317/1069 1124/1378/1101
f 1130/1385/1106 1042/1268/1020 1129/1386/1105
f 1048/1274/1026 1129/1386/1105 1042/1268/1020
f 1150/1387/1122 1149/1388/1123 997/1222/974
f 999/1224/976 997/1222/974 1149/1388/1123
f 1122/1389/1097 944/1171/923 1123/1390/1099
f 920/1147/899 944/1171/923 1122/1389/1097
f 1121/1348/1098 1041/1265/1017 1130/1385/1106
f 1042/1268/1020 1130/1385/1106 1041/1265/1017
f 1138/1391/1115 1049/1275/1027 1056/1282/1034
f 1138/1391/1115 1056/1282/1034 1139/1392/1116
f 1121/1357/1098 920/1147/899 1122/1389/1097
f 916/1143/895 920/1147/899 1121/1357/1098
f 1149/1388/1123 1126/1352/1102 999/1224/976
f 1006/1231/983 999/1224/976 1126/1352/1102
f 1129/1386/1105 1048/1274/1026 1049/1275/1027
f 1129/1386/1105 1049/1275/1027 1138/1391/1115
f 1144/1393/1117 1053/1280/1032 1057/1283/1035
f 1144/1393/1117 1057/1283/1035 1145/1394/1118
f 1152/1395/1124 1151/1396/1125 995/1220/972
f 1152/1395/1124 995/1220/972 993/1219/971
f 1038/1264/1016 1128/1397/1104 946/1173/925
f 1127/1398/1103 946/1173/925 1128/1397/1104
f 1139/1392/1116 1056/1282/1034 1053/1280/1032
f 1139/1392/1116 1053/1280/1032 1144/1393/1117
f 1148/1399/1120 1060/1286/1038 1147/1400/1121
f 1066/1292/1044 1147/1400/1121 1060/1286/1038
f 946/1173/925 1127/1398/1103 944/1171/923
f 1123/1390/1099 944/1171/923 1127/1398/1103
f 1151/1396/1125 1150/1387/1122 997/1222/974
f 1151/1396/1125 997/1222/974 995/1220/972
f 1145/1394/1118 1057/1283/1035 1148/1399/1120
f 1060/1286/1038 1148/1399/1120 1057/1283/1035
f 1154/1401/1126 1068/1294/1046 1153/1402/1127
f 1070/1296/1048 1153/1402/1127 1068/1294/1046
f 1153/1403/1127 1155/1404/1128 984/1210/962
f 1153/1403/1127 984/1210/962 982/1208/960
f 1155/1404/1128 1152/1395/1124 993/1219/971
f 1155/1404/1128 993/1219/971 984/1210/962
f 1147/1400/1121 1066/1292/1044 1154/1401/1126
f 1068/1294/1046 1154/1401/1126 1066/1292/1044
f 1078/1304/1056 1152/1405/1124 1155/1406/1128
f 1071/1297/1049 1078/1304/1056 1155/1406/1128
f 1032/1258/1010 1131/1407/1107 1033/1259/1011
f 1132/1408/1108 1033/1259/1011 1131/1407/1107
f 1033/1259/1011 1132/1408/1108 1038/1264/1016
f 1128/1397/1104 1038/1264/1016 1132/1408/1108
f 1071/1297/1049 1155/1406/1128 1153/1402/1127
f 1070/1296/1048 1071/1297/1049 1153/1402/1127
f 1081/1308/1060 1150/1409/1122 1151/1410/1125
f 1079/1306/1058 1081/1308/1060 1151/1410/1125
f 1147/1384/1121 1154/1411/1126 977/1203/955
f 981/1207/959 977/1203/955 1154/1411/1126
f 1154/1411/1126 1153/1403/1127 981/1207/959
f 982/1208/960 981/1207/959 1153/1403/1127
f 1079/1306/1058 1151/1410/1125 1152/1405/1124
f 1078/1304/1056 1079/1306/1058 1152/1405/1124
f 1089/1316/1068 1126/1382/1102 1083/1310/1062
f 1149/1412/1123 1083/1310/1062 1126/1382/1102
f 1030/1256/1008 1028/1254/1006 1136/1413/1112
f 1137/1379/1113 1136/1413/1112 1028/1254/1006
f 1032/1258/1010 1030/1256/1008 1131/1407/1107
f 1136/1413/1112 1131/1407/1107 1030/1256/1008
f 1083/1310/1062 1149/1412/1123 1081/1308/1060
f 1150/1409/1122 1081/1308/1060 1149/1412/1123
f 994/1221/973 966/1190/942 992/1218/970
f 970/1194/946 1080/1305/1057 1077/1303/1055
f 1008/1234/986 934/1158/910 1005/1232/984
f 934/1158/910 933/1160/912 1005/1232/984
f 998/1225/977 1005/1232/984 933/1160/912
f 939/1166/918 941/1167/919 1090/1315/1067
f 939/1166/918 1090/1315/1067 1084/1309/1061
f 1092/1318/1070 1090/1315/1067 941/1167/919
f 994/1221/973 996/1223/975 966/1190/942
f 933/1160/912 966/1190/942 996/1223/975
f 933/1160/912 935/1161/913 964/1191/943
f 966/1190/942 933/1160/912 964/1191/943
f 940/1164/916 939/1166/918 969/1196/948
f 970/1194/946 969/1196/948 939/1166/918
f 939/1166/918 1082/1307/1059 970/1194/946
f 1080/1305/1057 970/1194/946 1082/1307/1059
f 998/1225/977 933/1160/912 996/1223/975
f 1084/1309/1061 1082/1307/1059 939/1166/918
f 932/1159/911 936/1162/914 1104/1414/1081
f 1103/1415/1082 1104/1414/1081 936/1162/914
f 936/1162/914 1107/1416/1085 1103/1415/1082
f 951/1177/929 1107/1416/1085 936/1162/914
f 951/1177/929 1156/1417/461 1107/1416/1085
f 973/1199/951 1156/1417/461 951/1177/929
f 1111/1418/1088 1156/1417/461 989/1215/967
f 973/1199/951 989/1215/967 1156/1417/461
f 1113/1419/1090 1111/1418/1088 1003/1229/981
f 989/1215/967 1003/1229/981 1111/1418/1088
f 1116/1420/1093 1113/1419/1090 949/1174/926
f 1003/1229/981 949/1174/926 1113/1419/1090
f 1118/1421/447 1116/1420/1093 927/1153/905
f 949/1174/926 927/1153/905 1116/1420/1093
f 1118/1421/447 927/1153/905 1120/1422/1096
f 924/1151/903 1120/1422/1096 927/1153/905
f 924/1151/903 1119/1423/1095 1120/1422/1096
f 1119/1423/1095 924/1151/903 929/1155/907
f 929/1155/907 960/1184/936 1119/1423/1095
f 1117/1424/1094 1119/1423/1095 960/1184/936
f 960/1184/936 959/1186/938 1117/1424/1094
f 1114/1425/1091 1117/1424/1094 959/1186/938
f 1112/1426/1089 959/1186/938 978/1204/956
f 1114/1425/1091 959/1186/938 1112/1426/1089
f 1110/1427/1087 978/1204/956 965/1192/944
f 1112/1426/1089 978/1204/956 1110/1427/1087
f 965/1192/944 964/1191/943 1110/1427/1087
f 1108/1428/664 1110/1427/1087 964/1191/943
f 964/1191/943 935/1161/913 1108/1428/664
f 1105/1429/1083 1108/1428/664 935/1161/913
f 932/1159/911 1104/1414/1081 935/1161/913
f 1105/1429/1083 935/1161/913 1104/1414/1081
f 142/161/141 141/159/140 1157/1430/1129
f 34/160/33 141/159/140 1158/161/1130
f 565/729/556 376/514/376 379/516/377
f 565/729/556 403/540/401 376/514/376
f 431/569/429 429/566/426 428/565/425
f 443/579/438 444/582/441 431/569/429
f 451/588/446 442/580/439 441/576/435
f 441/576/435 440/578/437 451/588/446
f 697/885/684 910/1124/888 698/883/682
f 809/998/787 914/1136/892 697/885/684
f 1159/1431/1131 848/1051/826 846/1050/825
f 1161/1432/1132 1160/1433/1133 1159/1431/1131
f 1160/1433/1133 1161/1432/1132 1162/1434/1134
f 864/1071/842 870/1082/849 865/1072/843
f 870/1082/849 864/1071/842 853/1055/830
f 958/1185/937 960/1184/936 928/1154/906
f 929/1155/907 928/1154/906 960/1184/936
f 1004/1230/982 1146/1376/1119 991/1217/969
f 1146/1376/1119 1004/1230/982 1015/1242/994
f 1012/1238/990 1011/1237/989 1115/1341/1092
f 1134/1360/1109 1115/1341/1092 1011/1237/989
f 1115/1341/1092 1134/1360/1109 1017/1244/996
f 1017/1244/996 1019/1243/995 1115/1341/1092
f 1054/1281/1033 1056/1282/1034 1050/1276/1028
f 1049/1275/1027 1050/1276/1028 1056/1282/1034
f 1102/1328/1080 1101/1327/1079 1100/1326/1078
f 1098/1325/1077 1100/1326/1078 1101/1327/1079
f 1164/1435/1135 1163/1436/1136 148/173/147
f 1163/1436/1136 1164/1435/1135 348/464/347
f 149/175/148 148/173/147 1163/1436/1136
f 47/174/47 148/173/147 149/175/148
f 310/388/310 312/389/311 1165/1437/1137
f 310/388/310 311/387/309 312/389/311
f 1166/1438/1138 310/388/310 1165/1437/1137
f 1166/1438/1138 1165/1437/1137 126/127/124
f 1168/1439/1139 298/374/296 1167/1440/1140
f 1168/1439/1139 1167/1440/1140 15/16/16
f 300/376/298 1167/1440/1140 298/374/296
f 297/375/297 300/376/298 298/374/296
f 177/234/176 1169/1441/1141 178/236/177
f 177/234/176 178/236/177 103/233/103
f 178/236/177 1169/1441/1141 1170/1442/1142
f 1169/1441/1141 323/412/322 1170/1442/1142
f 1172/1443/1143 290/365/288 1171/1444/1144
f 1172/1443/1143 1171/1444/1144 23/24/24
f 1171/1444/1144 290/365/288 292/367/290
f 289/366/289 292/367/290 290/365/288
f 216/285/216 218/287/218 1173/1445/1145
f 216/285/216 217/284/215 218/287/218
f 1174/1446/1146 1173/1445/1145 218/287/218
f 1173/1445/1145 1174/1446/1146 108/110/108
f 236/305/236 238/307/238 1175/1447/1147
f 236/305/236 237/304/235 238/307/238
f 1176/1448/1148 1175/1447/1147 238/307/238
f 1175/1447/1147 1176/1448/1148 87/89/87
f 1178/1449/1149 226/293/224 1177/1450/1150
f 224/292/223 226/293/224 1178/1449/1149
f 1179/1451/1151 1177/1450/1150 226/293/224
f 1177/1450/1150 1179/1451/1151 99/100/98
f 205/273/204 207/275/206 1180/1452/1152
f 207/275/206 205/273/204 204/272/203
f 1181/1453/1153 1180/1452/1152 207/275/206
f 1180/1452/1152 1181/1453/1153 122/124/122
f 246/316/245 248/318/247 1182/1454/1154
f 248/318/247 246/316/245 245/315/244
f 1183/1455/1155 1182/1454/1154 248/318/247
f 1182/1454/1154 1183/1455/1155 80/81/80
f 1186/1456/1156 1184/1457/1157 1185/1458/1158
f 1186/1456/1156 1185/1458/1158 38/38/37
f 279/353/278 1185/1458/1158 1184/1457/1157
f 278/352/277 279/353/278 1184/1457/1157
f 270/345/270 272/347/272 1187/1459/1159
f 270/345/270 271/344/269 272/347/272
f 270/345/270 1187/1459/1159 1188/1460/1160
f 1188/1460/1160 1187/1459/1159 46/46/45
f 184/247/183 1189/1461/1161 185/250/184
f 184/247/183 185/250/184 117/248/117
f 185/250/184 1189/1461/1161 1190/1462/1162
f 1190/1462/1162 1189/1461/1161 316/398/315
f 167/214/166 1191/1463/1163 1192/1464/1164
f 1191/1463/1163 333/433/332 1192/1464/1164
f 166/210/165 1191/1463/1163 167/214/166
f 166/210/165 167/214/166 83/211/84
f 1194/1465/1165 1193/1466/1166 144/165/143
f 1193/1466/1166 1194/1465/1165 352/472/351
f 145/167/144 144/165/143 1193/1466/1166
f 40/166/39 144/165/143 145/167/144
f 174/228/173 1195/1467/1167 1196/1468/1168
f 1195/1467/1167 326/419/325 1196/1468/1168
f 173/226/172 1195/1467/1167 174/228/173
f 173/226/172 174/228/173 96/225/97
f 163/203/162 1197/1469/1169 164/206/163
f 77/205/77 163/203/162 164/206/163
f 164/206/163 1197/1469/1169 1198/1470/1170
f 1198/1470/1170 1197/1469/1169 337/442/336
f 313/390/312 368/505/367 1199/1471/1171
f 198/392/198 368/505/367 313/390/312
f 1200/1472/1172 1199/1471/1171 368/505/367
f 1199/1471/1171 1200/1472/1172 188/255/187
f 326/419/325 325/417/324 1196/1468/1168
f 325/417/324 326/419/325 224/416/223
f 316/398/315 315/395/314 1190/1462/1162
f 315/395/314 316/398/315 202/396/201
f 337/442/336 336/439/335 1198/1470/1170
f 336/439/335 337/442/336 243/440/242
f 189/258/189 352/472/351 1194/1465/1165
f 191/257/188 352/472/351 189/258/189
f 362/493/361 361/491/360 1201/1473/1173
f 362/493/361 299/492/299 361/491/360
f 1202/1474/1174 1201/1473/1173 361/491/360
f 1201/1473/1173 1202/1474/1174 133/142/132
f 359/485/358 358/483/357 1203/1475/1175
f 291/484/291 358/483/357 359/485/358
f 1204/1476/1176 1203/1475/1175 358/483/357
f 1203/1475/1175 1204/1476/1176 137/151/136
f 323/412/322 322/410/321 1170/1442/1142
f 322/410/321 323/412/322 217/409/215
f 333/433/332 332/431/331 1192/1464/1164
f 332/431/331 333/433/332 237/430/235
f 349/466/348 348/464/347 1164/1435/1135
f 273/465/271 348/464/347 349/466/348
f 138/153/137 137/151/136 1204/1476/1176
f 138/153/137 26/152/25 137/151/136
f 1206/1477/1177 1205/1478/1178 154/185/153
f 1205/1478/1178 1206/1477/1177 197/263/194
f 155/187/154 154/185/153 1205/1478/1178
f 58/186/59 154/185/153 155/187/154
f 1207/1479/1179 263/335/262 265/336/263
f 265/336/263 263/335/262 195/334/195
f 1208/1480/1180 263/335/262 1207/1479/1179
f 1208/1480/1180 1207/1479/1179 56/58/57
f 1210/1481/1181 266/339/265 1209/1482/1182
f 1209/1482/1182 266/339/265 194/338/191
f 1211/1483/1183 266/339/265 1210/1481/1181
f 52/54/53 1211/1483/1183 1210/1481/1181
f 344/457/343 197/263/194 1206/1477/1177
f 195/264/195 197/263/194 344/457/343
f 192/261/192 345/459/344 1212/1484/1184
f 194/260/191 345/459/344 192/261/192
f 1213/1485/1185 1212/1484/1184 345/459/344
f 1212/1484/1184 1213/1485/1185 152/181/151
f 153/183/152 152/181/151 1213/1485/1185
f 153/183/152 55/182/54 152/181/151
f 1207/1479/1179 265/336/263 1211/1483/1183
f 1211/1483/1183 54/56/55 1207/1479/1179
f 266/339/265 1211/1483/1183 265/336/263
f 264/337/264 266/339/265 265/336/263
f 345/459/344 344/457/343 1213/1485/1185
f 345/459/344 264/458/264 344/457/343
f 1206/1477/1177 1213/1485/1185 344/457/343
f 153/183/152 1213/1485/1185 1206/1477/1177
f 153/183/152 1206/1477/1177 154/185/153
f 154/185/153 57/184/56 153/183/152
f 1216/1486/1186 1214/1487/1187 1215/1488/1188
f 1214/1487/1187 1216/1486/1186 68/68/67
f 258/328/257 1215/1488/1188 1214/1487/1187
f 1215/1488/1188 258/328/257 257/327/256
f 254/324/253 256/326/255 1217/1489/1189
f 256/326/255 254/324/253 253/323/252
f 1218/1490/1190 1217/1489/1189 256/326/255
f 1217/1489/1189 1218/1490/1190 72/73/72
f 157/192/156 1219/1491/1191 158/194/157
f 157/192/156 158/194/157 63/191/63
f 158/194/157 1219/1491/1191 1220/1492/1192
f 1220/1492/1192 1219/1491/1191 343/454/342
f 1220/1492/1192 343/454/342 342/452/341
f 342/452/341 343/454/342 255/451/254
f 159/196/158 1221/1493/1193 160/198/159
f 159/196/158 160/198/159 67/195/68
f 160/198/159 1221/1493/1193 1222/1494/1194
f 1222/1494/1194 1221/1493/1193 341/450/340
f 1222/1494/1194 341/450/340 340/448/339
f 340/448/339 341/450/340 251/447/250
f 1218/1490/1190 258/328/257 1214/1487/1187
f 1218/1490/1190 1214/1487/1187 70/71/70
f 256/326/255 258/328/257 1218/1490/1190
f 255/325/254 258/328/257 256/326/255
f 158/194/157 1220/1492/1192 159/196/158
f 65/193/65 158/194/157 159/196/158
f 1221/1493/1193 159/196/158 1220/1492/1192
f 1221/1493/1193 1220/1492/1192 342/452/341
f 342/452/341 341/450/340 1221/1493/1193
f 253/449/252 341/450/340 342/452/341
f 1224/1495/1195 1223/1496/1196 216/285/216
f 1223/1496/1196 214/283/214 216/285/216
f 1224/1495/1195 216/285/216 1173/1445/1145
f 1224/1495/1195 1173/1445/1145 110/111/109
f 213/281/212 215/282/213 1225/1497/1197
f 215/282/213 213/281/212 212/280/211
f 1226/1498/1198 1225/1497/1197 215/282/213
f 1225/1497/1197 1226/1498/1198 114/116/114
f 179/238/178 1170/1442/1142 1227/1499/1199
f 1170/1442/1142 322/410/321 1227/1499/1199
f 178/236/177 1170/1442/1142 179/238/178
f 178/236/177 179/238/178 105/235/105
f 322/410/321 321/408/320 1227/1499/1199
f 214/407/214 321/408/320 322/410/321
f 320/406/319 319/404/318 1228/1500/1200
f 319/404/318 320/406/319 210/403/209
f 1226/1498/1198 215/282/213 1223/1496/1196
f 214/283/214 1223/1496/1196 215/282/213
f 1226/1498/1198 1223/1496/1196 1224/1495/1195
f 1226/1498/1198 1224/1495/1195 112/114/112
f 179/238/178 1227/1499/1199 180/240/179
f 179/238/178 180/240/179 107/237/107
f 1229/1501/1201 180/240/179 1227/1499/1199
f 1227/1499/1199 321/408/320 1229/1501/1201
f 321/408/320 320/406/319 1229/1501/1201
f 212/405/211 320/406/319 321/408/320
f 1230/1502/1202 287/364/287 1172/1443/1143
f 25/27/26 1230/1502/1202 1172/1443/1143
f 290/365/288 1172/1443/1143 287/364/287
f 288/363/286 290/365/288 287/364/287
f 1232/1503/1203 284/359/282 1231/1504/1204
f 29/31/30 1232/1503/1203 1231/1504/1204
f 1231/1504/1204 284/359/282 286/361/284
f 283/360/283 286/361/284 284/359/282
f 1204/1476/1176 1233/1505/1205 138/153/137
f 1233/1505/1205 1204/1476/1176 357/481/356
f 139/155/138 138/153/137 1233/1505/1205
f 28/154/27 138/153/137 139/155/138
f 356/479/355 355/477/354 1234/1506/1206
f 356/479/355 285/478/285 355/477/354
f 1235/1507/1207 1234/1506/1206 355/477/354
f 1234/1506/1206 1235/1507/1207 140/157/139
f 358/483/357 357/481/356 1204/1476/1176
f 358/483/357 289/482/289 357/481/356
f 1231/1504/1204 286/361/284 1230/1502/1202
f 1230/1502/1202 27/29/28 1231/1504/1204
f 287/364/287 1230/1502/1202 286/361/284
f 286/361/284 285/362/285 287/364/287
f 139/155/138 1233/1505/1205 1234/1506/1206
f 1234/1506/1206 1233/1505/1205 356/479/355
f 139/155/138 1234/1506/1206 140/157/139
f 140/157/139 30/156/29 139/155/138
f 357/481/356 356/479/355 1233/1505/1205
f 357/481/356 288/480/286 356/479/355
f 182/244/181 1228/1500/1200 1236/1508/1208
f 1228/1500/1200 319/404/318 1236/1508/1208
f 181/242/180 1228/1500/1200 182/244/181
f 181/242/180 182/244/181 111/241/111
f 207/275/206 209/277/208 1181/1453/1153
f 209/277/208 207/275/206 206/274/205
f 1237/1509/1209 1181/1453/1153 209/277/208
f 1181/1453/1153 1237/1509/1209 120/122/120
f 1238/1510/1210 211/279/210 213/281/212
f 213/281/212 211/279/210 210/278/209
f 1238/1510/1210 213/281/212 1225/1497/1197
f 1238/1510/1210 1225/1497/1197 116/117/115
f 184/247/183 1239/1511/1211 1189/1461/1161
f 1239/1511/1211 317/400/316 1189/1461/1161
f 183/246/182 1239/1511/1211 184/247/183
f 115/245/116 183/246/182 184/247/183
f 317/400/316 316/398/315 1189/1461/1161
f 316/398/315 317/400/316 204/397/203
f 319/404/318 318/402/317 1236/1508/1208
f 318/402/317 319/404/318 208/401/207
f 182/244/181 1236/1508/1208 183/246/182
f 182/244/181 183/246/182 113/243/113
f 1239/1511/1211 183/246/182 1236/1508/1208
f 1236/1508/1208 318/402/317 1239/1511/1211
f 1237/1509/1209 209/277/208 211/279/210
f 211/279/210 209/277/208 208/276/207
f 1237/1509/1209 211/279/210 1238/1510/1210
f 1237/1509/1209 1238/1510/1210 118/120/118
f 318/402/317 317/400/316 1239/1511/1211
f 317/400/316 318/402/317 206/399/205
f 248/318/247 250/320/249 1183/1455/1155
f 250/320/249 248/318/247 247/317/246
f 1240/1512/1212 1183/1455/1155 250/320/249
f 1183/1455/1155 1240/1512/1212 78/79/78
f 254/324/253 1217/1489/1189 1241/1513/1213
f 1241/1513/1213 1217/1489/1189 74/75/74
f 1241/1513/1213 252/322/251 254/324/253
f 254/324/253 252/322/251 251/321/250
f 160/198/159 1222/1494/1194 161/200/160
f 160/198/159 161/200/160 69/197/69
f 161/200/160 1222/1494/1194 1242/1514/1214
f 1242/1514/1214 1222/1494/1194 340/448/339
f 1197/1469/1169 1243/1515/1215 338/444/337
f 163/203/162 1243/1515/1215 1197/1469/1169
f 1197/1469/1169 338/444/337 337/442/336
f 337/442/336 338/444/337 245/441/244
f 1242/1514/1214 340/448/339 339/445/338
f 339/445/338 340/448/339 249/446/248
f 1240/1512/1212 250/320/249 252/322/251
f 252/322/251 250/320/249 249/319/248
f 1240/1512/1212 252/322/251 1241/1513/1213
f 1240/1512/1212 1241/1513/1213 76/77/76
f 161/200/160 1242/1514/1214 162/201/161
f 71/199/71 161/200/160 162/201/161
f 162/201/161 1242/1514/1214 1243/1515/1215
f 1243/1515/1215 1242/1514/1214 339/445/338
f 339/445/338 338/444/337 1243/1515/1215
f 338/444/337 339/445/338 247/443/246
f 1244/1516/1216 1194/1465/1165 143/163/142
f 1194/1465/1165 1244/1516/1216 189/258/189
f 144/165/143 143/163/142 1194/1465/1165
f 144/165/143 37/164/38 143/163/142
f 1245/1517/1217 282/357/280 1232/1503/1203
f 31/33/32 1245/1517/1217 1232/1503/1203
f 284/359/282 1232/1503/1203 282/357/280
f 281/358/281 284/359/282 282/357/280
f 1185/1458/1158 279/353/278 1246/1518/1218
f 1246/1518/1218 36/36/35 1185/1458/1158
f 1246/1518/1218 279/353/278 280/355/279
f 191/354/188 280/355/279 279/353/278
f 353/473/352 189/258/189 1244/1516/1216
f 353/473/352 190/259/190 189/258/189
f 355/477/354 354/475/353 1235/1507/1207
f 355/477/354 283/476/283 354/475/353
f 1157/1430/1129 1235/1507/1207 354/475/353
f 1235/1507/1207 1157/1430/1129 141/159/140
f 1246/1518/1218 280/355/279 1245/1517/1217
f 1245/1517/1217 33/35/34 1246/1518/1218
f 282/357/280 1245/1517/1217 280/355/279
f 280/355/279 190/356/190 282/357/280
f 354/475/353 353/473/352 1157/1430/1129
f 354/475/353 281/474/281 353/473/352
f 1244/1516/1216 1157/1430/1129 353/473/352
f 1157/1430/1129 1244/1516/1216 142/161/141
f 226/293/224 228/295/226 1179/1451/1151
f 225/294/225 228/295/226 226/293/224
f 1247/1519/1219 1179/1451/1151 228/295/226
f 1179/1451/1151 1247/1519/1219 97/98/96
f 231/299/230 1248/1520/1220 1249/1521/1221
f 1248/1520/1220 231/299/230 230/298/229
f 1250/1522/1222 1249/1521/1221 1248/1520/1220
f 1249/1521/1221 1250/1522/1222 95/96/94
f 171/222/170 1251/1523/1223 1252/1524/1224
f 1251/1523/1223 329/425/328 1252/1524/1224
f 170/220/169 1251/1523/1223 171/222/170
f 170/220/169 171/222/170 90/219/90
f 173/226/172 1253/1525/1225 1195/1467/1167
f 1253/1525/1225 327/421/326 1195/1467/1167
f 172/224/171 1253/1525/1225 173/226/172
f 94/223/95 172/224/171 173/226/172
f 327/421/326 326/419/325 1195/1467/1167
f 326/419/325 327/421/326 225/418/225
f 329/425/328 328/422/327 1252/1524/1224
f 328/422/327 329/425/328 229/423/228
f 1247/1519/1219 228/295/226 231/299/230
f 229/297/228 231/299/230 228/295/226
f 1247/1519/1219 231/299/230 1249/1521/1221
f 1247/1519/1219 1249/1521/1221 1254/1526/1226
f 171/222/170 1252/1524/1224 172/224/171
f 92/221/92 171/222/170 172/224/171
f 1253/1525/1225 172/224/171 1252/1524/1224
f 1252/1524/1224 328/422/327 1253/1525/1225
f 328/422/327 327/421/326 1253/1525/1225
f 227/420/227 327/421/326 328/422/327
f 1167/1440/1140 300/376/298 1255/1527/1227
f 1255/1527/1227 13/14/14 1167/1440/1140
f 1255/1527/1227 300/376/298 1256/1528/1228
f 1256/1528/1228 300/376/298 301/378/300
f 1257/1529/1229 302/380/302 305/381/303
f 303/379/301 305/381/303 302/380/302
f 1258/1530/1230 302/380/302 1257/1529/1229
f 1258/1530/1230 1257/1529/1229 9/10/10
f 1260/1531/1231 1259/1532/1232 130/136/129
f 1259/1532/1232 1260/1531/1231 364/497/363
f 131/138/130 130/136/129 1259/1532/1232
f 131/138/130 12/137/11 130/136/129
f 363/495/362 362/493/361 1261/1533/1233
f 301/494/300 362/493/361 363/495/362
f 1201/1473/1173 1261/1533/1233 362/493/361
f 1261/1533/1233 1201/1473/1173 132/140/131
f 365/499/364 364/497/363 1260/1531/1231
f 304/498/304 364/497/363 365/499/364
f 133/142/132 132/140/131 1201/1473/1173
f 133/142/132 16/141/15 132/140/131
f 1255/1527/1227 1256/1528/1228 1258/1530/1230
f 1258/1530/1230 11/12/12 1255/1527/1227
f 302/380/302 1258/1530/1230 1256/1528/1228
f 1256/1528/1228 301/378/300 302/380/302
f 131/138/130 1259/1532/1232 1261/1533/1233
f 1261/1533/1233 1259/1532/1232 363/495/362
f 131/138/130 1261/1533/1233 132/140/131
f 132/140/131 14/139/13 131/138/130
f 364/497/363 363/495/362 1259/1532/1232
f 364/497/363 303/496/301 363/495/362
f 1262/1534/1234 308/386/308 1166/1438/1138
f 1262/1534/1234 1166/1438/1138 5/6/6
f 310/388/310 1166/1438/1138 308/386/308
f 308/386/308 309/385/307 310/388/310
f 1263/1535/1235 305/381/303 307/383/305
f 304/382/304 307/383/305 305/381/303
f 1257/1529/1229 305/381/303 1263/1535/1235
f 1263/1535/1235 7/8/8 1257/1529/1229
f 1264/1536/1236 1260/1531/1231 129/134/128
f 1260/1531/1231 1264/1536/1236 365/499/364
f 130/136/129 129/134/128 1260/1531/1231
f 130/136/129 10/135/9 129/134/128
f 368/505/367 367/503/366 1200/1472/1172
f 368/505/367 311/504/309 367/503/366
f 1265/1537/1237 1200/1472/1172 367/503/366
f 1200/1472/1172 1265/1537/1237 127/129/126
f 366/501/365 365/499/364 1264/1536/1236
f 306/500/306 365/499/364 366/501/365
f 1263/1535/1235 307/383/305 1262/1534/1234
f 1262/1534/1234 1266/1538/1238 1263/1535/1235
f 308/386/308 1262/1534/1234 307/383/305
f 307/383/305 306/384/306 308/386/308
f 367/503/366 366/501/365 1265/1537/1237
f 367/503/366 309/502/307 366/501/365
f 1264/1536/1236 1265/1537/1237 366/501/365
f 128/132/127 1265/1537/1237 1264/1536/1236
f 1267/1539/1239 234/303/234 236/305/236
f 234/303/234 235/302/233 236/305/236
f 1267/1539/1239 236/305/236 1175/1447/1147
f 1267/1539/1239 1175/1447/1147 89/90/88
f 1248/1520/1220 232/301/232 1250/1522/1222
f 1248/1520/1220 230/298/229 232/301/232
f 1268/1540/1240 1250/1522/1222 232/301/232
f 1250/1522/1222 1268/1540/1240 93/95/93
f 168/216/167 1192/1464/1164 1269/1541/1241
f 1192/1464/1164 332/431/331 1269/1541/1241
f 167/214/166 1192/1464/1164 168/216/167
f 167/214/166 168/216/167 85/213/85
f 332/431/331 331/428/330 1269/1541/1241
f 331/428/330 332/431/331 235/429/233
f 330/427/329 329/425/328 1251/1523/1223
f 329/425/328 330/427/329 230/424/229
f 1270/1542/1242 330/427/329 1251/1523/1223
f 170/220/169 1270/1542/1242 1251/1523/1223
f 169/217/168 1270/1542/1242 170/220/169
f 169/217/168 170/220/169 88/218/89
f 1268/1540/1240 232/301/232 234/303/234
f 232/301/232 233/300/231 234/303/234
f 1268/1540/1240 234/303/234 1267/1539/1239
f 1268/1540/1240 1267/1539/1239 91/93/91
f 168/216/167 1269/1541/1241 169/217/168
f 86/215/86 168/216/167 169/217/168
f 1270/1542/1242 169/217/168 1269/1541/1241
f 1269/1541/1241 331/428/330 1270/1542/1242
f 331/428/330 330/427/329 1270/1542/1242
f 233/426/231 330/427/329 331/428/330
f 1271/1543/1243 262/333/261 1208/1480/1180
f 1271/1543/1243 1208/1480/1180 59/59/58
f 263/335/262 1208/1480/1180 262/333/261
f 263/335/262 262/333/261 196/332/196
f 1215/1488/1188 260/329/258 1216/1486/1186
f 1215/1488/1188 257/327/256 260/329/258
f 1272/1544/1244 1216/1486/1186 260/329/258
f 1216/1486/1186 1272/1544/1244 66/67/66
f 156/190/155 2/3/3 157/192/156
f 156/190/155 157/192/156 62/189/62
f 157/192/156 2/3/3 1219/1491/1191
f 1219/1491/1191 2/3/3 1/2/2
f 197/263/194 3/1/1 1205/1478/1178
f 261/456/260 3/1/1 197/263/194
f 1273/1545/1245 1205/1478/1178 3/1/1
f 1205/1478/1178 1273/1545/1245 155/187/154
f 1/2/2 343/454/342 1219/1491/1191
f 343/454/342 1/2/2 257/453/256
f 262/333/261 1272/1544/1244 260/329/258
f 262/333/261 260/329/258 261/331/260
f 1272/1544/1244 262/333/261 1271/1543/1243
f 1272/1544/1244 1271/1543/1243 64/65/64
f 1273/1545/1245 3/1/1 2/3/3
f 1273/1545/1245 2/3/3 156/190/155
f 1274/1546/1246 295/372/295 1168/1439/1139
f 1274/1546/1246 1168/1439/1139 17/18/18
f 298/374/296 1168/1439/1139 295/372/295
f 296/371/294 298/374/296 295/372/295
f 292/367/290 294/369/292 1275/1547/1247
f 291/368/291 294/369/292 292/367/290
f 1171/1444/1144 292/367/290 1275/1547/1247
f 1275/1547/1247 21/1548/22 1171/1444/1144
f 135/146/134 134/144/133 1276/1549/1248
f 20/145/19 134/144/133 135/146/134
f 1202/1474/1174 1276/1549/1248 134/144/133
f 1276/1549/1248 1202/1474/1174 360/487/359
f 1277/1550/1249 1203/1475/1175 136/149/135
f 1203/1475/1175 1277/1550/1249 359/485/358
f 137/151/136 136/149/135 1203/1475/1175
f 137/151/136 24/150/23 136/149/135
f 361/491/360 360/487/359 1202/1474/1174
f 361/491/360 297/490/297 360/487/359
f 1278/1551/1250 359/485/358 1277/1550/1249
f 293/486/293 359/485/358 1278/1551/1250
f 1275/1552/1247 294/1553/292 1274/1546/1246
f 1274/1546/1246 19/20/20 1275/1552/1247
f 295/372/295 1274/1546/1246 294/1553/292
f 294/1553/292 293/373/293 295/372/295
f 1276/1549/1248 1277/1554/1249 135/146/134
f 1277/1554/1249 1276/1549/1248 1278/1555/1250
f 136/1556/135 135/146/134 1277/1554/1249
f 136/1556/135 22/147/21 135/146/134
f 360/487/359 1278/1555/1250 1276/1549/1248
f 293/489/293 1278/1555/1250 360/487/359
f 1178/1449/1149 1279/1557/1251 222/291/222
f 1178/1449/1149 222/291/222 224/292/223
f 1279/1557/1251 1178/1449/1149 1177/1450/1150
f 1279/1557/1251 1177/1450/1150 102/104/102
f 218/287/218 221/288/219 1174/1446/1146
f 218/287/218 219/286/217 221/288/219
f 1280/1558/1252 1174/1446/1146 221/288/219
f 1174/1446/1146 1280/1558/1252 106/108/106
f 1196/1468/1168 1281/1559/1253 175/230/174
f 1196/1468/1168 325/417/324 1281/1559/1253
f 174/228/173 1196/1468/1168 175/230/174
f 174/228/173 175/230/174 98/227/99
f 324/414/323 323/412/322 1169/1441/1141
f 220/413/220 323/412/322 324/414/323
f 1282/1560/1254 324/414/323 1169/1441/1141
f 1282/1560/1254 1169/1441/1141 177/234/176
f 176/231/175 1282/1560/1254 177/234/176
f 176/231/175 177/234/176 101/232/101
f 325/417/324 1283/1561/1255 1281/1559/1253
f 1283/1561/1255 325/417/324 223/415/221
f 222/291/222 1280/1558/1252 221/288/219
f 221/288/219 220/289/220 222/291/222
f 1280/1558/1252 222/291/222 1279/1557/1251
f 1280/1558/1252 1279/1557/1251 104/106/104
f 1281/1559/1253 1282/1560/1254 176/231/175
f 1281/1559/1253 1283/1561/1255 1282/1560/1254
f 175/230/174 1281/1559/1253 176/231/175
f 100/229/100 175/230/174 176/231/175
f 1283/1561/1255 324/414/323 1282/1560/1254
f 1283/1561/1255 223/415/221 324/414/323
f 312/389/311 200/266/197 1165/1437/1137
f 198/267/198 200/266/197 312/389/311
f 1284/1562/1256 1165/1437/1137 200/266/197
f 1165/1437/1137 1284/1562/1256 126/127/124
f 205/273/204 1285/1563/1257 203/271/202
f 205/273/204 203/271/202 202/270/201
f 1285/1563/1257 205/273/204 1180/1452/1152
f 1285/1563/1257 1180/1452/1152 124/126/82
f 1190/1462/1162 1286/1564/1258 186/252/185
f 1286/1564/1258 1190/1462/1162 315/395/314
f 185/250/184 1190/1462/1162 186/252/185
f 185/250/184 186/252/185 119/249/119
f 1287/1565/1259 1199/1471/1171 188/255/187
f 1287/1565/1259 1288/1566/1260 1199/1471/1171
f 187/254/186 1287/1565/1259 188/255/187
f 123/253/123 187/254/186 188/255/187
f 1288/1566/1260 313/390/312 1199/1471/1171
f 1288/1566/1260 199/391/199 313/390/312
f 315/395/314 314/394/313 1286/1564/1258
f 201/393/200 314/394/313 315/395/314
f 203/271/202 1284/1562/1256 200/266/197
f 203/271/202 200/266/197 201/269/200
f 1284/1562/1256 203/271/202 1285/1563/1257
f 1284/1562/1256 1285/1563/1257 1289/1567/1261
f 1286/1564/1258 1287/1565/1259 187/254/186
f 1286/1564/1258 314/394/313 1287/1565/1259
f 186/252/185 1286/1564/1258 187/254/186
f 121/251/121 186/252/185 187/254/186
f 314/394/313 1288/1566/1260 1287/1565/1259
f 199/391/199 1288/1566/1260 314/394/313
f 238/307/238 241/308/239 1176/1448/1148
f 239/306/237 241/308/239 238/307/238
f 1290/1568/1262 1176/1448/1148 241/308/239
f 1176/1448/1148 1290/1568/1262 84/84/83
f 246/316/245 1291/1569/1263 244/314/243
f 246/316/245 244/314/243 243/313/242
f 1291/1569/1263 246/316/245 1182/1454/1154
f 1291/1569/1263 1182/1454/1154 82/83/82
f 1198/1470/1170 1292/1570/1264 1293/1571/1265
f 1292/1570/1264 1198/1470/1170 336/439/335
f 164/206/163 1198/1470/1170 1293/1571/1265
f 1293/1571/1265 79/207/79 164/206/163
f 1294/1572/1266 1191/1463/1163 166/210/165
f 1294/1572/1266 334/435/333 1191/1463/1163
f 165/1573/164 1294/1572/1266 166/210/165
f 81/212/81 165/1573/164 166/210/165
f 336/439/335 335/437/334 1292/1570/1264
f 242/438/241 335/437/334 336/439/335
f 334/435/333 333/433/332 1191/1463/1163
f 333/433/332 334/435/333 239/432/237
f 244/314/243 1290/1574/1262 241/312/239
f 244/314/243 241/312/239 242/311/241
f 1290/1574/1262 244/314/243 1291/1569/1263
f 1290/1574/1262 1291/1569/1263 1295/1575/1267
f 1292/1570/1264 1294/1576/1266 165/209/164
f 1292/1570/1264 335/437/334 1294/1576/1266
f 1293/1571/1265 1292/1570/1264 165/209/164
f 79/207/79 1293/1571/1265 165/209/164
f 335/437/334 334/1577/333 1294/1576/1266
f 240/436/240 334/1577/333 335/437/334
f 1296/1578/1268 277/350/275 1186/1456/1156
f 1296/1578/1268 1186/1456/1156 39/41/40
f 1184/1457/1157 1186/1456/1156 277/350/275
f 1184/1457/1157 277/350/275 278/352/277
f 272/347/272 275/348/273 1297/1579/1269
f 273/346/271 275/348/273 272/347/272
f 1187/1459/1159 272/347/272 1297/1579/1269
f 1297/1579/1269 43/45/44 1187/1459/1159
f 1193/1466/1166 1298/1580/1270 145/167/144
f 1298/1580/1270 1193/1466/1166 351/470/350
f 146/169/145 145/167/144 1298/1580/1270
f 146/169/145 42/168/41 145/167/144
f 1299/1581/1271 1164/1435/1135 147/171/146
f 1164/1435/1135 1299/1581/1271 349/466/348
f 148/173/147 147/171/146 1164/1435/1135
f 148/173/147 45/172/46 147/171/146
f 352/472/351 351/470/350 1193/1466/1166
f 352/472/351 278/471/277 351/470/350
f 350/468/349 349/466/348 1299/1581/1271
f 350/468/349 274/467/274 349/466/348
f 1297/1579/1269 275/348/273 1296/1578/1268
f 1296/1578/1268 41/43/42 1297/1579/1269
f 277/350/275 1296/1578/1268 275/348/273
f 274/349/274 277/350/275 275/348/273
f 1298/1580/1270 1299/1581/1271 146/169/145
f 1299/1581/1271 1298/1580/1270 350/468/349
f 147/171/146 146/169/145 1299/1581/1271
f 147/171/146 44/170/43 146/169/145
f 351/470/350 350/468/349 1298/1580/1270
f 351/470/350 276/469/276 350/468/349
f 1300/1582/1272 1209/1482/1182 267/341/266
f 1209/1482/1182 194/338/191 267/341/266
f 1210/1481/1181 1209/1482/1182 1300/1582/1272
f 1300/1582/1272 50/52/51 1210/1481/1181
f 1301/1583/1273 268/343/268 1188/1460/1160
f 1301/1583/1273 1188/1460/1160 49/50/49
f 270/345/270 1188/1460/1160 268/343/268
f 268/343/268 269/342/267 270/345/270
f 1302/1584/1274 1212/1484/1184 151/179/150
f 1212/1484/1184 1302/1584/1274 192/261/192
f 152/181/151 151/179/150 1212/1484/1184
f 152/181/151 53/180/52 151/179/150
f 346/460/345 192/261/192 1302/1584/1274
f 346/460/345 193/262/193 192/261/192
f 348/464/347 347/462/346 1163/1436/1136
f 348/464/347 271/463/269 347/462/346
f 1303/1585/1275 1163/1436/1136 347/462/346
f 1163/1436/1136 1303/1585/1275 149/175/148
f 1300/1582/1272 267/341/266 1301/1583/1273
f 1301/1583/1273 1304/1586/1276 1300/1582/1272
f 268/343/268 1301/1583/1273 267/341/266
f 267/341/266 193/340/193 268/343/268
f 347/462/346 346/460/345 1303/1585/1275
f 347/462/346 269/461/267 346/460/345
f 1302/1584/1274 1303/1585/1275 346/460/345
f 150/177/149 1303/1585/1275 1302/1584/1274
f 150/177/149 149/175/148 1303/1585/1275
f 48/176/48 149/175/148 150/177/149
f 150/177/149 1302/1584/1274 151/179/150
f 151/179/150 51/178/50 150/177/149
f 1305/1587/1277 155/187/154 1273/1545/1245
f 61/188/60 155/187/154 1305/1587/1277
f 1305/1587/1277 1273/1545/1245 156/190/155
f 1305/1587/1277 156/190/155 61/188/60
f 162/201/161 1243/1515/1215 163/203/162
f 73/202/73 162/201/161 163/203/162
f 127/129/126 188/255/187 1200/1472/1172
f 188/255/187 127/129/126 125/256/125
f 128/132/127 127/129/126 1265/1537/1237
f 4/130/5 127/129/126 128/132/127
f 128/132/127 1264/1536/1236 129/134/128
f 129/134/128 8/133/7 128/132/127
f 134/144/133 133/142/132 1202/1474/1174
f 18/143/17 133/142/132 134/144/133
f 141/159/140 140/157/139 1235/1507/1207
f 32/158/31 140/157/139 141/159/140
f 143/163/142 142/161/141 1244/1516/1216
f 143/163/142 35/162/36 142/161/141
f 1266/1538/1238 5/6/6 4/5/5
f 1266/1538/1238 1262/1534/1234 5/6/6
f 1266/1538/1238 4/5/5 7/8/8
f 7/8/8 1263/1535/1235 1266/1538/1238
f 8/7/7 9/10/10 7/8/8
f 9/10/10 1257/1529/1229 7/8/8
f 10/9/9 11/12/12 9/10/10
f 11/12/12 1258/1530/1230 9/10/10
f 11/12/12 12/11/11 13/14/14
f 13/14/14 1255/1527/1227 11/12/12
f 14/13/13 15/16/16 13/14/14
f 15/16/16 1167/1440/1140 13/14/14
f 15/16/16 16/15/15 17/18/18
f 15/16/16 17/18/18 1168/1439/1139
f 17/18/18 18/17/17 19/20/20
f 17/18/18 19/20/20 1274/1546/1246
f 19/20/20 20/19/19 21/22/22
f 21/22/22 1275/1552/1247 19/20/20
f 21/1548/22 22/25/21 23/24/24
f 23/24/24 1171/1444/1144 21/1548/22
f 23/24/24 24/23/23 25/27/26
f 23/24/24 25/27/26 1172/1443/1143
f 25/27/26 26/26/25 27/29/28
f 25/27/26 27/29/28 1230/1502/1202
f 27/29/28 28/28/27 29/31/30
f 29/31/30 1231/1504/1204 27/29/28
f 30/30/29 31/33/32 29/31/30
f 31/33/32 1232/1503/1203 29/31/30
f 32/32/31 33/35/34 31/33/32
f 33/35/34 1245/1517/1217 31/33/32
f 34/34/33 36/36/35 33/35/34
f 36/36/35 1246/1518/1218 33/35/34
f 35/37/36 38/38/37 36/36/35
f 38/38/37 1185/1458/1158 36/36/35
f 38/38/37 37/39/38 39/41/40
f 38/38/37 39/41/40 1186/1456/1156
f 39/41/40 40/40/39 41/43/42
f 39/41/40 41/43/42 1296/1578/1268
f 42/42/41 43/45/44 41/43/42
f 43/45/44 1297/1579/1269 41/43/42
f 44/44/43 46/46/45 43/45/44
f 46/46/45 1187/1459/1159 43/45/44
f 49/50/49 46/46/45 47/48/47
f 46/46/45 49/50/49 1188/1460/1160
f 1304/1586/1276 49/50/49 48/49/48
f 1304/1586/1276 1301/1583/1273 49/50/49
f 1304/1586/1276 48/49/48 50/52/51
f 50/52/51 1300/1582/1272 1304/1586/1276
f 51/51/50 52/54/53 50/52/51
f 52/54/53 1210/1481/1181 50/52/51
f 53/53/52 54/56/55 52/54/53
f 54/56/55 1211/1483/1183 52/54/53
f 54/56/55 55/55/54 56/58/57
f 56/58/57 1207/1479/1179 54/56/55
f 57/57/56 59/59/58 56/58/57
f 59/59/58 1208/1480/1180 56/58/57
f 59/59/58 58/60/59 60/62/61
f 60/62/61 1271/1543/1243 59/59/58
f 64/65/64 60/62/61 62/63/62
f 60/62/61 64/65/64 1271/1543/1243
f 66/67/66 64/65/64 63/64/63
f 66/67/66 1272/1544/1244 64/65/64
f 68/68/67 66/67/66 65/66/65
f 66/67/66 68/68/67 1216/1486/1186
f 67/69/68 70/71/70 68/68/67
f 70/71/70 1214/1487/1187 68/68/67
f 72/73/72 70/71/70 69/70/69
f 70/71/70 72/73/72 1218/1490/1190
f 74/75/74 72/73/72 71/72/71
f 72/73/72 74/75/74 1217/1489/1189
f 76/77/76 74/75/74 73/74/73
f 76/77/76 1241/1513/1213 74/75/74
f 78/79/78 76/77/76 75/76/75
f 78/79/78 1240/1512/1212 76/77/76
f 80/81/80 78/79/78 77/78/77
f 78/79/78 80/81/80 1183/1455/1155
f 82/83/82 80/81/80 79/80/79
f 80/81/80 82/83/82 1182/1454/1154
f 1295/1575/1267 82/83/82 81/82/81
f 1295/1575/1267 1291/1569/1263 82/83/82
f 81/85/81 84/84/83 1295/1588/1267
f 1295/1588/1267 84/84/83 1290/1568/1262
f 87/89/87 84/84/83 85/87/85
f 84/84/83 87/89/87 1176/1448/1148
f 89/90/88 87/89/87 86/88/86
f 87/89/87 89/90/88 1175/1447/1147
f 88/91/89 91/93/91 89/90/88
f 89/90/88 91/93/91 1267/1539/1239
f 93/95/93 91/93/91 90/92/90
f 91/93/91 93/95/93 1268/1540/1240
f 95/96/94 93/95/93 92/94/92
f 93/95/93 95/96/94 1250/1522/1222
f 94/97/95 1254/1526/1226 95/96/94
f 95/96/94 1254/1526/1226 1249/1521/1221
f 94/97/95 97/98/96 1254/1526/1226
f 1254/1526/1226 97/98/96 1247/1519/1219
f 96/99/97 99/100/98 97/98/96
f 97/98/96 99/100/98 1179/1451/1151
f 102/104/102 99/100/98 100/102/100
f 99/100/98 102/104/102 1177/1450/1150
f 104/106/104 102/104/102 101/103/101
f 104/106/104 1279/1557/1251 102/104/102
f 106/108/106 104/106/104 103/105/103
f 106/108/106 1280/1558/1252 104/106/104
f 108/110/108 106/108/106 105/107/105
f 106/108/106 108/110/108 1174/1446/1146
f 110/111/109 108/110/108 107/109/107
f 108/110/108 110/111/109 1173/1445/1145
f 109/112/110 112/114/112 110/111/109
f 110/111/109 112/114/112 1224/1495/1195
f 114/116/114 112/114/112 111/113/111
f 112/114/112 114/116/114 1226/1498/1198
f 116/117/115 114/116/114 113/115/113
f 114/116/114 116/117/115 1225/1497/1197
f 118/120/118 116/117/115 115/118/116
f 116/117/115 118/120/118 1238/1510/1210
f 120/122/120 118/120/118 117/119/117
f 118/120/118 120/122/120 1237/1509/1209
f 122/124/122 120/122/120 119/121/119
f 120/122/120 122/124/122 1181/1453/1153
f 124/126/82 122/124/122 121/123/121
f 122/124/122 124/126/82 1180/1452/1152
f 1289/1567/1261 124/126/82 123/125/123
f 124/126/82 1289/1567/1261 1285/1563/1257
f 123/125/123 126/127/124 1289/1567/1261
f 1289/1567/1261 126/127/124 1284/1562/1256
f 5/6/6 126/127/124 6/4/4
f 5/6/6 1166/1438/1138 126/127/124
f 180/240/179 181/242/180 109/239/110
f 180/240/179 1229/1501/1201 181/242/180
f 181/242/180 1229/1501/1201 1228/1500/1200
f 1229/1501/1201 320/406/319 1228/1500/1200
f 1307/1589/1278 694/882/681 1306/1590/1279
f 1308/1591/1280 694/882/681 1307/1589/1278
f 693/881/680 1306/1590/1279 694/882/681
f 693/881/680 1309/1592/1281 1306/1590/1279
f 1312/1593/512 1310/1594/1282 1311/1595/1283
f 1312/1593/512 1311/1595/1283 1313/1596/1284
f 1314/1597/1285 679/867/668 678/866/667
f 1314/1597/1285 678/866/667 1315/1598/1286
f 683/868/669 682/870/671 700/887/686
f 699/886/685 683/868/669 700/887/686
f 1316/1599/1287 685/873/673 684/872/474
f 1316/1599/1287 684/872/474 1313/1596/1284
f 1318/1600/512 1317/1601/1282 1312/1593/512
f 1318/1600/512 1312/1593/512 1319/1602/1288
f 684/872/474 686/871/672 688/875/474
f 688/875/474 1319/1602/1288 684/872/474
f 1322/1603/1289 1320/1604/1290 1321/1605/1291
f 1322/1603/1289 1321/1605/1291 1323/1606/1292
f 1309/1592/1281 1321/1605/1291 1320/1604/1290
f 1320/1604/1290 1306/1590/1279 1309/1592/1281
f 1326/1607/1293 1324/1608/1294 1325/1609/1295
f 1326/1607/1293 1325/1609/1295 1327/1610/1296
f 1324/1608/1294 1326/1607/1293 705/893/692
f 705/893/692 1328/1611/1297 1324/1608/1294
f 1331/1612/1298 1329/1613/1299 1330/1614/1300
f 1329/1613/1299 1331/1612/1298 706/894/693
f 1331/1612/1298 1332/1615/1301 1333/1616/1302
f 1333/1616/1302 1334/1617/1303 1331/1612/1298
f 1308/1591/1280 1315/1598/1286 678/866/667
f 1307/1589/1278 1315/1598/1286 1308/1591/1280
f 699/886/685 700/887/686 1335/1618/1304
f 708/895/694 699/886/685 1335/1618/1304
f 683/868/669 678/866/667 681/869/670
f 678/866/667 683/868/669 1308/1591/1280
f 699/886/685 1308/1591/1280 683/868/669
f 1308/1591/1280 699/886/685 694/882/681
f 695/880/679 709/896/695 693/881/680
f 693/881/680 709/896/695 1309/1592/1281
f 1309/1592/1281 1325/1609/1295 1321/1605/1291
f 1325/1609/1295 1309/1592/1281 709/896/695
f 1324/1608/1294 1321/1605/1291 1325/1609/1295
f 1321/1605/1291 1324/1608/1294 1328/1611/1297
f 911/1127/889 910/1124/888 697/885/684
f 911/1127/889 888/1126/865 910/1124/888
f 1336/1619/1305 1322/1603/1289 1323/1606/1292
f 1336/1619/1305 1323/1606/1292 1337/1620/1306
f 1323/1606/1292 1321/1605/1291 1328/1611/1297
f 1323/1606/1292 1328/1611/1297 1338/1621/1307
f 1328/1611/1297 705/893/692 707/892/691
f 707/892/691 1339/1622/918 1328/1611/1297
f 1334/1617/1303 706/894/693 1331/1612/1298
f 1340/1623/1308 706/894/693 1334/1617/1303
f 1337/1620/1306 1338/1621/1307 1341/1624/1309
f 1338/1621/1307 1337/1620/1306 1323/1606/1292
f 1342/1625/1310 1341/1624/1309 1338/1621/1307
f 1342/1625/1310 887/1101/866 1341/1624/1309
f 1344/1626/1311 1343/1627/1312 1339/1622/918
f 1343/1627/1312 1328/1611/1297 1339/1622/918
f 1343/1627/1312 1344/1626/1311 1345/1628/1313
f 876/1089/855 1345/1628/1313 1344/1626/1311
f 1347/1629/1314 1339/1622/918 1346/1630/1315
f 1340/1623/1308 1346/1630/1315 1339/1622/918
f 1344/1626/1311 1339/1622/918 1347/1629/1314
f 1347/1629/1314 879/1092/858 1344/1626/1311
f 1349/1631/1316 1348/1632/1317 1346/1630/1315
f 1350/1633/1318 1349/1631/1316 1346/1630/1315
f 1338/1621/1307 1343/1627/1312 1342/1625/1310
f 1343/1627/1312 1338/1621/1307 1328/1611/1297
f 1345/1628/1313 1342/1625/1310 1343/1627/1312
f 876/1089/855 1342/1625/1310 1345/1628/1313
f 1339/1622/918 707/892/691 1340/1623/1308
f 706/894/693 1340/1623/1308 707/892/691
f 1327/1610/1296 708/895/694 1351/1634/1319
f 1327/1610/1296 1351/1634/1319 1326/1607/1293
f 1311/1595/1283 1351/1634/1319 708/895/694
f 708/895/694 1335/1618/1304 1311/1595/1283
f 1316/1599/1287 700/887/686 685/873/673
f 1316/1599/1287 1352/1635/1320 700/887/686
f 705/893/692 1326/1607/1293 1329/1613/1299
f 1329/1613/1299 706/894/693 705/893/692
f 1353/1636/1321 1329/1613/1299 1326/1607/1293
f 1353/1636/1321 1326/1607/1293 1351/1634/1319
f 1335/1618/1304 700/887/686 1352/1635/1320
f 1352/1635/1320 1311/1595/1283 1335/1618/1304
f 1340/1623/1308 1334/1617/1303 1350/1633/1318
f 1346/1630/1315 1340/1623/1308 1350/1633/1318
f 1347/1629/1314 1346/1630/1315 1348/1632/1317
f 1348/1632/1317 881/1094/860 1347/1629/1314
f 1348/1632/1317 1354/1637/1322 881/1094/860
f 1354/1637/1322 1348/1632/1317 1355/1638/1300
f 708/895/694 1327/1610/1296 709/896/695
f 709/896/695 1327/1610/1296 1325/1609/1295
f 719/906/705 730/917/716 720/907/706
f 719/906/705 704/891/690 730/917/716
f 1358/1639/1323 1356/1640/1324 1357/1641/1325
f 1356/1640/1324 1359/1642/1326 1357/1641/1325
f 1356/1640/1324 1358/1639/1323 1360/1643/1327
f 1360/1643/1327 1358/1639/1323 1361/1644/1328
f 1364/1645/512 1362/1646/1329 1363/1647/1282
f 1364/1645/512 1365/1648/1284 1362/1646/1329
f 1366/1649/1330 746/934/732 745/933/731
f 1366/1649/1330 1367/1650/1331 746/934/732
f 757/944/741 750/935/733 749/937/735
f 757/944/741 749/937/735 1368/1651/1332
f 1369/1652/1333 752/940/474 751/939/737
f 752/940/474 1369/1652/1333 1365/1648/1284
f 1318/1600/512 1364/1645/512 1317/1601/1282
f 1318/1600/512 1319/1602/1288 1364/1645/512
f 688/875/474 753/938/736 752/940/474
f 688/875/474 752/940/474 1319/1602/1288
f 1361/1644/1328 1370/1653/1334 1371/1654/1335
f 1370/1653/1334 1361/1644/1328 1358/1639/1323
f 1372/1655/1336 1371/1654/1335 1370/1653/1334
f 1371/1654/1335 1372/1655/1336 1373/1656/1337
f 1376/1657/1338 1374/1658/1339 1375/1659/1340
f 1376/1657/1338 1377/1660/1341 1374/1658/1339
f 763/951/748 1376/1657/1338 1375/1659/1340
f 763/951/748 1375/1659/1340 1378/1661/1342
f 1381/1662/1343 1379/1663/1300 1380/1664/1344
f 1380/1664/1344 762/950/747 1381/1662/1343
f 1333/1616/1302 1332/1615/1301 1381/1662/1343
f 1381/1662/1343 1382/1665/1345 1333/1616/1302
f 1359/1642/1326 746/934/732 1367/1650/1331
f 1367/1650/1331 1357/1641/1325 1359/1642/1326
f 1383/1666/1346 757/944/741 1368/1651/1332
f 1384/1667/1347 1383/1666/1346 1368/1651/1332
f 749/937/735 748/936/734 746/934/732
f 746/934/732 1359/1642/1326 749/937/735
f 1368/1651/1332 749/937/735 1359/1642/1326
f 1359/1642/1326 1356/1640/1324 1368/1651/1332
f 1386/1668/1348 1385/1669/1349 1360/1643/1327
f 1360/1643/1327 1361/1644/1328 1386/1668/1348
f 1356/1640/1324 1360/1643/1327 1385/1669/1349
f 1385/1669/1349 1368/1651/1332 1356/1640/1324
f 1361/1644/1328 1371/1654/1335 1374/1658/1339
f 1374/1658/1339 1386/1668/1348 1361/1644/1328
f 1375/1659/1340 1374/1658/1339 1371/1654/1335
f 1375/1659/1340 1371/1654/1335 1378/1661/1342
f 913/1134/891 912/1131/890 1387/1670/1350
f 913/1134/891 897/1132/874 912/1131/890
f 1387/1670/1350 1388/1671/1351 913/1134/891
f 1388/1671/1351 1387/1670/1350 696/884/683
f 696/884/683 882/1672/859 883/1673/861
f 880/1125/857 882/1672/859 696/884/683
f 1389/1674/407 697/885/684 696/884/683
f 1389/1674/407 696/884/683 1387/1670/1350
f 1389/1674/407 1387/1670/1350 808/999/788
f 1389/1674/407 808/999/788 697/885/684
f 904/1675/881 902/1135/879 808/999/788
f 904/1675/881 808/999/788 905/1676/883
f 1390/1677/1352 808/999/788 1387/1670/1350
f 1390/1677/1352 1387/1670/1350 915/1140/893
f 1391/1678/1353 1373/1656/1337 1372/1655/1336
f 1392/1679/1125 1373/1656/1337 1391/1678/1353
f 1373/1656/1337 1378/1661/1342 1371/1654/1335
f 1373/1656/1337 1393/1680/1354 1378/1661/1342
f 764/949/746 763/951/748 1378/1661/1342
f 764/949/746 1378/1661/1342 1394/1681/1355
f 1382/1665/1345 1381/1662/1343 762/950/747
f 1382/1665/1345 762/950/747 1395/1682/1308
f 1392/1679/1125 1396/1683/1356 1393/1680/1354
f 1373/1656/1337 1392/1679/1125 1393/1680/1354
f 1397/1684/1357 1393/1680/1354 1396/1683/1356
f 1397/1684/1357 1396/1683/1356 896/1110/875
f 1394/1681/1355 1398/1685/1358 1399/1686/1359
f 1398/1685/1358 1394/1681/1355 1378/1661/1342
f 1400/1687/1360 1399/1686/1359 1398/1685/1358
f 1399/1686/1359 1400/1687/1360 891/1102/867
f 1355/1638/1300 1394/1681/1355 1354/1637/1322
f 1355/1638/1300 1395/1682/1308 1394/1681/1355
f 1399/1686/1359 1354/1637/1322 1394/1681/1355
f 1354/1637/1322 1399/1686/1359 892/1105/870
f 1349/1631/1316 1355/1638/1300 1348/1632/1317
f 1349/1631/1316 1350/1633/1318 1355/1638/1300
f 1393/1680/1354 1397/1684/1357 1398/1685/1358
f 1398/1685/1358 1378/1661/1342 1393/1680/1354
f 1400/1687/1360 1398/1685/1358 1397/1684/1357
f 1400/1687/1360 1397/1684/1357 891/1102/867
f 1394/1681/1355 1395/1682/1308 764/949/746
f 764/949/746 1395/1682/1308 762/950/747
f 1355/1638/1300 1350/1633/1318 1395/1682/1308
f 1395/1682/1308 1350/1633/1318 1382/1665/1345
f 1362/1646/1329 1384/1667/1347 1401/1688/1361
f 1384/1667/1347 1362/1646/1329 1383/1666/1346
f 1377/1660/1341 1401/1688/1361 1384/1667/1347
f 1401/1688/1361 1377/1660/1341 1376/1657/1338
f 1369/1652/1333 751/939/737 757/944/741
f 1369/1652/1333 757/944/741 1402/1689/1362
f 1403/1690/1363 1376/1657/1338 1380/1664/1344
f 1403/1690/1363 1401/1688/1361 1376/1657/1338
f 763/951/748 1380/1664/1344 1376/1657/1338
f 1380/1664/1344 763/951/748 762/950/747
f 1383/1666/1346 1402/1689/1362 757/944/741
f 1402/1689/1362 1383/1666/1346 1362/1646/1329
f 1385/1669/1349 1386/1668/1348 1384/1667/1347
f 1368/1651/1332 1385/1669/1349 1384/1667/1347
f 1377/1660/1341 1384/1667/1347 1386/1668/1348
f 1386/1668/1348 1374/1658/1339 1377/1660/1341
f 774/962/758 775/961/757 785/972/767
f 774/962/758 785/972/767 760/945/742
f 1306/1691/1279 1404/1692/1364 1307/1693/1278
f 1404/1692/1364 1405/1694/1365 1307/1693/1278
f 1404/1692/1364 1306/1691/1279 1406/1695/1366
f 1406/1695/1366 1306/1691/1279 1407/1696/1367
f 1410/1697/433 1408/1698/1368 1409/1699/1369
f 1410/1697/433 1411/1700/1370 1408/1698/1368
f 1314/1701/1285 794/985/777 679/984/668
f 1314/1701/1285 1315/1702/1286 794/985/777
f 810/1000/789 798/986/778 797/988/780
f 810/1000/789 797/988/780 1412/1703/1371
f 1413/1704/1372 800/991/380 799/990/781
f 800/991/380 1413/1704/1372 1411/1700/1370
f 1415/1705/433 1410/1697/433 1414/1706/1369
f 1415/1705/433 1416/1707/1370 1410/1697/433
f 803/992/380 801/989/364 800/991/380
f 803/992/380 800/991/380 1416/1707/1370
f 1407/1696/1367 1320/1708/1290 1417/1709/1373
f 1320/1708/1290 1407/1696/1367 1306/1691/1279
f 1322/1710/1289 1417/1709/1373 1320/1708/1290
f 1417/1709/1373 1322/1710/1289 1418/1711/1374
f 1421/1712/1375 1419/1713/1376 1420/1714/1377
f 1421/1712/1375 1422/1715/1378 1419/1713/1376
f 814/1007/794 1421/1712/1375 1420/1714/1377
f 814/1007/794 1420/1714/1377 1423/1716/1379
f 1426/1717/1380 1424/1718/1184 1425/1719/1381
f 1425/1719/1381 813/1006/793 1426/1717/1380
f 1428/1720/1382 1427/1721/1184 1426/1717/1380
f 1426/1717/1380 1429/1722/1383 1428/1720/1382
f 1405/1694/1365 794/985/777 1315/1702/1286
f 1307/1693/1278 1405/1694/1365 1315/1702/1286
f 1430/1723/1384 810/1000/789 1412/1703/1371
f 1431/1724/1385 1430/1723/1384 1412/1703/1371
f 797/988/780 796/987/779 794/985/777
f 794/985/777 1405/1694/1365 797/988/780
f 1412/1703/1371 797/988/780 1405/1694/1365
f 1405/1694/1365 1404/1692/1364 1412/1703/1371
f 1406/1695/1366 1432/1725/1386 1404/1692/1364
f 1432/1725/1386 1412/1703/1371 1404/1692/1364
f 1432/1725/1386 1406/1695/1366 1433/1726/1387
f 1406/1695/1366 1407/1696/1367 1433/1726/1387
f 1407/1696/1367 1417/1709/1373 1419/1713/1376
f 1419/1713/1376 1433/1726/1387 1407/1696/1367
f 1420/1714/1377 1419/1713/1376 1417/1709/1373
f 1420/1714/1377 1417/1709/1373 1423/1716/1379
f 911/1127/889 697/885/684 914/1136/892
f 886/1137/862 911/1127/889 914/1136/892
f 1336/1727/1305 1418/1711/1374 1322/1710/1289
f 1336/1727/1305 1337/1728/1306 1418/1711/1374
f 1418/1711/1374 1423/1716/1379 1417/1709/1373
f 1434/1729/1388 1423/1716/1379 1418/1711/1374
f 815/1005/792 814/1007/794 1423/1716/1379
f 815/1005/792 1423/1716/1379 1435/1730/912
f 1429/1722/1383 1426/1717/1380 813/1006/793
f 1429/1722/1383 813/1006/793 1436/1731/1389
f 1337/1728/1306 1341/1732/1309 1434/1729/1388
f 1434/1729/1388 1418/1711/1374 1337/1728/1306
f 1437/1733/1390 1434/1729/1388 1341/1732/1309
f 1437/1733/1390 1341/1732/1309 884/1097/863
f 1435/1730/912 1438/1734/1391 1439/1735/1392
f 1438/1734/1391 1435/1730/912 1423/1716/1379
f 1440/1736/1393 1439/1735/1392 1438/1734/1391
f 1439/1735/1392 1440/1736/1393 899/1114/878
f 1442/1737/1394 1435/1730/912 1441/1738/1395
f 1442/1737/1394 1436/1731/1389 1435/1730/912
f 1439/1735/1392 1441/1738/1395 1435/1730/912
f 1441/1738/1395 1439/1735/1392 901/1116/880
f 1444/1739/1396 1442/1737/1394 1443/1740/1397
f 1444/1739/1396 1445/1741/1398 1442/1737/1394
f 1434/1729/1388 1437/1733/1390 1438/1734/1391
f 1438/1734/1391 1423/1716/1379 1434/1729/1388
f 1440/1736/1393 1438/1734/1391 1437/1733/1390
f 1440/1736/1393 1437/1733/1390 899/1114/878
f 1435/1730/912 1436/1731/1389 815/1005/792
f 815/1005/792 1436/1731/1389 813/1006/793
f 1408/1698/1368 1431/1724/1385 1446/1742/975
f 1431/1724/1385 1408/1698/1368 1430/1723/1384
f 1422/1715/1378 1446/1742/975 1431/1724/1385
f 1446/1742/975 1422/1715/1378 1421/1712/1375
f 1413/1704/1372 799/990/781 810/1000/789
f 1413/1704/1372 810/1000/789 1447/1743/1399
f 1448/1744/1400 1421/1712/1375 1425/1719/1381
f 1448/1744/1400 1446/1742/975 1421/1712/1375
f 814/1007/794 1425/1719/1381 1421/1712/1375
f 1425/1719/1381 814/1007/794 813/1006/793
f 1430/1723/1384 1447/1743/1399 810/1000/789
f 1447/1743/1399 1430/1723/1384 1408/1698/1368
f 1436/1731/1389 1445/1741/1398 1429/1722/1383
f 1442/1737/1394 1445/1741/1398 1436/1731/1389
f 1441/1738/1395 1443/1740/1397 1442/1737/1394
f 1443/1740/1397 1441/1738/1395 903/1118/882
f 1443/1740/1397 903/1118/882 1449/1745/1395
f 1449/1745/1395 1450/1746/1184 1443/1740/1397
f 1450/1746/1184 1451/1747/1389 1445/1741/1398
f 1451/1747/1389 1452/1748/1401 1445/1741/1398
f 1433/1726/1387 1431/1724/1385 1432/1725/1386
f 1432/1725/1386 1431/1724/1385 1412/1703/1371
f 1431/1724/1385 1433/1726/1387 1422/1715/1378
f 1433/1726/1387 1419/1713/1376 1422/1715/1378
f 1357/1749/1325 1162/1434/1134 1358/1750/1323
f 1162/1434/1134 1357/1749/1325 1160/1433/1133
f 1453/1751/1402 1358/1750/1323 1162/1434/1134
f 1453/1751/1402 1454/1752/1403 1358/1750/1323
f 1457/1753/433 1455/1754/1369 1456/1755/1404
f 1457/1753/433 1456/1755/1404 1458/1756/1370
f 1366/1757/1330 745/1045/731 841/1044/821
f 1366/1757/1330 841/1044/821 1367/1758/1331
f 1159/1431/1131 846/1050/825 851/1054/829
f 1161/1432/1132 1159/1431/1131 851/1054/829
f 1459/1759/1405 844/1048/823 843/1047/380
f 1459/1759/1405 843/1047/380 1458/1756/1370
f 1415/1705/433 1414/1706/1369 1457/1753/433
f 1415/1705/433 1457/1753/433 1416/1707/1370
f 843/1047/380 845/1046/822 803/992/380
f 803/992/380 1416/1707/1370 843/1047/380
f 1372/1760/1336 1370/1761/1334 1460/1762/1406
f 1372/1760/1336 1460/1762/1406 1461/1763/1407
f 1454/1752/1403 1460/1762/1406 1370/1761/1334
f 1370/1761/1334 1358/1750/1323 1454/1752/1403
f 1464/1764/1408 1462/1765/1409 1463/1766/1410
f 1464/1764/1408 1463/1766/1410 1465/1767/1411
f 1462/1765/1409 1464/1764/1408 854/1060/833
f 854/1060/833 1466/1768/1412 1462/1765/1409
f 1469/1769/1413 1467/1770/1414 1468/1771/1184
f 1467/1770/1414 1469/1769/1413 855/1061/834
f 1469/1769/1413 1427/1721/1184 1428/1720/1382
f 1428/1720/1382 1452/1748/1401 1469/1769/1413
f 1160/1433/1133 1367/1758/1331 841/1044/821
f 1357/1749/1325 1367/1758/1331 1160/1433/1133
f 1161/1432/1132 851/1054/829 1470/1772/1415
f 1470/1772/1415 1471/1773/1416 1161/1432/1132
f 1159/1431/1131 841/1044/821 848/1051/826
f 841/1044/821 1159/1431/1131 1160/1433/1133
f 1162/1434/1134 1472/1774/1417 1453/1751/1402
f 1472/1774/1417 1162/1434/1134 1161/1432/1132
f 1473/1775/1418 1453/1751/1402 1472/1774/1417
f 1453/1751/1402 1473/1775/1418 1454/1752/1403
f 1454/1752/1403 1463/1766/1410 1460/1762/1406
f 1463/1766/1410 1454/1752/1403 1473/1775/1418
f 1462/1765/1409 1460/1762/1406 1463/1766/1410
f 1460/1762/1406 1462/1765/1409 1466/1768/1412
f 915/1140/893 1387/1670/1350 912/1131/890
f 915/1140/893 912/1131/890 895/1139/871
f 1391/1776/1353 1372/1760/1336 1461/1763/1407
f 1392/1777/1125 1391/1776/1353 1461/1763/1407
f 1461/1763/1407 1460/1762/1406 1466/1768/1412
f 1474/1778/1419 1461/1763/1407 1466/1768/1412
f 1466/1768/1412 854/1060/833 856/1059/832
f 856/1059/832 1475/1779/1420 1466/1768/1412
f 1452/1748/1401 855/1061/834 1469/1769/1413
f 1451/1747/1389 855/1061/834 1452/1748/1401
f 1392/1777/1125 1474/1778/1419 1396/1780/1356
f 1392/1777/1125 1461/1763/1407 1474/1778/1419
f 1476/1781/1421 1396/1780/1356 1474/1778/1419
f 1476/1781/1421 894/1108/873 1396/1780/1356
f 1478/1782/1422 1477/1783/1423 1475/1779/1420
f 1477/1783/1423 1466/1768/1412 1475/1779/1420
f 1477/1783/1423 1478/1782/1422 1479/1784/1424
f 906/1121/885 1479/1784/1424 1478/1782/1422
f 1449/1745/1395 1475/1779/1420 1450/1746/1184
f 1451/1747/1389 1450/1746/1184 1475/1779/1420
f 1478/1782/1422 1475/1779/1420 1449/1745/1395
f 1449/1745/1395 909/1123/887 1478/1782/1422
f 1444/1739/1396 1443/1740/1397 1450/1746/1184
f 1445/1741/1398 1444/1739/1396 1450/1746/1184
f 1474/1778/1419 1477/1783/1423 1476/1781/1421
f 1466/1768/1412 1477/1783/1423 1474/1778/1419
f 1479/1784/1424 1476/1781/1421 1477/1783/1423
f 906/1121/885 1476/1781/1421 1479/1784/1424
f 1475/1779/1420 856/1059/832 1451/1747/1389
f 855/1061/834 1451/1747/1389 856/1059/832
f 1465/1767/1411 1471/1773/1416 1480/1785/1425
f 1465/1767/1411 1480/1785/1425 1464/1764/1408
f 1456/1755/1404 1480/1785/1425 1471/1773/1416
f 1471/1773/1416 1470/1772/1415 1456/1755/1404
f 1459/1759/1405 851/1054/829 844/1048/823
f 1459/1759/1405 1481/1786/1426 851/1054/829
f 854/1060/833 1464/1764/1408 1467/1770/1414
f 1467/1770/1414 855/1061/834 854/1060/833
f 1482/1787/1427 1467/1770/1414 1464/1764/1408
f 1482/1787/1427 1464/1764/1408 1480/1785/1425
f 1470/1772/1415 851/1054/829 1481/1786/1426
f 1481/1786/1426 1456/1755/1404 1470/1772/1415
f 1473/1775/1418 1472/1774/1417 1471/1773/1416
f 1472/1774/1417 1161/1432/1132 1471/1773/1416
f 1471/1773/1416 1465/1767/1411 1473/1775/1418
f 1473/1775/1418 1465/1767/1411 1463/1766/1410
f 1483/1788/1428 877/1090/856 876/1089/855
f 876/1089/855 1344/1626/1311 1483/1788/1428
f 1483/1788/1428 879/1092/858 877/1090/856
f 1483/1788/1428 1344/1626/1311 879/1092/858
f 879/1092/858 881/1094/860 880/1091/857
f 879/1092/858 1347/1629/1314 881/1094/860
f 892/1105/870 883/1095/861 881/1094/860
f 892/1105/870 881/1094/860 1354/1637/1322
f 1484/1789/1429 885/1098/864 884/1097/863
f 1484/1789/1429 884/1097/863 1341/1732/1309
f 1484/1790/1429 887/1101/866 885/1100/864
f 1484/1790/1429 1341/1624/1309 887/1101/866
f 876/1089/855 878/1088/854 887/1101/866
f 887/1101/866 1342/1625/1310 876/1089/855
f 890/1104/869 1485/1791/1430 891/1102/867
f 1485/1791/1430 1399/1686/1359 891/1102/867
f 1485/1791/1430 890/1104/869 892/1105/870
f 1485/1791/1430 892/1105/870 1399/1686/1359
f 1486/1792/1431 894/1108/873 893/1107/872
f 1486/1792/1431 1396/1780/1356 894/1108/873
f 1486/1793/1431 893/1111/872 896/1110/875
f 1486/1793/1431 896/1110/875 1396/1683/1356
f 889/1103/868 891/1102/867 896/1110/875
f 896/1110/875 891/1102/867 1397/1684/1357
f 898/1113/877 1487/1794/1432 899/1114/878
f 1487/1794/1432 1439/1735/1392 899/1114/878
f 1487/1794/1432 898/1113/877 901/1116/880
f 1487/1794/1432 901/1116/880 1439/1735/1392
f 901/1116/880 902/1115/879 903/1118/882
f 901/1116/880 903/1118/882 1441/1738/1395
f 905/1119/883 909/1123/887 903/1118/882
f 909/1123/887 1449/1745/1395 903/1118/882
f 900/1112/876 899/1114/878 884/1097/863
f 884/1097/863 899/1114/878 1437/1733/1390
f 1488/1795/1433 907/1122/886 906/1121/885
f 906/1121/885 1478/1782/1422 1488/1795/1433
f 1488/1795/1433 909/1123/887 907/1122/886
f 1488/1795/1433 1478/1782/1422 909/1123/887
f 906/1121/885 908/1120/884 894/1108/873
f 894/1108/873 1476/1781/1421 906/1121/885
f 877/1796/856 880/1125/857 910/1124/888
f 877/1796/856 910/1124/888 878/1129/854
f 1388/1671/1351 883/1673/861 913/1134/891
f 696/884/683 883/1673/861 1388/1671/1351
f 890/1797/869 913/1134/891 883/1673/861
f 889/1133/868 913/1134/891 890/1797/869
f 898/1798/877 914/1136/892 902/1135/879
f 900/1138/876 914/1136/892 898/1798/877
f 1390/1677/1352 915/1140/893 905/1676/883
f 905/1676/883 808/999/788 1390/1677/1352
f 907/1799/886 905/1676/883 915/1140/893
f 907/1799/886 915/1140/893 908/1141/884
f 1140/1365/1114 1106/1332/1084 931/1156/908
f 930/1157/909 931/1156/908 1106/1332/1084
f 1140/1365/1114 956/1180/932 1106/1332/1084
f 955/1182/934 1106/1332/1084 956/1180/932
f 1034/1260/1012 1002/1228/980 1031/1257/1009
f 1002/1228/980 1034/1260/1012 948/1175/927
f 1352/1635/1320 1316/1599/1287 1313/1596/1284
f 1352/1635/1320 1313/1596/1284 1311/1595/1283
f 1313/1596/1284 684/872/474 1319/1602/1288
f 1313/1596/1284 1319/1602/1288 1312/1593/512
f 1365/1648/1284 1319/1602/1288 752/940/474
f 1365/1648/1284 1364/1645/512 1319/1602/1288
f 1402/1689/1362 1365/1648/1284 1369/1652/1333
f 1402/1689/1362 1362/1646/1329 1365/1648/1284
f 1363/1647/1282 1317/1601/1282 1364/1645/512
f 1401/1688/1361 1363/1647/1282 1362/1646/1329
f 1310/1594/1282 1312/1593/512 1317/1601/1282
f 1351/1634/1319 1311/1595/1283 1310/1594/1282
f 1363/1647/1282 1332/1615/1301 1317/1601/1282
f 1310/1594/1282 1317/1601/1282 1332/1615/1301
f 1363/1647/1282 1401/1688/1361 1379/1663/1300
f 1332/1615/1301 1363/1647/1282 1379/1663/1300
f 1403/1690/1363 1379/1663/1300 1401/1688/1361
f 1379/1663/1300 1403/1690/1363 1380/1664/1344
f 1379/1663/1300 1381/1662/1343 1332/1615/1301
f 1330/1614/1300 1310/1594/1282 1332/1615/1301
f 1310/1594/1282 1330/1614/1300 1351/1634/1319
f 1332/1615/1301 1331/1612/1298 1330/1614/1300
f 1353/1636/1321 1351/1634/1319 1330/1614/1300
f 1353/1636/1321 1330/1614/1300 1329/1613/1299
f 1447/1743/1399 1411/1700/1370 1413/1704/1372
f 1447/1743/1399 1408/1698/1368 1411/1700/1370
f 1411/1700/1370 1416/1707/1370 800/991/380
f 1411/1700/1370 1410/1697/433 1416/1707/1370
f 1458/1756/1370 843/1047/380 1416/1707/1370
f 1458/1756/1370 1416/1707/1370 1457/1753/433
f 1481/1786/1426 1459/1759/1405 1458/1756/1370
f 1481/1786/1426 1458/1756/1370 1456/1755/1404
f 1480/1785/1425 1456/1755/1404 1455/1754/1369
f 1455/1754/1369 1457/1753/433 1414/1706/1369
f 1409/1699/1369 1414/1706/1369 1410/1697/433
f 1446/1742/975 1409/1699/1369 1408/1698/1368
f 1455/1754/1369 1414/1706/1369 1427/1721/1184
f 1409/1699/1369 1427/1721/1184 1414/1706/1369
f 1455/1754/1369 1468/1771/1184 1480/1785/1425
f 1468/1771/1184 1455/1754/1369 1427/1721/1184
f 1482/1787/1427 1480/1785/1425 1468/1771/1184
f 1482/1787/1427 1468/1771/1184 1467/1770/1414
f 1427/1721/1184 1469/1769/1413 1468/1771/1184
f 1427/1721/1184 1409/1699/1369 1424/1718/1184
f 1409/1699/1369 1446/1742/975 1424/1718/1184
f 1424/1718/1184 1426/1717/1380 1427/1721/1184
f 1448/1744/1400 1424/1718/1184 1446/1742/975
f 1424/1718/1184 1448/1744/1400 1425/1719/1381
f 1334/1617/1303 1333/1616/1302 1489/1800/1434
f 1489/1800/1434 1333/1616/1302 1382/1665/1345
f 1350/1633/1318 1334/1617/1303 1489/1800/1434
f 1489/1800/1434 1382/1665/1345 1350/1633/1318
f 1452/1748/1401 1428/1720/1382 1490/1801/74
f 1490/1801/74 1428/1720/1382 1429/1722/1383
f 1445/1741/1398 1452/1748/1401 1490/1801/74
f 1490/1801/74 1429/1722/1383 1445/1741/1398
